trace_id,task_family,outcome,best_static_axis,best_alignment,best_abs_alignment,residual_energy
trace_00001,arithmetic,correct,axis_3,0.0661005824804306,0.0661005824804306,0.9978129863739014
trace_00001,arithmetic,correct,axis_2,0.1965000182390213,0.1965000182390213,0.9805037975311279
trace_00002,arithmetic,correct,axis_3,0.0661005824804306,0.0661005824804306,0.9978129863739014
trace_00002,arithmetic,correct,axis_2,0.1965000182390213,0.1965000182390213,0.9805037975311279
trace_00003,arithmetic,correct,axis_3,0.0661005824804306,0.0661005824804306,0.9978129863739014
trace_00003,arithmetic,correct,axis_2,0.1965000182390213,0.1965000182390213,0.9805037975311279
trace_00004,arithmetic,correct,axis_4,0.05595387518405914,0.05595387518405914,0.9984333515167236
trace_00004,arithmetic,correct,axis_2,0.20093289017677307,0.20093289017677307,0.9796050190925598
trace_00005,arithmetic,correct,axis_3,0.0661005824804306,0.0661005824804306,0.9978129863739014
trace_00005,arithmetic,correct,axis_2,0.1965000182390213,0.1965000182390213,0.9805037975311279
trace_00006,arithmetic,correct,axis_4,0.055977508425712585,0.055977508425712585,0.9984320402145386
trace_00006,arithmetic,correct,axis_2,0.20093289017677307,0.20093289017677307,0.9796050190925598
trace_00007,arithmetic,correct,axis_3,0.0661005824804306,0.0661005824804306,0.9978129863739014
trace_00007,arithmetic,correct,axis_2,0.1965000182390213,0.1965000182390213,0.9805037975311279
trace_00008,arithmetic,correct,axis_4,0.05595387518405914,0.05595387518405914,0.9984333515167236
trace_00008,arithmetic,correct,axis_2,0.20093289017677307,0.20093289017677307,0.9796050190925598
trace_00009,arithmetic,correct,axis_4,0.0368034765124321,0.0368034765124321,0.9993225336074829
trace_00009,arithmetic,correct,axis_2,0.18716907501220703,0.18716907501220703,0.9823276996612549
trace_00010,arithmetic,correct,axis_4,-0.16579854488372803,0.16579854488372803,0.98615962266922
trace_00010,arithmetic,correct,axis_2,-0.0717850774526596,0.0717850774526596,0.9974201321601868
trace_00010,arithmetic,correct,axis_1,0.10287389159202576,0.10287389159202576,0.9946944117546082
trace_00011,arithmetic,correct,axis_2,0.04940645396709442,0.04940645396709442,0.998778760433197
trace_00011,arithmetic,correct,axis_1,0.014577941037714481,0.014577941037714481,0.9998937249183655
trace_00011,arithmetic,correct,axis_3,0.23805060982704163,0.23805060982704163,0.9712527394294739
trace_00011,arithmetic,correct,axis_3,-0.19780442118644714,0.19780442118644714,0.9802415370941162
trace_00012,arithmetic,correct,axis_3,0.04856715351343155,0.04856715351343155,0.998819887638092
trace_00012,arithmetic,correct,axis_3,0.1880679726600647,0.1880679726600647,0.982155978679657
trace_00013,arithmetic,correct,axis_4,0.042416974902153015,0.042416974902153015,0.9990999698638916
trace_00013,arithmetic,correct,axis_2,0.18716907501220703,0.18716907501220703,0.9823276996612549
trace_00014,arithmetic,correct,axis_2,0.0521533265709877,0.0521533265709877,0.9986390471458435
trace_00014,arithmetic,correct,axis_2,0.14894764125347137,0.14894764125347137,0.9888451099395752
trace_00015,arithmetic,correct,axis_4,-0.16222898662090302,0.16222898662090302,0.9867531061172485
trace_00015,arithmetic,correct,axis_3,0.11559372395277023,0.11559372395277023,0.9932965636253357
trace_00015,arithmetic,correct,axis_3,-0.1565316915512085,0.1565316915512085,0.9876729249954224
trace_00015,arithmetic,correct,axis_2,0.09429901093244553,0.09429901093244553,0.995543897151947
trace_00015,arithmetic,correct,axis_3,0.10330910980701447,0.10330910980701447,0.9946492910385132
trace_00015,arithmetic,correct,axis_3,-0.10962338745594025,0.10962338745594025,0.9939731955528259
trace_00015,arithmetic,correct,axis_2,-0.06212712824344635,0.06212712824344635,0.9980682730674744
trace_00016,arithmetic,correct,axis_1,-0.06274913251399994,0.06274913251399994,0.9980292916297913
trace_00016,arithmetic,correct,axis_1,0.1296306550502777,0.1296306550502777,0.9915623664855957
trace_00017,arithmetic,correct,axis_1,-0.06274913251399994,0.06274913251399994,0.9980292916297913
trace_00017,arithmetic,correct,axis_1,0.17417208850383759,0.17417208850383759,0.9847152233123779
trace_00018,arithmetic,correct,axis_1,-0.06274913251399994,0.06274913251399994,0.9980292916297913
trace_00018,arithmetic,correct,axis_3,0.1694471538066864,0.1694471538066864,0.9855392575263977
trace_00019,arithmetic,correct,axis_1,-0.06274913251399994,0.06274913251399994,0.9980292916297913
trace_00019,arithmetic,correct,axis_1,0.1266108900308609,0.1266108900308609,0.9919524788856506
trace_00020,arithmetic,correct,axis_3,0.09633032977581024,0.09633032977581024,0.9953494071960449
trace_00020,arithmetic,correct,axis_3,0.19571805000305176,0.19571805000305176,0.9806602001190186
trace_00021,arithmetic,correct,axis_3,0.23800498247146606,0.23800498247146606,0.9712639451026917
trace_00021,arithmetic,correct,axis_4,0.09299647808074951,0.09299647808074951,0.9956664443016052
trace_00021,arithmetic,correct,axis_3,-0.2125290334224701,0.2125290334224701,0.9771547317504883
trace_00021,arithmetic,correct,axis_3,-0.1221131682395935,0.1221131682395935,0.9925161600112915
trace_00021,arithmetic,correct,axis_3,0.26338356733322144,0.26338356733322144,0.964691162109375
trace_00021,arithmetic,correct,axis_3,-0.12078353762626648,0.12078353762626648,0.9926788806915283
trace_00022,arithmetic,correct,axis_2,0.0767853781580925,0.0767853781580925,0.9970476627349854
trace_00022,arithmetic,correct,axis_1,0.14845332503318787,0.14845332503318787,0.9889194369316101
trace_00023,arithmetic,correct,axis_1,-0.06274913251399994,0.06274913251399994,0.9980292916297913
trace_00023,arithmetic,correct,axis_1,0.16535034775733948,0.16535034775733948,0.9862349033355713
trace_00024,arithmetic,correct,axis_3,0.09633032977581024,0.09633032977581024,0.9953494071960449
trace_00024,arithmetic,correct,axis_3,0.19571805000305176,0.19571805000305176,0.9806602001190186
trace_00025,arithmetic,correct,axis_3,-0.1743980348110199,0.1743980348110199,0.9846752285957336
trace_00025,arithmetic,correct,axis_4,-0.04372837394475937,0.04372837394475937,0.9990434646606445
trace_00025,arithmetic,correct,axis_1,0.16405782103538513,0.16405782103538513,0.986450731754303
trace_00026,arithmetic,correct,axis_2,0.07520391792058945,0.07520391792058945,0.9971681833267212
trace_00026,arithmetic,correct,axis_3,0.2936006784439087,0.2936006784439087,0.9559281468391418
trace_00027,arithmetic,correct,axis_1,-0.06274913251399994,0.06274913251399994,0.9980292916297913
trace_00027,arithmetic,correct,axis_1,0.16244402527809143,0.16244402527809143,0.9867177605628967
trace_00028,arithmetic,correct,axis_2,0.09234562516212463,0.09234562516212463,0.995727002620697
trace_00028,arithmetic,correct,axis_3,0.1741323173046112,0.1741323173046112,0.9847222566604614
trace_00029,arithmetic,correct,axis_2,0.11970755457878113,0.11970755457878113,0.9928091764450073
trace_00030,arithmetic,correct,axis_1,-0.06995813548564911,0.06995813548564911,0.9975499510765076
trace_00030,arithmetic,correct,axis_3,0.30223509669303894,0.30223509669303894,0.9532334208488464
trace_00031,arithmetic,correct,axis_3,-0.09743255376815796,0.09743255376815796,0.9952421188354492
trace_00031,arithmetic,correct,axis_1,0.07470408082008362,0.07470408082008362,0.9972057342529297
trace_00031,arithmetic,correct,axis_3,-0.11545811593532562,0.11545811593532562,0.9933123588562012
trace_00032,arithmetic,correct,axis_3,-0.07255852967500687,0.07255852967500687,0.9973641633987427
trace_00032,arithmetic,correct,axis_3,-0.08130791038274765,0.08130791038274765,0.9966890215873718
trace_00032,arithmetic,correct,axis_3,-0.023016147315502167,0.023016147315502167,0.9997350573539734
trace_00033,arithmetic,correct,axis_3,-0.09577672928571701,0.09577672928571701,0.9954028725624084
trace_00033,arithmetic,correct,axis_1,0.06327547132968903,0.06327547132968903,0.9979960918426514
trace_00033,arithmetic,correct,axis_2,0.12751954793930054,0.12751954793930054,0.9918360710144043
trace_00033,arithmetic,correct,axis_2,-0.08703049272298813,0.08703049272298813,0.9962056279182434
trace_00033,arithmetic,correct,axis_1,0.13476316630840302,0.13476316630840302,0.9908778071403503
trace_00034,arithmetic,correct,axis_3,-0.09577669948339462,0.09577669948339462,0.9954028725624084
trace_00034,arithmetic,correct,axis_1,0.06327547132968903,0.06327547132968903,0.9979960918426514
trace_00034,arithmetic,correct,axis_2,0.12751954793930054,0.12751954793930054,0.9918360710144043
trace_00034,arithmetic,correct,axis_2,-0.08703049272298813,0.08703049272298813,0.9962056279182434
trace_00034,arithmetic,correct,axis_1,0.13476316630840302,0.13476316630840302,0.9908778071403503
trace_00035,arithmetic,correct,axis_3,-0.09577672928571701,0.09577672928571701,0.9954028725624084
trace_00035,arithmetic,correct,axis_1,0.06327547132968903,0.06327547132968903,0.9979960918426514
trace_00035,arithmetic,correct,axis_2,0.12751954793930054,0.12751954793930054,0.9918360710144043
trace_00035,arithmetic,correct,axis_2,-0.08703049272298813,0.08703049272298813,0.9962056279182434
trace_00035,arithmetic,correct,axis_1,0.13476316630840302,0.13476316630840302,0.9908778071403503
trace_00036,arithmetic,incorrect,axis_3,-0.11025644838809967,0.11025644838809967,0.9939031600952148
trace_00036,arithmetic,incorrect,axis_3,0.13236650824546814,0.13236650824546814,0.991200864315033
trace_00036,arithmetic,incorrect,axis_3,-0.14849871397018433,0.14849871397018433,0.9889125823974609
trace_00037,arithmetic,correct,axis_3,-0.07539216428995132,0.07539216428995132,0.9971539974212646
trace_00037,arithmetic,correct,axis_2,0.08608539402484894,0.08608539402484894,0.9962877631187439
trace_00038,arithmetic,correct,axis_3,-0.09577672928571701,0.09577672928571701,0.9954028725624084
trace_00038,arithmetic,correct,axis_3,0.08016397058963776,0.08016397058963776,0.9967817068099976
trace_00038,arithmetic,correct,axis_3,-0.10074831545352936,0.10074831545352936,0.9949119687080383
trace_00039,arithmetic,correct,axis_3,-0.07539216428995132,0.07539216428995132,0.9971539974212646
trace_00039,arithmetic,correct,axis_2,0.08608539402484894,0.08608539402484894,0.9962877631187439
trace_00040,arithmetic,correct,axis_3,-0.09577672928571701,0.09577672928571701,0.9954028725624084
trace_00040,arithmetic,correct,axis_3,0.08016397058963776,0.08016397058963776,0.9967817068099976
trace_00040,arithmetic,correct,axis_3,-0.10074831545352936,0.10074831545352936,0.9949119687080383
trace_00041,arithmetic,correct,axis_3,-0.07332535088062286,0.07332535088062286,0.997308075428009
trace_00041,arithmetic,correct,axis_2,0.08608539402484894,0.08608539402484894,0.9962877631187439
trace_00042,arithmetic,correct,axis_5,0.08949103951454163,0.08949103951454163,0.995987594127655
trace_00042,arithmetic,correct,axis_5,-0.036686766892671585,0.036686766892671585,0.9993268251419067
trace_00042,arithmetic,correct,axis_3,0.04638955742120743,0.04638955742120743,0.9989234209060669
trace_00043,arithmetic,incorrect,axis_4,0.06264928728342056,0.06264928728342056,0.9980356097221375
trace_00044,arithmetic,correct,axis_4,0.07843667268753052,0.07843667268753052,0.9969190955162048
trace_00044,arithmetic,correct,axis_3,-0.1508033275604248,0.1508033275604248,0.9885637760162354
trace_00044,arithmetic,correct,axis_3,0.149606853723526,0.149606853723526,0.9887455701828003
trace_00044,arithmetic,correct,axis_3,-0.14969119429588318,0.14969119429588318,0.9887328147888184
trace_00045,arithmetic,correct,axis_1,0.08547020703554153,0.08547020703554153,0.9963407516479492
trace_00045,arithmetic,correct,axis_1,-0.07983821630477905,0.07983821630477905,0.996807873249054
trace_00045,arithmetic,correct,axis_2,0.1632460653781891,0.1632460653781891,0.9865853786468506
trace_00045,arithmetic,correct,axis_3,0.16862845420837402,0.16862845420837402,0.9856796860694885
trace_00045,arithmetic,correct,axis_2,0.18444040417671204,0.18444040417671204,0.9828436970710754
trace_00045,arithmetic,correct,axis_4,-0.13496056199073792,0.13496056199073792,0.9908509850502014
trace_00046,arithmetic,incorrect,axis_3,-0.06920206546783447,0.06920206546783447,0.997602641582489
trace_00046,arithmetic,incorrect,axis_3,0.1539931297302246,0.1539931297302246,0.9880719184875488
trace_00046,arithmetic,incorrect,axis_3,0.11682696640491486,0.11682696640491486,0.9931523203849792
trace_00046,arithmetic,incorrect,axis_3,0.0966838151216507,0.0966838151216507,0.9953151345252991
trace_00046,arithmetic,incorrect,axis_3,-0.11327582597732544,0.11327582597732544,0.9935635924339294
trace_00047,arithmetic,incorrect,axis_3,-0.07032313942909241,0.07032313942909241,0.9975242614746094
trace_00047,arithmetic,incorrect,axis_3,0.2135678082704544,0.2135678082704544,0.9769282341003418
trace_00048,arithmetic,incorrect,axis_3,-0.07032313942909241,0.07032313942909241,0.9975242614746094
trace_00048,arithmetic,incorrect,axis_3,0.19133760035037994,0.19133760035037994,0.9815242886543274
trace_00049,arithmetic,correct,axis_3,-0.06920206546783447,0.06920206546783447,0.997602641582489
trace_00049,arithmetic,correct,axis_3,0.12017328292131424,0.12017328292131424,0.9927529096603394
trace_00049,arithmetic,correct,axis_5,-0.1235615462064743,0.1235615462064743,0.9923369288444519
trace_00050,arithmetic,correct,axis_3,-0.06920206546783447,0.06920206546783447,0.997602641582489
trace_00050,arithmetic,correct,axis_3,0.13827146589756012,0.13827146589756012,0.9903943538665771
trace_00050,arithmetic,correct,axis_3,-0.09792426228523254,0.09792426228523254,0.9951938986778259
trace_00050,arithmetic,correct,axis_2,0.19020798802375793,0.19020798802375793,0.9817438125610352
trace_00050,arithmetic,correct,axis_3,0.15895824134349823,0.15895824134349823,0.987285315990448
trace_00050,arithmetic,correct,axis_3,-0.10033710300922394,0.10033710300922394,0.9949535131454468
trace_00050,arithmetic,correct,axis_3,0.2032833695411682,0.2032833695411682,0.9791199564933777
trace_00051,arithmetic,incorrect,axis_3,-0.07032313942909241,0.07032313942909241,0.9975242614746094
trace_00051,arithmetic,incorrect,axis_3,0.20386908948421478,0.20386908948421478,0.9789981245994568
trace_00052,arithmetic,incorrect,axis_2,0.06319767236709595,0.06319767236709595,0.9980010390281677
trace_00052,arithmetic,incorrect,axis_3,0.28247249126434326,0.28247249126434326,0.9592754244804382
trace_00052,arithmetic,incorrect,axis_3,-0.24337166547775269,0.24337166547775269,0.9699330925941467
trace_00053,arithmetic,correct,axis_2,0.09518741816282272,0.09518741816282272,0.9954593777656555
trace_00053,arithmetic,correct,axis_3,0.2882561683654785,0.2882561683654785,0.9575533270835876
trace_00053,arithmetic,correct,axis_1,0.09785937517881393,0.09785937517881393,0.9952002763748169
trace_00053,arithmetic,correct,axis_1,-0.1929602175951004,0.1929602175951004,0.9812065958976746
trace_00053,arithmetic,correct,axis_2,-0.12099155783653259,0.12099155783653259,0.9926535487174988
trace_00053,arithmetic,correct,axis_3,-0.2720990777015686,0.2720990777015686,0.9622692465782166
trace_00053,arithmetic,correct,axis_2,-0.07931306958198547,0.07931306958198547,0.996849775314331
trace_00054,arithmetic,correct,axis_2,0.1875932812690735,0.1875932812690735,0.9822468161582947
trace_00054,arithmetic,correct,axis_1,-0.1355745494365692,0.1355745494365692,0.9907671213150024
trace_00054,arithmetic,correct,axis_3,-0.21573269367218018,0.21573269367218018,0.9764524698257446
trace_00054,arithmetic,correct,axis_3,0.23132291436195374,0.23132291436195374,0.972877025604248
trace_00054,arithmetic,correct,axis_3,-0.17913168668746948,0.17913168668746948,0.9838250875473022
trace_00055,arithmetic,incorrect,axis_2,0.09834859520196915,0.09834859520196915,0.9951519966125488
trace_00055,arithmetic,incorrect,axis_3,0.2756592035293579,0.2756592035293579,0.9612554311752319
trace_00056,arithmetic,correct,axis_2,0.10215779393911362,0.10215779393911362,0.9947682023048401
trace_00056,arithmetic,correct,axis_3,0.1530931144952774,0.1530931144952774,0.9882117509841919
trace_00056,arithmetic,correct,axis_3,0.1005902886390686,0.1005902886390686,0.9949279427528381
trace_00056,arithmetic,correct,axis_3,-0.18432408571243286,0.18432408571243286,0.9828655123710632
trace_00057,arithmetic,incorrect,axis_3,-0.07032313942909241,0.07032313942909241,0.9975242614746094
trace_00057,arithmetic,incorrect,axis_3,0.14791081845760345,0.14791081845760345,0.9890007376670837
trace_00057,arithmetic,incorrect,axis_1,-0.16014544665813446,0.16014544665813446,0.987093448638916
trace_00058,arithmetic,incorrect,axis_2,0.09834859520196915,0.09834859520196915,0.9951519966125488
trace_00058,arithmetic,incorrect,axis_3,0.2655367851257324,0.2655367851257324,0.96410071849823
trace_00058,arithmetic,incorrect,axis_1,-0.059446509927511215,0.059446509927511215,0.9982314705848694
trace_00059,arithmetic,incorrect,axis_2,0.1249556764960289,0.1249556764960289,0.9921623468399048
trace_00059,arithmetic,incorrect,axis_3,0.19138580560684204,0.19138580560684204,0.9815148711204529
trace_00059,arithmetic,incorrect,axis_2,-0.1288960725069046,0.1288960725069046,0.991658091545105
trace_00059,arithmetic,incorrect,axis_3,-0.2289382666349411,0.2289382666349411,0.973440945148468
trace_00060,arithmetic,correct,axis_3,-0.10618456453084946,0.10618456453084946,0.9943464398384094
trace_00060,arithmetic,correct,axis_2,0.2847960591316223,0.2847960591316223,0.9585881233215332
trace_00060,arithmetic,correct,axis_2,-0.10430037975311279,0.10430037975311279,0.9945458173751831
trace_00060,arithmetic,correct,axis_3,-0.13422243297100067,0.13422243297100067,0.9909512400627136
trace_00060,arithmetic,correct,axis_3,0.20299279689788818,0.20299279689788818,0.9791802167892456
trace_00060,arithmetic,correct,axis_2,0.06812974065542221,0.06812974065542221,0.9976764917373657
trace_00061,symbolic_logic,incorrect,axis_4,-0.09935431182384491,0.09935431182384491,0.9950520992279053
trace_00061,symbolic_logic,incorrect,axis_1,-0.2562008798122406,0.2562008798122406,0.9666235446929932
trace_00061,symbolic_logic,incorrect,axis_2,0.19113819301128387,0.19113819301128387,0.981563150882721
trace_00061,symbolic_logic,incorrect,axis_5,0.10252866894006729,0.10252866894006729,0.9947300553321838
trace_00062,symbolic_logic,correct,axis_1,-0.12353723496198654,0.12353723496198654,0.9923399090766907
trace_00062,symbolic_logic,correct,axis_1,-0.16319406032562256,0.16319406032562256,0.9865939617156982
trace_00062,symbolic_logic,correct,axis_1,0.14811350405216217,0.14811350405216217,0.9889703989028931
trace_00062,symbolic_logic,correct,axis_3,0.0613580197095871,0.0613580197095871,0.9981158375740051
trace_00063,symbolic_logic,correct,axis_4,-0.09935431182384491,0.09935431182384491,0.9950520992279053
trace_00063,symbolic_logic,correct,axis_1,-0.2620514929294586,0.2620514929294586,0.965053915977478
trace_00063,symbolic_logic,correct,axis_4,0.13487543165683746,0.13487543165683746,0.9908625483512878
trace_00063,symbolic_logic,correct,axis_2,0.11377373337745667,0.11377373337745667,0.993506669998169
trace_00064,symbolic_logic,incorrect,axis_4,-0.09935437142848969,0.09935437142848969,0.9950520992279053
trace_00064,symbolic_logic,incorrect,axis_5,0.18490217626094818,0.18490217626094818,0.9827569127082825
trace_00064,symbolic_logic,incorrect,axis_2,0.14954456686973572,0.14954456686973572,0.9887549877166748
trace_00064,symbolic_logic,incorrect,axis_2,-0.11813145875930786,0.11813145875930786,0.992997944355011
trace_00065,symbolic_logic,incorrect,axis_4,-0.09935437142848969,0.09935437142848969,0.9950520992279053
trace_00065,symbolic_logic,incorrect,axis_1,-0.2620514929294586,0.2620514929294586,0.965053915977478
trace_00065,symbolic_logic,incorrect,axis_1,0.1853981912136078,0.1853981912136078,0.9826634526252747
trace_00065,symbolic_logic,incorrect,axis_1,-0.10874104499816895,0.10874104499816895,0.9940701127052307
trace_00065,symbolic_logic,incorrect,axis_5,-0.09270653128623962,0.09270653128623962,0.9956934452056885
trace_00066,symbolic_logic,correct,axis_1,-0.13794228434562683,0.13794228434562683,0.9904402494430542
trace_00066,symbolic_logic,correct,axis_4,-0.1538245677947998,0.1538245677947998,0.9880982041358948
trace_00066,symbolic_logic,correct,axis_2,0.24603846669197083,0.24603846669197083,0.969260036945343
trace_00067,symbolic_logic,correct,axis_4,-0.12666264176368713,0.12666264176368713,0.9919458627700806
trace_00067,symbolic_logic,correct,axis_4,0.05653303116559982,0.05653303116559982,0.9984007477760315
trace_00068,symbolic_logic,correct,axis_1,-0.1395164132118225,0.1395164132118225,0.99021977186203
trace_00068,symbolic_logic,correct,axis_2,0.14395728707313538,0.14395728707313538,0.9895839095115662
trace_00068,symbolic_logic,correct,axis_4,-0.0350215844810009,0.0350215844810009,0.9993865489959717
trace_00068,symbolic_logic,correct,axis_2,0.06991751492023468,0.06991751492023468,0.997552752494812
trace_00069,symbolic_logic,correct,axis_4,-0.12912100553512573,0.12912100553512573,0.9916288256645203
trace_00069,symbolic_logic,correct,axis_2,0.20203036069869995,0.20203036069869995,0.9793792963027954
trace_00069,symbolic_logic,correct,axis_4,-0.12351945042610168,0.12351945042610168,0.9923421740531921
trace_00069,symbolic_logic,correct,axis_4,0.05388477072119713,0.05388477072119713,0.9985471367835999
trace_00070,symbolic_logic,incorrect,axis_4,-0.09935437142848969,0.09935437142848969,0.9950520992279053
trace_00070,symbolic_logic,incorrect,axis_5,0.14873279631137848,0.14873279631137848,0.9888774156570435
trace_00070,symbolic_logic,incorrect,axis_4,-0.16353560984134674,0.16353560984134674,0.9865374565124512
trace_00070,symbolic_logic,incorrect,axis_5,-0.10768310725688934,0.10768310725688934,0.9941852688789368
trace_00071,symbolic_logic,correct,axis_4,-0.14322572946548462,0.14322572946548462,0.9896900653839111
trace_00071,symbolic_logic,correct,axis_4,-0.1266343891620636,0.1266343891620636,0.9919494390487671
trace_00072,symbolic_logic,correct,axis_2,0.3318557143211365,0.3318557143211365,0.9433301687240601
trace_00072,symbolic_logic,correct,axis_4,-0.12981975078582764,0.12981975078582764,0.9915376305580139
trace_00072,symbolic_logic,correct,axis_2,-0.3165273666381836,0.3165273666381836,0.9485833644866943
trace_00072,symbolic_logic,correct,axis_2,0.09577566385269165,0.09577566385269165,0.9954029321670532
trace_00072,symbolic_logic,correct,axis_2,0.24951592087745667,0.24951592087745667,0.9683706760406494
trace_00072,symbolic_logic,correct,axis_4,-0.12297811359167099,0.12297811359167099,0.9924094080924988
trace_00072,symbolic_logic,correct,axis_2,0.17631611227989197,0.17631611227989197,0.9843335747718811
trace_00073,symbolic_logic,incorrect,axis_1,-0.17956110835075378,0.17956110835075378,0.9837468266487122
trace_00073,symbolic_logic,incorrect,axis_2,0.11559594422578812,0.11559594422578812,0.9932963252067566
trace_00073,symbolic_logic,incorrect,axis_4,-0.17347638309001923,0.17347638309001923,0.98483806848526
trace_00073,symbolic_logic,incorrect,axis_4,0.14880061149597168,0.14880061149597168,0.9888672232627869
trace_00074,symbolic_logic,incorrect,axis_4,-0.08237236738204956,0.08237236738204956,0.9966016411781311
trace_00074,symbolic_logic,incorrect,axis_5,0.10498543083667755,0.10498543083667755,0.9944737553596497
trace_00074,symbolic_logic,incorrect,axis_4,-0.16061490774154663,0.16061490774154663,0.9870171546936035
trace_00074,symbolic_logic,incorrect,axis_2,0.18810856342315674,0.18810856342315674,0.9821482300758362
trace_00075,symbolic_logic,incorrect,axis_4,-0.13981707394123077,0.13981707394123077,0.99017733335495
trace_00075,symbolic_logic,incorrect,axis_4,0.14224931597709656,0.14224931597709656,0.9898308515548706
trace_00076,symbolic_logic,correct,axis_1,-0.11133243143558502,0.11133243143558502,0.9937832355499268
trace_00076,symbolic_logic,correct,axis_5,0.12084770202636719,0.12084770202636719,0.9926710724830627
trace_00076,symbolic_logic,correct,axis_2,-0.20218920707702637,0.20218920707702637,0.9793464541435242
trace_00077,symbolic_logic,incorrect,axis_4,-0.10701233148574829,0.10701233148574829,0.9942576885223389
trace_00077,symbolic_logic,incorrect,axis_5,0.20013946294784546,0.20013946294784546,0.9797674417495728
trace_00078,symbolic_logic,correct,axis_1,-0.11133243143558502,0.11133243143558502,0.9937832355499268
trace_00078,symbolic_logic,correct,axis_5,0.12084770202636719,0.12084770202636719,0.9926710724830627
trace_00079,symbolic_logic,correct,axis_1,-0.11133243143558502,0.11133243143558502,0.9937832355499268
trace_00079,symbolic_logic,correct,axis_3,0.15913265943527222,0.15913265943527222,0.987257182598114
trace_00079,symbolic_logic,correct,axis_3,-0.15950042009353638,0.15950042009353638,0.9871978759765625
trace_00080,symbolic_logic,correct,axis_5,0.08493104577064514,0.08493104577064514,0.9963868260383606
trace_00080,symbolic_logic,correct,axis_4,-0.06809510290622711,0.06809510290622711,0.997678816318512
trace_00080,symbolic_logic,correct,axis_2,-0.2752376198768616,0.2752376198768616,0.9613762497901917
trace_00081,symbolic_logic,incorrect,axis_1,0.12711934745311737,0.12711934745311737,0.9918873906135559
trace_00081,symbolic_logic,incorrect,axis_1,-0.13555693626403809,0.13555693626403809,0.9907695651054382
trace_00082,symbolic_logic,correct,axis_4,-0.10701239854097366,0.10701239854097366,0.9942576885223389
trace_00082,symbolic_logic,correct,axis_5,0.17015022039413452,0.17015022039413452,0.9854181408882141
trace_00083,symbolic_logic,incorrect,axis_4,-0.0925980657339096,0.0925980657339096,0.9957035779953003
trace_00083,symbolic_logic,incorrect,axis_5,0.1564466953277588,0.1564466953277588,0.9876863956451416
trace_00084,symbolic_logic,incorrect,axis_4,-0.0925980657339096,0.0925980657339096,0.9957035779953003
trace_00084,symbolic_logic,incorrect,axis_5,0.12726229429244995,0.12726229429244995,0.9918690919876099
trace_00084,symbolic_logic,incorrect,axis_3,-0.09201215952634811,0.09201215952634811,0.9957578778266907
trace_00085,symbolic_logic,incorrect,axis_1,-0.11133243143558502,0.11133243143558502,0.9937832355499268
trace_00085,symbolic_logic,incorrect,axis_4,0.09116912633180618,0.09116912633180618,0.9958354234695435
trace_00085,symbolic_logic,incorrect,axis_3,-0.14238470792770386,0.14238470792770386,0.9898114204406738
trace_00086,symbolic_logic,incorrect,axis_1,-0.08549627661705017,0.08549627661705017,0.9963384866714478
trace_00086,symbolic_logic,incorrect,axis_1,0.11253553628921509,0.11253553628921509,0.9936476945877075
trace_00087,symbolic_logic,incorrect,axis_5,-0.07228207588195801,0.07228207588195801,0.997384250164032
trace_00087,symbolic_logic,incorrect,axis_2,-0.09313006699085236,0.09313006699085236,0.9956539869308472
trace_00087,symbolic_logic,incorrect,axis_3,-0.08090172708034515,0.08090172708034515,0.9967221021652222
trace_00088,symbolic_logic,incorrect,axis_4,-0.10701233148574829,0.10701233148574829,0.9942576885223389
trace_00088,symbolic_logic,incorrect,axis_5,0.13521674275398254,0.13521674275398254,0.990816056728363
trace_00088,symbolic_logic,incorrect,axis_1,-0.15689781308174133,0.15689781308174133,0.9876148700714111
trace_00089,symbolic_logic,correct,axis_4,-0.0925980657339096,0.0925980657339096,0.9957035779953003
trace_00089,symbolic_logic,correct,axis_5,0.16626663506031036,0.16626663506031036,0.9860808253288269
trace_00090,symbolic_logic,incorrect,axis_2,0.07893958687782288,0.07893958687782288,0.9968793988227844
trace_00090,symbolic_logic,incorrect,axis_4,0.13781243562698364,0.13781243562698364,0.9904583692550659
trace_00090,symbolic_logic,incorrect,axis_2,0.15384215116500854,0.15384215116500854,0.9880954623222351
trace_00091,symbolic_logic,correct,axis_1,-0.09848742187023163,0.09848742187023163,0.9951382875442505
trace_00091,symbolic_logic,correct,axis_5,0.1669977903366089,0.1669977903366089,0.9859572649002075
trace_00091,symbolic_logic,correct,axis_2,-0.17665942013263702,0.17665942013263702,0.9842720031738281
trace_00092,symbolic_logic,correct,axis_1,-0.09848742187023163,0.09848742187023163,0.9951382875442505
trace_00092,symbolic_logic,correct,axis_5,0.13470521569252014,0.13470521569252014,0.9908857345581055
trace_00092,symbolic_logic,correct,axis_2,-0.14799118041992188,0.14799118041992188,0.9889886975288391
trace_00093,symbolic_logic,incorrect,axis_1,-0.09848742187023163,0.09848742187023163,0.9951382875442505
trace_00093,symbolic_logic,incorrect,axis_5,0.1572292149066925,0.1572292149066925,0.9875621199607849
trace_00094,symbolic_logic,incorrect,axis_1,-0.09848742187023163,0.09848742187023163,0.9951382875442505
trace_00094,symbolic_logic,incorrect,axis_5,0.15471002459526062,0.15471002459526062,0.9879599213600159
trace_00095,symbolic_logic,incorrect,axis_1,-0.06245725601911545,0.06245725601911545,0.9980476498603821
trace_00095,symbolic_logic,incorrect,axis_5,0.17551535367965698,0.17551535367965698,0.9844766855239868
trace_00095,symbolic_logic,incorrect,axis_2,-0.20683228969573975,0.20683228969573975,0.9783764481544495
trace_00096,symbolic_logic,incorrect,axis_4,-0.10045893490314484,0.10045893490314484,0.9949411749839783
trace_00096,symbolic_logic,incorrect,axis_5,0.14128227531909943,0.14128227531909943,0.9899693131446838
trace_00097,symbolic_logic,incorrect,axis_1,-0.0703708827495575,0.0703708827495575,0.9975208640098572
trace_00097,symbolic_logic,incorrect,axis_5,0.16015711426734924,0.16015711426734924,0.9870915412902832
trace_00097,symbolic_logic,incorrect,axis_2,-0.20973040163516998,0.20973040163516998,0.9777592420578003
trace_00098,symbolic_logic,incorrect,axis_1,-0.06245725601911545,0.06245725601911545,0.9980476498603821
trace_00098,symbolic_logic,incorrect,axis_5,0.1636321246623993,0.1636321246623993,0.9865214228630066
trace_00098,symbolic_logic,incorrect,axis_1,0.2945651710033417,0.2945651710033417,0.9556313753128052
trace_00099,symbolic_logic,correct,axis_2,0.3398096561431885,0.3398096561431885,0.9404942393302917
trace_00099,symbolic_logic,correct,axis_1,-0.10644572973251343,0.10644572973251343,0.9943185448646545
trace_00099,symbolic_logic,correct,axis_5,0.19211171567440033,0.19211171567440033,0.9813730716705322
trace_00099,symbolic_logic,correct,axis_2,-0.15230023860931396,0.15230023860931396,0.9883342385292053
trace_00099,symbolic_logic,correct,axis_3,0.08715654909610748,0.08715654909610748,0.9961946606636047
trace_00100,symbolic_logic,correct,axis_1,-0.06245725601911545,0.06245725601911545,0.9980476498603821
trace_00100,symbolic_logic,correct,axis_2,-0.13634008169174194,0.13634008169174194,0.9906620979309082
trace_00100,symbolic_logic,correct,axis_2,-0.11930873245000839,0.11930873245000839,0.9928572177886963
trace_00100,symbolic_logic,correct,axis_2,0.24078209698200226,0.24078209698200226,0.970579206943512
trace_00100,symbolic_logic,correct,axis_2,-0.056600455194711685,0.056600455194711685,0.9983968734741211
trace_00101,symbolic_logic,incorrect,axis_4,-0.09171999990940094,0.09171999990940094,0.9957848191261292
trace_00101,symbolic_logic,incorrect,axis_5,0.11730089038610458,0.11730089038610458,0.9930964112281799
trace_00102,symbolic_logic,correct,axis_1,-0.09848742187023163,0.09848742187023163,0.9951382875442505
trace_00102,symbolic_logic,correct,axis_5,0.1198984757065773,0.1198984757065773,0.992786169052124
trace_00102,symbolic_logic,correct,axis_3,0.12696516513824463,0.12696516513824463,0.9919071793556213
trace_00103,symbolic_logic,incorrect,axis_1,-0.06245725601911545,0.06245725601911545,0.9980476498603821
trace_00103,symbolic_logic,incorrect,axis_5,0.1849551945924759,0.1849551945924759,0.982746958732605
trace_00104,symbolic_logic,incorrect,axis_1,-0.09443220496177673,0.09443220496177673,0.9955312609672546
trace_00104,symbolic_logic,incorrect,axis_5,0.13388793170452118,0.13388793170452118,0.9909964799880981
trace_00104,symbolic_logic,incorrect,axis_2,0.14379671216011047,0.14379671216011047,0.9896072149276733
trace_00105,symbolic_logic,correct,axis_4,-0.07944788038730621,0.07944788038730621,0.9968390464782715
trace_00105,symbolic_logic,correct,axis_1,0.10552610456943512,0.10552610456943512,0.9944165349006653
trace_00105,symbolic_logic,correct,axis_2,-0.14162924885749817,0.14162924885749817,0.9899197816848755
trace_00106,symbolic_logic,correct,axis_2,0.10223037004470825,0.10223037004470825,0.9947607517242432
trace_00106,symbolic_logic,correct,axis_1,-0.12739700078964233,0.12739700078964233,0.991851806640625
trace_00106,symbolic_logic,correct,axis_2,-0.08071477711200714,0.08071477711200714,0.9967372417449951
trace_00107,symbolic_logic,correct,axis_2,0.10223037004470825,0.10223037004470825,0.9947607517242432
trace_00107,symbolic_logic,correct,axis_1,-0.12739700078964233,0.12739700078964233,0.991851806640625
trace_00107,symbolic_logic,correct,axis_2,-0.08071477711200714,0.08071477711200714,0.9967372417449951
trace_00108,symbolic_logic,incorrect,axis_5,-0.07138750702142715,0.07138750702142715,0.9974486231803894
trace_00108,symbolic_logic,incorrect,axis_5,0.14685356616973877,0.14685356616973877,0.9891582131385803
trace_00109,symbolic_logic,incorrect,axis_2,0.10223037004470825,0.10223037004470825,0.9947607517242432
trace_00109,symbolic_logic,incorrect,axis_1,-0.1830839067697525,0.1830839067697525,0.98309725522995
trace_00110,symbolic_logic,correct,axis_2,0.10223037004470825,0.10223037004470825,0.9947607517242432
trace_00110,symbolic_logic,correct,axis_1,-0.12176951766014099,0.12176951766014099,0.9925584197044373
trace_00110,symbolic_logic,correct,axis_2,-0.08833739161491394,0.08833739161491394,0.9960905909538269
trace_00111,symbolic_logic,correct,axis_2,0.10223037004470825,0.10223037004470825,0.9947607517242432
trace_00111,symbolic_logic,correct,axis_2,0.13856810331344604,0.13856810331344604,0.9903529286384583
trace_00111,symbolic_logic,correct,axis_2,-0.11592702567577362,0.11592702567577362,0.9932577610015869
trace_00112,symbolic_logic,correct,axis_2,0.10223037004470825,0.10223037004470825,0.9947607517242432
trace_00112,symbolic_logic,correct,axis_1,-0.08078201115131378,0.08078201115131378,0.9967317581176758
trace_00113,symbolic_logic,correct,axis_1,-0.13310974836349487,0.13310974836349487,0.9911013245582581
trace_00114,symbolic_logic,correct,axis_2,0.10223037004470825,0.10223037004470825,0.9947607517242432
trace_00114,symbolic_logic,correct,axis_1,-0.07715193927288055,0.07715193927288055,0.997019350528717
trace_00114,symbolic_logic,correct,axis_4,-0.06993765383958817,0.06993765383958817,0.9975513815879822
trace_00115,symbolic_logic,correct,axis_1,-0.05883288010954857,0.05883288010954857,0.9982678294181824
trace_00116,symbolic_logic,correct,axis_2,0.113029345870018,0.113029345870018,0.9935916662216187
trace_00116,symbolic_logic,correct,axis_1,-0.10290771722793579,0.10290771722793579,0.9946908950805664
trace_00116,symbolic_logic,correct,axis_1,0.06594919413328171,0.06594919413328171,0.9978229999542236
trace_00117,symbolic_logic,incorrect,axis_3,0.1140027791261673,0.1140027791261673,0.9934804439544678
trace_00117,symbolic_logic,incorrect,axis_2,0.12095533311367035,0.12095533311367035,0.9926579594612122
trace_00117,symbolic_logic,incorrect,axis_2,-0.1227261945605278,0.1227261945605278,0.9924405813217163
trace_00118,symbolic_logic,correct,axis_5,-0.07138750702142715,0.07138750702142715,0.9974486231803894
trace_00118,symbolic_logic,correct,axis_5,0.13961368799209595,0.13961368799209595,0.9902060627937317
trace_00119,symbolic_logic,correct,axis_2,0.10509003698825836,0.10509003698825836,0.9944627285003662
trace_00119,symbolic_logic,correct,axis_1,-0.11395522207021713,0.11395522207021713,0.9934859275817871
trace_00119,symbolic_logic,correct,axis_4,-0.05790350213646889,0.05790350213646889,0.9983221888542175
trace_00120,symbolic_logic,correct,axis_2,-0.08338621258735657,0.08338621258735657,0.9965173006057739
trace_00120,symbolic_logic,correct,axis_1,-0.17927932739257812,0.17927932739257812,0.9837982058525085
trace_00121,temporal_ordering,correct,axis_5,0.12401360273361206,0.12401360273361206,0.9922805428504944
trace_00122,temporal_ordering,incorrect,axis_3,-0.28600895404815674,0.28600895404815674,0.9582269191741943
trace_00122,temporal_ordering,incorrect,axis_3,0.26264098286628723,0.26264098286628723,0.964893639087677
trace_00122,temporal_ordering,incorrect,axis_3,-0.08453555405139923,0.08453555405139923,0.9964205026626587
trace_00122,temporal_ordering,incorrect,axis_1,-0.23085305094718933,0.23085305094718933,0.9729886651039124
trace_00122,temporal_ordering,incorrect,axis_3,0.2684716582298279,0.2684716582298279,0.9632875919342041
trace_00122,temporal_ordering,incorrect,axis_5,0.151189923286438,0.151189923286438,0.9885047674179077
trace_00123,temporal_ordering,incorrect,axis_3,0.11727933585643768,0.11727933585643768,0.9930989742279053
trace_00123,temporal_ordering,incorrect,axis_3,0.21534349024295807,0.21534349024295807,0.976538360118866
trace_00124,temporal_ordering,correct,axis_5,-0.1947673261165619,0.1947673261165619,0.9808495044708252
trace_00124,temporal_ordering,correct,axis_4,0.15735462307929993,0.15735462307929993,0.9875421524047852
trace_00125,temporal_ordering,correct,axis_3,0.1575932502746582,0.1575932502746582,0.9875041246414185
trace_00126,temporal_ordering,incorrect,axis_1,0.23758672177791595,0.23758672177791595,0.9713663458824158
trace_00126,temporal_ordering,incorrect,axis_1,-0.14337976276874542,0.14337976276874542,0.9896677136421204
trace_00126,temporal_ordering,incorrect,axis_1,-0.15386921167373657,0.15386921167373657,0.988091230392456
trace_00127,temporal_ordering,correct,axis_2,-0.24705012142658234,0.24705012142658234,0.9690026640892029
trace_00127,temporal_ordering,correct,axis_1,0.25963857769966125,0.25963857769966125,0.9657058715820312
trace_00127,temporal_ordering,correct,axis_3,-0.08453555405139923,0.08453555405139923,0.9964205026626587
trace_00127,temporal_ordering,correct,axis_3,-0.23015132546424866,0.23015132546424866,0.9731548428535461
trace_00127,temporal_ordering,correct,axis_3,0.3068968653678894,0.3068968653678894,0.9517427682876587
trace_00127,temporal_ordering,correct,axis_3,-0.1317657232284546,0.1317657232284546,0.9912809133529663
trace_00127,temporal_ordering,correct,axis_5,0.1722802221775055,0.1722802221775055,0.9850479960441589
trace_00127,temporal_ordering,correct,axis_5,0.2582813501358032,0.2582813501358032,0.966069757938385
trace_00127,temporal_ordering,correct,axis_5,-0.12150415778160095,0.12150415778160095,0.9925909638404846
trace_00128,temporal_ordering,correct,axis_1,-0.1865708976984024,0.1865708976984024,0.9824414849281311
trace_00128,temporal_ordering,correct,axis_5,0.14345547556877136,0.14345547556877136,0.9896568059921265
trace_00128,temporal_ordering,correct,axis_2,-0.1078796535730362,0.1078796535730362,0.9941639304161072
trace_00129,temporal_ordering,correct,axis_3,0.11727933585643768,0.11727933585643768,0.9930989742279053
trace_00129,temporal_ordering,correct,axis_5,-0.1969222128391266,0.1969222128391266,0.9804190993309021
trace_00129,temporal_ordering,correct,axis_2,-0.12234178185462952,0.12234178185462952,0.9924880266189575
trace_00130,temporal_ordering,incorrect,axis_3,0.20386454463005066,0.20386454463005066,0.9789990782737732
trace_00130,temporal_ordering,incorrect,axis_3,-0.09301392734050751,0.09301392734050751,0.9956647753715515
trace_00130,temporal_ordering,incorrect,axis_3,0.1780608594417572,0.1780608594417572,0.9840194582939148
trace_00130,temporal_ordering,incorrect,axis_5,-0.0607307031750679,0.0607307031750679,0.9981541633605957
trace_00130,temporal_ordering,incorrect,axis_3,-0.12847885489463806,0.12847885489463806,0.9917122721672058
trace_00131,temporal_ordering,correct,axis_5,-0.21134069561958313,0.21134069561958313,0.9774124622344971
trace_00131,temporal_ordering,correct,axis_3,-0.08441714942455292,0.08441714942455292,0.996430516242981
trace_00131,temporal_ordering,correct,axis_5,0.2424527257680893,0.2424527257680893,0.9701632261276245
trace_00131,temporal_ordering,correct,axis_3,0.2763367295265198,0.2763367295265198,0.9610608816146851
trace_00131,temporal_ordering,correct,axis_3,-0.08710582554340363,0.08710582554340363,0.9961990714073181
trace_00131,temporal_ordering,correct,axis_5,0.29916703701019287,0.29916703701019287,0.9542007446289062
trace_00131,temporal_ordering,correct,axis_5,-0.326021671295166,0.326021671295166,0.9453623294830322
trace_00131,temporal_ordering,correct,axis_5,0.31700143218040466,0.31700143218040466,0.9484250545501709
trace_00131,temporal_ordering,correct,axis_5,-0.36287057399749756,0.36287057399749756,0.9318395256996155
trace_00132,temporal_ordering,correct,axis_3,-0.27737295627593994,0.27737295627593994,0.9607623219490051
trace_00132,temporal_ordering,correct,axis_1,0.23317715525627136,0.23317715525627136,0.9724342823028564
trace_00132,temporal_ordering,correct,axis_2,-0.07177363336086273,0.07177363336086273,0.9974209666252136
trace_00132,temporal_ordering,correct,axis_1,-0.2476557344198227,0.2476557344198227,0.9688481092453003
trace_00132,temporal_ordering,correct,axis_5,0.1581275761127472,0.1581275761127472,0.9874187111854553
trace_00133,temporal_ordering,correct,axis_5,0.21459153294563293,0.21459153294563293,0.9767038822174072
trace_00133,temporal_ordering,correct,axis_2,-0.19153836369514465,0.19153836369514465,0.98148512840271
trace_00134,temporal_ordering,incorrect,axis_1,0.23112913966178894,0.23112913966178894,0.9729230999946594
trace_00134,temporal_ordering,incorrect,axis_1,-0.14293909072875977,0.14293909072875977,0.98973149061203
trace_00134,temporal_ordering,incorrect,axis_3,0.11415871977806091,0.11415871977806091,0.9934625029563904
trace_00134,temporal_ordering,incorrect,axis_2,-0.15601405501365662,0.15601405501365662,0.9877548217773438
trace_00134,temporal_ordering,incorrect,axis_5,0.18905389308929443,0.18905389308929443,0.9819667339324951
trace_00135,temporal_ordering,correct,axis_5,-0.34586843848228455,0.34586843848228455,0.9382830262184143
trace_00135,temporal_ordering,correct,axis_3,-0.08441714942455292,0.08441714942455292,0.996430516242981
trace_00135,temporal_ordering,correct,axis_1,-0.24036329984664917,0.24036329984664917,0.9706829786300659
trace_00135,temporal_ordering,correct,axis_3,0.2814384996891022,0.2814384996891022,0.9595792293548584
trace_00135,temporal_ordering,correct,axis_5,0.20646417140960693,0.20646417140960693,0.9784541726112366
trace_00135,temporal_ordering,correct,axis_3,0.19150680303573608,0.19150680303573608,0.9814912676811218
trace_00136,temporal_ordering,incorrect,axis_5,-0.1358194798231125,0.1358194798231125,0.9907336235046387
trace_00136,temporal_ordering,incorrect,axis_3,0.23762698471546173,0.23762698471546173,0.9713565111160278
trace_00136,temporal_ordering,incorrect,axis_5,0.13226506114006042,0.13226506114006042,0.991214394569397
trace_00136,temporal_ordering,incorrect,axis_1,-0.13031688332557678,0.13031688332557678,0.9914723634719849
trace_00136,temporal_ordering,incorrect,axis_3,-0.18224091827869415,0.18224091827869415,0.9832538962364197
trace_00137,temporal_ordering,incorrect,axis_5,-0.1310410052537918,0.1310410052537918,0.9913769364356995
trace_00137,temporal_ordering,incorrect,axis_3,0.08849883079528809,0.08849883079528809,0.9960762858390808
trace_00137,temporal_ordering,incorrect,axis_4,-0.07878084480762482,0.07878084480762482,0.996891975402832
trace_00137,temporal_ordering,incorrect,axis_1,-0.07602366805076599,0.07602366805076599,0.9971060156822205
trace_00137,temporal_ordering,incorrect,axis_2,-0.12818902730941772,0.12818902730941772,0.9917497634887695
trace_00137,temporal_ordering,incorrect,axis_4,0.1482565999031067,0.1482565999031067,0.9889489412307739
trace_00138,temporal_ordering,correct,axis_5,-0.1358194798231125,0.1358194798231125,0.9907336235046387
trace_00138,temporal_ordering,correct,axis_3,0.2187628448009491,0.2187628448009491,0.9757780432701111
trace_00138,temporal_ordering,correct,axis_4,-0.09136314690113068,0.09136314690113068,0.9958176612854004
trace_00138,temporal_ordering,correct,axis_3,-0.3543781638145447,0.3543781638145447,0.9351021647453308
trace_00138,temporal_ordering,correct,axis_3,0.2918764650821686,0.2918764650821686,0.9564560651779175
trace_00138,temporal_ordering,correct,axis_2,0.2681281864643097,0.2681281864643097,0.9633832573890686
trace_00138,temporal_ordering,correct,axis_2,-0.1214442327618599,0.1214442327618599,0.9925982356071472
trace_00138,temporal_ordering,correct,axis_2,-0.37950652837753296,0.37950652837753296,0.9251890778541565
trace_00139,temporal_ordering,correct,axis_5,-0.07406745105981827,0.07406745105981827,0.9972532391548157
trace_00139,temporal_ordering,correct,axis_2,0.1180054172873497,0.1180054172873497,0.9930129647254944
trace_00139,temporal_ordering,correct,axis_4,-0.07878084480762482,0.07878084480762482,0.996891975402832
trace_00139,temporal_ordering,correct,axis_5,-0.03913683071732521,0.03913683071732521,0.9992338418960571
trace_00139,temporal_ordering,correct,axis_2,-0.0867099016904831,0.0867099016904831,0.9962336421012878
trace_00140,temporal_ordering,correct,axis_1,0.14735548198223114,0.14735548198223114,0.9890835881233215
trace_00140,temporal_ordering,correct,axis_5,0.15071578323841095,0.15071578323841095,0.988577127456665
trace_00140,temporal_ordering,correct,axis_2,-0.20028099417686462,0.20028099417686462,0.9797384738922119
trace_00141,temporal_ordering,correct,axis_5,-0.1402643769979477,0.1402643769979477,0.9901140928268433
trace_00141,temporal_ordering,correct,axis_5,0.19564548134803772,0.19564548134803772,0.980674684047699
trace_00141,temporal_ordering,correct,axis_1,-0.11253128945827484,0.11253128945827484,0.9936481714248657
trace_00141,temporal_ordering,correct,axis_3,-0.22444838285446167,0.22444838285446167,0.9744859933853149
trace_00142,temporal_ordering,correct,axis_1,0.16768844425678253,0.16768844425678253,0.9858400225639343
trace_00142,temporal_ordering,correct,axis_2,0.12061743438243866,0.12061743438243866,0.9926990866661072
trace_00142,temporal_ordering,correct,axis_3,-0.08131985366344452,0.08131985366344452,0.9966880679130554
trace_00142,temporal_ordering,correct,axis_3,-0.1492367386817932,0.1492367386817932,0.9888014793395996
trace_00142,temporal_ordering,correct,axis_2,-0.2027083933353424,0.2027083933353424,0.9792391657829285
trace_00142,temporal_ordering,correct,axis_2,-0.1854235827922821,0.1854235827922821,0.9826586842536926
trace_00143,temporal_ordering,incorrect,axis_3,0.20751313865184784,0.20751313865184784,0.978232204914093
trace_00143,temporal_ordering,incorrect,axis_5,0.16988447308540344,0.16988447308540344,0.9854639768600464
trace_00143,temporal_ordering,incorrect,axis_3,-0.25590407848358154,0.25590407848358154,0.9667021632194519
trace_00143,temporal_ordering,incorrect,axis_2,0.18074113130569458,0.18074113130569458,0.9835307002067566
trace_00143,temporal_ordering,incorrect,axis_2,-0.11857560276985168,0.11857560276985168,0.9929450154304504
trace_00144,temporal_ordering,correct,axis_5,-0.05869648978114128,0.05869648978114128,0.998275876045227
trace_00144,temporal_ordering,correct,axis_1,0.13779516518115997,0.13779516518115997,0.9904607534408569
trace_00144,temporal_ordering,correct,axis_3,-0.08168061822652817,0.08168061822652817,0.9966585636138916
trace_00144,temporal_ordering,correct,axis_1,-0.17990046739578247,0.17990046739578247,0.9836848378181458
trace_00144,temporal_ordering,correct,axis_1,-0.11959193646907806,0.11959193646907806,0.9928231239318848
trace_00145,temporal_ordering,correct,axis_1,-0.14522996544837952,0.14522996544837952,0.9893979430198669
trace_00145,temporal_ordering,correct,axis_1,0.17852860689163208,0.17852860689163208,0.9839347004890442
trace_00146,temporal_ordering,correct,axis_1,0.15086038410663605,0.15086038410663605,0.9885550737380981
trace_00146,temporal_ordering,correct,axis_5,0.13304981589317322,0.13304981589317322,0.991109311580658
trace_00147,temporal_ordering,correct,axis_5,-0.10981045663356781,0.10981045663356781,0.9939525723457336
trace_00147,temporal_ordering,correct,axis_3,0.2187628448009491,0.2187628448009491,0.9757780432701111
trace_00147,temporal_ordering,correct,axis_4,-0.09136314690113068,0.09136314690113068,0.9958176612854004
trace_00147,temporal_ordering,correct,axis_3,-0.21907156705856323,0.21907156705856323,0.9757087826728821
trace_00147,temporal_ordering,correct,axis_1,0.16737405955791473,0.16737405955791473,0.9858934879302979
trace_00147,temporal_ordering,correct,axis_2,-0.23474043607711792,0.23474043607711792,0.972058117389679
trace_00148,temporal_ordering,correct,axis_1,0.15946637094020844,0.15946637094020844,0.9872033596038818
trace_00148,temporal_ordering,correct,axis_4,-0.07509829103946686,0.07509829103946686,0.9971761703491211
trace_00149,temporal_ordering,incorrect,axis_1,-0.12673714756965637,0.12673714756965637,0.9919363260269165
trace_00149,temporal_ordering,incorrect,axis_2,-0.1207406297326088,0.1207406297326088,0.9926841259002686
trace_00149,temporal_ordering,incorrect,axis_3,-0.18586242198944092,0.18586242198944092,0.9825757741928101
trace_00150,temporal_ordering,correct,axis_5,0.1650049090385437,0.1650049090385437,0.9862927198410034
trace_00150,temporal_ordering,correct,axis_3,-0.1531839370727539,0.1531839370727539,0.9881976842880249
trace_00151,temporal_ordering,correct,axis_3,0.15080097317695618,0.15080097317695618,0.988564133644104
trace_00151,temporal_ordering,correct,axis_3,-0.1628863364458084,0.1628863364458084,0.9866448640823364
trace_00152,temporal_ordering,correct,axis_3,0.07916755974292755,0.07916755974292755,0.9968613386154175
trace_00152,temporal_ordering,correct,axis_5,0.14162492752075195,0.14162492752075195,0.9899203777313232
trace_00152,temporal_ordering,correct,axis_3,0.10269127786159515,0.10269127786159515,0.994713306427002
trace_00152,temporal_ordering,correct,axis_1,-0.12202674150466919,0.12202674150466919,0.9925268292427063
trace_00153,temporal_ordering,correct,axis_5,0.17398126423358917,0.17398126423358917,0.9847489595413208
trace_00153,temporal_ordering,correct,axis_3,-0.11500055342912674,0.11500055342912674,0.9933654069900513
trace_00153,temporal_ordering,correct,axis_5,-0.21193861961364746,0.21193861961364746,0.9772829413414001
trace_00154,temporal_ordering,correct,axis_5,0.10433521866798401,0.10433521866798401,0.9945421814918518
trace_00154,temporal_ordering,correct,axis_1,-0.07405728101730347,0.07405728101730347,0.9972540140151978
trace_00154,temporal_ordering,correct,axis_3,-0.1599244326353073,0.1599244326353073,0.987129271030426
trace_00155,temporal_ordering,correct,axis_2,-0.10382267087697983,0.10382267087697983,0.9945958256721497
trace_00155,temporal_ordering,correct,axis_3,-0.24630236625671387,0.24630236625671387,0.9691930413246155
trace_00156,temporal_ordering,incorrect,axis_3,0.15845483541488647,0.15845483541488647,0.987366259098053
trace_00156,temporal_ordering,incorrect,axis_3,-0.20728516578674316,0.20728516578674316,0.9782805442810059
trace_00156,temporal_ordering,incorrect,axis_4,0.07122138887643814,0.07122138887643814,0.9974605441093445
trace_00157,temporal_ordering,incorrect,axis_3,0.12903094291687012,0.12903094291687012,0.991640567779541
trace_00157,temporal_ordering,incorrect,axis_2,0.12921565771102905,0.12921565771102905,0.9916164875030518
trace_00157,temporal_ordering,incorrect,axis_5,-0.1764979213476181,0.1764979213476181,0.9843010306358337
trace_00158,temporal_ordering,incorrect,axis_3,0.22999055683612823,0.22999055683612823,0.9731928706169128
trace_00158,temporal_ordering,incorrect,axis_1,-0.0683080404996872,0.0683080404996872,0.9976642727851868
trace_00158,temporal_ordering,incorrect,axis_3,-0.16683976352214813,0.16683976352214813,0.9859840273857117
trace_00159,temporal_ordering,correct,axis_3,0.1807759404182434,0.1807759404182434,0.9835243225097656
trace_00159,temporal_ordering,correct,axis_3,-0.20160138607025146,0.20160138607025146,0.9794676899909973
trace_00160,temporal_ordering,incorrect,axis_3,0.12441214919090271,0.12441214919090271,0.9922306537628174
trace_00160,temporal_ordering,incorrect,axis_5,0.11925249546766281,0.11925249546766281,0.9928639531135559
trace_00160,temporal_ordering,incorrect,axis_5,-0.15379059314727783,0.15379059314727783,0.988103449344635
trace_00161,temporal_ordering,incorrect,axis_1,0.1618196964263916,0.1618196964263916,0.9868203401565552
trace_00161,temporal_ordering,incorrect,axis_1,-0.18958386778831482,0.18958386778831482,0.9818645715713501
trace_00161,temporal_ordering,incorrect,axis_2,0.1120704784989357,0.1120704784989357,0.9937002658843994
trace_00161,temporal_ordering,incorrect,axis_3,-0.11204454302787781,0.11204454302787781,0.9937031865119934
trace_00162,temporal_ordering,incorrect,axis_2,-0.0763721838593483,0.0763721838593483,0.9970793724060059
trace_00162,temporal_ordering,incorrect,axis_5,-0.12552222609519958,0.12552222609519958,0.9920908212661743
trace_00162,temporal_ordering,incorrect,axis_5,0.10959106683731079,0.10959106683731079,0.9939767718315125
trace_00162,temporal_ordering,incorrect,axis_2,0.2137562483549118,0.2137562483549118,0.976887047290802
trace_00163,temporal_ordering,incorrect,axis_3,0.12480662763118744,0.12480662763118744,0.9921810626983643
trace_00163,temporal_ordering,incorrect,axis_3,-0.19289344549179077,0.19289344549179077,0.9812197089195251
trace_00164,temporal_ordering,correct,axis_5,-0.1306857466697693,0.1306857466697693,0.9914238452911377
trace_00164,temporal_ordering,correct,axis_2,0.4007900655269623,0.4007900655269623,0.9161699414253235
trace_00164,temporal_ordering,correct,axis_2,-0.33521607518196106,0.33521607518196106,0.9421412944793701
trace_00164,temporal_ordering,correct,axis_2,-0.05346505343914032,0.05346505343914032,0.9985697269439697
trace_00164,temporal_ordering,correct,axis_5,0.06274096667766571,0.06274096667766571,0.9980298280715942
trace_00165,temporal_ordering,incorrect,axis_1,0.05191848427057266,0.05191848427057266,0.9986513257026672
trace_00165,temporal_ordering,incorrect,axis_1,0.066350057721138,0.066350057721138,0.9977964162826538
trace_00165,temporal_ordering,incorrect,axis_5,0.07212383300065994,0.07212383300065994,0.9973956942558289
trace_00165,temporal_ordering,incorrect,axis_5,-0.1832108348608017,0.1832108348608017,0.9830736517906189
trace_00166,temporal_ordering,incorrect,axis_4,0.17893154919147491,0.17893154919147491,0.98386150598526
trace_00166,temporal_ordering,incorrect,axis_1,-0.1469857096672058,0.1469857096672058,0.9891386032104492
trace_00167,temporal_ordering,incorrect,axis_4,0.17893154919147491,0.17893154919147491,0.98386150598526
trace_00167,temporal_ordering,incorrect,axis_1,-0.1469857096672058,0.1469857096672058,0.9891386032104492
trace_00168,temporal_ordering,incorrect,axis_4,0.17893154919147491,0.17893154919147491,0.98386150598526
trace_00168,temporal_ordering,incorrect,axis_1,-0.1469857096672058,0.1469857096672058,0.9891386032104492
trace_00169,temporal_ordering,incorrect,axis_4,0.17893154919147491,0.17893154919147491,0.98386150598526
trace_00169,temporal_ordering,incorrect,axis_1,-0.1469857096672058,0.1469857096672058,0.9891386032104492
trace_00170,temporal_ordering,incorrect,axis_4,0.17893154919147491,0.17893154919147491,0.98386150598526
trace_00170,temporal_ordering,incorrect,axis_1,-0.1469857096672058,0.1469857096672058,0.9891386032104492
trace_00171,temporal_ordering,incorrect,axis_4,0.17893154919147491,0.17893154919147491,0.98386150598526
trace_00171,temporal_ordering,incorrect,axis_1,-0.1469857096672058,0.1469857096672058,0.9891386032104492
trace_00172,temporal_ordering,incorrect,axis_4,0.17893154919147491,0.17893154919147491,0.98386150598526
trace_00172,temporal_ordering,incorrect,axis_1,-0.1469857096672058,0.1469857096672058,0.9891386032104492
trace_00173,temporal_ordering,incorrect,axis_4,0.1789315640926361,0.1789315640926361,0.98386150598526
trace_00173,temporal_ordering,incorrect,axis_1,-0.14698578417301178,0.14698578417301178,0.9891386032104492
trace_00174,temporal_ordering,incorrect,axis_4,0.1789315640926361,0.1789315640926361,0.98386150598526
trace_00174,temporal_ordering,incorrect,axis_1,-0.14698578417301178,0.14698578417301178,0.9891386032104492
trace_00175,temporal_ordering,incorrect,axis_4,0.1789315640926361,0.1789315640926361,0.98386150598526
trace_00175,temporal_ordering,incorrect,axis_1,-0.14698578417301178,0.14698578417301178,0.9891386032104492
trace_00176,temporal_ordering,incorrect,axis_4,0.18641650676727295,0.18641650676727295,0.9824708104133606
trace_00176,temporal_ordering,incorrect,axis_4,-0.15196454524993896,0.15196454524993896,0.9883859157562256
trace_00177,temporal_ordering,incorrect,axis_4,0.17893154919147491,0.17893154919147491,0.98386150598526
trace_00177,temporal_ordering,incorrect,axis_1,-0.1469857096672058,0.1469857096672058,0.9891386032104492
trace_00178,temporal_ordering,incorrect,axis_4,0.20479978621006012,0.20479978621006012,0.9788038730621338
trace_00178,temporal_ordering,incorrect,axis_3,0.10983170568943024,0.10983170568943024,0.9939501881599426
trace_00179,temporal_ordering,incorrect,axis_4,0.1789315640926361,0.1789315640926361,0.98386150598526
trace_00179,temporal_ordering,incorrect,axis_1,-0.14698578417301178,0.14698578417301178,0.9891386032104492
trace_00180,temporal_ordering,incorrect,axis_4,0.1789315640926361,0.1789315640926361,0.98386150598526
trace_00180,temporal_ordering,incorrect,axis_1,-0.14698578417301178,0.14698578417301178,0.9891386032104492
trace_00181,causal_micro_world,incorrect,axis_5,0.14775365591049194,0.14775365591049194,0.9890241622924805
trace_00181,causal_micro_world,incorrect,axis_4,-0.1635703593492508,0.1635703593492508,0.986531674861908
trace_00182,causal_micro_world,incorrect,axis_1,0.1317242681980133,0.1317242681980133,0.9912863969802856
trace_00182,causal_micro_world,incorrect,axis_4,-0.13942477107048035,0.13942477107048035,0.9902326464653015
trace_00183,causal_micro_world,incorrect,axis_1,0.1317242681980133,0.1317242681980133,0.9912863969802856
trace_00183,causal_micro_world,incorrect,axis_4,-0.12703879177570343,0.12703879177570343,0.9918977618217468
trace_00183,causal_micro_world,incorrect,axis_3,-0.15917034447193146,0.15917034447193146,0.9872511625289917
trace_00183,causal_micro_world,incorrect,axis_1,-0.13114778697490692,0.13114778697490692,0.9913628101348877
trace_00184,causal_micro_world,incorrect,axis_1,0.1840551793575287,0.1840551793575287,0.9829159379005432
trace_00184,causal_micro_world,incorrect,axis_4,-0.1203942820429802,0.1203942820429802,0.9927261471748352
trace_00184,causal_micro_world,incorrect,axis_4,0.06556008756160736,0.06556008756160736,0.997848629951477
trace_00185,causal_micro_world,incorrect,axis_5,0.09915876388549805,0.09915876388549805,0.9950716495513916
trace_00185,causal_micro_world,incorrect,axis_4,-0.17932605743408203,0.17932605743408203,0.9837896823883057
trace_00186,causal_micro_world,incorrect,axis_1,0.1155707836151123,0.1155707836151123,0.9932992458343506
trace_00186,causal_micro_world,incorrect,axis_4,-0.13548094034194946,0.13548094034194946,0.9907799363136292
trace_00187,causal_micro_world,incorrect,axis_3,-0.1005881279706955,0.1005881279706955,0.9949281811714172
trace_00187,causal_micro_world,incorrect,axis_4,-0.12246306240558624,0.12246306240558624,0.9924730658531189
trace_00188,causal_micro_world,correct,axis_2,-0.08077271282672882,0.08077271282672882,0.9967325329780579
trace_00188,causal_micro_world,correct,axis_4,-0.20822015404701233,0.20822015404701233,0.978082001209259
trace_00188,causal_micro_world,correct,axis_1,-0.21481595933437347,0.21481595933437347,0.9766545295715332
trace_00188,causal_micro_world,correct,axis_1,0.09073271602392197,0.09073271602392197,0.9958752989768982
trace_00189,causal_micro_world,incorrect,axis_2,-0.08077271282672882,0.08077271282672882,0.9967325329780579
trace_00189,causal_micro_world,incorrect,axis_4,-0.21179015934467316,0.21179015934467316,0.9773151874542236
trace_00190,causal_micro_world,correct,axis_5,0.2015223503112793,0.2015223503112793,0.9794839024543762
trace_00190,causal_micro_world,correct,axis_5,-0.15125365555286407,0.15125365555286407,0.9884949922561646
trace_00190,causal_micro_world,correct,axis_5,0.1780874878168106,0.1780874878168106,0.984014630317688
trace_00190,causal_micro_world,correct,axis_3,0.19310235977172852,0.19310235977172852,0.9811785817146301
trace_00190,causal_micro_world,correct,axis_1,0.09425193071365356,0.09425193071365356,0.9955483675003052
trace_00190,causal_micro_world,correct,axis_3,-0.14877375960350037,0.14877375960350037,0.9888712763786316
trace_00190,causal_micro_world,correct,axis_5,0.07018844038248062,0.07018844038248062,0.9975337386131287
trace_00191,causal_micro_world,incorrect,axis_1,0.13205531239509583,0.13205531239509583,0.9912423491477966
trace_00191,causal_micro_world,incorrect,axis_4,-0.16081154346466064,0.16081154346466064,0.9869851469993591
trace_00192,causal_micro_world,incorrect,axis_4,-0.15045876801013947,0.15045876801013947,0.9886162877082825
trace_00192,causal_micro_world,incorrect,axis_1,0.06460923701524734,0.06460923701524734,0.9979106187820435
trace_00193,causal_micro_world,incorrect,axis_4,-0.1373770833015442,0.1373770833015442,0.9905188083648682
trace_00193,causal_micro_world,incorrect,axis_5,0.12338808923959732,0.12338808923959732,0.9923585057258606
trace_00194,causal_micro_world,correct,axis_4,-0.16361716389656067,0.16361716389656067,0.9865239262580872
trace_00195,causal_micro_world,incorrect,axis_3,-0.13394378125667572,0.13394378125667572,0.9909889101982117
trace_00195,causal_micro_world,incorrect,axis_3,0.12132197618484497,0.12132197618484497,0.9926131963729858
trace_00196,causal_micro_world,incorrect,axis_4,0.2611495554447174,0.2611495554447174,0.9652983546257019
trace_00196,causal_micro_world,incorrect,axis_4,-0.1303483247756958,0.1303483247756958,0.9914682507514954
trace_00196,causal_micro_world,incorrect,axis_2,-0.1680973470211029,0.1680973470211029,0.9857704043388367
trace_00197,causal_micro_world,correct,axis_4,0.23289261758327484,0.23289261758327484,0.9725024700164795
trace_00197,causal_micro_world,correct,axis_2,0.1592077910900116,0.1592077910900116,0.9872450828552246
trace_00197,causal_micro_world,correct,axis_2,-0.23797903954982758,0.23797903954982758,0.9712703227996826
trace_00198,causal_micro_world,incorrect,axis_4,0.1935938000679016,0.1935938000679016,0.9810817837715149
trace_00198,causal_micro_world,incorrect,axis_2,0.18234913051128387,0.18234913051128387,0.9832338094711304
trace_00198,causal_micro_world,incorrect,axis_2,-0.18476451933383942,0.18476451933383942,0.9827828407287598
trace_00199,causal_micro_world,correct,axis_4,0.17150750756263733,0.17150750756263733,0.9851828217506409
trace_00199,causal_micro_world,correct,axis_2,0.1972287893295288,0.1972287893295288,0.9803574681282043
trace_00199,causal_micro_world,correct,axis_2,-0.24651479721069336,0.24651479721069336,0.969139039516449
trace_00200,causal_micro_world,correct,axis_4,0.2355106770992279,0.2355106770992279,0.9718717336654663
trace_00200,causal_micro_world,correct,axis_2,0.16954825818538666,0.16954825818538666,0.9855219125747681
trace_00200,causal_micro_world,correct,axis_3,0.26086536049842834,0.26086536049842834,0.9653751850128174
trace_00200,causal_micro_world,correct,axis_4,0.1964741349220276,0.1964741349220276,0.9805089831352234
trace_00201,causal_micro_world,incorrect,axis_4,0.16568657755851746,0.16568657755851746,0.986178457736969
trace_00201,causal_micro_world,incorrect,axis_2,0.1713353991508484,0.1713353991508484,0.9852127432823181
trace_00201,causal_micro_world,incorrect,axis_2,-0.17103922367095947,0.17103922367095947,0.9852641820907593
trace_00202,causal_micro_world,correct,axis_4,0.25670015811920166,0.25670015811920166,0.9664911031723022
trace_00202,causal_micro_world,correct,axis_4,-0.15488705039024353,0.15488705039024353,0.9879322052001953
trace_00202,causal_micro_world,correct,axis_2,-0.14746567606925964,0.14746567606925964,0.9890671968460083
trace_00203,causal_micro_world,incorrect,axis_4,0.1635141670703888,0.1635141670703888,0.9865409731864929
trace_00203,causal_micro_world,incorrect,axis_2,0.10604086518287659,0.10604086518287659,0.9943617582321167
trace_00203,causal_micro_world,incorrect,axis_2,-0.21252042055130005,0.21252042055130005,0.9771566390991211
trace_00203,causal_micro_world,incorrect,axis_4,0.045969799160957336,0.045969799160957336,0.9989428520202637
trace_00204,causal_micro_world,correct,axis_4,0.2510082423686981,0.2510082423686981,0.9679849147796631
trace_00204,causal_micro_world,correct,axis_2,0.15546360611915588,0.15546360611915588,0.9878416061401367
trace_00204,causal_micro_world,correct,axis_3,0.13176102936267853,0.13176102936267853,0.9912815093994141
trace_00205,causal_micro_world,incorrect,axis_4,0.24845600128173828,0.24845600128173828,0.9686431884765625
trace_00205,causal_micro_world,incorrect,axis_2,0.10866820067167282,0.10866820067167282,0.9940780997276306
trace_00205,causal_micro_world,incorrect,axis_1,0.15551111102104187,0.15551111102104187,0.9878341555595398
trace_00205,causal_micro_world,incorrect,axis_1,-0.1793617308139801,0.1793617308139801,0.9837831854820251
trace_00206,causal_micro_world,correct,axis_3,-0.140738844871521,0.140738844871521,0.9900467395782471
trace_00206,causal_micro_world,correct,axis_4,-0.14668995141983032,0.14668995141983032,0.9891825318336487
trace_00206,causal_micro_world,correct,axis_4,0.24127596616744995,0.24127596616744995,0.9704565405845642
trace_00206,causal_micro_world,correct,axis_3,0.1597166806459427,0.1597166806459427,0.9871628880500793
trace_00207,causal_micro_world,incorrect,axis_5,-0.12309229373931885,0.12309229373931885,0.9923952221870422
trace_00207,causal_micro_world,incorrect,axis_4,-0.2646666169166565,0.2646666169166565,0.9643399715423584
trace_00207,causal_micro_world,incorrect,axis_1,0.14614376425743103,0.14614376425743103,0.9892633557319641
trace_00207,causal_micro_world,incorrect,axis_1,-0.14618420600891113,0.14618420600891113,0.9892573952674866
trace_00208,causal_micro_world,correct,axis_4,0.26550108194351196,0.26550108194351196,0.9641105532646179
trace_00208,causal_micro_world,correct,axis_4,-0.14594581723213196,0.14594581723213196,0.989292562007904
trace_00208,causal_micro_world,correct,axis_2,-0.17315322160720825,0.17315322160720825,0.9848949313163757
trace_00208,causal_micro_world,correct,axis_1,0.06852009892463684,0.06852009892463684,0.9976497292518616
trace_00209,causal_micro_world,correct,axis_3,-0.12418147921562195,0.12418147921562195,0.9922595024108887
trace_00209,causal_micro_world,correct,axis_4,-0.20671820640563965,0.20671820640563965,0.9784005284309387
trace_00209,causal_micro_world,correct,axis_1,0.05054302513599396,0.05054302513599396,0.9987218976020813
trace_00209,causal_micro_world,correct,axis_1,-0.11739835143089294,0.11739835143089294,0.9930849075317383
trace_00209,causal_micro_world,correct,axis_4,0.24604074656963348,0.24604074656963348,0.96925950050354
trace_00210,causal_micro_world,incorrect,axis_4,0.22595606744289398,0.22595606744289398,0.9741374850273132
trace_00210,causal_micro_world,incorrect,axis_2,0.15203554928302765,0.15203554928302765,0.9883750081062317
trace_00210,causal_micro_world,incorrect,axis_2,-0.16301193833351135,0.16301193833351135,0.9866241216659546
trace_00211,causal_micro_world,incorrect,axis_4,0.1550341546535492,0.1550341546535492,0.9879091382026672
trace_00211,causal_micro_world,incorrect,axis_4,-0.15361997485160828,0.15361997485160828,0.9881300330162048
trace_00211,causal_micro_world,incorrect,axis_4,-0.24170029163360596,0.24170029163360596,0.9703509211540222
trace_00212,causal_micro_world,correct,axis_4,0.1550341546535492,0.1550341546535492,0.9879091382026672
trace_00212,causal_micro_world,correct,axis_4,-0.15361997485160828,0.15361997485160828,0.9881300330162048
trace_00212,causal_micro_world,correct,axis_4,-0.24170029163360596,0.24170029163360596,0.9703509211540222
trace_00213,causal_micro_world,correct,axis_4,0.15101134777069092,0.15101134777069092,0.9885320067405701
trace_00213,causal_micro_world,correct,axis_1,-0.1543557494878769,0.1543557494878769,0.988015353679657
trace_00213,causal_micro_world,correct,axis_4,-0.2508261799812317,0.2508261799812317,0.9680321216583252
trace_00214,causal_micro_world,correct,axis_4,0.1550341546535492,0.1550341546535492,0.9879091382026672
trace_00214,causal_micro_world,correct,axis_4,-0.15361998975276947,0.15361998975276947,0.9881300330162048
trace_00214,causal_micro_world,correct,axis_4,-0.24170032143592834,0.24170032143592834,0.9703509211540222
trace_00215,causal_micro_world,correct,axis_4,0.1550341546535492,0.1550341546535492,0.9879091382026672
trace_00215,causal_micro_world,correct,axis_4,-0.16183358430862427,0.16183358430862427,0.9868180751800537
trace_00215,causal_micro_world,correct,axis_4,-0.2508261799812317,0.2508261799812317,0.9680321216583252
trace_00216,causal_micro_world,incorrect,axis_4,0.18996939063072205,0.18996939063072205,0.9817900061607361
trace_00216,causal_micro_world,incorrect,axis_1,-0.1354830265045166,0.1354830265045166,0.9907796382904053
trace_00216,causal_micro_world,incorrect,axis_4,-0.14687778055667877,0.14687778055667877,0.9891546368598938
trace_00217,causal_micro_world,correct,axis_4,0.15405291318893433,0.15405291318893433,0.9880626201629639
trace_00217,causal_micro_world,correct,axis_4,-0.1493808627128601,0.1493808627128601,0.9887797236442566
trace_00217,causal_micro_world,correct,axis_4,-0.24170032143592834,0.24170032143592834,0.9703509211540222
trace_00218,causal_micro_world,incorrect,axis_4,0.1550341546535492,0.1550341546535492,0.9879091382026672
trace_00218,causal_micro_world,incorrect,axis_4,-0.20758527517318726,0.20758527517318726,0.9782169461250305
trace_00218,causal_micro_world,incorrect,axis_4,-0.21266555786132812,0.21266555786132812,0.9771250486373901
trace_00219,causal_micro_world,correct,axis_4,0.15101134777069092,0.15101134777069092,0.9885320067405701
trace_00219,causal_micro_world,correct,axis_1,-0.15653195977210999,0.15653195977210999,0.9876728653907776
trace_00219,causal_micro_world,correct,axis_4,-0.24170029163360596,0.24170029163360596,0.9703509211540222
trace_00220,causal_micro_world,correct,axis_4,0.15101134777069092,0.15101134777069092,0.9885320067405701
trace_00220,causal_micro_world,correct,axis_1,-0.1543557494878769,0.1543557494878769,0.988015353679657
trace_00220,causal_micro_world,correct,axis_4,-0.2508261799812317,0.2508261799812317,0.9680321216583252
trace_00221,causal_micro_world,correct,axis_4,0.13349099457263947,0.13349099457263947,0.9910500645637512
trace_00221,causal_micro_world,correct,axis_4,-0.15332388877868652,0.15332388877868652,0.9881759881973267
trace_00221,causal_micro_world,correct,axis_4,-0.29636716842651367,0.29636716842651367,0.9550740718841553
trace_00222,causal_micro_world,incorrect,axis_4,0.15834201872348785,0.15834201872348785,0.9873843193054199
trace_00222,causal_micro_world,incorrect,axis_4,-0.17332971096038818,0.17332971096038818,0.9848638772964478
trace_00222,causal_micro_world,incorrect,axis_4,-0.24935680627822876,0.24935680627822876,0.9684116840362549
trace_00223,causal_micro_world,incorrect,axis_4,0.15301288664340973,0.15301288664340973,0.98822420835495
trace_00223,causal_micro_world,incorrect,axis_4,-0.21695205569267273,0.21695205569267273,0.9761822819709778
trace_00223,causal_micro_world,incorrect,axis_1,-0.17283040285110474,0.17283040285110474,0.9849516153335571
trace_00224,causal_micro_world,incorrect,axis_1,-0.05888231471180916,0.05888231471180916,0.9982649087905884
trace_00224,causal_micro_world,incorrect,axis_4,-0.2236194610595703,0.2236194610595703,0.9746765494346619
trace_00224,causal_micro_world,incorrect,axis_3,0.1130436509847641,0.1130436509847641,0.9935899972915649
trace_00225,causal_micro_world,correct,axis_4,0.13785865902900696,0.13785865902900696,0.9904519319534302
trace_00225,causal_micro_world,correct,axis_4,-0.21078741550445557,0.21078741550445557,0.977531909942627
trace_00225,causal_micro_world,correct,axis_5,0.09198090434074402,0.09198090434074402,0.9957607984542847
trace_00226,causal_micro_world,correct,axis_1,0.13888788223266602,0.13888788223266602,0.9903081059455872
trace_00226,causal_micro_world,correct,axis_2,0.19087758660316467,0.19087758660316467,0.9816138744354248
trace_00226,causal_micro_world,correct,axis_1,-0.16110023856163025,0.16110023856163025,0.9869380593299866
trace_00227,causal_micro_world,correct,axis_5,-0.15142323076725006,0.15142323076725006,0.9884690046310425
trace_00227,causal_micro_world,correct,axis_1,-0.07598637789487839,0.07598637789487839,0.9971088767051697
trace_00227,causal_micro_world,correct,axis_2,0.20816224813461304,0.20816224813461304,0.9780943393707275
trace_00227,causal_micro_world,correct,axis_3,0.1562480330467224,0.1562480330467224,0.987717866897583
trace_00227,causal_micro_world,correct,axis_5,0.1410042941570282,0.1410042941570282,0.9900090098381042
trace_00228,causal_micro_world,correct,axis_1,0.13888788223266602,0.13888788223266602,0.9903081059455872
trace_00228,causal_micro_world,correct,axis_2,0.19087758660316467,0.19087758660316467,0.9816138744354248
trace_00228,causal_micro_world,correct,axis_4,-0.202127605676651,0.202127605676651,0.9793592095375061
trace_00229,causal_micro_world,correct,axis_1,0.13888788223266602,0.13888788223266602,0.9903081059455872
trace_00229,causal_micro_world,correct,axis_2,0.19087758660316467,0.19087758660316467,0.9816138744354248
trace_00229,causal_micro_world,correct,axis_1,-0.1640568971633911,0.1640568971633911,0.9864509105682373
trace_00230,causal_micro_world,correct,axis_5,-0.14896079897880554,0.14896079897880554,0.9888430833816528
trace_00230,causal_micro_world,correct,axis_2,0.0862092450261116,0.0862092450261116,0.9962770342826843
trace_00230,causal_micro_world,correct,axis_2,0.15866675972938538,0.15866675972938538,0.9873321652412415
trace_00230,causal_micro_world,correct,axis_5,-0.1408531665802002,0.1408531665802002,0.9900304675102234
trace_00230,causal_micro_world,correct,axis_4,-0.1827479898929596,0.1827479898929596,0.9831597805023193
trace_00230,causal_micro_world,correct,axis_5,-0.11443336308002472,0.11443336308002472,0.9934309124946594
trace_00230,causal_micro_world,correct,axis_4,-0.10322743654251099,0.10322743654251099,0.9946578145027161
trace_00231,causal_micro_world,correct,axis_1,0.18154191970825195,0.18154191970825195,0.9833831787109375
trace_00231,causal_micro_world,correct,axis_1,-0.20224995911121368,0.20224995911121368,0.9793339371681213
trace_00231,causal_micro_world,correct,axis_2,0.13199125230312347,0.13199125230312347,0.9912508726119995
trace_00231,causal_micro_world,correct,axis_1,-0.17201592028141022,0.17201592028141022,0.9850941896438599
trace_00232,causal_micro_world,correct,axis_1,0.14692027866840363,0.14692027866840363,0.9891483187675476
trace_00232,causal_micro_world,correct,axis_2,0.1999518871307373,0.1999518871307373,0.9798057079315186
trace_00232,causal_micro_world,correct,axis_4,-0.15658782422542572,0.15658782422542572,0.9876640439033508
trace_00233,causal_micro_world,correct,axis_1,0.11261232197284698,0.11261232197284698,0.9936389923095703
trace_00233,causal_micro_world,correct,axis_1,-0.20206701755523682,0.20206701755523682,0.9793716669082642
trace_00233,causal_micro_world,correct,axis_1,-0.10530167818069458,0.10530167818069458,0.9944403171539307
trace_00234,causal_micro_world,correct,axis_1,0.1737423688173294,0.1737423688173294,0.9847911596298218
trace_00234,causal_micro_world,correct,axis_2,0.2316714972257614,0.2316714972257614,0.9727941155433655
trace_00234,causal_micro_world,correct,axis_1,-0.2108445167541504,0.2108445167541504,0.9775196313858032
trace_00235,causal_micro_world,correct,axis_5,-0.10483844578266144,0.10483844578266144,0.9944892525672913
trace_00235,causal_micro_world,correct,axis_2,0.2325618416070938,0.2325618416070938,0.9725816249847412
trace_00235,causal_micro_world,correct,axis_1,-0.1526905596256256,0.1526905596256256,0.9882740378379822
trace_00236,causal_micro_world,incorrect,axis_1,0.12743042409420013,0.12743042409420013,0.9918475151062012
trace_00236,causal_micro_world,incorrect,axis_2,0.17731943726539612,0.17731943726539612,0.9841533303260803
trace_00236,causal_micro_world,incorrect,axis_4,-0.18567600846290588,0.18567600846290588,0.9826110005378723
trace_00237,causal_micro_world,correct,axis_1,0.17575767636299133,0.17575767636299133,0.9844334721565247
trace_00237,causal_micro_world,correct,axis_2,0.1969190239906311,0.1969190239906311,0.9804197549819946
trace_00237,causal_micro_world,correct,axis_4,-0.1352308690547943,0.1352308690547943,0.9908141493797302
trace_00238,causal_micro_world,correct,axis_2,-0.13062965869903564,0.13062965869903564,0.9914312362670898
trace_00238,causal_micro_world,correct,axis_2,0.1289043128490448,0.1289043128490448,0.991657018661499
trace_00238,causal_micro_world,correct,axis_2,0.20507095754146576,0.20507095754146576,0.9787470698356628
trace_00238,causal_micro_world,correct,axis_1,-0.122282475233078,0.122282475233078,0.9924953579902649
trace_00239,causal_micro_world,correct,axis_2,-0.13030500710010529,0.13030500710010529,0.9914739727973938
trace_00239,causal_micro_world,correct,axis_5,-0.15263912081718445,0.15263912081718445,0.9882820248603821
trace_00239,causal_micro_world,correct,axis_2,0.18474255502223969,0.18474255502223969,0.9827869534492493
trace_00239,causal_micro_world,correct,axis_1,-0.129457488656044,0.129457488656044,0.9915849566459656
trace_00240,causal_micro_world,correct,axis_2,-0.13394713401794434,0.13394713401794434,0.9909884929656982
trace_00240,causal_micro_world,correct,axis_5,-0.149247944355011,0.149247944355011,0.9887998104095459
trace_00240,causal_micro_world,correct,axis_2,0.1461811065673828,0.1461811065673828,0.9892578721046448
trace_00240,causal_micro_world,correct,axis_4,-0.195696622133255,0.195696622133255,0.9806644916534424
trace_00241,commonsense_multihop,incorrect,axis_5,0.28020915389060974,0.28020915389060974,0.9599389433860779
trace_00241,commonsense_multihop,incorrect,axis_4,0.11909901350736618,0.11909901350736618,0.9928823709487915
trace_00241,commonsense_multihop,incorrect,axis_3,-0.06551370769739151,0.06551370769739151,0.9978516697883606
trace_00241,commonsense_multihop,incorrect,axis_3,0.1670757234096527,0.1670757234096527,0.9859440922737122
trace_00241,commonsense_multihop,incorrect,axis_4,-0.16203346848487854,0.16203346848487854,0.9867852926254272
trace_00241,commonsense_multihop,incorrect,axis_1,-0.21427574753761292,0.21427574753761292,0.976773202419281
trace_00242,commonsense_multihop,incorrect,axis_2,-0.15628740191459656,0.15628740191459656,0.9877116084098816
trace_00242,commonsense_multihop,incorrect,axis_4,-0.18105950951576233,0.18105950951576233,0.9834721088409424
trace_00242,commonsense_multihop,incorrect,axis_1,-0.170990988612175,0.170990988612175,0.9852725863456726
trace_00242,commonsense_multihop,incorrect,axis_4,0.18924281001091003,0.18924281001091003,0.9819303154945374
trace_00242,commonsense_multihop,incorrect,axis_2,0.16129925847053528,0.16129925847053528,0.986905574798584
trace_00242,commonsense_multihop,incorrect,axis_5,-0.19990909099578857,0.19990909099578857,0.9798144698143005
trace_00243,commonsense_multihop,incorrect,axis_5,0.2345801144838333,0.2345801144838333,0.9720968008041382
trace_00243,commonsense_multihop,incorrect,axis_5,0.13736337423324585,0.13736337423324585,0.990520715713501
trace_00243,commonsense_multihop,incorrect,axis_5,-0.15170778334140778,0.15170778334140778,0.9884253740310669
trace_00243,commonsense_multihop,incorrect,axis_5,-0.21683579683303833,0.21683579683303833,0.9762080907821655
trace_00243,commonsense_multihop,incorrect,axis_4,-0.11792057007551193,0.11792057007551193,0.9930230379104614
trace_00244,commonsense_multihop,incorrect,axis_5,0.28020915389060974,0.28020915389060974,0.9599389433860779
trace_00244,commonsense_multihop,incorrect,axis_4,0.11909901350736618,0.11909901350736618,0.9928823709487915
trace_00244,commonsense_multihop,incorrect,axis_5,0.08791330456733704,0.08791330456733704,0.9961281418800354
trace_00244,commonsense_multihop,incorrect,axis_3,0.15397141873836517,0.15397141873836517,0.988075315952301
trace_00244,commonsense_multihop,incorrect,axis_1,0.1272658407688141,0.1272658407688141,0.9918686151504517
trace_00244,commonsense_multihop,incorrect,axis_5,-0.1817757487297058,0.1817757487297058,0.9833400249481201
trace_00245,commonsense_multihop,incorrect,axis_5,0.13546699285507202,0.13546699285507202,0.990781843662262
trace_00245,commonsense_multihop,incorrect,axis_5,0.1295190453529358,0.1295190453529358,0.9915769100189209
trace_00245,commonsense_multihop,incorrect,axis_4,0.14297176897525787,0.14297176897525787,0.9897267818450928
trace_00245,commonsense_multihop,incorrect,axis_4,-0.132059246301651,0.132059246301651,0.9912418127059937
trace_00245,commonsense_multihop,incorrect,axis_4,0.12020315229892731,0.12020315229892731,0.9927492737770081
trace_00245,commonsense_multihop,incorrect,axis_5,-0.3244165778160095,0.3244165778160095,0.9459143280982971
trace_00245,commonsense_multihop,incorrect,axis_3,0.09638229012489319,0.09638229012489319,0.9953444004058838
trace_00246,commonsense_multihop,incorrect,axis_5,-0.21129901707172394,0.21129901707172394,0.9774214625358582
trace_00246,commonsense_multihop,incorrect,axis_1,0.17594857513904572,0.17594857513904572,0.9843993782997131
trace_00246,commonsense_multihop,incorrect,axis_5,0.06973902881145477,0.06973902881145477,0.9975652694702148
trace_00246,commonsense_multihop,incorrect,axis_4,0.18741574883460999,0.18741574883460999,0.9822806715965271
trace_00246,commonsense_multihop,incorrect,axis_4,-0.14340199530124664,0.14340199530124664,0.9896644949913025
trace_00247,commonsense_multihop,incorrect,axis_5,0.22653084993362427,0.22653084993362427,0.9740040302276611
trace_00247,commonsense_multihop,incorrect,axis_1,-0.1456747055053711,0.1456747055053711,0.9893325567245483
trace_00247,commonsense_multihop,incorrect,axis_5,-0.14610694348812103,0.14610694348812103,0.9892687797546387
trace_00247,commonsense_multihop,incorrect,axis_2,-0.19833040237426758,0.19833040237426758,0.9801352024078369
trace_00248,commonsense_multihop,incorrect,axis_1,0.2126324623823166,0.2126324623823166,0.977132260799408
trace_00248,commonsense_multihop,incorrect,axis_5,0.13415509462356567,0.13415509462356567,0.9909603595733643
trace_00248,commonsense_multihop,incorrect,axis_4,0.09877194464206696,0.09877194464206696,0.9951100945472717
trace_00248,commonsense_multihop,incorrect,axis_5,-0.30890074372291565,0.30890074372291565,0.9510942697525024
trace_00249,commonsense_multihop,incorrect,axis_4,-0.16517505049705505,0.16517505049705505,0.9862642884254456
trace_00249,commonsense_multihop,incorrect,axis_4,0.14715521037578583,0.14715521037578583,0.9891133904457092
trace_00249,commonsense_multihop,incorrect,axis_3,0.0854329764842987,0.0854329764842987,0.9963439106941223
trace_00249,commonsense_multihop,incorrect,axis_5,-0.08145048469305038,0.08145048469305038,0.9966773986816406
trace_00249,commonsense_multihop,incorrect,axis_3,-0.12818709015846252,0.12818709015846252,0.9917500019073486
trace_00249,commonsense_multihop,incorrect,axis_5,-0.20722785592079163,0.20722785592079163,0.97829270362854
trace_00250,commonsense_multihop,correct,axis_4,-0.10609506070613861,0.10609506070613861,0.9943559765815735
trace_00250,commonsense_multihop,correct,axis_1,-0.1280207335948944,0.1280207335948944,0.9917715191841125
trace_00250,commonsense_multihop,correct,axis_3,0.2165825068950653,0.2165825068950653,0.9762643575668335
trace_00250,commonsense_multihop,correct,axis_3,-0.2306700348854065,0.2306700348854065,0.9730320572853088
trace_00251,commonsense_multihop,correct,axis_4,-0.0808323547244072,0.0808323547244072,0.996727705001831
trace_00251,commonsense_multihop,correct,axis_5,0.29597365856170654,0.29597365856170654,0.9551960825920105
trace_00251,commonsense_multihop,correct,axis_3,0.09129251539707184,0.09129251539707184,0.9958240985870361
trace_00251,commonsense_multihop,correct,axis_5,-0.1014944463968277,0.1014944463968277,0.9948360919952393
trace_00251,commonsense_multihop,correct,axis_5,-0.18884754180908203,0.18884754180908203,0.9820064306259155
trace_00251,commonsense_multihop,correct,axis_5,0.28848618268966675,0.28848618268966675,0.9574840664863586
trace_00252,commonsense_multihop,incorrect,axis_1,0.11579476296901703,0.11579476296901703,0.993273138999939
trace_00252,commonsense_multihop,incorrect,axis_5,0.1390426754951477,0.1390426754951477,0.9902863502502441
trace_00252,commonsense_multihop,incorrect,axis_5,-0.111871138215065,0.111871138215065,0.9937227368354797
trace_00252,commonsense_multihop,incorrect,axis_5,-0.2519145607948303,0.2519145607948303,0.9677494764328003
trace_00253,commonsense_multihop,incorrect,axis_5,0.18414124846458435,0.18414124846458435,0.9828997850418091
trace_00253,commonsense_multihop,incorrect,axis_4,0.13320013880729675,0.13320013880729675,0.9910891652107239
trace_00253,commonsense_multihop,incorrect,axis_4,-0.1378052979707718,0.1378052979707718,0.9904593229293823
trace_00253,commonsense_multihop,incorrect,axis_2,-0.10639610141515732,0.10639610141515732,0.9943238496780396
trace_00253,commonsense_multihop,incorrect,axis_5,-0.16687551140785217,0.16687551140785217,0.9859780073165894
trace_00253,commonsense_multihop,incorrect,axis_2,0.31291553378105164,0.31291553378105164,0.9497809410095215
trace_00253,commonsense_multihop,incorrect,axis_5,-0.2848545014858246,0.2848545014858246,0.9585707783699036
trace_00254,commonsense_multihop,incorrect,axis_1,0.27519845962524414,0.27519845962524414,0.9613874554634094
trace_00254,commonsense_multihop,incorrect,axis_5,0.1366981565952301,0.1366981565952301,0.9906127452850342
trace_00254,commonsense_multihop,incorrect,axis_4,0.15807518362998962,0.15807518362998962,0.9874270558357239
trace_00254,commonsense_multihop,incorrect,axis_4,-0.1535707712173462,0.1535707712173462,0.9881376624107361
trace_00254,commonsense_multihop,incorrect,axis_3,-0.10910731554031372,0.10910731554031372,0.9940299987792969
trace_00254,commonsense_multihop,incorrect,axis_1,-0.1359109878540039,0.1359109878540039,0.9907210469245911
trace_00255,commonsense_multihop,incorrect,axis_4,-0.0740157961845398,0.0740157961845398,0.9972570538520813
trace_00255,commonsense_multihop,incorrect,axis_5,0.18009060621261597,0.18009060621261597,0.9836500287055969
trace_00255,commonsense_multihop,incorrect,axis_3,0.16127333045005798,0.16127333045005798,0.986909806728363
trace_00255,commonsense_multihop,incorrect,axis_5,-0.25050127506256104,0.25050127506256104,0.968116283416748
trace_00255,commonsense_multihop,incorrect,axis_5,0.1241224855184555,0.1241224855184555,0.9922668933868408
trace_00256,commonsense_multihop,correct,axis_5,0.10457780212163925,0.10457780212163925,0.9945167303085327
trace_00256,commonsense_multihop,correct,axis_4,-0.19182026386260986,0.19182026386260986,0.9814300537109375
trace_00256,commonsense_multihop,correct,axis_4,0.19062082469463348,0.19062082469463348,0.9816637635231018
trace_00256,commonsense_multihop,correct,axis_3,0.06092219799757004,0.06092219799757004,0.9981425404548645
trace_00257,commonsense_multihop,correct,axis_4,0.063865527510643,0.063865527510643,0.9979585409164429
trace_00257,commonsense_multihop,correct,axis_5,0.12317727506160736,0.12317727506160736,0.992384672164917
trace_00257,commonsense_multihop,correct,axis_5,-0.18791504204273224,0.18791504204273224,0.9821853041648865
trace_00257,commonsense_multihop,correct,axis_2,-0.16909188032150269,0.16909188032150269,0.9856002926826477
trace_00258,commonsense_multihop,correct,axis_1,0.1707618534564972,0.1707618534564972,0.9853123426437378
trace_00258,commonsense_multihop,correct,axis_5,0.10320182889699936,0.10320182889699936,0.9946604371070862
trace_00258,commonsense_multihop,correct,axis_5,-0.13567683100700378,0.13567683100700378,0.990753173828125
trace_00259,commonsense_multihop,correct,axis_4,0.1817912459373474,0.1817912459373474,0.9833371639251709
trace_00259,commonsense_multihop,correct,axis_1,0.11391693353652954,0.11391693353652954,0.9934902787208557
trace_00259,commonsense_multihop,correct,axis_4,-0.08570584654808044,0.08570584654808044,0.9963204860687256
trace_00260,commonsense_multihop,correct,axis_4,0.1817912459373474,0.1817912459373474,0.9833371639251709
trace_00260,commonsense_multihop,correct,axis_1,0.11391693353652954,0.11391693353652954,0.9934902787208557
trace_00260,commonsense_multihop,correct,axis_2,0.11880552768707275,0.11880552768707275,0.992917537689209
trace_00261,commonsense_multihop,correct,axis_4,0.18352603912353516,0.18352603912353516,0.9830148220062256
trace_00261,commonsense_multihop,correct,axis_3,0.07322562485933304,0.07322562485933304,0.9973154067993164
trace_00261,commonsense_multihop,correct,axis_1,0.1165718138217926,0.1165718138217926,0.9931823015213013
trace_00261,commonsense_multihop,correct,axis_4,-0.07790802419185638,0.07790802419185638,0.9969605803489685
trace_00262,commonsense_multihop,correct,axis_2,-0.21268504858016968,0.21268504858016968,0.9771208167076111
trace_00262,commonsense_multihop,correct,axis_1,0.14641177654266357,0.14641177654266357,0.9892237186431885
trace_00262,commonsense_multihop,correct,axis_2,-0.08564803004264832,0.08564803004264832,0.9963254332542419
trace_00262,commonsense_multihop,correct,axis_3,-0.11365766823291779,0.11365766823291779,0.9935199618339539
trace_00263,commonsense_multihop,correct,axis_3,0.14715221524238586,0.14715221524238586,0.9891138672828674
trace_00263,commonsense_multihop,correct,axis_3,-0.1597360223531723,0.1597360223531723,0.9871597290039062
trace_00263,commonsense_multihop,correct,axis_1,-0.0928739458322525,0.0928739458322525,0.9956778883934021
trace_00263,commonsense_multihop,correct,axis_4,-0.11052878201007843,0.11052878201007843,0.9938729405403137
trace_00264,commonsense_multihop,correct,axis_3,0.14197979867458344,0.14197979867458344,0.9898695349693298
trace_00264,commonsense_multihop,correct,axis_2,0.29413682222366333,0.29413682222366333,0.9557632803916931
trace_00264,commonsense_multihop,correct,axis_1,0.11510823667049408,0.11510823667049408,0.9933529496192932
trace_00264,commonsense_multihop,correct,axis_2,-0.25195252895355225,0.25195252895355225,0.9677395820617676
trace_00265,commonsense_multihop,correct,axis_4,-0.13183489441871643,0.13183489441871643,0.9912716746330261
trace_00265,commonsense_multihop,correct,axis_5,0.1294962763786316,0.1294962763786316,0.9915798902511597
trace_00265,commonsense_multihop,correct,axis_5,-0.15800108015537262,0.15800108015537262,0.9874389171600342
trace_00266,commonsense_multihop,correct,axis_2,0.1555452048778534,0.1555452048778534,0.98782879114151
trace_00266,commonsense_multihop,correct,axis_5,0.15526127815246582,0.15526127815246582,0.9878734350204468
trace_00266,commonsense_multihop,correct,axis_4,-0.1616514027118683,0.1616514027118683,0.9868479371070862
trace_00266,commonsense_multihop,correct,axis_5,-0.1620829701423645,0.1620829701423645,0.986777126789093
trace_00267,commonsense_multihop,correct,axis_1,0.23158034682273865,0.23158034682273865,0.972815752029419
trace_00267,commonsense_multihop,correct,axis_4,0.045826904475688934,0.045826904475688934,0.998949408531189
trace_00267,commonsense_multihop,correct,axis_5,-0.12003471702337265,0.12003471702337265,0.9927696585655212
trace_00267,commonsense_multihop,correct,axis_3,-0.10262366384267807,0.10262366384267807,0.9947202801704407
trace_00268,commonsense_multihop,incorrect,axis_1,0.2570798993110657,0.2570798993110657,0.9663901329040527
trace_00268,commonsense_multihop,incorrect,axis_2,0.15476123988628387,0.15476123988628387,0.9879518747329712
trace_00268,commonsense_multihop,incorrect,axis_1,0.0773981511592865,0.0773981511592865,0.9970002770423889
trace_00268,commonsense_multihop,incorrect,axis_5,-0.16078683733940125,0.16078683733940125,0.9869891405105591
trace_00269,commonsense_multihop,incorrect,axis_5,-0.09319304674863815,0.09319304674863815,0.9956480860710144
trace_00269,commonsense_multihop,incorrect,axis_1,0.14077992737293243,0.14077992737293243,0.9900408983230591
trace_00269,commonsense_multihop,incorrect,axis_4,-0.05142149329185486,0.05142149329185486,0.9986770153045654
trace_00270,commonsense_multihop,correct,axis_4,0.1866672784090042,0.1866672784090042,0.9824231863021851
trace_00270,commonsense_multihop,correct,axis_3,0.17692449688911438,0.17692449688911438,0.9842244386672974
trace_00270,commonsense_multihop,correct,axis_5,0.17290538549423218,0.17290538549423218,0.9849384427070618
trace_00271,commonsense_multihop,correct,axis_5,-0.0448186956346035,0.0448186956346035,0.9989951252937317
trace_00271,commonsense_multihop,correct,axis_5,0.21366827189922333,0.21366827189922333,0.9769062995910645
trace_00271,commonsense_multihop,correct,axis_5,-0.18902254104614258,0.18902254104614258,0.9819727540016174
trace_00271,commonsense_multihop,correct,axis_5,0.16911083459854126,0.16911083459854126,0.9855970144271851
trace_00272,commonsense_multihop,correct,axis_5,-0.06669147312641144,0.06669147312641144,0.9977736473083496
trace_00272,commonsense_multihop,correct,axis_5,0.11706311255693436,0.11706311255693436,0.9931244850158691
trace_00272,commonsense_multihop,correct,axis_3,0.0630021020770073,0.0630021020770073,0.9980133771896362
trace_00273,commonsense_multihop,correct,axis_5,-0.13723719120025635,0.13723719120025635,0.9905382394790649
trace_00273,commonsense_multihop,correct,axis_5,-0.15868806838989258,0.15868806838989258,0.9873287677764893
trace_00273,commonsense_multihop,correct,axis_4,-0.22431978583335876,0.22431978583335876,0.9745155572891235
trace_00273,commonsense_multihop,correct,axis_5,0.08346575498580933,0.08346575498580933,0.9965106248855591
trace_00274,commonsense_multihop,correct,axis_1,-0.040560103952884674,0.040560103952884674,0.999177098274231
trace_00274,commonsense_multihop,correct,axis_4,-0.0903073102235794,0.0903073102235794,0.9959139227867126
trace_00274,commonsense_multihop,correct,axis_5,-0.08068270236253738,0.08068270236253738,0.9967398047447205
trace_00274,commonsense_multihop,correct,axis_4,-0.15186992287635803,0.15186992287635803,0.9884004592895508
trace_00275,commonsense_multihop,incorrect,axis_1,-0.0754009410738945,0.0754009410738945,0.9971532821655273
trace_00275,commonsense_multihop,incorrect,axis_2,0.18209517002105713,0.18209517002105713,0.9832808971405029
trace_00275,commonsense_multihop,incorrect,axis_2,-0.18745893239974976,0.18745893239974976,0.9822724461555481
trace_00276,commonsense_multihop,correct,axis_2,0.16378363966941833,0.16378363966941833,0.9864962697029114
trace_00276,commonsense_multihop,correct,axis_5,0.15260858833789825,0.15260858833789825,0.9882867336273193
trace_00276,commonsense_multihop,correct,axis_2,-0.14317195117473602,0.14317195117473602,0.9896978139877319
trace_00277,commonsense_multihop,incorrect,axis_4,0.12977328896522522,0.12977328896522522,0.991543710231781
trace_00277,commonsense_multihop,incorrect,axis_2,0.14320996403694153,0.14320996403694153,0.9896923303604126
trace_00277,commonsense_multihop,incorrect,axis_3,-0.13368432223796844,0.13368432223796844,0.9910239577293396
trace_00278,commonsense_multihop,incorrect,axis_5,0.13961155712604523,0.13961155712604523,0.9902063608169556
trace_00278,commonsense_multihop,incorrect,axis_2,-0.119290791451931,0.119290791451931,0.9928593635559082
trace_00278,commonsense_multihop,incorrect,axis_2,0.09934835135936737,0.09934835135936737,0.995052695274353
trace_00278,commonsense_multihop,incorrect,axis_3,-0.06142669916152954,0.06142669916152954,0.9981116056442261
trace_00279,commonsense_multihop,incorrect,axis_5,0.19239741563796997,0.19239741563796997,0.9813171029090881
trace_00279,commonsense_multihop,incorrect,axis_1,-0.1441059112548828,0.1441059112548828,0.9895622730255127
trace_00279,commonsense_multihop,incorrect,axis_3,-0.10620622336864471,0.10620622336864471,0.9943441152572632
trace_00279,commonsense_multihop,incorrect,axis_5,0.1516643464565277,0.1516643464565277,0.9884320497512817
trace_00280,commonsense_multihop,incorrect,axis_2,0.11749687790870667,0.11749687790870667,0.9930732846260071
trace_00280,commonsense_multihop,incorrect,axis_1,-0.08706200867891312,0.08706200867891312,0.9962028861045837
trace_00280,commonsense_multihop,incorrect,axis_1,0.10549687594175339,0.10549687594175339,0.9944196343421936
trace_00280,commonsense_multihop,incorrect,axis_4,0.15054059028625488,0.15054059028625488,0.9886038303375244
trace_00281,commonsense_multihop,incorrect,axis_4,0.1328877955675125,0.1328877955675125,0.991131067276001
trace_00281,commonsense_multihop,incorrect,axis_4,-0.24392247200012207,0.24392247200012207,0.969794750213623
trace_00281,commonsense_multihop,incorrect,axis_1,-0.1735420674085617,0.1735420674085617,0.9848264455795288
trace_00281,commonsense_multihop,incorrect,axis_1,0.1634918600320816,0.1634918600320816,0.986544668674469
trace_00282,commonsense_multihop,incorrect,axis_4,0.19854383170604706,0.19854383170604706,0.9800919890403748
trace_00282,commonsense_multihop,incorrect,axis_1,-0.14817354083061218,0.14817354083061218,0.988961398601532
trace_00282,commonsense_multihop,incorrect,axis_4,-0.13789983093738556,0.13789983093738556,0.990446150302887
trace_00282,commonsense_multihop,incorrect,axis_5,-0.06898374110460281,0.06898374110460281,0.997617781162262
trace_00283,commonsense_multihop,incorrect,axis_2,0.08345770835876465,0.08345770835876465,0.9965113401412964
trace_00283,commonsense_multihop,incorrect,axis_3,-0.05069025605916977,0.05069025605916977,0.9987144470214844
trace_00283,commonsense_multihop,incorrect,axis_5,0.13243941962718964,0.13243941962718964,0.9911910891532898
trace_00284,commonsense_multihop,incorrect,axis_4,-0.18029122054576874,0.18029122054576874,0.9836132526397705
trace_00284,commonsense_multihop,incorrect,axis_1,0.1641075164079666,0.1641075164079666,0.9864424467086792
trace_00284,commonsense_multihop,incorrect,axis_1,-0.12104785442352295,0.12104785442352295,0.9926466345787048
trace_00284,commonsense_multihop,incorrect,axis_1,0.13967974483966827,0.13967974483966827,0.990196704864502
trace_00285,commonsense_multihop,incorrect,axis_2,0.0798875093460083,0.0798875093460083,0.996803879737854
trace_00285,commonsense_multihop,incorrect,axis_5,0.0789850577712059,0.0789850577712059,0.9968758225440979
trace_00285,commonsense_multihop,incorrect,axis_1,-0.06976020336151123,0.06976020336151123,0.9975637793540955
trace_00286,commonsense_multihop,correct,axis_4,0.28039222955703735,0.28039222955703735,0.9598855376243591
trace_00286,commonsense_multihop,correct,axis_4,-0.12236060202121735,0.12236060202121735,0.9924857020378113
trace_00286,commonsense_multihop,correct,axis_1,-0.10198137164115906,0.10198137164115906,0.9947863221168518
trace_00286,commonsense_multihop,correct,axis_5,0.09881509840488434,0.09881509840488434,0.9951058030128479
trace_00287,commonsense_multihop,correct,axis_5,0.18805478513240814,0.18805478513240814,0.9821585416793823
trace_00287,commonsense_multihop,correct,axis_4,0.17438174784183502,0.17438174784183502,0.9846781492233276
trace_00287,commonsense_multihop,correct,axis_5,-0.16764508187770844,0.16764508187770844,0.9858474135398865
trace_00287,commonsense_multihop,correct,axis_4,-0.14872100949287415,0.14872100949287415,0.9888792037963867
trace_00288,commonsense_multihop,correct,axis_1,-0.10026440024375916,0.10026440024375916,0.9949607849121094
trace_00288,commonsense_multihop,correct,axis_3,-0.09725829213857651,0.09725829213857651,0.995259165763855
trace_00288,commonsense_multihop,correct,axis_5,0.2075321525335312,0.2075321525335312,0.9782282114028931
trace_00288,commonsense_multihop,correct,axis_5,-0.20168772339820862,0.20168772339820862,0.9794498682022095
trace_00288,commonsense_multihop,correct,axis_1,-0.14733579754829407,0.14733579754829407,0.9890865087509155
trace_00289,commonsense_multihop,incorrect,axis_1,-0.28596732020378113,0.28596732020378113,0.9582393765449524
trace_00289,commonsense_multihop,incorrect,axis_1,0.13254326581954956,0.13254326581954956,0.9911772608757019
trace_00289,commonsense_multihop,incorrect,axis_3,-0.11828818917274475,0.11828818917274475,0.9929793477058411
trace_00289,commonsense_multihop,incorrect,axis_1,0.057576604187488556,0.057576604187488556,0.9983410835266113
trace_00290,commonsense_multihop,correct,axis_2,-0.1136804148554802,0.1136804148554802,0.9935173392295837
trace_00290,commonsense_multihop,correct,axis_3,0.20174595713615417,0.20174595713615417,0.9794378876686096
trace_00290,commonsense_multihop,correct,axis_5,-0.04604401811957359,0.04604401811957359,0.9989393949508667
trace_00290,commonsense_multihop,correct,axis_2,0.09886963665485382,0.09886963665485382,0.9951003789901733
trace_00291,commonsense_multihop,incorrect,axis_5,0.11886362731456757,0.11886362731456757,0.9929105639457703
trace_00291,commonsense_multihop,incorrect,axis_5,0.14182835817337036,0.14182835817337036,0.9898912906646729
trace_00291,commonsense_multihop,incorrect,axis_5,-0.16826051473617554,0.16826051473617554,0.9857425689697266
trace_00291,commonsense_multihop,incorrect,axis_2,-0.1507238745689392,0.1507238745689392,0.9885758757591248
trace_00292,commonsense_multihop,incorrect,axis_4,0.20164209604263306,0.20164209604263306,0.979459285736084
trace_00292,commonsense_multihop,incorrect,axis_5,-0.15295851230621338,0.15295851230621338,0.9882326126098633
trace_00292,commonsense_multihop,incorrect,axis_3,0.11215004324913025,0.11215004324913025,0.9936912655830383
trace_00293,commonsense_multihop,incorrect,axis_3,0.1862076073884964,0.1862076073884964,0.9825104475021362
trace_00293,commonsense_multihop,incorrect,axis_2,-0.20135441422462463,0.20135441422462463,0.979518473148346
trace_00293,commonsense_multihop,incorrect,axis_1,-0.16244220733642578,0.16244220733642578,0.9867180585861206
trace_00293,commonsense_multihop,incorrect,axis_1,0.1514734923839569,0.1514734923839569,0.9884613156318665
trace_00294,commonsense_multihop,correct,axis_4,0.10679952055215836,0.10679952055215836,0.9942805767059326
trace_00294,commonsense_multihop,correct,axis_1,0.06366827338933945,0.06366827338933945,0.9979711174964905
trace_00294,commonsense_multihop,correct,axis_1,0.2031717598438263,0.2031717598438263,0.9791430830955505
trace_00294,commonsense_multihop,correct,axis_1,-0.2238369584083557,0.2238369584083557,0.9746266007423401
trace_00295,commonsense_multihop,incorrect,axis_4,-0.09178663045167923,0.09178663045167923,0.9957787394523621
trace_00295,commonsense_multihop,incorrect,axis_1,0.11226899176836014,0.11226899176836014,0.9936778545379639
trace_00295,commonsense_multihop,incorrect,axis_1,-0.18247893452644348,0.18247893452644348,0.9832097887992859
trace_00295,commonsense_multihop,incorrect,axis_2,-0.11965972930192947,0.11965972930192947,0.9928149580955505
trace_00295,commonsense_multihop,incorrect,axis_1,0.08509400486946106,0.08509400486946106,0.9963729381561279
trace_00295,commonsense_multihop,incorrect,axis_2,0.09562864899635315,0.09562864899635315,0.995417058467865
trace_00295,commonsense_multihop,incorrect,axis_1,0.17491859197616577,0.17491859197616577,0.9845829010009766
trace_00296,commonsense_multihop,incorrect,axis_1,-0.10725479573011398,0.10725479573011398,0.9942315816879272
trace_00296,commonsense_multihop,incorrect,axis_4,-0.09468217939138412,0.09468217939138412,0.995507538318634
trace_00296,commonsense_multihop,incorrect,axis_3,0.1260184496641159,0.1260184496641159,0.9920278787612915
trace_00296,commonsense_multihop,incorrect,axis_1,0.10788287967443466,0.10788287967443466,0.9941636323928833
trace_00296,commonsense_multihop,incorrect,axis_4,0.31364673376083374,0.31364673376083374,0.9495397806167603
trace_00297,commonsense_multihop,incorrect,axis_1,-0.07376250624656677,0.07376250624656677,0.9972758293151855
trace_00297,commonsense_multihop,incorrect,axis_1,0.12501190602779388,0.12501190602779388,0.9921552538871765
trace_00297,commonsense_multihop,incorrect,axis_1,-0.15234345197677612,0.15234345197677612,0.9883276224136353
trace_00297,commonsense_multihop,incorrect,axis_1,0.11863194406032562,0.11863194406032562,0.9929382801055908
trace_00298,commonsense_multihop,incorrect,axis_4,0.10971429944038391,0.10971429944038391,0.9939631819725037
trace_00298,commonsense_multihop,incorrect,axis_2,-0.08539701998233795,0.08539701998233795,0.9963470101356506
trace_00298,commonsense_multihop,incorrect,axis_2,0.08298040926456451,0.08298040926456451,0.9965511560440063
trace_00299,commonsense_multihop,incorrect,axis_1,-0.1299663931131363,0.1299663931131363,0.9915184378623962
trace_00299,commonsense_multihop,incorrect,axis_1,0.19447779655456543,0.19447779655456543,0.9809069037437439
trace_00299,commonsense_multihop,incorrect,axis_3,-0.16369274258613586,0.16369274258613586,0.9865113496780396
trace_00299,commonsense_multihop,incorrect,axis_3,0.09625909477472305,0.09625909477472305,0.9953563213348389
trace_00300,commonsense_multihop,incorrect,axis_4,0.12945681810379028,0.12945681810379028,0.9915850758552551
trace_00300,commonsense_multihop,incorrect,axis_4,-0.20010428130626678,0.20010428130626678,0.9797745943069458
trace_00300,commonsense_multihop,incorrect,axis_1,-0.24396218359470367,0.24396218359470367,0.9697847366333008
trace_00300,commonsense_multihop,incorrect,axis_1,0.1612662971019745,0.1612662971019745,0.9869109392166138
