trace_id,prompt_id,task_family,model,difficulty,outcome,trial_id,repeat_index,temperature,temperature_tag,from_step_position,to_step_position,from_step_text,to_step_text,static_projection_norm,residual_norm,residual_cluster,residual_pc_1,residual_pc_2,residual_pc_3,residual_pc_4,residual_pc_5,residual_pc_6,residual_pc_7,residual_pc_8,max_to_step_position,position_ratio,phase
trace_00001,arith_001,arithmetic,llama3.2:latest,easy,correct,arith_001__temp_0p2__trial_01,1,0.2,0p2,0,1,Calculate total number of cans collected: 14 (Monday) + 19 (Tuesday) = 33,Subtract the number of damaged cans: 33 - 6 = 27,0.08143752,0.99667835,2,-0.60597724,0.21136038,-0.07344926,0.12794109,-0.06561766,0.26934737,-0.122358635,-0.16386145,2,0.5,middle
trace_00001,arith_001,arithmetic,llama3.2:latest,easy,correct,arith_001__temp_0p2__trial_01,1,0.2,0p2,1,2,Subtract the number of damaged cans: 33 - 6 = 27,The remaining cans are usable.,0.2784758,0.9604433,4,0.3308447,-0.11251854,0.08949249,0.004281493,0.25620392,-0.15616135,-0.018855903,0.3559046,2,1.0,late
trace_00002,arith_001,arithmetic,llama3.2:latest,easy,correct,arith_001__temp_0p2__trial_02,2,0.2,0p2,0,1,Calculate total number of cans collected: 14 (Monday) + 19 (Tuesday) = 33,Subtract the number of damaged cans: 33 - 6 = 27,0.08143752,0.99667835,2,-0.60597783,0.2113605,-0.07344749,0.12793913,-0.06561949,0.2693445,-0.122355185,-0.1638624,2,0.5,middle
trace_00002,arith_001,arithmetic,llama3.2:latest,easy,correct,arith_001__temp_0p2__trial_02,2,0.2,0p2,1,2,Subtract the number of damaged cans: 33 - 6 = 27,The remaining cans are usable.,0.2784758,0.9604433,4,0.33084467,-0.11251544,0.089496605,0.004283438,0.2562052,-0.15615879,-0.018857418,0.35590494,2,1.0,late
trace_00003,arith_001,arithmetic,llama3.2:latest,easy,correct,arith_001__temp_0p2__trial_03,3,0.2,0p2,0,1,Calculate total number of cans collected: 14 (Monday) + 19 (Tuesday) = 33,Subtract the number of damaged cans: 33 - 6 = 27,0.08143752,0.99667835,2,-0.6059777,0.21136059,-0.073449,0.12794133,-0.06561778,0.26934794,-0.1223574,-0.1638623,2,0.5,middle
trace_00003,arith_001,arithmetic,llama3.2:latest,easy,correct,arith_001__temp_0p2__trial_03,3,0.2,0p2,1,2,Subtract the number of damaged cans: 33 - 6 = 27,The remaining cans are usable.,0.2784758,0.9604433,4,0.33084467,-0.112515315,0.08949663,0.0042826147,0.25620466,-0.15615888,-0.018858429,0.3559052,2,1.0,late
trace_00004,arith_001,arithmetic,llama3.2:latest,easy,correct,arith_001__temp_0p2__trial_04,4,0.2,0p2,0,1,Calculate total number of cans collected: 14 (Monday) + 19 (Tuesday) = 33,Subtract the damaged cans from the total: 33 - 6 = 27,0.07963128,0.9968244,2,-0.59801877,0.15146129,-0.053889055,0.15948679,-0.04077515,0.27984107,-0.14564736,-0.13769005,2,0.5,middle
trace_00004,arith_001,arithmetic,llama3.2:latest,easy,correct,arith_001__temp_0p2__trial_04,4,0.2,0p2,1,2,Subtract the damaged cans from the total: 33 - 6 = 27,The remaining cans are usable.,0.29452324,0.9556443,4,0.3490515,-0.060460113,0.07606012,-0.029283777,0.2480286,-0.18046245,0.0050425543,0.354399,2,1.0,late
trace_00005,arith_001,arithmetic,llama3.2:latest,easy,correct,arith_001__temp_0p2__trial_05,5,0.2,0p2,0,1,Calculate total number of cans collected: 14 (Monday) + 19 (Tuesday) = 33,Subtract the number of damaged cans: 33 - 6 = 27,0.08143752,0.99667835,2,-0.6059778,0.21136044,-0.07344934,0.12794115,-0.065617755,0.26934648,-0.12235868,-0.16385897,2,0.5,middle
trace_00005,arith_001,arithmetic,llama3.2:latest,easy,correct,arith_001__temp_0p2__trial_05,5,0.2,0p2,1,2,Subtract the number of damaged cans: 33 - 6 = 27,The remaining cans are usable.,0.2784758,0.9604433,4,0.33084467,-0.112515464,0.089496486,0.004282462,0.25620428,-0.15615918,-0.018857995,0.35590503,2,1.0,late
trace_00006,arith_001,arithmetic,llama3.2:latest,easy,correct,arith_001__temp_0p5__trial_01,1,0.5,0p5,0,1,Calculate the total number of cans collected: 14 (Monday) + 19 (Tuesday) = 33,Subtract the damaged cans from the total: 33 - 6 = 27,0.071908206,0.99741125,2,-0.60083866,0.16030328,-0.044135515,0.16480573,-0.041780464,0.27669877,-0.14529307,-0.1353411,2,0.5,middle
trace_00006,arith_001,arithmetic,llama3.2:latest,easy,correct,arith_001__temp_0p5__trial_01,1,0.5,0p5,1,2,Subtract the damaged cans from the total: 33 - 6 = 27,The remaining cans are usable.,0.29452324,0.9556443,4,0.3490515,-0.06046015,0.07606017,-0.029284008,0.24802868,-0.18046291,0.0050418777,0.354399,2,1.0,late
trace_00007,arith_001,arithmetic,llama3.2:latest,easy,correct,arith_001__temp_0p5__trial_02,2,0.5,0p5,0,1,Calculate total number of cans collected: 14 (Monday) + 19 (Tuesday) = 33,Subtract the number of damaged cans: 33 - 6 = 27,0.08143752,0.99667835,2,-0.6059778,0.21136054,-0.07344909,0.12794115,-0.06561772,0.2693473,-0.122358225,-0.16386172,2,0.5,middle
trace_00007,arith_001,arithmetic,llama3.2:latest,easy,correct,arith_001__temp_0p5__trial_02,2,0.5,0p5,1,2,Subtract the number of damaged cans: 33 - 6 = 27,The remaining cans are usable.,0.2784758,0.9604433,4,0.33084467,-0.112515435,0.08949651,0.0042825053,0.2562043,-0.15615903,-0.01885787,0.35590452,2,1.0,late
trace_00008,arith_001,arithmetic,llama3.2:latest,easy,correct,arith_001__temp_0p5__trial_03,3,0.5,0p5,0,1,Calculate total number of cans collected: 14 (Monday) + 19 (Tuesday) = 33,Subtract the damaged cans from the total: 33 - 6 = 27,0.07963128,0.9968244,2,-0.59801877,0.15146136,-0.053889018,0.15948695,-0.040775087,0.2798414,-0.14564721,-0.1376901,2,0.5,middle
trace_00008,arith_001,arithmetic,llama3.2:latest,easy,correct,arith_001__temp_0p5__trial_03,3,0.5,0p5,1,2,Subtract the damaged cans from the total: 33 - 6 = 27,The remaining cans are usable.,0.29452324,0.9556443,4,0.3490515,-0.06046008,0.0760602,-0.029283883,0.24802862,-0.1804623,0.0050422926,0.35439807,2,1.0,late
trace_00009,arith_001,arithmetic,llama3.2:latest,easy,correct,arith_001__temp_0p5__trial_04,4,0.5,0p5,0,1,Calculate total number of cans collected = 14 (Monday) + 19 (Tuesday) = 33,Subtract the number of damaged cans from the total: 33 - 6 = 27,0.04563735,0.99895805,2,-0.6101466,0.2047121,-0.05005237,0.11716337,-0.057603832,0.25924993,-0.14490797,-0.16352639,2,0.5,middle
trace_00009,arith_001,arithmetic,llama3.2:latest,easy,correct,arith_001__temp_0p5__trial_04,4,0.5,0p5,1,2,Subtract the number of damaged cans from the total: 33 - 6 = 27,The remaining cans are usable.,0.2994826,0.9541018,4,0.33719754,-0.102088496,0.07042145,0.015379752,0.24916598,-0.14712438,0.0043229996,0.35765174,2,1.0,late
trace_00010,arith_001,arithmetic,llama3.2:latest,easy,correct,arith_001__temp_0p5__trial_05,5,0.5,0p5,0,1,Calculate the total number of cans collected.,Subtract the number of damaged cans from the total to find the usable cans.,0.1784767,0.9839441,2,-0.48658726,0.05814143,0.06648497,0.099573225,0.019104473,0.1226323,-0.08933979,-0.1322738,3,0.3333333333333333,early
trace_00010,arith_001,arithmetic,llama3.2:latest,easy,correct,arith_001__temp_0p5__trial_05,5,0.5,0p5,1,2,Subtract the number of damaged cans from the total to find the usable cans.,Perform step 2: Total cans = 14 (Monday) + 19 (Tuesday) = 33,0.13164668,0.9912967,4,0.58459574,-0.22473331,-0.08245805,-0.09676032,-0.041489426,-0.0928072,0.08251339,-0.024863262,3,0.6666666666666666,middle
trace_00010,arith_001,arithmetic,llama3.2:latest,easy,correct,arith_001__temp_0p5__trial_05,5,0.5,0p5,2,3,Perform step 2: Total cans = 14 (Monday) + 19 (Tuesday) = 33,Subtract damaged cans: Usable cans = 33 - 6 = 27,0.14236474,0.9898143,2,-0.5167879,0.23849247,-0.030344173,0.16832565,0.0741435,0.20072429,-0.13041873,-0.05427897,3,1.0,late
trace_00011,arith_001,arithmetic,llama3.2:latest,easy,correct,arith_001__temp_0p8__trial_01,1,0.8,0p8,0,1,Add the number of cans collected on Monday and Tuesday to find the total.,Total cans = 14 (Monday) + 19 (Tuesday) = 33,0.074874304,0.997193,3,0.14975737,-0.040708918,-0.04369,0.094925694,0.012698045,0.11944333,0.0043341694,-0.116760775,4,0.25,early
trace_00011,arith_001,arithmetic,llama3.2:latest,easy,correct,arith_001__temp_0p8__trial_01,1,0.8,0p8,1,2,Total cans = 14 (Monday) + 19 (Tuesday) = 33,Subtract the number of damaged cans from the total.,0.021658968,0.9997654,2,-0.62837625,0.21424447,0.099261396,0.062234808,-0.06175512,0.10839065,-0.07882876,-0.062104303,4,0.5,middle
trace_00011,arith_001,arithmetic,llama3.2:latest,easy,correct,arith_001__temp_0p8__trial_01,1,0.8,0p8,2,3,Subtract the number of damaged cans from the total.,Usable cans = Total cans - Damaged cans,0.3681493,0.9297667,4,0.34427413,-0.014557248,-0.1425237,0.08884702,0.25639492,0.016874425,-0.040698156,0.1249723,4,0.75,late
trace_00011,arith_001,arithmetic,llama3.2:latest,easy,correct,arith_001__temp_0p8__trial_01,1,0.8,0p8,3,4,Usable cans = Total cans - Damaged cans,Usable cans = 33 - 6 = 27,0.26719314,0.963643,3,0.11054584,-0.0829639,-0.123866394,-0.028411606,-0.15055321,0.07067633,0.115454316,-0.040094573,4,1.0,late
trace_00012,arith_001,arithmetic,llama3.2:latest,easy,correct,arith_001__temp_0p8__trial_02,2,0.8,0p8,0,1,Calculate total number of cans collected = 14 (Monday) + 19 (Tuesday) = 33,Subtract the number of damaged cans = 33 - 6 = 27,0.07225596,0.9973861,2,-0.60858256,0.20894487,-0.055542428,0.118523136,-0.073139764,0.2536994,-0.10591347,-0.18857719,2,0.5,middle
trace_00012,arith_001,arithmetic,llama3.2:latest,easy,correct,arith_001__temp_0p8__trial_02,2,0.8,0p8,1,2,Subtract the number of damaged cans = 33 - 6 = 27,Final answer: ...27,0.20459785,0.97884613,4,0.29536155,-0.09795325,-0.18419664,0.050115686,0.021936037,0.03954921,0.048804153,-0.0144888,2,1.0,late
trace_00013,arith_001,arithmetic,llama3.2:latest,easy,correct,arith_001__temp_0p8__trial_03,3,0.8,0p8,0,1,Calculate the total number of cans collected: 14 (Monday) + 19 (Tuesday) = 33,Subtract the number of damaged cans from the total: 33 - 6 = 27,0.050259545,0.9987362,2,-0.61595845,0.20903663,-0.04251283,0.12399131,-0.054019965,0.25632924,-0.1479687,-0.15635823,2,0.5,middle
trace_00013,arith_001,arithmetic,llama3.2:latest,easy,correct,arith_001__temp_0p8__trial_03,3,0.8,0p8,1,2,Subtract the number of damaged cans from the total: 33 - 6 = 27,The remaining cans are usable.,0.2994826,0.9541018,4,0.33719754,-0.102088496,0.07042145,0.015379752,0.24916598,-0.14712438,0.004322998,0.35765174,2,1.0,late
trace_00014,arith_001,arithmetic,llama3.2:latest,easy,correct,arith_001__temp_0p8__trial_04,4,0.8,0p8,0,1,Add the number of cans collected on Monday and Tuesday: 14 + 19 = 33,Subtract the damaged cans that were discarded from the total: 33 - 6 = 27,0.084750965,0.99640214,2,-0.6190631,0.082302265,0.013238037,0.14492837,-0.024151664,0.27137074,-0.1487279,-0.14165634,2,0.5,middle
trace_00014,arith_001,arithmetic,llama3.2:latest,easy,correct,arith_001__temp_0p8__trial_04,4,0.8,0p8,1,2,Subtract the damaged cans that were discarded from the total: 33 - 6 = 27,The number of usable cans remaining is 27.,0.19378722,0.98104364,4,0.4167422,0.05109899,-0.11671304,-0.065269925,0.19309516,-0.06911415,0.04097606,0.2568755,2,1.0,late
trace_00015,arith_001,arithmetic,llama3.2:latest,easy,correct,arith_001__temp_0p8__trial_05,5,0.8,0p8,0,1,Calculate the total number of cans collected.,Subtract the damaged cans from the total to find the number of usable cans.,0.1718322,0.9851262,2,-0.44987637,0.044773,0.032596275,0.109363936,0.027792083,0.10294826,-0.10615539,-0.14827435,7,0.14285714285714285,early
trace_00015,arith_001,arithmetic,llama3.2:latest,easy,correct,arith_001__temp_0p8__trial_05,5,0.8,0p8,1,2,Subtract the damaged cans from the total to find the number of usable cans.,Total cans collected = Cans collected on Monday + Cans collected on Tuesday,0.12938353,0.9915946,4,0.6011823,-0.17115737,-0.065463446,-0.060956895,0.0903305,-0.1716422,-0.034259986,0.13289338,7,0.2857142857142857,early
trace_00015,arith_001,arithmetic,llama3.2:latest,easy,correct,arith_001__temp_0p8__trial_05,5,0.8,0p8,2,3,Total cans collected = Cans collected on Monday + Cans collected on Tuesday,Total cans collected = 14 + 19,0.19933873,0.9799307,2,-0.23463346,0.18690075,-0.01021278,0.0039669573,-0.01696004,0.18562917,0.061090037,-0.04152496,7,0.42857142857142855,middle
trace_00015,arith_001,arithmetic,llama3.2:latest,easy,correct,arith_001__temp_0p8__trial_05,5,0.8,0p8,3,4,Total cans collected = 14 + 19,Total cans collected = 33,0.117399395,0.9930848,2,-0.12494484,0.013605584,-0.1109133,0.06397278,-0.02699105,0.21813257,-0.12268734,-0.012031828,7,0.5714285714285714,middle
trace_00015,arith_001,arithmetic,llama3.2:latest,easy,correct,arith_001__temp_0p8__trial_05,5,0.8,0p8,4,5,Total cans collected = 33,Number of usable cans = Total cans collected - Damaged cans,0.17900665,0.98384786,1,-0.15138173,0.122754365,0.068022184,0.06449359,0.043930266,-0.07765307,-0.038474496,-0.070181414,7,0.7142857142857143,late
trace_00015,arith_001,arithmetic,llama3.2:latest,easy,correct,arith_001__temp_0p8__trial_05,5,0.8,0p8,5,6,Number of usable cans = Total cans collected - Damaged cans,Number of usable cans = 33 - 6,0.16322637,0.98658866,3,0.15418446,-0.08118018,-0.15280408,0.035553012,-0.09110882,0.11298475,0.10397752,0.034685787,7,0.8571428571428571,late
trace_00015,arith_001,arithmetic,llama3.2:latest,easy,correct,arith_001__temp_0p8__trial_05,5,0.8,0p8,6,7,Number of usable cans = 33 - 6,Number of usable cans = 27,0.10139601,0.99484617,1,0.15056679,0.018347261,-0.071408585,-0.18341492,0.09908827,-0.023294527,0.037125792,-0.02805787,7,1.0,late
trace_00016,arith_002,arithmetic,llama3.2:latest,easy,correct,arith_002__temp_0p2__trial_01,1,0.2,0p2,0,1,Calculate the total number of pencils sold: 23 (morning) + 18 (afternoon) = 41,Subtract the returned pencils from the total: 41 - 7 = 34,0.102986336,0.9946827,2,-0.5919083,-0.028823346,-0.04858938,0.07215151,0.018151792,-0.01181606,-0.19167495,-0.114124835,2,0.5,middle
trace_00016,arith_002,arithmetic,llama3.2:latest,easy,correct,arith_002__temp_0p2__trial_01,1,0.2,0p2,1,2,Subtract the returned pencils from the total: 41 - 7 = 34,Final answer: The store has 34 pencils left.,0.18418728,0.9828912,4,0.3763781,0.074972235,-0.076064266,-0.044576164,0.14940038,0.1907665,-0.079241164,0.1719987,2,1.0,late
trace_00017,arith_002,arithmetic,llama3.2:latest,easy,correct,arith_002__temp_0p2__trial_02,2,0.2,0p2,0,1,Calculate the total number of pencils sold: 23 (morning) + 18 (afternoon) = 41,Subtract the returned pencils from the total: 41 - 7 = 34,0.102986336,0.9946827,2,-0.5919083,-0.028823346,-0.04858938,0.07215151,0.018151792,-0.01181606,-0.19167495,-0.114124835,2,0.5,middle
trace_00017,arith_002,arithmetic,llama3.2:latest,easy,correct,arith_002__temp_0p2__trial_02,2,0.2,0p2,1,2,Subtract the returned pencils from the total: 41 - 7 = 34,The store has 34 pencils left that were not returned.,0.26166442,0.9651589,4,0.28949338,0.06349856,-0.030557431,-0.027475722,0.22019322,0.19806814,-0.11892466,0.15967858,2,1.0,late
trace_00018,arith_002,arithmetic,llama3.2:latest,easy,correct,arith_002__temp_0p2__trial_03,3,0.2,0p2,0,1,Calculate the total number of pencils sold: 23 (morning) + 18 (afternoon) = 41,Subtract the returned pencils from the total: 41 - 7 = 34,0.102986336,0.9946827,2,-0.5919083,-0.028823346,-0.04858938,0.07215151,0.018151792,-0.01181606,-0.19167495,-0.114124835,2,0.5,middle
trace_00018,arith_002,arithmetic,llama3.2:latest,easy,correct,arith_002__temp_0p2__trial_03,3,0.2,0p2,1,2,Subtract the returned pencils from the total: 41 - 7 = 34,The remaining pencils are the ones that stayed sold.,0.24172401,0.9703451,4,0.29576176,0.035836313,-0.038386304,0.033351637,0.24574788,0.06503137,-0.09094447,0.21934754,2,1.0,late
trace_00019,arith_002,arithmetic,llama3.2:latest,easy,correct,arith_002__temp_0p2__trial_04,4,0.2,0p2,0,1,Calculate the total number of pencils sold: 23 (morning) + 18 (afternoon) = 41,Subtract the returned pencils from the total: 41 - 7 = 34,0.102986336,0.9946827,2,-0.5919083,-0.028823346,-0.04858938,0.07215151,0.018151792,-0.01181606,-0.19167495,-0.114124835,2,0.5,middle
trace_00019,arith_002,arithmetic,llama3.2:latest,easy,correct,arith_002__temp_0p2__trial_04,4,0.2,0p2,1,2,Subtract the returned pencils from the total: 41 - 7 = 34,"The remaining pencils are still sold, so no further calculations are needed.",0.20092565,0.9796065,4,0.25542778,0.074696414,-0.025447425,-0.037099913,0.16944481,0.047262885,0.00071398745,0.25861874,2,1.0,late
trace_00020,arith_002,arithmetic,llama3.2:latest,easy,correct,arith_002__temp_0p2__trial_05,5,0.2,0p2,0,1,Calculate total pencils sold: 23 (morning) + 18 (afternoon) = 41,Subtract returned pencils: 41 - 7 = 34,0.10861456,0.99408394,2,-0.5770346,-0.017408183,-0.0827992,0.067869745,0.008032471,-0.013680044,-0.13618715,-0.11884453,2,0.5,middle
trace_00020,arith_002,arithmetic,llama3.2:latest,easy,correct,arith_002__temp_0p2__trial_05,5,0.2,0p2,1,2,Subtract returned pencils: 41 - 7 = 34,Final answer: 34,0.24202514,0.97027,3,0.2511752,0.06882975,-0.062228862,-0.069166884,-0.088463366,0.19924404,-0.086317964,0.07344746,2,1.0,late
trace_00021,arith_002,arithmetic,llama3.2:latest,easy,correct,arith_002__temp_0p5__trial_01,1,0.5,0p5,0,1,Calculate the total number of pencils sold by adding the morning and afternoon sales.,Morning sales = 23,0.27795914,0.96059287,3,0.22074139,-0.013638713,-0.029672975,0.09061323,0.0028521789,0.19852561,-0.08837278,-0.03727527,6,0.16666666666666666,early
trace_00021,arith_002,arithmetic,llama3.2:latest,easy,correct,arith_002__temp_0p5__trial_01,1,0.5,0p5,1,2,Morning sales = 23,Afternoon sales = 18,0.12826249,0.99174035,3,-0.086115,0.08279998,-0.053080175,-0.0016209236,-0.04439156,-0.103667505,0.0987816,0.13388497,6,0.3333333333333333,early
trace_00021,arith_002,arithmetic,llama3.2:latest,easy,correct,arith_002__temp_0p5__trial_01,1,0.5,0p5,2,3,Afternoon sales = 18,Total sales = 23 + 18 = 41,0.24247698,0.9701572,1,-0.20827556,0.07363303,-0.10012353,-0.09174817,-0.0008538627,-0.12037886,-0.08071694,-0.06454042,6,0.5,middle
trace_00021,arith_002,arithmetic,llama3.2:latest,easy,correct,arith_002__temp_0p5__trial_01,1,0.5,0p5,3,4,Total sales = 23 + 18 = 41,Subtract the returned pencils from the total sales to find the number of pencils that stayed sold.,0.1475633,0.98905265,2,-0.34049174,-0.07562162,0.13034317,0.007237949,0.08958156,-0.0061182566,-0.06211218,-0.05321643,6,0.6666666666666666,middle
trace_00021,arith_002,arithmetic,llama3.2:latest,easy,correct,arith_002__temp_0p5__trial_01,1,0.5,0p5,4,5,Subtract the returned pencils from the total sales to find the number of pencils that stayed sold.,Returned pencils = 7,0.3051451,0.9523059,4,0.18115528,0.00711737,-0.23529835,0.0051245056,0.020863129,0.22041251,-0.05674147,-0.09094632,6,0.8333333333333334,late
trace_00021,arith_002,arithmetic,llama3.2:latest,easy,correct,arith_002__temp_0p5__trial_01,1,0.5,0p5,5,6,Returned pencils = 7,Pencils stayed sold = 41 - 7 = 34,0.17774566,0.98407644,4,0.06981046,0.025422234,0.031145638,0.14730458,0.1291441,0.012679765,-0.02304545,0.09097924,6,1.0,late
trace_00022,arith_002,arithmetic,llama3.2:latest,easy,correct,arith_002__temp_0p5__trial_02,2,0.5,0p5,0,1,Calculate the total number of pencils sold: 23 (morning) + 18 (afternoon) = 41,Subtract the number of returned pencils from the total: 41 - 7 = 34,0.0977589,0.9952101,2,-0.5823085,-0.0038232037,-0.038304444,0.043047536,0.043367345,-0.015966011,-0.19259568,-0.10346314,2,0.5,middle
trace_00022,arith_002,arithmetic,llama3.2:latest,easy,correct,arith_002__temp_0p5__trial_02,2,0.5,0p5,1,2,Subtract the number of returned pencils from the total: 41 - 7 = 34,The result is the number of pencils that stayed sold.,0.16531937,0.98624015,4,0.29041657,0.093379036,-0.11332577,0.008118519,0.14728114,0.049809817,0.005118213,0.1603149,2,1.0,late
trace_00023,arith_002,arithmetic,llama3.2:latest,easy,correct,arith_002__temp_0p5__trial_03,3,0.5,0p5,0,1,Calculate the total number of pencils sold: 23 (morning) + 18 (afternoon) = 41,Subtract the returned pencils from the total: 41 - 7 = 34,0.102986336,0.9946827,2,-0.5919083,-0.028823346,-0.04858938,0.07215151,0.018151792,-0.01181606,-0.19167495,-0.114124835,2,0.5,middle
trace_00023,arith_002,arithmetic,llama3.2:latest,easy,correct,arith_002__temp_0p5__trial_03,3,0.5,0p5,1,2,Subtract the returned pencils from the total: 41 - 7 = 34,The pencils that stayed sold are 34.,0.22951561,0.973305,4,0.3624176,0.10361662,-0.18623772,0.029465212,0.17190582,0.17759344,-0.11639956,0.16443399,2,1.0,late
trace_00024,arith_002,arithmetic,llama3.2:latest,easy,correct,arith_002__temp_0p5__trial_04,4,0.5,0p5,0,1,Calculate total pencils sold: 23 (morning) + 18 (afternoon) = 41,Subtract returned pencils: 41 - 7 = 34,0.10861456,0.99408394,2,-0.5770346,-0.017408183,-0.0827992,0.067869745,0.008032471,-0.013680044,-0.13618715,-0.11884453,2,0.5,middle
trace_00024,arith_002,arithmetic,llama3.2:latest,easy,correct,arith_002__temp_0p5__trial_04,4,0.5,0p5,1,2,Subtract returned pencils: 41 - 7 = 34,Final answer: 34,0.24202514,0.97027,3,0.2511752,0.06882975,-0.062228862,-0.069166884,-0.088463366,0.19924404,-0.086317964,0.07344746,2,1.0,late
trace_00025,arith_002,arithmetic,llama3.2:latest,easy,correct,arith_002__temp_0p5__trial_05,5,0.5,0p5,0,1,Add the number of pencils sold in the morning (23) to the number sold in the afternoon (18).,Calculate the total number of pencils sold: 23 + 18 = 41.,0.22202876,0.9750401,1,-0.29035842,0.12999135,-0.12775199,-0.0004930959,-0.049819004,-0.05369564,-0.111290835,-0.02867372,3,0.3333333333333333,early
trace_00025,arith_002,arithmetic,llama3.2:latest,easy,correct,arith_002__temp_0p5__trial_05,5,0.5,0p5,1,2,Calculate the total number of pencils sold: 23 + 18 = 41.,Subtract the number of pencils returned (7) from the total number sold: 41 - 7 = 34.,0.06424868,0.99793386,2,-0.39467734,-0.11559079,0.09298378,0.09049677,0.11473251,0.00990354,-0.12354168,-0.12266305,3,0.6666666666666666,middle
trace_00025,arith_002,arithmetic,llama3.2:latest,easy,correct,arith_002__temp_0p5__trial_05,5,0.5,0p5,2,3,Subtract the number of pencils returned (7) from the total number sold: 41 - 7 = 34.,The store had 34 pencils that stayed sold.,0.23735145,0.9714238,4,0.3032838,0.05303097,-0.06498971,0.028217962,0.12837175,0.2273785,-0.16690272,0.13830876,3,1.0,late
trace_00026,arith_002,arithmetic,llama3.2:latest,easy,correct,arith_002__temp_0p8__trial_01,1,0.8,0p8,0,1,Calculate total pencils sold: 23 (morning) + 18 (afternoon) = 41,Subtract returned pencils from total pencils sold: 41 - 7 = 34,0.10337082,0.99464285,2,-0.61709213,0.0027767362,-0.06366821,0.066973105,0.06348115,-0.046495814,-0.16745308,-0.077988654,2,0.5,middle
trace_00026,arith_002,arithmetic,llama3.2:latest,easy,correct,arith_002__temp_0p8__trial_01,1,0.8,0p8,1,2,Subtract returned pencils from total pencils sold: 41 - 7 = 34,Final answer: 34,0.337847,0.9412011,3,0.19573708,0.05041262,-0.08384804,-0.05812807,-0.122725785,0.2132362,-0.080255,0.029463628,2,1.0,late
trace_00027,arith_002,arithmetic,llama3.2:latest,easy,correct,arith_002__temp_0p8__trial_02,2,0.8,0p8,0,1,Calculate the total number of pencils sold: 23 (morning) + 18 (afternoon) = 41,Subtract the returned pencils from the total: 41 - 7 = 34,0.102986336,0.9946827,2,-0.5919083,-0.028823346,-0.04858938,0.07215151,0.018151792,-0.01181606,-0.19167495,-0.114124835,2,0.5,middle
trace_00027,arith_002,arithmetic,llama3.2:latest,easy,correct,arith_002__temp_0p8__trial_02,2,0.8,0p8,1,2,Subtract the returned pencils from the total: 41 - 7 = 34,The number of pencils that stayed sold is 34,0.2024042,0.97930205,4,0.3650555,0.13555633,-0.14969337,0.00906901,0.19532251,0.19150646,-0.09483445,0.18884821,2,1.0,late
trace_00028,arith_002,arithmetic,llama3.2:latest,easy,correct,arith_002__temp_0p8__trial_03,3,0.8,0p8,0,1,"First, calculate the total number of pencils sold: 23 (morning) + 18 (afternoon) = 41","Then, subtract the number of pencils returned: 41 - 7 = 34",0.12699796,0.991903,2,-0.5484294,0.028721577,-0.076101854,0.048873145,0.06049139,0.014107778,-0.16487777,-0.076464996,2,0.5,middle
trace_00028,arith_002,arithmetic,llama3.2:latest,easy,correct,arith_002__temp_0p8__trial_03,3,0.8,0p8,1,2,"Then, subtract the number of pencils returned: 41 - 7 = 34",The final answer is 34.,0.21300296,0.97705156,3,0.24716441,0.042594455,-0.12991473,-0.037976027,-0.17033006,0.16331297,-0.08214604,0.011895223,2,1.0,late
trace_00029,arith_002,arithmetic,llama3.2:latest,easy,correct,arith_002__temp_0p8__trial_04,4,0.8,0p8,0,1,"First, calculate the total number of pencils sold by adding the morning and afternoon sales: 23 + 18 = 41.","Then, subtract the number of returned pencils from the total sales to find the number of pencils that actually stayed sold: 41 - 7 = 34.",0.1621387,0.98676795,2,-0.53390384,0.03441939,-0.020667983,0.08202031,0.15118402,0.03232548,-0.24567826,-0.082133666,1,1.0,late
trace_00030,arith_002,arithmetic,llama3.2:latest,easy,correct,arith_002__temp_0p8__trial_05,5,0.8,0p8,0,1,Calculate the total number of pencils sold: 23 (morning) + 18 (afternoon) = 41,Subtract the returned pencils from the total sold: 41 - 7 = 34,0.10735243,0.99422103,2,-0.585894,-0.028590882,-0.062059462,0.07954081,0.06448398,-0.027635138,-0.19305703,-0.078950144,2,0.5,middle
trace_00030,arith_002,arithmetic,llama3.2:latest,easy,correct,arith_002__temp_0p8__trial_05,5,0.8,0p8,1,2,Subtract the returned pencils from the total sold: 41 - 7 = 34,Final answer: 34,0.3499845,0.93675554,3,0.19155057,0.056150973,-0.07778257,-0.06253831,-0.114758685,0.20776135,-0.06114303,0.03270483,2,1.0,late
trace_00031,arith_003,arithmetic,llama3.2:latest,medium,correct,arith_003__temp_0p2__trial_01,1,0.2,0p2,0,1,Add the amount of money raised on Friday and Saturday to find the total amount of money raised.,Subtract the cost of supplies from the total amount of money raised.,0.1294327,0.99158823,2,-0.5776171,-0.09223586,0.221561,0.21233962,-0.008275734,-0.039082218,0.011314224,0.09276761,3,0.3333333333333333,early
trace_00031,arith_003,arithmetic,llama3.2:latest,medium,correct,arith_003__temp_0p2__trial_01,1,0.2,0p2,1,2,Subtract the cost of supplies from the total amount of money raised.,Total amount of money raised: $125 + $87 = $212,0.10378658,0.9945996,3,0.49933213,0.25663424,-0.429792,-0.06476895,-0.018231088,0.2621218,-0.10848651,-0.17709617,3,0.6666666666666666,middle
trace_00031,arith_003,arithmetic,llama3.2:latest,medium,correct,arith_003__temp_0p2__trial_01,1,0.2,0p2,2,3,Total amount of money raised: $125 + $87 = $212,Remaining money after spending on supplies: $212 - $36 = $176,0.12009781,0.9927621,4,-0.28132364,-0.21906821,0.20788766,0.16830464,0.09672752,0.114350855,-0.077864006,0.22157559,3,1.0,late
trace_00032,arith_003,arithmetic,llama3.2:latest,medium,correct,arith_003__temp_0p2__trial_02,2,0.2,0p2,0,1,Add the amount of money raised on Friday and Saturday to find the total amount of money raised.,Calculate the total amount of money raised: $125 + $87 = $212,0.12481601,0.99217993,2,-0.13000615,0.18433686,-0.1609639,0.14540131,-0.07150087,0.22250256,-0.07473985,-0.08563547,3,0.3333333333333333,early
trace_00032,arith_003,arithmetic,llama3.2:latest,medium,correct,arith_003__temp_0p2__trial_02,2,0.2,0p2,1,2,Calculate the total amount of money raised: $125 + $87 = $212,Subtract the cost of supplies from the total amount of money raised to find the remaining amount.,0.104254365,0.9945507,0,-0.48162028,-0.26832038,0.4090144,0.08065095,0.041004185,-0.18958573,0.100061655,0.15497854,3,0.6666666666666666,middle
trace_00032,arith_003,arithmetic,llama3.2:latest,medium,correct,arith_003__temp_0p2__trial_02,2,0.2,0p2,2,3,Subtract the cost of supplies from the total amount of money raised to find the remaining amount.,Calculate the remaining amount: $212 - $36 = $176,0.029915953,0.99955237,3,0.21141222,0.11702036,-0.3207663,0.040189534,-0.02460061,0.33129737,-0.12989952,-0.015631806,3,1.0,late
trace_00033,arith_003,arithmetic,llama3.2:latest,medium,correct,arith_003__temp_0p2__trial_03,3,0.2,0p2,0,1,Calculate the total amount of money raised by adding the amounts from Friday and Saturday.,Subtract the cost of supplies from the total amount raised.,0.12992254,0.9915241,2,-0.5762198,-0.052278757,0.20762719,0.16252483,-0.021365311,-0.027499497,0.015819166,0.07772137,5,0.2,early
trace_00033,arith_003,arithmetic,llama3.2:latest,medium,correct,arith_003__temp_0p2__trial_03,3,0.2,0p2,1,2,Subtract the cost of supplies from the total amount raised.,Total amount raised = $125 + $87 = $212,0.10271486,0.99471086,3,0.48471275,0.25880006,-0.4513251,-0.07254593,-0.044245496,0.26259813,-0.10907918,-0.17837074,5,0.4,middle
trace_00033,arith_003,arithmetic,llama3.2:latest,medium,correct,arith_003__temp_0p2__trial_03,3,0.2,0p2,2,3,Total amount raised = $125 + $87 = $212,Remaining money = Total amount raised - Cost of supplies,0.14770406,0.9890316,4,-0.26511115,-0.249272,0.32587448,0.11492349,0.19907674,-0.19435237,0.03904255,0.2059886,5,0.6,middle
trace_00033,arith_003,arithmetic,llama3.2:latest,medium,correct,arith_003__temp_0p2__trial_03,3,0.2,0p2,3,4,Remaining money = Total amount raised - Cost of supplies,= $212 - $36,0.120754674,0.9926824,3,0.028400756,0.15790345,-0.28823748,0.06603003,-0.14246272,0.3094717,-0.09033872,-0.09212285,5,0.8,late
trace_00033,arith_003,arithmetic,llama3.2:latest,medium,correct,arith_003__temp_0p2__trial_03,3,0.2,0p2,4,5,= $212 - $36,= $176,0.19726697,0.9803498,0,0.08131853,0.015552149,0.096879736,-0.073627844,0.12841994,0.01403593,0.0034843395,-0.03872066,5,1.0,late
trace_00034,arith_003,arithmetic,llama3.2:latest,medium,correct,arith_003__temp_0p2__trial_04,4,0.2,0p2,0,1,Calculate the total amount of money raised by adding the amounts from Friday and Saturday.,Subtract the cost of supplies from the total amount raised.,0.12992252,0.9915241,2,-0.57621986,-0.052278902,0.20762707,0.16252486,-0.021365365,-0.02749949,0.015819218,0.07772126,5,0.2,early
trace_00034,arith_003,arithmetic,llama3.2:latest,medium,correct,arith_003__temp_0p2__trial_04,4,0.2,0p2,1,2,Subtract the cost of supplies from the total amount raised.,Total amount raised = $125 + $87 = $212,0.10271486,0.99471086,3,0.48471275,0.25880006,-0.4513251,-0.07254593,-0.044245496,0.26259813,-0.10907918,-0.17837074,5,0.4,middle
trace_00034,arith_003,arithmetic,llama3.2:latest,medium,correct,arith_003__temp_0p2__trial_04,4,0.2,0p2,2,3,Total amount raised = $125 + $87 = $212,Remaining money = Total amount raised - Cost of supplies,0.14770406,0.9890316,4,-0.26511115,-0.249272,0.32587448,0.11492349,0.19907674,-0.19435237,0.03904255,0.2059886,5,0.6,middle
trace_00034,arith_003,arithmetic,llama3.2:latest,medium,correct,arith_003__temp_0p2__trial_04,4,0.2,0p2,3,4,Remaining money = Total amount raised - Cost of supplies,= $212 - $36,0.120754674,0.9926824,3,0.028400756,0.15790345,-0.28823748,0.06603003,-0.14246272,0.3094717,-0.09033872,-0.09212285,5,0.8,late
trace_00034,arith_003,arithmetic,llama3.2:latest,medium,correct,arith_003__temp_0p2__trial_04,4,0.2,0p2,4,5,= $212 - $36,= $176,0.19726697,0.9803498,0,0.08131853,0.015552149,0.096879736,-0.073627844,0.12841994,0.01403593,0.0034843395,-0.03872066,5,1.0,late
trace_00035,arith_003,arithmetic,llama3.2:latest,medium,correct,arith_003__temp_0p2__trial_05,5,0.2,0p2,0,1,Calculate the total amount of money raised by adding the amounts from Friday and Saturday.,Subtract the cost of supplies from the total amount raised.,0.12992254,0.9915241,2,-0.5762198,-0.052278757,0.20762719,0.16252483,-0.021365311,-0.027499497,0.015819166,0.07772137,5,0.2,early
trace_00035,arith_003,arithmetic,llama3.2:latest,medium,correct,arith_003__temp_0p2__trial_05,5,0.2,0p2,1,2,Subtract the cost of supplies from the total amount raised.,Total amount raised = $125 + $87 = $212,0.10271486,0.99471086,3,0.48471275,0.25880006,-0.4513251,-0.07254593,-0.044245496,0.26259813,-0.10907918,-0.17837074,5,0.4,middle
trace_00035,arith_003,arithmetic,llama3.2:latest,medium,correct,arith_003__temp_0p2__trial_05,5,0.2,0p2,2,3,Total amount raised = $125 + $87 = $212,Remaining money = Total amount raised - Cost of supplies,0.14770406,0.9890316,4,-0.26511115,-0.249272,0.32587448,0.11492349,0.19907674,-0.19435237,0.03904255,0.2059886,5,0.6,middle
trace_00035,arith_003,arithmetic,llama3.2:latest,medium,correct,arith_003__temp_0p2__trial_05,5,0.2,0p2,3,4,Remaining money = Total amount raised - Cost of supplies,= $212 - $36,0.120754674,0.9926824,3,0.028400756,0.15790345,-0.28823748,0.06603003,-0.14246272,0.3094717,-0.09033872,-0.09212285,5,0.8,late
trace_00035,arith_003,arithmetic,llama3.2:latest,medium,correct,arith_003__temp_0p2__trial_05,5,0.2,0p2,4,5,= $212 - $36,= $176,0.19726697,0.9803498,0,0.08131853,0.015552149,0.096879736,-0.073627844,0.12841994,0.01403593,0.0034843395,-0.03872066,5,1.0,late
trace_00036,arith_003,arithmetic,llama3.2:latest,medium,incorrect,arith_003__temp_0p5__trial_01,1,0.5,0p5,0,1,Calculate the total amount of money raised by adding the amounts from Friday and Saturday.,Subtract the amount spent on supplies from the total amount of money raised.,0.13218573,0.99122494,2,-0.5984825,-0.051764987,0.14797886,0.16614307,0.019728571,-0.02908445,0.018361118,0.048486568,3,0.3333333333333333,early
trace_00036,arith_003,arithmetic,llama3.2:latest,medium,incorrect,arith_003__temp_0p5__trial_01,1,0.5,0p5,1,2,Subtract the amount spent on supplies from the total amount of money raised.,Total money raised: $125 + $87 = $212,0.15546583,0.98784125,3,0.47405422,0.24721563,-0.43231535,-0.031874306,-0.030947493,0.29324695,-0.10488453,-0.1625667,3,0.6666666666666666,middle
trace_00036,arith_003,arithmetic,llama3.2:latest,medium,incorrect,arith_003__temp_0p5__trial_01,1,0.5,0p5,2,3,Total money raised: $125 + $87 = $212,Remaining money after spending on supplies: $212 - $36 = $176,0.15221158,0.9883479,4,-0.28516206,-0.21579775,0.23047283,0.14634907,0.09670927,0.07759926,-0.067394815,0.2270764,3,1.0,late
trace_00037,arith_003,arithmetic,llama3.2:latest,medium,correct,arith_003__temp_0p5__trial_02,2,0.5,0p5,0,1,Calculate the total amount of money raised: $125 + $87 = $212,Subtract the cost of supplies from the total amount: $212 - $36 = $176,0.083526045,0.9965056,2,-0.38567963,-0.23289679,0.26559773,0.15588553,0.022350026,-0.0071297423,-0.024531355,0.19827335,2,0.5,middle
trace_00037,arith_003,arithmetic,llama3.2:latest,medium,correct,arith_003__temp_0p5__trial_02,2,0.5,0p5,1,2,Subtract the cost of supplies from the total amount: $212 - $36 = $176,The remaining amount is $176,0.104895964,0.9944833,3,0.27058235,0.15730493,-0.19277614,-0.08452163,0.096600935,0.17143227,-0.061037455,-0.028019093,2,1.0,late
trace_00038,arith_003,arithmetic,llama3.2:latest,medium,correct,arith_003__temp_0p5__trial_03,3,0.5,0p5,0,1,Calculate the total amount of money raised by adding the amounts from Friday and Saturday.,Subtract the cost of supplies from the total amount raised.,0.12992254,0.9915241,2,-0.5762198,-0.052278757,0.20762719,0.16252483,-0.021365311,-0.027499497,0.015819166,0.07772137,3,0.3333333333333333,early
trace_00038,arith_003,arithmetic,llama3.2:latest,medium,correct,arith_003__temp_0p5__trial_03,3,0.5,0p5,1,2,Subtract the cost of supplies from the total amount raised.,Total amount raised: $125 + $87 = $212,0.115910895,0.99325967,3,0.49126685,0.25586993,-0.45801672,-0.07382963,-0.030569805,0.26397437,-0.11445901,-0.17223902,3,0.6666666666666666,middle
trace_00038,arith_003,arithmetic,llama3.2:latest,medium,correct,arith_003__temp_0p5__trial_03,3,0.5,0p5,2,3,Total amount raised: $125 + $87 = $212,Remaining money after spending on supplies: $212 - $36 = $176,0.11160185,0.99375296,4,-0.26393652,-0.21380648,0.17601745,0.17321356,0.13443324,0.10718767,-0.05624907,0.1968955,3,1.0,late
trace_00039,arith_003,arithmetic,llama3.2:latest,medium,correct,arith_003__temp_0p5__trial_04,4,0.5,0p5,0,1,Calculate the total amount of money raised: $125 + $87 = $212,Subtract the cost of supplies from the total amount: $212 - $36 = $176,0.083526045,0.9965056,2,-0.38567963,-0.23289679,0.26559773,0.15588553,0.022350026,-0.0071297423,-0.024531355,0.19827335,2,0.5,middle
trace_00039,arith_003,arithmetic,llama3.2:latest,medium,correct,arith_003__temp_0p5__trial_04,4,0.5,0p5,1,2,Subtract the cost of supplies from the total amount: $212 - $36 = $176,The remaining amount is $176,0.104895964,0.9944833,3,0.27058235,0.15730493,-0.19277614,-0.08452163,0.096600935,0.17143227,-0.061037455,-0.028019093,2,1.0,late
trace_00040,arith_003,arithmetic,llama3.2:latest,medium,correct,arith_003__temp_0p5__trial_05,5,0.5,0p5,0,1,Calculate the total amount of money raised by adding the amounts from Friday and Saturday.,Subtract the cost of supplies from the total amount raised.,0.12992254,0.9915241,2,-0.5762198,-0.052278757,0.20762719,0.16252483,-0.021365311,-0.027499497,0.015819166,0.07772137,3,0.3333333333333333,early
trace_00040,arith_003,arithmetic,llama3.2:latest,medium,correct,arith_003__temp_0p5__trial_05,5,0.5,0p5,1,2,Subtract the cost of supplies from the total amount raised.,Total amount raised: $125 + $87 = $212,0.115910895,0.99325967,3,0.49126685,0.25586993,-0.45801672,-0.07382963,-0.030569805,0.26397437,-0.11445901,-0.17223902,3,0.6666666666666666,middle
trace_00040,arith_003,arithmetic,llama3.2:latest,medium,correct,arith_003__temp_0p5__trial_05,5,0.5,0p5,2,3,Total amount raised: $125 + $87 = $212,Remaining money after spending on supplies: $212 - $36 = $176,0.11160185,0.99375296,4,-0.26393652,-0.21380648,0.17601745,0.17321356,0.13443324,0.10718767,-0.05624907,0.1968955,3,1.0,late
trace_00041,arith_003,arithmetic,llama3.2:latest,medium,correct,arith_003__temp_0p8__trial_01,1,0.8,0p8,0,1,Calculate the total amount of money raised by adding the amounts from Friday and Saturday: $125 + $87 = $212,Subtract the cost of supplies from the total amount: $212 - $36 = $176,0.09688593,0.99529546,2,-0.52940893,-0.10960539,0.15439473,0.18740848,-0.01775959,0.0762858,-0.011876853,0.13227542,2,0.5,middle
trace_00041,arith_003,arithmetic,llama3.2:latest,medium,correct,arith_003__temp_0p8__trial_01,1,0.8,0p8,1,2,Subtract the cost of supplies from the total amount: $212 - $36 = $176,The remaining amount is $176,0.104895964,0.9944833,3,0.27058235,0.15730493,-0.19277614,-0.08452163,0.096600935,0.17143227,-0.061037455,-0.028019093,2,1.0,late
trace_00042,arith_003,arithmetic,llama3.2:latest,medium,correct,arith_003__temp_0p8__trial_02,2,0.8,0p8,0,1,Add the amount of money raised on Friday and Saturday to find the total.,Calculate the total amount: 125 + 87 = 212,0.12988605,0.9915289,2,-0.16727689,0.1918631,-0.06906009,0.13604592,-0.08627221,0.23590253,0.0024324001,-0.033549756,3,0.3333333333333333,early
trace_00042,arith_003,arithmetic,llama3.2:latest,medium,correct,arith_003__temp_0p8__trial_02,2,0.8,0p8,1,2,Calculate the total amount: 125 + 87 = 212,Subtract the cost of supplies from the total amount to find the remaining money.,0.061307304,0.99811894,0,-0.39283416,-0.29226556,0.36253655,0.06335064,0.0710678,-0.21275519,0.05545693,0.12596731,3,0.6666666666666666,middle
trace_00042,arith_003,arithmetic,llama3.2:latest,medium,correct,arith_003__temp_0p8__trial_02,2,0.8,0p8,2,3,Subtract the cost of supplies from the total amount to find the remaining money.,Calculate the remaining money: 212 - 36 = 176,0.053920135,0.9985452,3,0.29815102,0.1806751,-0.4158619,0.024699528,-0.0285478,0.31535488,-0.12162463,-0.10542825,3,1.0,late
trace_00043,arith_003,arithmetic,llama3.2:latest,medium,incorrect,arith_003__temp_0p8__trial_03,3,0.8,0p8,0,1,Add the total amount raised from Friday and Saturday.,Subtract the cost of supplies.,0.10039744,0.9949474,2,-0.57197315,-0.039414637,0.2559796,0.16152634,0.014079232,-0.015566213,0.04570201,0.064963795,1,1.0,late
trace_00044,arith_003,arithmetic,llama3.2:latest,medium,correct,arith_003__temp_0p8__trial_04,4,0.8,0p8,0,1,Add the amount of money raised on Friday and Saturday to find the total.,Calculate 125 + 87 = 212,0.12877938,0.99167323,2,-0.14587477,0.18883279,-0.103888005,0.14426062,-0.110563695,0.23406218,-0.0044537894,-0.09771492,4,0.25,early
trace_00044,arith_003,arithmetic,llama3.2:latest,medium,correct,arith_003__temp_0p8__trial_04,4,0.8,0p8,1,2,Calculate 125 + 87 = 212,Subtract the amount of money spent on supplies from the total.,0.16663602,0.9860185,0,-0.320778,-0.24166498,0.36132967,0.051473595,0.11767784,-0.23346838,0.021057695,0.17281461,4,0.5,middle
trace_00044,arith_003,arithmetic,llama3.2:latest,medium,correct,arith_003__temp_0p8__trial_04,4,0.8,0p8,2,3,Subtract the amount of money spent on supplies from the total.,Calculate 212 - 36 = 176,0.17820632,0.9839932,1,0.17857601,0.143399,-0.3761331,0.014463271,-0.1248903,0.2913845,-0.053353004,-0.13678509,4,0.75,late
trace_00044,arith_003,arithmetic,llama3.2:latest,medium,correct,arith_003__temp_0p8__trial_04,4,0.8,0p8,3,4,Calculate 212 - 36 = 176,The remaining amount is $176,0.21339054,0.97696704,4,0.09521635,-0.038681943,0.13458063,-0.062219158,0.17383966,-0.043624848,-0.057767272,0.13841857,4,1.0,late
trace_00045,arith_003,arithmetic,llama3.2:latest,medium,correct,arith_003__temp_0p8__trial_05,5,0.8,0p8,0,1,Calculate the total amount of money raised by adding Friday's and Saturday's amounts.,Total amount = 125 + 87 = 212 dollars.,0.11198121,0.9937104,2,-0.17455526,0.16314436,-0.18821025,0.17123613,0.033954594,0.26663718,-0.08634937,0.004410873,6,0.16666666666666666,early
trace_00045,arith_003,arithmetic,llama3.2:latest,medium,correct,arith_003__temp_0p8__trial_05,5,0.8,0p8,1,2,Total amount = 125 + 87 = 212 dollars.,Subtract the cost of supplies from the total amount.,0.116045244,0.993244,0,-0.35442132,-0.2396733,0.45098355,0.01587488,-0.021465426,-0.24564297,0.11105395,0.09539361,6,0.3333333333333333,early
trace_00045,arith_003,arithmetic,llama3.2:latest,medium,correct,arith_003__temp_0p8__trial_05,5,0.8,0p8,2,3,Subtract the cost of supplies from the total amount.,Remaining money = Total amount - Cost of supplies,0.21657513,0.976266,4,0.31194684,-0.022420079,-0.18947256,0.07327959,0.21484755,0.12211845,-0.12256586,0.050995175,6,0.5,middle
trace_00045,arith_003,arithmetic,llama3.2:latest,medium,correct,arith_003__temp_0p8__trial_05,5,0.8,0p8,3,4,Remaining money = Total amount - Cost of supplies,= 212 - 36,0.22104694,0.9752631,1,0.040305335,0.2073613,-0.37932152,0.041375253,-0.14260603,0.29141572,-0.027868954,-0.14889066,6,0.6666666666666666,middle
trace_00045,arith_003,arithmetic,llama3.2:latest,medium,correct,arith_003__temp_0p8__trial_05,5,0.8,0p8,4,5,= 212 - 36,= 176 dollars.,0.26513472,0.9642114,4,0.14463006,-0.019674726,0.15478425,-0.05780469,0.14266771,-0.12845178,-0.085520156,0.022960687,6,0.8333333333333334,late
trace_00045,arith_003,arithmetic,llama3.2:latest,medium,correct,arith_003__temp_0p8__trial_05,5,0.8,0p8,5,6,= 176 dollars.,The remaining money is the answer to the problem.,0.2111913,0.97744477,0,-0.13829125,-0.08356323,0.15250814,-0.03418885,-0.029717445,-0.04587681,0.1409315,0.0818006,6,1.0,late
trace_00046,arith_004,arithmetic,llama3.2:latest,medium,incorrect,arith_004__temp_0p2__trial_01,1,0.2,0p2,0,1,Calculate the total number of books initially checked out.,Subtract the number of books returned from the initial total to find the remaining books.,0.10865583,0.9940794,0,-0.37070996,-0.24153249,0.21866952,-0.031747486,-0.08715552,-0.17306861,-0.06621785,-0.076157466,5,0.2,early
trace_00046,arith_004,arithmetic,llama3.2:latest,medium,incorrect,arith_004__temp_0p2__trial_01,1,0.2,0p2,1,2,Subtract the number of books returned from the initial total to find the remaining books.,Add the number of books that were never returned (adults and children) to the remaining books.,0.22608581,0.9741073,4,0.17965826,0.07964377,-0.09824305,-0.009795113,0.06260075,0.073165976,-0.0824425,0.019596003,5,0.4,middle
trace_00046,arith_004,arithmetic,llama3.2:latest,medium,incorrect,arith_004__temp_0p2__trial_01,1,0.2,0p2,2,3,Add the number of books that were never returned (adults and children) to the remaining books.,42 + 31 = 73,0.19129741,0.9815321,3,0.0690588,0.04482652,-0.16960917,0.043838043,-0.10169311,0.06828185,-0.0050616283,-0.1391338,5,0.6,middle
trace_00046,arith_004,arithmetic,llama3.2:latest,medium,incorrect,arith_004__temp_0p2__trial_01,1,0.2,0p2,3,4,42 + 31 = 73,73 - 9 = 64,0.13281722,0.9911406,3,-0.03937473,0.013232588,-0.039095294,0.078000985,0.027862906,0.078080714,-0.019699339,0.030660568,5,0.8,late
trace_00046,arith_004,arithmetic,llama3.2:latest,medium,incorrect,arith_004__temp_0p2__trial_01,1,0.2,0p2,4,5,73 - 9 = 64,64 + 31 = 95,0.14511001,0.9894155,3,0.105253115,0.10755322,-0.011728204,-0.12705812,-0.036061324,0.012946309,-0.064158075,0.03760877,5,1.0,late
trace_00047,arith_004,arithmetic,llama3.2:latest,medium,incorrect,arith_004__temp_0p2__trial_02,2,0.2,0p2,0,1,Calculate the total number of books initially checked out.,Subtract the number of books returned from the initial total.,0.08579013,0.9963133,0,-0.3944361,-0.26129386,0.23745006,-0.038219724,-0.07945838,-0.22063917,-0.07816327,-0.06240556,2,0.5,middle
trace_00047,arith_004,arithmetic,llama3.2:latest,medium,incorrect,arith_004__temp_0p2__trial_02,2,0.2,0p2,1,2,Subtract the number of books returned from the initial total.,The result is the number of books that stayed checked out.,0.28250775,0.959265,4,0.25331962,0.17104897,-0.27271736,0.11067526,0.16914056,0.25079072,-0.049912594,0.036916398,2,1.0,late
trace_00048,arith_004,arithmetic,llama3.2:latest,medium,incorrect,arith_004__temp_0p2__trial_03,3,0.2,0p2,0,1,Calculate the total number of books initially checked out.,Subtract the number of books returned from the initial total.,0.08579013,0.9963133,0,-0.3944361,-0.26129386,0.23745006,-0.038219724,-0.07945838,-0.22063917,-0.07816327,-0.06240556,2,0.5,middle
trace_00048,arith_004,arithmetic,llama3.2:latest,medium,incorrect,arith_004__temp_0p2__trial_03,3,0.2,0p2,1,2,Subtract the number of books returned from the initial total.,The remaining number of books is the answer.,0.2525847,0.96757483,4,0.2716928,0.05258211,-0.25258064,0.036818404,0.012630552,0.21354128,-0.049321413,0.07286339,2,1.0,late
trace_00049,arith_004,arithmetic,llama3.2:latest,medium,correct,arith_004__temp_0p2__trial_04,4,0.2,0p2,0,1,Calculate the total number of books initially checked out.,Subtract the number of books returned from the initial total to find the remaining books.,0.10865583,0.9940794,0,-0.37070996,-0.24153249,0.21866952,-0.031747486,-0.08715552,-0.17306861,-0.06621785,-0.076157466,3,0.3333333333333333,early
trace_00049,arith_004,arithmetic,llama3.2:latest,medium,correct,arith_004__temp_0p2__trial_04,4,0.2,0p2,1,2,Subtract the number of books returned from the initial total to find the remaining books.,The library initially had 42 + 31 = 73 books checked out.,0.19995406,0.9798053,4,0.3355357,0.083070375,-0.32193664,0.026932167,0.033970427,0.2576258,-0.09481415,0.011640841,3,0.6666666666666666,middle
trace_00049,arith_004,arithmetic,llama3.2:latest,medium,correct,arith_004__temp_0p2__trial_04,4,0.2,0p2,2,3,The library initially had 42 + 31 = 73 books checked out.,"After returning 9 books, there are 73 - 9 = 64 books left.",0.15040745,0.9886241,0,-0.14769365,-0.11325909,0.08728224,0.021514306,0.08461808,-0.08679011,-0.083336554,-0.026822707,3,1.0,late
trace_00050,arith_004,arithmetic,llama3.2:latest,medium,correct,arith_004__temp_0p2__trial_05,5,0.2,0p2,0,1,Calculate the total number of books initially checked out.,Subtract the number of books returned from the initial total to find the remaining books.,0.10865583,0.9940794,0,-0.37070996,-0.24153249,0.21866952,-0.031747486,-0.08715552,-0.17306861,-0.06621785,-0.076157466,7,0.14285714285714285,early
trace_00050,arith_004,arithmetic,llama3.2:latest,medium,correct,arith_004__temp_0p2__trial_05,5,0.2,0p2,1,2,Subtract the number of books returned from the initial total to find the remaining books.,Add the number of books for adults and children together.,0.18300675,0.9831117,1,0.384833,0.20343861,-0.18613215,-0.013163936,-0.07856271,-0.04231807,0.06652777,0.06291418,7,0.2857142857142857,early
trace_00050,arith_004,arithmetic,llama3.2:latest,medium,correct,arith_004__temp_0p2__trial_05,5,0.2,0p2,2,3,Add the number of books for adults and children together.,Subtract the total number of books (adults + children) from the result in step 2.,0.13435018,0.99093395,0,-0.34724188,-0.13340446,0.14291444,-0.013440829,0.015254623,0.08370863,0.0050631715,-0.19970505,7,0.42857142857142855,middle
trace_00050,arith_004,arithmetic,llama3.2:latest,medium,correct,arith_004__temp_0p2__trial_05,5,0.2,0p2,3,4,Subtract the total number of books (adults + children) from the result in step 2.,Total books = 42 (adults) + 31 (children) = 73,0.21500063,0.97661394,4,0.3328621,0.03928459,-0.25387973,0.12580848,0.05674302,0.15683022,-0.14245069,0.04414153,7,0.5714285714285714,middle
trace_00050,arith_004,arithmetic,llama3.2:latest,medium,correct,arith_004__temp_0p2__trial_05,5,0.2,0p2,4,5,Total books = 42 (adults) + 31 (children) = 73,Remaining books = 73 - 9 = 64,0.18975659,0.9818312,4,-0.1388841,-0.120201945,-0.043960817,-0.014651554,0.10977413,0.1476482,-0.11888999,0.0023443701,7,0.7142857142857143,late
trace_00050,arith_004,arithmetic,llama3.2:latest,medium,correct,arith_004__temp_0p2__trial_05,5,0.2,0p2,5,6,Remaining books = 73 - 9 = 64,Total books for adults and children = 42 + 31 = 73,0.17055452,0.9853483,3,0.20241441,0.16122097,0.0070203557,0.02832933,-0.1303299,-0.10116236,0.0999687,-0.022889588,7,0.8571428571428571,late
trace_00050,arith_004,arithmetic,llama3.2:latest,medium,correct,arith_004__temp_0p2__trial_05,5,0.2,0p2,6,7,Total books for adults and children = 42 + 31 = 73,Books stayed checked out = 64,0.26544988,0.9641247,4,0.011239046,-0.023869928,-0.03231464,0.06758245,0.23110846,0.23025124,-0.12955353,0.04750646,7,1.0,late
trace_00051,arith_004,arithmetic,llama3.2:latest,medium,incorrect,arith_004__temp_0p5__trial_01,1,0.5,0p5,0,1,Calculate the total number of books initially checked out.,Subtract the number of books returned from the initial total.,0.08579013,0.9963133,0,-0.3944361,-0.26129386,0.23745006,-0.038219724,-0.07945838,-0.22063917,-0.07816327,-0.06240556,2,0.5,middle
trace_00051,arith_004,arithmetic,llama3.2:latest,medium,incorrect,arith_004__temp_0p5__trial_01,1,0.5,0p5,1,2,Subtract the number of books returned from the initial total.,The result will be the number of books that stayed checked out.,0.24270903,0.97009915,4,0.22567911,0.2031619,-0.25260222,0.068269014,0.14556357,0.25542697,-0.044267613,0.046975147,2,1.0,late
trace_00052,arith_004,arithmetic,llama3.2:latest,medium,incorrect,arith_004__temp_0p5__trial_02,2,0.5,0p5,0,1,Calculate the total number of books initially checked out.,Subtract the number of books that were returned from the total.,0.09858739,0.99512833,0,-0.465841,-0.24321239,0.20012313,-0.016038155,-0.052074816,-0.16799355,-0.16621262,-0.084255315,3,0.3333333333333333,early
trace_00052,arith_004,arithmetic,llama3.2:latest,medium,incorrect,arith_004__temp_0p5__trial_02,2,0.5,0p5,1,2,Subtract the number of books that were returned from the total.,Add the initial numbers for both adults and children separately.,0.3073404,0.9515996,3,0.32311943,0.19771573,-0.11228465,0.022898674,-0.1754465,-0.014315591,0.14292893,0.033121914,3,0.6666666666666666,middle
trace_00052,arith_004,arithmetic,llama3.2:latest,medium,incorrect,arith_004__temp_0p5__trial_02,2,0.5,0p5,2,3,Add the initial numbers for both adults and children separately.,Subtract the number of returned books from the sum in step 3.,0.26052696,0.9654667,0,-0.21190935,-0.2082905,0.043378014,-0.08005222,0.10982401,0.041111127,-0.071700595,-0.07975153,3,1.0,late
trace_00053,arith_004,arithmetic,llama3.2:latest,medium,correct,arith_004__temp_0p5__trial_03,3,0.5,0p5,0,1,Calculate the total number of books initially checked out.,Subtract the number of returned books from the total to find the remaining books.,0.12795494,0.9917799,0,-0.41537896,-0.23304054,0.18850198,-0.031821564,-0.10028703,-0.15591443,-0.10822679,-0.081397735,7,0.14285714285714285,early
trace_00053,arith_004,arithmetic,llama3.2:latest,medium,correct,arith_004__temp_0p5__trial_03,3,0.5,0p5,1,2,Subtract the number of returned books from the total to find the remaining books.,Add the initial numbers for adults and children separately:,0.31037903,0.9506129,3,0.32763684,0.21233486,-0.11484498,0.03183293,-0.13167039,-0.020232279,0.116803885,0.0136199035,7,0.2857142857142857,early
trace_00053,arith_004,arithmetic,llama3.2:latest,medium,correct,arith_004__temp_0p5__trial_03,3,0.5,0p5,2,3,Add the initial numbers for adults and children separately:,a. Adults: 42,0.1723605,0.985034,4,-0.015104442,0.030220065,-0.088706024,0.08800231,0.09022298,0.14843357,-0.10854117,-0.117086835,7,0.42857142857142855,middle
trace_00053,arith_004,arithmetic,llama3.2:latest,medium,correct,arith_004__temp_0p5__trial_03,3,0.5,0p5,3,4,a. Adults: 42,b. Children: 31,0.21041237,0.9776127,4,-0.019819682,-0.11389168,-0.0907709,-0.024692753,0.068964414,-0.0015681062,0.020019934,-0.034887824,7,0.5714285714285714,middle
trace_00053,arith_004,arithmetic,llama3.2:latest,medium,correct,arith_004__temp_0p5__trial_03,3,0.5,0p5,4,5,b. Children: 31,"Combine the results from steps 1, 2, and 3:",0.164748,0.9863357,0,-0.12116034,-0.08592285,0.11602692,-0.13689487,-0.21703109,0.0017820691,0.07984291,0.03612177,7,0.7142857142857143,late
trace_00053,arith_004,arithmetic,llama3.2:latest,medium,correct,arith_004__temp_0p5__trial_03,3,0.5,0p5,5,6,"Combine the results from steps 1, 2, and 3:",Total books initially checked out = 42 + 31 = 73,0.32724142,0.94494087,4,0.2193151,0.04592606,-0.100697465,0.11401666,0.28874347,0.10753075,-0.12247561,0.036564097,7,0.8571428571428571,late
trace_00053,arith_004,arithmetic,llama3.2:latest,medium,correct,arith_004__temp_0p5__trial_03,3,0.5,0p5,6,7,Total books initially checked out = 42 + 31 = 73,Remaining books after return = 73 - 9 = 64,0.12017559,0.9927526,0,-0.23501658,-0.14324963,0.10064149,-0.045307368,0.0046865153,-0.028709028,-0.114937074,-0.026399653,7,1.0,late
trace_00054,arith_004,arithmetic,llama3.2:latest,medium,correct,arith_004__temp_0p5__trial_04,4,0.5,0p5,0,1,Calculate the total number of books initially checked out.,Adult books = 42,0.33847088,0.9409768,1,0.07253488,-0.014950936,-0.116355985,0.08015244,-0.06709105,-0.0004950588,-0.14665203,-0.12585695,5,0.2,early
trace_00054,arith_004,arithmetic,llama3.2:latest,medium,correct,arith_004__temp_0p5__trial_04,4,0.5,0p5,1,2,Adult books = 42,Children's books = 31,0.17864366,0.98391384,4,-0.040696472,-0.022740806,-0.07170936,-0.008508886,0.039491452,0.05832403,0.066627495,-0.004042621,5,0.4,middle
trace_00054,arith_004,arithmetic,llama3.2:latest,medium,correct,arith_004__temp_0p5__trial_04,4,0.5,0p5,2,3,Children's books = 31,Total books initially checked out = Adult books + Children's books = 42 + 31 = 73,0.2768122,0.9609241,3,0.13536109,0.053424213,0.07509719,-0.00877658,0.085783996,0.044557683,0.07101928,0.061552264,5,0.6,middle
trace_00054,arith_004,arithmetic,llama3.2:latest,medium,correct,arith_004__temp_0p5__trial_04,4,0.5,0p5,3,4,Total books initially checked out = Adult books + Children's books = 42 + 31 = 73,Books returned = 9,0.26455766,0.96436983,0,-0.19969788,-0.18251196,0.026163526,-0.04877978,0.05114363,-0.00069217983,-0.15017493,-0.009028929,5,0.8,late
trace_00054,arith_004,arithmetic,llama3.2:latest,medium,correct,arith_004__temp_0p5__trial_04,4,0.5,0p5,4,5,Books returned = 9,Books that stayed checked out = Total books initially checked out - Books returned = 73 - 9 = 64,0.26710042,0.9636687,3,0.12647517,0.1211185,0.018506141,0.05609605,0.04748488,0.082067735,0.055795405,0.028451318,5,1.0,late
trace_00055,arith_004,arithmetic,llama3.2:latest,medium,incorrect,arith_004__temp_0p5__trial_05,5,0.5,0p5,0,1,Calculate the total number of books initially checked out.,Subtract the number of books returned from the total.,0.13110003,0.9913692,0,-0.4479817,-0.24425165,0.20998728,-0.023731953,-0.0736462,-0.22143508,-0.1243711,-0.06791092,2,0.5,middle
trace_00055,arith_004,arithmetic,llama3.2:latest,medium,incorrect,arith_004__temp_0p5__trial_05,5,0.5,0p5,1,2,Subtract the number of books returned from the total.,The remaining books that are still checked out.,0.329909,0.9440128,4,0.2977287,0.087746896,-0.20516704,0.1369288,0.22420913,0.2624348,-0.13415903,0.07891132,2,1.0,late
trace_00056,arith_004,arithmetic,llama3.2:latest,medium,correct,arith_004__temp_0p8__trial_01,1,0.8,0p8,0,1,Calculate the total number of books initially checked out.,Subtract the number of books returned from the total to find the remaining number of books checked out.,0.16181105,0.9868217,0,-0.42635348,-0.16396217,0.17258422,0.0072972826,0.007648966,-0.1052486,-0.0618808,-0.045405988,4,0.25,early
trace_00056,arith_004,arithmetic,llama3.2:latest,medium,correct,arith_004__temp_0p8__trial_01,1,0.8,0p8,1,2,Subtract the number of books returned from the total to find the remaining number of books checked out.,Adult books that didn't return: 42 - (9-31) = 42 - (-22) = 42 + 22 = 64,0.20402297,0.9789661,1,0.16894434,-0.0850004,-0.19411752,0.051892996,-0.0585293,0.08669122,-0.093469456,-0.12015432,4,0.5,middle
trace_00056,arith_004,arithmetic,llama3.2:latest,medium,correct,arith_004__temp_0p8__trial_01,1,0.8,0p8,2,3,Adult books that didn't return: 42 - (9-31) = 42 - (-22) = 42 + 22 = 64,Children books that didn't return: 31 - 9 = 22,0.14680047,0.9891662,4,0.02414448,0.10293795,0.0071378117,0.042471465,0.21546587,0.10113296,-0.023211481,0.011111093,4,0.75,late
trace_00056,arith_004,arithmetic,llama3.2:latest,medium,correct,arith_004__temp_0p8__trial_01,1,0.8,0p8,3,4,Children books that didn't return: 31 - 9 = 22,Total books that stayed checked out: adult and children books: 64 + 22 = 86,0.20389448,0.9789929,3,0.2618658,0.18447404,-0.01965738,0.035341404,-0.1192924,-0.016705813,0.011785662,0.05656531,4,1.0,late
trace_00057,arith_004,arithmetic,llama3.2:latest,medium,incorrect,arith_004__temp_0p8__trial_02,2,0.8,0p8,0,1,Calculate the total number of books initially checked out.,Subtract the number of books returned from the initial total.,0.08579013,0.9963133,0,-0.3944361,-0.26129386,0.23745006,-0.038219724,-0.07945838,-0.22063917,-0.07816327,-0.06240556,3,0.3333333333333333,early
trace_00057,arith_004,arithmetic,llama3.2:latest,medium,incorrect,arith_004__temp_0p8__trial_02,2,0.8,0p8,1,2,Subtract the number of books returned from the initial total.,Add up the number of books checked out for adults and children separately.,0.24388826,0.96980333,3,0.39445603,0.23392801,-0.15078926,-0.00018731752,0.001349209,0.050119285,0.06484143,0.076037645,3,0.6666666666666666,middle
trace_00057,arith_004,arithmetic,llama3.2:latest,medium,incorrect,arith_004__temp_0p8__trial_02,2,0.8,0p8,2,3,Add up the number of books checked out for adults and children separately.,Find the difference between steps 2 and 3 to determine the final count of borrowed books.,0.20808159,0.97811145,0,-0.25765863,-0.21537066,-0.02112496,-0.09499793,-0.07905966,0.04838285,-0.032296557,-0.13363183,3,1.0,late
trace_00058,arith_004,arithmetic,llama3.2:latest,medium,incorrect,arith_004__temp_0p8__trial_03,3,0.8,0p8,0,1,Calculate the total number of books initially checked out.,Subtract the number of books returned from the total.,0.13110003,0.9913692,0,-0.4479817,-0.24425165,0.20998728,-0.023731953,-0.0736462,-0.22143508,-0.1243711,-0.06791092,3,0.3333333333333333,early
trace_00058,arith_004,arithmetic,llama3.2:latest,medium,incorrect,arith_004__temp_0p8__trial_03,3,0.8,0p8,1,2,Subtract the number of books returned from the total.,Add up the initial numbers for adults and children separately.,0.2857549,0.9583028,3,0.3354565,0.224627,-0.11362499,0.023726083,-0.17063248,0.015347688,0.0918961,0.044840887,3,0.6666666666666666,middle
trace_00058,arith_004,arithmetic,llama3.2:latest,medium,incorrect,arith_004__temp_0p8__trial_03,3,0.8,0p8,2,3,Add up the initial numbers for adults and children separately.,Subtract the return amount once to find the final count for both groups combined.,0.09471307,0.9955046,0,-0.3032922,-0.14170882,0.049298357,-0.07213009,0.094398275,0.0038988276,-0.057861365,-0.017735234,3,1.0,late
trace_00059,arith_004,arithmetic,llama3.2:latest,medium,incorrect,arith_004__temp_0p8__trial_04,4,0.8,0p8,0,1,Calculate the total number of books initially checked out.,Subtract the number of returned books from the initial total to find the remaining checked-out books.,0.15569557,0.98780507,0,-0.42747042,-0.24382767,0.20463614,0.038675323,-0.008505915,-0.06897943,-0.067429714,-0.037190873,4,0.25,early
trace_00059,arith_004,arithmetic,llama3.2:latest,medium,incorrect,arith_004__temp_0p8__trial_04,4,0.8,0p8,1,2,Subtract the number of returned books from the initial total to find the remaining checked-out books.,Adult books: 42 - 0 = 42,0.27817193,0.96053135,1,0.19052394,0.085464075,-0.17979524,0.1027436,-0.09684833,0.048425917,-0.058526997,-0.106776506,4,0.5,middle
trace_00059,arith_004,arithmetic,llama3.2:latest,medium,incorrect,arith_004__temp_0p8__trial_04,4,0.8,0p8,2,3,Adult books: 42 - 0 = 42,Children's books: 31 - 0 = 31,0.16334578,0.98656887,3,-0.018687043,0.008939976,-0.051420704,0.02050658,0.08503325,0.02549704,0.022694247,-0.02796913,4,0.75,late
trace_00059,arith_004,arithmetic,llama3.2:latest,medium,incorrect,arith_004__temp_0p8__trial_04,4,0.8,0p8,3,4,Children's books: 31 - 0 = 31,Total remaining checked-out books: 42 + 31 = 73,0.27438876,0.96161884,4,0.025376748,-0.08662786,0.022535408,-0.08630797,0.07799031,0.07986672,-0.037682727,0.0979878,4,1.0,late
trace_00060,arith_004,arithmetic,llama3.2:latest,medium,correct,arith_004__temp_0p8__trial_05,5,0.8,0p8,0,1,Start with the total number of books initially checked out.,Calculate the initial total by adding the adult and children books.,0.16765645,0.9858455,0,-0.011171903,-0.018424151,0.10722877,0.0059435884,-0.11142932,-0.090938,0.036283344,-0.10485674,6,0.16666666666666666,early
trace_00060,arith_004,arithmetic,llama3.2:latest,medium,correct,arith_004__temp_0p8__trial_05,5,0.8,0p8,1,2,Calculate the initial total by adding the adult and children books.,Total = Adult + Children,0.3832989,0.92362434,3,0.028698262,0.17389907,-0.06395774,0.15969461,0.06666149,-0.090973355,-0.17423718,-0.0050982684,6,0.3333333333333333,early
trace_00060,arith_004,arithmetic,llama3.2:latest,medium,correct,arith_004__temp_0p8__trial_05,5,0.8,0p8,2,3,Total = Adult + Children,Total = 42 + 31 = 73,0.14941971,0.9887739,0,-0.0759526,-0.14608298,-0.14246769,-0.09378058,-0.01625562,0.18267097,-0.038932286,-0.08299689,6,0.5,middle
trace_00060,arith_004,arithmetic,llama3.2:latest,medium,correct,arith_004__temp_0p8__trial_05,5,0.8,0p8,3,4,Total = 42 + 31 = 73,Subtract the number of returned books from the initial total.,0.20510377,0.9787403,0,-0.150037,-0.08066344,0.237423,-0.025479907,0.042544503,-0.090529926,0.08242389,0.06331543,6,0.6666666666666666,middle
trace_00060,arith_004,arithmetic,llama3.2:latest,medium,correct,arith_004__temp_0p8__trial_05,5,0.8,0p8,4,5,Subtract the number of returned books from the initial total.,Remaining books = Initial total - Returned books,0.24756017,0.96887255,4,0.28481883,-0.105741076,-0.14697,0.06906097,0.23473898,0.11438074,-0.06244221,0.059682388,6,0.8333333333333334,late
trace_00060,arith_004,arithmetic,llama3.2:latest,medium,correct,arith_004__temp_0p8__trial_05,5,0.8,0p8,5,6,Remaining books = Initial total - Returned books,Remaining books = 73 - 9 = 64,0.08210704,0.99662346,1,0.06419146,0.086547114,-0.22885424,0.024589268,-0.07421179,0.21008952,-0.08660277,-0.09527259,6,1.0,late
trace_00061,logic_001,symbolic_logic,llama3.2:latest,easy,incorrect,logic_001__temp_0p2__trial_01,1,0.2,0p2,0,1,We know that all glims are bloops.,Some bloops are razs.,0.13581064,0.9907349,1,-0.0169861,-0.36999616,-0.39996278,0.4151874,-0.3130447,0.019552773,0.03365595,-0.2602371,4,0.25,early
trace_00061,logic_001,symbolic_logic,llama3.2:latest,easy,incorrect,logic_001__temp_0p2__trial_01,1,0.2,0p2,1,2,Some bloops are razs.,"From steps 1 and 2, we can infer that at least one bloop is a raz (since some bloops are razs).",0.3175553,0.94823974,0,-0.10973818,-0.123277724,0.030050302,-0.26845142,-0.11740579,0.20035194,0.26966244,-0.0070754653,4,0.5,middle
trace_00061,logic_001,symbolic_logic,llama3.2:latest,easy,incorrect,logic_001__temp_0p2__trial_01,1,0.2,0p2,2,3,"From steps 1 and 2, we can infer that at least one bloop is a raz (since some bloops are razs).","However, we cannot conclude that all glims are razs, because the statement ""some bloops are razs"" does not imply that every gloom is a raz.",0.29047722,0.95688194,3,0.13757035,0.1068106,0.24034019,-0.04904774,0.20240532,-0.01918155,-0.20815033,0.23711152,4,0.75,late
trace_00061,logic_001,symbolic_logic,llama3.2:latest,easy,incorrect,logic_001__temp_0p2__trial_01,1,0.2,0p2,3,4,"However, we cannot conclude that all glims are razs, because the statement ""some bloops are razs"" does not imply that every gloom is a raz.","Therefore, we cannot conclude that some glims are razs.",0.11360537,0.9935259,1,-0.095594,0.22706042,0.028316747,-0.13325053,0.07118147,-0.020939926,0.025829697,-0.01569192,4,1.0,late
trace_00062,logic_001,symbolic_logic,llama3.2:latest,easy,correct,logic_001__temp_0p2__trial_02,2,0.2,0p2,0,1,We know that all glims are bloops (given).,Some bloops are razs (given).,0.17638451,0.98432136,1,-0.054638755,-0.38373297,-0.41233277,0.3997798,-0.3317687,0.025443427,0.06835503,-0.25081536,4,0.25,early
trace_00062,logic_001,symbolic_logic,llama3.2:latest,easy,correct,logic_001__temp_0p2__trial_02,2,0.2,0p2,1,2,Some bloops are razs (given).,"From steps 1 and 2, we have a subset of bloops that are also razs.",0.20464364,0.9788365,0,0.012837906,-0.10649209,0.06986595,-0.2921217,-0.0671358,0.03368789,0.1420186,-0.002778293,4,0.5,middle
trace_00062,logic_001,symbolic_logic,llama3.2:latest,easy,correct,logic_001__temp_0p2__trial_02,2,0.2,0p2,2,3,"From steps 1 and 2, we have a subset of bloops that are also razs.","Since all glims are bloops, the set of glims is a superset of the set of bloops that are razs.",0.19024025,0.98173755,3,0.1602353,0.3193841,0.28890514,-0.18005402,0.26671425,-0.062111218,-0.22767848,0.2789948,4,0.75,late
trace_00062,logic_001,symbolic_logic,llama3.2:latest,easy,correct,logic_001__temp_0p2__trial_02,2,0.2,0p2,3,4,"Since all glims are bloops, the set of glims is a superset of the set of bloops that are razs.","Therefore, some glims must be in the set of bloops that are razs.",0.09729833,0.99525523,0,-0.075490296,-0.11415347,-0.029738538,0.031042773,-0.039567962,0.11873637,0.20138949,-0.008567897,4,1.0,late
trace_00063,logic_001,symbolic_logic,llama3.2:latest,easy,correct,logic_001__temp_0p2__trial_03,3,0.2,0p2,0,1,We know that all glims are bloops.,Some bloops are razs.,0.13581064,0.9907349,1,-0.0169861,-0.36999616,-0.39996278,0.4151874,-0.3130447,0.019552773,0.03365595,-0.2602371,4,0.25,early
trace_00063,logic_001,symbolic_logic,llama3.2:latest,easy,correct,logic_001__temp_0p2__trial_03,3,0.2,0p2,1,2,Some bloops are razs.,"From steps 1 and 2, we can infer that at least one bloop is a raz (since there are bloops that are razs).",0.3273846,0.9448913,0,-0.11616725,-0.1112628,0.027958142,-0.26491424,-0.109262794,0.20620073,0.26811802,0.015318737,4,0.5,middle
trace_00063,logic_001,symbolic_logic,llama3.2:latest,easy,correct,logic_001__temp_0p2__trial_03,3,0.2,0p2,2,3,"From steps 1 and 2, we can infer that at least one bloop is a raz (since there are bloops that are razs).","Since all glims are bloops, the bloops in step 3 must also be glims.",0.18151626,0.98338795,3,0.153702,0.23556063,0.3644552,-0.2853314,0.2509748,-0.12322462,-0.14779991,0.24399021,4,0.75,late
trace_00063,logic_001,symbolic_logic,llama3.2:latest,easy,correct,logic_001__temp_0p2__trial_03,3,0.2,0p2,3,4,"Since all glims are bloops, the bloops in step 3 must also be glims.","Therefore, some glims are razs.",0.18016608,0.98363626,1,0.009515658,0.05599274,-0.16658899,0.15803188,-0.045508727,0.012455159,-0.07120259,-0.014042116,4,1.0,late
trace_00064,logic_001,symbolic_logic,llama3.2:latest,easy,incorrect,logic_001__temp_0p2__trial_04,4,0.2,0p2,0,1,We know that all glims are bloops.,Some bloops are razs.,0.1358106,0.99073476,1,-0.016986072,-0.3699963,-0.39996287,0.41518754,-0.31304494,0.01955284,0.03365649,-0.26023725,4,0.25,early
trace_00064,logic_001,symbolic_logic,llama3.2:latest,easy,incorrect,logic_001__temp_0p2__trial_04,4,0.2,0p2,1,2,Some bloops are razs.,"From steps 1 and 2, we can infer that at least one bloop is a razz (since some bloops are razs).",0.31914523,0.9477058,0,-0.0774656,-0.068533644,0.03842565,-0.26098415,-0.10636989,0.22984995,0.26806414,-0.016409777,4,0.5,middle
trace_00064,logic_001,symbolic_logic,llama3.2:latest,easy,incorrect,logic_001__temp_0p2__trial_04,4,0.2,0p2,2,3,"From steps 1 and 2, we can infer that at least one bloop is a razz (since some bloops are razs).","Since all glims are bloops (from step 1), it follows that at least one glim is also a bloop.",0.22554344,0.9742331,3,0.1379378,0.2820202,0.38527268,-0.30553213,0.34042498,-0.16910827,-0.13367753,0.2871747,4,0.75,late
trace_00064,logic_001,symbolic_logic,llama3.2:latest,easy,incorrect,logic_001__temp_0p2__trial_04,4,0.2,0p2,3,4,"Since all glims are bloops (from step 1), it follows that at least one glim is also a bloop.","Combining steps 3 and 4, we can conclude that at least one glim is a razz.",0.1802998,0.98361176,1,-0.049340367,-0.07025477,-0.18402766,0.078313485,-0.19950747,0.24347329,0.03795083,-0.060528986,4,1.0,late
trace_00065,logic_001,symbolic_logic,llama3.2:latest,easy,incorrect,logic_001__temp_0p2__trial_05,5,0.2,0p2,0,1,We know that all glims are bloops.,Some bloops are razs.,0.1358106,0.99073476,1,-0.016986072,-0.3699963,-0.39996287,0.41518754,-0.31304494,0.01955284,0.03365649,-0.26023725,5,0.2,early
trace_00065,logic_001,symbolic_logic,llama3.2:latest,easy,incorrect,logic_001__temp_0p2__trial_05,5,0.2,0p2,1,2,Some bloops are razs.,"From steps 1 and 2, we can infer that at least one bloop is a raz (since there are bloops that are razs).",0.3273846,0.9448913,0,-0.11616725,-0.1112628,0.027958142,-0.26491424,-0.109262794,0.20620073,0.26811802,0.015318737,5,0.4,middle
trace_00065,logic_001,symbolic_logic,llama3.2:latest,easy,incorrect,logic_001__temp_0p2__trial_05,5,0.2,0p2,2,3,"From steps 1 and 2, we can infer that at least one bloop is a raz (since there are bloops that are razs).","However, this does not necessarily mean that some glims are razs.",0.25949967,0.9657432,3,0.12647907,0.28490287,0.17804216,-0.09920085,0.21041365,-0.14621638,-0.25340825,0.20101099,5,0.6,middle
trace_00065,logic_001,symbolic_logic,llama3.2:latest,easy,incorrect,logic_001__temp_0p2__trial_05,5,0.2,0p2,3,4,"However, this does not necessarily mean that some glims are razs.",We cannot conclude that all glims are razs or even most glims are razs.,0.19622493,0.98055893,0,-0.11251553,-0.02613573,0.16602504,-0.0708602,0.037205983,0.2942866,0.069588505,-0.02864555,5,0.8,late
trace_00065,logic_001,symbolic_logic,llama3.2:latest,easy,incorrect,logic_001__temp_0p2__trial_05,5,0.2,0p2,4,5,We cannot conclude that all glims are razs or even most glims are razs.,"The only thing we can be certain of is that at least one raz is a gloom (since it's a bloop), but we don't know if any other glims are razs.",0.1462305,0.9892506,3,0.16055286,-0.082660116,-0.1719218,0.1391338,-0.12415026,0.03910738,-0.030657252,-0.042857606,5,1.0,late
trace_00066,logic_001,symbolic_logic,llama3.2:latest,easy,correct,logic_001__temp_0p5__trial_01,1,0.5,0p5,0,1,We know that all glims are bloops (G).,Some bloops are razs (B).,0.18411925,0.98290396,1,-0.050439592,-0.4163012,-0.41145697,0.39597598,-0.3038669,0.032331463,0.0599985,-0.26603037,3,0.3333333333333333,early
trace_00066,logic_001,symbolic_logic,llama3.2:latest,easy,correct,logic_001__temp_0p5__trial_01,1,0.5,0p5,1,2,Some bloops are razs (B).,"If B is true, then there must be at least one bloop that is a ras.",0.24123164,0.97046757,0,0.024358671,0.06510136,0.15561809,-0.28357643,0.09482407,0.050624125,0.02933533,0.055251375,3,0.6666666666666666,middle
trace_00066,logic_001,symbolic_logic,llama3.2:latest,easy,correct,logic_001__temp_0p5__trial_01,1,0.5,0p5,2,3,"If B is true, then there must be at least one bloop that is a ras.","Since all glims are bloops (G), if we have at least one bloop that is also a ras, then some glims are razs.",0.36596912,0.930627,3,0.09500921,0.23887238,0.14889728,-0.059177484,0.037170712,-0.05658381,-0.11103773,0.17685112,3,1.0,late
trace_00067,logic_001,symbolic_logic,llama3.2:latest,easy,correct,logic_001__temp_0p5__trial_02,2,0.5,0p5,0,1,We know that all glims are bloops (All A implies All B).,We also know that some bloops are razs (Some B implies Some C).,0.16152547,0.98686856,1,-0.07657265,-0.38319623,-0.4421524,0.33316827,-0.26196405,0.027516885,0.085366696,-0.27106968,2,0.5,middle
trace_00067,logic_001,symbolic_logic,llama3.2:latest,easy,correct,logic_001__temp_0p5__trial_02,2,0.5,0p5,1,2,We also know that some bloops are razs (Some B implies Some C).,"From step 1 and step 2, we can conclude that some glims are razs (Some A implies Some C).",0.0688679,0.9976258,0,0.056334104,0.127624,0.20929539,-0.28202787,0.06448337,0.062258493,0.022075126,0.2368685,2,1.0,late
trace_00068,logic_001,symbolic_logic,llama3.2:latest,easy,correct,logic_001__temp_0p5__trial_03,3,0.5,0p5,0,1,"We know that all glims are bloops (let's call this rule ""A → B"").","Some bloops are razs (let's call this rule ""B → C"").",0.22711782,0.97386736,1,-0.055992663,-0.4292727,-0.40807378,0.383386,-0.25554237,0.032389503,0.08316987,-0.23692353,4,0.25,early
trace_00068,logic_001,symbolic_logic,llama3.2:latest,easy,correct,logic_001__temp_0p5__trial_03,3,0.5,0p5,1,2,"Some bloops are razs (let's call this rule ""B → C"").","However, these two rules do not imply a direct relationship between glims and razs.",0.16856623,0.98569036,3,0.07361139,0.19544108,0.2962622,-0.19765154,0.11826725,-0.034835212,-0.07807253,0.2140474,4,0.5,middle
trace_00068,logic_001,symbolic_logic,llama3.2:latest,easy,correct,logic_001__temp_0p5__trial_03,3,0.5,0p5,2,3,"However, these two rules do not imply a direct relationship between glims and razs.","There could be other types of entities that are also bloops but not razs (e.g., ""D"").",0.06072366,0.99815464,1,-0.0064822384,-0.087240666,-0.26788285,0.24041337,-0.19047919,0.034950342,0.049553577,-0.22547682,4,0.75,late
trace_00068,logic_001,symbolic_logic,llama3.2:latest,easy,correct,logic_001__temp_0p5__trial_03,3,0.5,0p5,3,4,"There could be other types of entities that are also bloops but not razs (e.g., ""D"").",We cannot conclude that some glims are razs based on the given information alone.,0.1097812,0.9939559,0,-0.06044278,0.1948558,0.247822,-0.1942792,0.06417489,0.13698961,-0.010433577,0.13789554,4,1.0,late
trace_00069,logic_001,symbolic_logic,llama3.2:latest,easy,correct,logic_001__temp_0p5__trial_04,4,0.5,0p5,0,1,All glims are bloops (given statement),Some bloops are razs (given statement),0.19597057,0.98060983,1,-0.097014084,-0.35178494,-0.39597273,0.3718143,-0.30257314,0.021035181,0.07656951,-0.310523,4,0.25,early
trace_00069,logic_001,symbolic_logic,llama3.2:latest,easy,correct,logic_001__temp_0p5__trial_04,4,0.5,0p5,1,2,Some bloops are razs (given statement),"Since all glims are bloops, and some bloops are razs, it logically follows that at least some of the glims must be razs.",0.28603697,0.9582186,3,0.17040505,0.31483662,0.3532948,-0.31448087,0.2620132,0.011241171,-0.17230666,0.29572538,4,0.5,middle
trace_00069,logic_001,symbolic_logic,llama3.2:latest,easy,correct,logic_001__temp_0p5__trial_04,4,0.5,0p5,2,3,"Since all glims are bloops, and some bloops are razs, it logically follows that at least some of the glims must be razs.",There is no information to suggest that all bloops are razs; only that some of them are.,0.18528266,0.9826853,1,-0.05999684,-0.24956138,-0.344695,0.35475037,-0.25592285,0.023600038,0.024465702,-0.33321,4,0.75,late
trace_00069,logic_001,symbolic_logic,llama3.2:latest,easy,correct,logic_001__temp_0p5__trial_04,4,0.5,0p5,3,4,There is no information to suggest that all bloops are razs; only that some of them are.,"Therefore, we can conclude that some glims are razs.",0.0753033,0.9971607,0,0.02278044,0.23445545,0.18069056,-0.32635364,0.14954466,-0.011132539,-0.0068109105,0.17928517,4,1.0,late
trace_00070,logic_001,symbolic_logic,llama3.2:latest,easy,incorrect,logic_001__temp_0p5__trial_05,5,0.5,0p5,0,1,We know that all glims are bloops.,Some bloops are razs.,0.1358106,0.99073476,1,-0.016986072,-0.3699963,-0.39996287,0.41518754,-0.31304494,0.01955284,0.03365649,-0.26023725,4,0.25,early
trace_00070,logic_001,symbolic_logic,llama3.2:latest,easy,incorrect,logic_001__temp_0p5__trial_05,5,0.5,0p5,1,2,Some bloops are razs.,"Let's consider an example of a bloop: if it is also a glim, then according to step 1, it must be a raz (since some bloops are razs).",0.19560358,0.980683,0,0.003889479,0.07189529,0.28416786,-0.40525854,0.17139277,-0.036551964,0.18336049,0.12058773,4,0.5,middle
trace_00070,logic_001,symbolic_logic,llama3.2:latest,easy,incorrect,logic_001__temp_0p5__trial_05,5,0.5,0p5,2,3,"Let's consider an example of a bloop: if it is also a glim, then according to step 1, it must be a raz (since some bloops are razs).","However, we cannot conclude that all glims are razs based on this reasoning alone.",0.2219933,0.9750482,3,-0.026412588,0.09834781,0.023728538,0.018756827,0.06271597,0.115251966,-0.19494052,0.13511173,4,0.75,late
trace_00070,logic_001,symbolic_logic,llama3.2:latest,easy,incorrect,logic_001__temp_0p5__trial_05,5,0.5,0p5,3,4,"However, we cannot conclude that all glims are razs based on this reasoning alone.",We can only conclude that there exists at least one raz that is also a glim.,0.16115294,0.9869294,3,0.17132175,0.19746329,0.011144153,-0.13770589,0.062210698,0.081885494,0.013001124,0.1388728,4,1.0,late
trace_00071,logic_001,symbolic_logic,llama3.2:latest,easy,correct,logic_001__temp_0p8__trial_01,1,0.8,0p8,0,1,We know that all glims are bloops (if G is a subset of B).,We also know that some bloops are razs (there exists an element x in B such that x = r).,0.18352601,0.9830149,1,-0.08274125,-0.35726357,-0.3939607,0.28746846,-0.3094627,0.07811063,0.047883943,-0.24130073,2,0.5,middle
trace_00071,logic_001,symbolic_logic,llama3.2:latest,easy,correct,logic_001__temp_0p8__trial_01,1,0.8,0p8,1,2,We also know that some bloops are razs (there exists an element x in B such that x = r).,"Combining steps 1 and 2, we can conclude that at least one bloop (in this case, r) is also a ras (since there exists an element that belongs to both sets).",0.20187555,0.97941124,0,0.05024782,0.04813984,0.1557231,-0.16266446,0.029437758,0.003485921,0.03784567,0.0841294,2,1.0,late
trace_00072,logic_001,symbolic_logic,llama3.2:latest,easy,correct,logic_001__temp_0p8__trial_02,2,0.8,0p8,0,1,Understand the given statements:,- All glims are bloops (GLIMS → BLOOPS),0.4100607,0.9120583,3,0.053981185,0.18736115,0.12769942,-0.07905945,0.17739214,0.015765741,-0.15737821,0.10348936,7,0.14285714285714285,early
trace_00072,logic_001,symbolic_logic,llama3.2:latest,easy,correct,logic_001__temp_0p8__trial_02,2,0.8,0p8,1,2,- All glims are bloops (GLIMS → BLOOPS),- Some bloops are razs (BLOOPS → RAZS),0.1729639,0.98492813,1,-0.07848947,-0.3424578,-0.43514574,0.37822592,-0.3204657,0.0737746,0.07147021,-0.28198394,7,0.2857142857142857,early
trace_00072,logic_001,symbolic_logic,llama3.2:latest,easy,correct,logic_001__temp_0p8__trial_02,2,0.8,0p8,2,3,- Some bloops are razs (BLOOPS → RAZS),Identify the type of reasoning:,0.3945153,0.91888934,3,0.07112235,0.2723548,0.14903286,-0.2356705,0.021891227,-0.005919743,0.023866504,0.010010442,7,0.42857142857142855,middle
trace_00072,logic_001,symbolic_logic,llama3.2:latest,easy,correct,logic_001__temp_0p8__trial_02,2,0.8,0p8,3,4,Identify the type of reasoning:,"This is an application of a syllogism, specifically the affirmative conclusion.",0.14649157,0.989212,4,-0.03884895,-0.16222185,0.049386557,0.019240124,0.03518693,-0.10966193,0.013788233,0.09805243,7,0.5714285714285714,middle
trace_00072,logic_001,symbolic_logic,llama3.2:latest,easy,correct,logic_001__temp_0p8__trial_02,2,0.8,0p8,4,5,"This is an application of a syllogism, specifically the affirmative conclusion.",Determine if we can conclude that some glims are razs:,0.29584533,0.9552359,3,0.016099447,0.15513107,0.015738476,0.0072595766,-0.026221696,0.19692115,-0.052385822,-0.008606257,7,0.7142857142857143,late
trace_00072,logic_001,symbolic_logic,llama3.2:latest,easy,correct,logic_001__temp_0p8__trial_02,2,0.8,0p8,5,6,Determine if we can conclude that some glims are razs:,"The first statement only guarantees that every glam is also a bloom, but does not imply any relationship between blooms and razs.",0.1906388,0.98166025,4,0.1679693,-0.18380287,-0.08111532,0.0850885,0.040162243,-0.062402744,0.017518912,-0.013028936,7,0.8571428571428571,late
trace_00072,logic_001,symbolic_logic,llama3.2:latest,easy,correct,logic_001__temp_0p8__trial_02,2,0.8,0p8,6,7,"The first statement only guarantees that every glam is also a bloom, but does not imply any relationship between blooms and razs.","Since there is no direct connection stated between glims and razs (only between glims and bloops), we cannot deduce that some glims are razs.",0.25843412,0.9660288,3,-0.05708306,0.17991549,0.08229098,-0.08733419,0.07271364,0.031899646,-0.09790254,0.05842949,7,1.0,late
trace_00073,logic_001,symbolic_logic,llama3.2:latest,easy,incorrect,logic_001__temp_0p8__trial_03,3,0.8,0p8,0,1,All glims are bloops,Some bloops are razs (this is a specific instance of the general statement in step 1),0.23258305,0.9725765,1,-0.14539754,-0.43270975,-0.35093123,0.17969485,-0.26220623,0.057220027,0.20997913,-0.21921556,4,0.25,early
trace_00073,logic_001,symbolic_logic,llama3.2:latest,easy,incorrect,logic_001__temp_0p8__trial_03,3,0.8,0p8,1,2,Some bloops are razs (this is a specific instance of the general statement in step 1),"Since all glims are bloops and this particular bloop is also a raz, it implies that any other glim would also be classified as a bloop.",0.176219,0.9843509,3,0.18361549,0.37535685,0.33461028,-0.1600483,0.22738652,-0.074302934,-0.17429261,0.10636206,4,0.5,middle
trace_00073,logic_001,symbolic_logic,llama3.2:latest,easy,incorrect,logic_001__temp_0p8__trial_03,3,0.8,0p8,2,3,"Since all glims are bloops and this particular bloop is also a raz, it implies that any other glim would also be classified as a bloop.","However, since some bloops are specifically razs, we cannot conclude that every bloop (including those that are not razs) is a raz.",0.21545604,0.97651356,1,-0.17089933,-0.37080914,-0.3223941,0.28995967,-0.19145066,0.05938579,0.10020775,-0.27135184,4,0.75,late
trace_00073,logic_001,symbolic_logic,llama3.2:latest,easy,incorrect,logic_001__temp_0p8__trial_03,3,0.8,0p8,3,4,"However, since some bloops are specifically razs, we cannot conclude that every bloop (including those that are not razs) is a raz.","But, if all glims are indeed bloops and some bloops are razs, then it logically follows that at least some of the glims would also be classified as razs.",0.21079385,0.97753054,3,0.12802227,0.36029145,0.27085027,-0.26796454,0.1375171,0.031339265,-0.1353803,0.29469812,4,1.0,late
trace_00074,logic_001,symbolic_logic,llama3.2:latest,easy,incorrect,logic_001__temp_0p8__trial_04,4,0.8,0p8,0,1,All glims are bloops.,Some bloops are razs.,0.13178144,0.99127877,1,-0.069244675,-0.3256143,-0.42549592,0.36807662,-0.28253907,0.03280914,0.05595942,-0.32846513,4,0.25,early
trace_00074,logic_001,symbolic_logic,llama3.2:latest,easy,incorrect,logic_001__temp_0p8__trial_04,4,0.8,0p8,1,2,Some bloops are razs.,"From steps 1 and 2, we know that if x is a glim (from step 1), then x is a bloop (by definition of all glims being bloops).",0.16277461,0.9866633,0,0.034529343,0.17830692,0.31159467,-0.44790587,0.22640224,-0.026370756,0.13509983,0.1696352,4,0.5,middle
trace_00074,logic_001,symbolic_logic,llama3.2:latest,easy,incorrect,logic_001__temp_0p8__trial_04,4,0.8,0p8,2,3,"From steps 1 and 2, we know that if x is a glim (from step 1), then x is a bloop (by definition of all glims being bloops).","If x is a bloop (step 3) and some bloops are razs (step 2), then x must be a razz.",0.21166901,0.9773414,1,-0.06649991,-0.32200912,-0.31968814,0.36765084,-0.36940008,0.12993751,0.02149059,-0.22374706,4,0.75,late
trace_00074,logic_001,symbolic_logic,llama3.2:latest,easy,incorrect,logic_001__temp_0p8__trial_04,4,0.8,0p8,3,4,"If x is a bloop (step 3) and some bloops are razs (step 2), then x must be a razz.","However, the conclusion that ""some glims are razs"" does not follow from steps 1-4 because we cannot directly infer that any specific glim must be a razz.",0.21879922,0.97576994,3,0.02648659,0.2518683,0.17732772,-0.2422523,0.19983435,0.18003346,-0.11004508,0.21389022,4,1.0,late
trace_00075,logic_001,symbolic_logic,llama3.2:latest,easy,incorrect,logic_001__temp_0p8__trial_05,5,0.8,0p8,0,1,"Given that all glims are bloops (glim → blop), this means every glim has the property of being a bloop.","Also given that some bloops are razs (blop → raz), since it's true for at least one bloop, it implies that having the property of being a raz is compatible with having the property of being a bloop.",0.21097758,0.9774909,1,-0.07409638,-0.31048736,-0.3491595,0.38076088,-0.27245575,0.07376392,0.05053281,-0.25573558,2,0.5,middle
trace_00075,logic_001,symbolic_logic,llama3.2:latest,easy,incorrect,logic_001__temp_0p8__trial_05,5,0.8,0p8,1,2,"Also given that some bloops are razs (blop → raz), since it's true for at least one bloop, it implies that having the property of being a raz is compatible with having the property of being a bloop.","Since every glim has the property of being a bloop, and having the property of being a raz is also compatible with having the property of being a bloop, we can conclude that some glims must have the property of being razs.",0.19202495,0.98139006,3,0.12633936,0.32785788,0.2672263,-0.35399535,0.2626918,-0.0153191695,-0.07144,0.23457855,2,1.0,late
trace_00076,logic_002,symbolic_logic,llama3.2:latest,easy,correct,logic_002__temp_0p2__trial_01,1,0.2,0p2,0,1,Given that no kets are lums.,Given that all lums are nops.,0.16060877,0.98701817,3,0.06580549,0.15463182,0.14829591,0.37827107,-0.285504,0.110614985,-0.17460355,0.52698666,3,0.3333333333333333,early
trace_00076,logic_002,symbolic_logic,llama3.2:latest,easy,correct,logic_002__temp_0p2__trial_01,1,0.2,0p2,1,2,Given that all lums are nops.,"Since all lums are nops (step 2), and no kets are lums (step 1), it follows that no kets are nops.",0.13135493,0.9913354,0,-0.006540973,-0.20656687,-0.07996728,-0.3533831,0.16276243,-0.033081662,0.26605615,-0.38444498,3,0.6666666666666666,middle
trace_00076,logic_002,symbolic_logic,llama3.2:latest,easy,correct,logic_002__temp_0p2__trial_01,1,0.2,0p2,2,3,"Since all lums are nops (step 2), and no kets are lums (step 1), it follows that no kets are nops.","Therefore, the relationship between kets and nops is that kets are not nops.",0.23778476,0.97131795,1,0.08563733,0.021849968,0.055685584,-0.059738446,0.04030632,-0.21397774,-0.13252734,-0.020397887,3,1.0,late
trace_00077,logic_002,symbolic_logic,llama3.2:latest,easy,incorrect,logic_002__temp_0p2__trial_02,2,0.2,0p2,0,1,If no kets are lums.,All lums are nops.,0.1490634,0.98882765,3,0.058139805,0.12591279,0.13460714,0.37686747,-0.29513237,0.12506513,-0.16393404,0.51003873,2,0.5,middle
trace_00077,logic_002,symbolic_logic,llama3.2:latest,easy,incorrect,logic_002__temp_0p2__trial_02,2,0.2,0p2,1,2,All lums are nops.,"Since all lums are nops, and no kets are lums, it logically follows that no kets can be nops.",0.20642002,0.9784635,0,0.005440815,-0.18786012,-0.009636711,-0.4171257,0.3275311,-0.078895,0.22815132,-0.38380554,2,1.0,late
trace_00078,logic_002,symbolic_logic,llama3.2:latest,easy,correct,logic_002__temp_0p2__trial_03,3,0.2,0p2,0,1,Given that no kets are lums.,Given that all lums are nops.,0.16060877,0.98701817,3,0.06580549,0.15463182,0.14829591,0.37827107,-0.285504,0.110614985,-0.17460355,0.52698666,2,0.5,middle
trace_00078,logic_002,symbolic_logic,llama3.2:latest,easy,correct,logic_002__temp_0p2__trial_03,3,0.2,0p2,1,2,Given that all lums are nops.,"Since all lums are nops (step 2), and no kets are lums (step 1), it follows that no kets are nops.",0.13135493,0.9913354,0,-0.006540973,-0.20656687,-0.07996728,-0.3533831,0.16276243,-0.033081662,0.26605615,-0.38444498,2,1.0,late
trace_00079,logic_002,symbolic_logic,llama3.2:latest,easy,correct,logic_002__temp_0p2__trial_04,4,0.2,0p2,0,1,Given that no kets are lums.,Given that all lums are nops.,0.16060877,0.98701817,3,0.06580549,0.15463182,0.14829591,0.37827107,-0.285504,0.110614985,-0.17460355,0.52698666,3,0.3333333333333333,early
trace_00079,logic_002,symbolic_logic,llama3.2:latest,easy,correct,logic_002__temp_0p2__trial_04,4,0.2,0p2,1,2,Given that all lums are nops.,"From statement 2, we can conclude that any entity that is a lum must also be a nop.",0.19606087,0.9805917,0,0.028288865,-0.14543892,-0.08604659,-0.16231628,0.0061952523,-0.02045545,0.12515949,-0.20744896,3,0.6666666666666666,middle
trace_00079,logic_002,symbolic_logic,llama3.2:latest,easy,correct,logic_002__temp_0p2__trial_04,4,0.2,0p2,2,3,"From statement 2, we can conclude that any entity that is a lum must also be a nop.","Since no kets are lums (statement 1), and lums are nops (statement 2), it follows that no kets are nops.",0.20060092,0.979673,0,0.00064826466,-0.041524496,0.018194301,-0.1596347,0.18844995,-0.044112273,0.11511905,-0.19951384,3,1.0,late
trace_00080,logic_002,symbolic_logic,llama3.2:latest,easy,correct,logic_002__temp_0p2__trial_05,5,0.2,0p2,0,1,If all lums are nops.,No kets are lums (by assumption).,0.13403663,0.9909764,0,-0.010893499,-0.1836279,-0.19580457,-0.3350618,0.26602268,-0.10384048,0.16909693,-0.5049979,3,0.3333333333333333,early
trace_00080,logic_002,symbolic_logic,llama3.2:latest,easy,correct,logic_002__temp_0p2__trial_05,5,0.2,0p2,1,2,No kets are lums (by assumption).,"Since all lums are nops, and no kets are lums, it follows that no kets can be nops.",0.092799984,0.99568474,3,0.07768431,0.11017711,0.21330181,0.1589227,-0.12409422,0.0894089,-0.023297092,0.35693133,3,0.6666666666666666,middle
trace_00080,logic_002,symbolic_logic,llama3.2:latest,easy,correct,logic_002__temp_0p2__trial_05,5,0.2,0p2,2,3,"Since all lums are nops, and no kets are lums, it follows that no kets can be nops.","Therefore, the relationship between kets and nops is that kets cannot be nops.",0.3119254,0.9501067,1,0.027654398,-0.09412572,0.015857236,-0.16830099,-0.025863929,-0.17109686,-0.022248955,-0.08199008,3,1.0,late
trace_00081,logic_002,symbolic_logic,llama3.2:latest,easy,incorrect,logic_002__temp_0p5__trial_01,1,0.5,0p5,0,1,Given that all lums are nops.,Since there are no kets that are lums (by hypothesis).,0.17963643,0.98373306,0,-0.044590432,-0.17818579,-0.20676635,-0.42457762,0.2604691,-0.028627235,0.20738056,-0.5056448,2,0.5,middle
trace_00081,logic_002,symbolic_logic,llama3.2:latest,easy,incorrect,logic_002__temp_0p5__trial_01,1,0.5,0p5,1,2,Since there are no kets that are lums (by hypothesis).,"Therefore, if all lums are nops, then there can be no kets that are nops.",0.1596898,0.98716724,3,0.092309535,0.12240928,0.23336254,0.24117409,-0.12840278,-0.016298786,-0.11738388,0.3500219,2,1.0,late
trace_00082,logic_002,symbolic_logic,llama3.2:latest,easy,correct,logic_002__temp_0p5__trial_02,2,0.5,0p5,0,1,If no kets are lums.,All lums are nops.,0.14906333,0.98882765,3,0.058139767,0.12591273,0.13460718,0.3768673,-0.2951323,0.12506528,-0.1639341,0.5100388,2,0.5,middle
trace_00082,logic_002,symbolic_logic,llama3.2:latest,easy,correct,logic_002__temp_0p5__trial_02,2,0.5,0p5,1,2,All lums are nops.,"Since all lums are nops (by step 2), and no kets are lums (by step 1), it can be inferred that no kets are nops.",0.18951117,0.9818786,0,-0.089578696,-0.1946571,-0.025360508,-0.43835858,0.19689333,0.05305148,0.34675464,-0.4117759,2,1.0,late
trace_00083,logic_002,symbolic_logic,llama3.2:latest,easy,incorrect,logic_002__temp_0p5__trial_03,3,0.5,0p5,0,1,We know that if no kets are lums.,All lums are nops.,0.13248672,0.9911848,3,0.095107734,0.10242128,0.14881073,0.39735493,-0.32855013,0.09535214,-0.17191266,0.504983,2,0.5,middle
trace_00083,logic_002,symbolic_logic,llama3.2:latest,easy,incorrect,logic_002__temp_0p5__trial_03,3,0.5,0p5,1,2,All lums are nops.,"Since all lums are nops (by step 2), and no kets are lums (by step 1), we can conclude that all kets must be nops.",0.21111701,0.97746074,0,-0.05413785,-0.22721264,-0.029498456,-0.4513151,0.12867679,0.04844382,0.3268071,-0.39173797,2,1.0,late
trace_00084,logic_002,symbolic_logic,llama3.2:latest,easy,incorrect,logic_002__temp_0p5__trial_04,4,0.5,0p5,0,1,We know that if no kets are lums.,All lums are nops.,0.13248672,0.9911848,3,0.095107734,0.10242128,0.14881073,0.39735493,-0.32855013,0.09535214,-0.17191266,0.504983,3,0.3333333333333333,early
trace_00084,logic_002,symbolic_logic,llama3.2:latest,easy,incorrect,logic_002__temp_0p5__trial_04,4,0.5,0p5,1,2,All lums are nops.,"Since all lums are nops, and no kets are lums, it means that no kets can be nops (because if a ket were a nop, it would also have to be a lum).",0.14662652,0.9891919,0,0.033014983,-0.17617762,-0.083785824,-0.3494089,0.25117442,-0.059443075,0.23108439,-0.3574801,3,0.6666666666666666,middle
trace_00084,logic_002,symbolic_logic,llama3.2:latest,easy,incorrect,logic_002__temp_0p5__trial_04,4,0.5,0p5,2,3,"Since all lums are nops, and no kets are lums, it means that no kets can be nops (because if a ket were a nop, it would also have to be a lum).","Therefore, the only possibility is that kets are nops.",0.13708273,0.99055964,1,-0.026218748,0.029289596,0.040404752,-0.13383599,0.041164987,-0.021765405,-0.06379526,-0.084090665,3,1.0,late
trace_00085,logic_002,symbolic_logic,llama3.2:latest,easy,incorrect,logic_002__temp_0p5__trial_05,5,0.5,0p5,0,1,Given that no kets are lums.,Given that all lums are nops.,0.16060877,0.98701817,3,0.06580549,0.15463182,0.14829591,0.37827107,-0.285504,0.110614985,-0.17460355,0.52698666,3,0.3333333333333333,early
trace_00085,logic_002,symbolic_logic,llama3.2:latest,easy,incorrect,logic_002__temp_0p5__trial_05,5,0.5,0p5,1,2,Given that all lums are nops.,"By transitive property of equality, if all lums are nops, then any ket (being a sub-class or subset) must also be a nop.",0.12560141,0.9920808,0,0.05903978,-0.15316091,-0.01312337,-0.30889335,0.12352902,-0.14327016,0.10503383,-0.32945013,3,0.6666666666666666,middle
trace_00085,logic_002,symbolic_logic,llama3.2:latest,easy,incorrect,logic_002__temp_0p5__trial_05,5,0.5,0p5,2,3,"By transitive property of equality, if all lums are nops, then any ket (being a sub-class or subset) must also be a nop.","Therefore, all kets are nops.",0.1742259,0.98470575,3,0.055195592,0.07683998,0.006577853,0.027532084,0.0483222,0.09269828,-0.029550066,0.047164876,3,1.0,late
trace_00086,logic_002,symbolic_logic,llama3.2:latest,easy,incorrect,logic_002__temp_0p8__trial_01,1,0.8,0p8,0,1,"If no kets are lums, then kets do not have a subset that is also a lum.",All lums being nops means that every element in the set of lums belongs to the set of nops.,0.12586056,0.99204797,3,0.02077223,0.07236983,0.11197558,0.2903122,-0.29746112,0.11435461,-0.11860391,0.43480408,2,0.5,middle
trace_00086,logic_002,symbolic_logic,llama3.2:latest,easy,incorrect,logic_002__temp_0p8__trial_01,1,0.8,0p8,1,2,All lums being nops means that every element in the set of lums belongs to the set of nops.,"Since kets do not have a subset that is also a lum, and all lums are nops, it follows that kets cannot be a subset of any other set that would make it an element of nops.",0.16787678,0.98580796,0,0.10713579,0.00018709002,-0.046629544,-0.2478605,0.26243708,-0.008128185,0.06095207,-0.389534,2,1.0,late
trace_00087,logic_002,symbolic_logic,llama3.2:latest,easy,incorrect,logic_002__temp_0p8__trial_02,2,0.8,0p8,0,1,"If no kets are lums, then there is a subset of lums that are not kets.",All lums being nops means that all lums are subsets of nops.,0.102247335,0.994759,3,0.09662343,0.12027651,0.12712856,0.33670598,-0.24845918,0.07252444,-0.13999493,0.4611948,3,0.3333333333333333,early
trace_00087,logic_002,symbolic_logic,llama3.2:latest,easy,incorrect,logic_002__temp_0p8__trial_02,2,0.8,0p8,1,2,All lums being nops means that all lums are subsets of nops.,"Since some lums (from step 1) are not kets, and all lums are nops, then these same lums must also be nops.",0.123201564,0.99238163,0,-0.040958297,-0.11309292,-0.12017302,-0.24198382,-0.02167838,0.12550233,0.22758034,-0.21429747,3,0.6666666666666666,middle
trace_00087,logic_002,symbolic_logic,llama3.2:latest,easy,incorrect,logic_002__temp_0p8__trial_02,2,0.8,0p8,2,3,"Since some lums (from step 1) are not kets, and all lums are nops, then these same lums must also be nops.","Therefore, the relationship between kets and nops is that any non-ket is a non-op.",0.105293,0.9944413,1,0.051732756,0.027387278,0.026082562,0.03362735,0.13443992,-0.20675875,-0.062678486,-0.10361364,3,1.0,late
trace_00088,logic_002,symbolic_logic,llama3.2:latest,easy,incorrect,logic_002__temp_0p8__trial_03,3,0.8,0p8,0,1,If no kets are lums.,All lums are nops.,0.1490634,0.98882765,3,0.058139805,0.12591279,0.13460714,0.37686747,-0.29513237,0.12506513,-0.16393404,0.51003873,3,0.3333333333333333,early
trace_00088,logic_002,symbolic_logic,llama3.2:latest,easy,incorrect,logic_002__temp_0p8__trial_03,3,0.8,0p8,1,2,All lums are nops.,"Since no kets are lums, it implies that all things that cannot be classified as lums (or have been directly stated to be lums) must be classified as something else.",0.14676209,0.9891718,0,-0.029663559,-0.1581608,-0.105865985,-0.39595377,0.28826073,-0.07255835,0.1902676,-0.46809915,3,0.6666666666666666,middle
trace_00088,logic_002,symbolic_logic,llama3.2:latest,easy,incorrect,logic_002__temp_0p8__trial_03,3,0.8,0p8,2,3,"Since no kets are lums, it implies that all things that cannot be classified as lums (or have been directly stated to be lums) must be classified as something else.","Given that all lums are nops, we can conclude that anything that is not a lum must also be an nop.",0.18700343,0.98235935,3,0.022465229,0.052340973,0.15698971,0.26864707,-0.27237916,0.11276212,-0.10445601,0.37430292,3,1.0,late
trace_00089,logic_002,symbolic_logic,llama3.2:latest,easy,correct,logic_002__temp_0p8__trial_04,4,0.8,0p8,0,1,We know that if no kets are lums.,All lums are nops.,0.13248672,0.9911848,3,0.095107734,0.10242128,0.14881073,0.39735493,-0.32855013,0.09535214,-0.17191266,0.504983,2,0.5,middle
trace_00089,logic_002,symbolic_logic,llama3.2:latest,easy,correct,logic_002__temp_0p8__trial_04,4,0.8,0p8,1,2,All lums are nops.,"Since all lums are nops (step 2), and no kets are lums (step 1), we can conclude that no kets are nops.",0.20420179,0.9789289,0,-0.091505915,-0.2334915,-0.02996987,-0.43937013,0.17413095,0.00058971124,0.31680015,-0.4235794,2,1.0,late
trace_00090,logic_002,symbolic_logic,llama3.2:latest,easy,incorrect,logic_002__temp_0p8__trial_05,5,0.8,0p8,0,1,"Given that there is a relationship (kets → lums) and another (lums → nops), we can conclude that these two relationships must be part of the same chain or set.","If all lums are nops, then the lums must only include values that are also nops.",0.15237814,0.98832226,3,0.049631078,0.10396256,0.0761873,0.26017585,-0.04405659,0.19268301,-0.04935024,0.33008844,3,0.3333333333333333,early
trace_00090,logic_002,symbolic_logic,llama3.2:latest,easy,incorrect,logic_002__temp_0p8__trial_05,5,0.8,0p8,1,2,"If all lums are nops, then the lums must only include values that are also nops.","Since kets → lums, and all lums are nops, it means kets → nops as well.",0.1622341,0.9867523,1,0.06034234,-0.033811625,-0.12442965,-0.13998462,0.1719366,-0.12048376,0.06869729,-0.3323933,3,0.6666666666666666,middle
trace_00090,logic_002,symbolic_logic,llama3.2:latest,easy,incorrect,logic_002__temp_0p8__trial_05,5,0.8,0p8,2,3,"Since kets → lums, and all lums are nops, it means kets → nops as well.","Therefore, we can conclude that if no kets are lums, then all kets are nops.",0.23403668,0.9722278,0,-0.067928046,-0.009955112,0.07235647,-0.14543799,0.082570076,0.046565067,0.04366174,-0.12886915,3,1.0,late
trace_00091,logic_003,symbolic_logic,llama3.2:latest,medium,correct,logic_003__temp_0p2__trial_01,1,0.2,0p2,0,1,Given that all tars are mivs.,Given that no mivs are pels.,0.1419044,0.9898804,3,0.0016020997,0.36941916,-0.15937479,0.4504998,0.17477898,-0.45187506,0.3261107,-0.012993781,3,0.3333333333333333,early
trace_00091,logic_003,symbolic_logic,llama3.2:latest,medium,correct,logic_003__temp_0p2__trial_01,1,0.2,0p2,1,2,Given that no mivs are pels.,"Since all tars are mivs (step 1), and no mivs are pels (step 2), it logically follows that there cannot be any tars that are also pels, as they would both be classified under the same category (miv) which is excluded by the second statement.",0.17854601,0.9839316,0,0.054180175,-0.33537248,0.15051484,-0.50056845,-0.16682753,0.34202284,-0.18936999,-0.034901135,3,0.6666666666666666,middle
trace_00091,logic_003,symbolic_logic,llama3.2:latest,medium,correct,logic_003__temp_0p2__trial_01,1,0.2,0p2,2,3,"Since all tars are mivs (step 1), and no mivs are pels (step 2), it logically follows that there cannot be any tars that are also pels, as they would both be classified under the same category (miv) which is excluded by the second statement.","Therefore, based on these logical deductions, we can conclude that no tar can be a pel.",0.21566246,0.97646797,3,-0.007910604,0.061619885,0.10295712,0.017142138,-0.0054661673,-0.078526504,0.03747025,-0.04051292,3,1.0,late
trace_00092,logic_003,symbolic_logic,llama3.2:latest,medium,correct,logic_003__temp_0p2__trial_02,2,0.2,0p2,0,1,Given that all tars are mivs.,Given that no mivs are pels.,0.1419044,0.9898804,3,0.0016020997,0.36941916,-0.15937479,0.4504998,0.17477898,-0.45187506,0.3261107,-0.012993781,3,0.3333333333333333,early
trace_00092,logic_003,symbolic_logic,llama3.2:latest,medium,correct,logic_003__temp_0p2__trial_02,2,0.2,0p2,1,2,Given that no mivs are pels.,"Since all tars are mivs (step 1), and no mivs are pels (step 2), it can be concluded that there are no tars that are also pels.",0.14688562,0.9891535,0,0.020404141,-0.37179542,0.11062641,-0.4920338,-0.19581576,0.3806194,-0.160621,-0.032669358,3,0.6666666666666666,middle
trace_00092,logic_003,symbolic_logic,llama3.2:latest,medium,correct,logic_003__temp_0p2__trial_02,2,0.2,0p2,2,3,"Since all tars are mivs (step 1), and no mivs are pels (step 2), it can be concluded that there are no tars that are also pels.","Therefore, based on the given statements, any tar cannot be a pel because they do not overlap in terms of classification.",0.15510258,0.98789835,3,0.054629087,0.105906375,0.083001606,-0.028098714,-0.058752906,-0.11697029,-0.008784705,-0.030725306,3,1.0,late
trace_00093,logic_003,symbolic_logic,llama3.2:latest,medium,incorrect,logic_003__temp_0p2__trial_03,3,0.2,0p2,0,1,Given that all tars are mivs.,Given that no mivs are pels.,0.1419044,0.9898804,3,0.0016020997,0.36941916,-0.15937479,0.4504998,0.17477898,-0.45187506,0.3261107,-0.012993781,2,0.5,middle
trace_00093,logic_003,symbolic_logic,llama3.2:latest,medium,incorrect,logic_003__temp_0p2__trial_03,3,0.2,0p2,1,2,Given that no mivs are pels.,"Since all tars are mivs (step 1), and no mivs are pels (step 2), it logically follows that no tars can be pels.",0.19726938,0.9803493,0,0.046195343,-0.39219967,0.13009806,-0.51836884,-0.18182187,0.3653284,-0.17386144,-0.0078100814,2,1.0,late
trace_00094,logic_003,symbolic_logic,llama3.2:latest,medium,incorrect,logic_003__temp_0p2__trial_04,4,0.2,0p2,0,1,Given that all tars are mivs.,Given that no mivs are pels.,0.1419044,0.9898804,3,0.0016020997,0.36941916,-0.15937479,0.4504998,0.17477898,-0.45187506,0.3261107,-0.012993781,2,0.5,middle
trace_00094,logic_003,symbolic_logic,llama3.2:latest,medium,incorrect,logic_003__temp_0p2__trial_04,4,0.2,0p2,1,2,Given that no mivs are pels.,"Since all tars are mivs (step 1), and no mivs are pels (step 2), it logically follows that there can be no tars that are pels, as they would contradict the given statements.",0.1797141,0.9837188,0,0.024312774,-0.38713464,0.14155802,-0.5105887,-0.15091954,0.40445545,-0.15371495,-0.030633286,2,1.0,late
trace_00095,logic_003,symbolic_logic,llama3.2:latest,medium,incorrect,logic_003__temp_0p2__trial_05,5,0.2,0p2,0,1,Given that all tars are mivs.,No mivs are pels.,0.11484412,0.9933836,3,0.013458362,0.3669573,-0.19832207,0.46810034,0.1541565,-0.45087588,0.26525387,-0.048318863,3,0.3333333333333333,early
trace_00095,logic_003,symbolic_logic,llama3.2:latest,medium,incorrect,logic_003__temp_0p2__trial_05,5,0.2,0p2,1,2,No mivs are pels.,"Since all tars are mivs (step 1), it follows that no tars can be pels, as they are a subset of mivs.",0.1985795,0.98008484,0,0.05103417,-0.38594323,0.18130012,-0.56824124,-0.17370406,0.38105762,-0.14326534,0.0313535,3,0.6666666666666666,middle
trace_00095,logic_003,symbolic_logic,llama3.2:latest,medium,incorrect,logic_003__temp_0p2__trial_05,5,0.2,0p2,2,3,"Since all tars are mivs (step 1), it follows that no tars can be pels, as they are a subset of mivs.","Therefore, based on the given information, any tar cannot be a pel because tars and pels are mutually exclusive categories.",0.26281023,0.9648475,3,0.0432822,0.097312175,0.085132286,-0.024991171,-0.012741431,-0.065388106,0.034321405,-0.06765332,3,1.0,late
trace_00096,logic_003,symbolic_logic,llama3.2:latest,medium,incorrect,logic_003__temp_0p5__trial_01,1,0.5,0p5,0,1,We are given that all tars are mivs.,We are also given that no mivs are pels.,0.12431713,0.9922425,3,-0.0062613254,0.30947587,-0.1517881,0.4324658,0.14493196,-0.44409966,0.32784393,0.019511767,2,0.5,middle
trace_00096,logic_003,symbolic_logic,llama3.2:latest,medium,incorrect,logic_003__temp_0p5__trial_01,1,0.5,0p5,1,2,We are also given that no mivs are pels.,"Since all tars are mivs (step 1), and no mivs are pels (step 2), it logically follows that no tars can be pels.",0.17644091,0.9843112,0,0.040490713,-0.36377907,0.1774078,-0.49556038,-0.17340215,0.34853798,-0.1965415,-0.004148999,2,1.0,late
trace_00097,logic_003,symbolic_logic,llama3.2:latest,medium,incorrect,logic_003__temp_0p5__trial_02,2,0.5,0p5,0,1,We know that if all tars are mivs.,We also know that no mivs are pels.,0.10681198,0.9942792,3,-0.017973304,0.33545443,-0.17229766,0.4553993,0.13943519,-0.43039155,0.28671923,0.0057753813,3,0.3333333333333333,early
trace_00097,logic_003,symbolic_logic,llama3.2:latest,medium,incorrect,logic_003__temp_0p5__trial_02,2,0.5,0p5,1,2,We also know that no mivs are pels.,"Since there is no overlap between mivs and pels (i.e., no element can belong to both sets), we can conclude that no tar can be a pel because it would violate the condition of ""no mivs are pels"".",0.17839825,0.98395836,0,0.07395183,-0.29464623,0.18552358,-0.39091933,-0.15336469,0.24937391,-0.15043226,0.006757282,3,0.6666666666666666,middle
trace_00097,logic_003,symbolic_logic,llama3.2:latest,medium,incorrect,logic_003__temp_0p5__trial_02,2,0.5,0p5,2,3,"Since there is no overlap between mivs and pels (i.e., no element can belong to both sets), we can conclude that no tar can be a pel because it would violate the condition of ""no mivs are pels"".","Therefore, based on these two premises, we cannot determine if any tar can be a pel.",0.2555412,0.9667981,0,-0.048665036,0.0032033005,0.16422965,-0.14864598,-0.05861401,0.16765893,0.054318603,-0.019790338,3,1.0,late
trace_00098,logic_003,symbolic_logic,llama3.2:latest,medium,incorrect,logic_003__temp_0p5__trial_03,3,0.5,0p5,0,1,Given that all tars are mivs.,No mivs are pels.,0.11484412,0.9933836,3,0.013458362,0.3669573,-0.19832207,0.46810034,0.1541565,-0.45087588,0.26525387,-0.048318863,3,0.3333333333333333,early
trace_00098,logic_003,symbolic_logic,llama3.2:latest,medium,incorrect,logic_003__temp_0p5__trial_03,3,0.5,0p5,1,2,No mivs are pels.,"By transitive property (if A is B and B is C, then A is C), since all tars are mivs and no mivs are pels, it can be inferred that all tars are not pels.",0.2253203,0.97428477,0,0.0016519859,-0.3676928,0.21372001,-0.4822991,-0.16714878,0.31377417,-0.08256381,-0.05299937,3,0.6666666666666666,middle
trace_00098,logic_003,symbolic_logic,llama3.2:latest,medium,incorrect,logic_003__temp_0p5__trial_03,3,0.5,0p5,2,3,"By transitive property (if A is B and B is C, then A is C), since all tars are mivs and no mivs are pels, it can be inferred that all tars are not pels.","Therefore, there cannot exist any tar that is a pel.",0.3315525,0.94343686,3,0.082150474,0.12128358,-0.00046219304,-0.048158016,0.060222927,0.08723476,-0.04796251,0.05857474,3,1.0,late
trace_00099,logic_003,symbolic_logic,llama3.2:latest,medium,correct,logic_003__temp_0p5__trial_04,4,0.5,0p5,0,1,Start with the given statements.,All tars are mivs (T).,0.39687958,0.91787076,4,0.09333405,-0.05533822,0.025621021,-0.06932256,0.08212509,0.21394306,-0.25715187,-0.03513699,5,0.2,early
trace_00099,logic_003,symbolic_logic,llama3.2:latest,medium,correct,logic_003__temp_0p5__trial_04,4,0.5,0p5,1,2,All tars are mivs (T).,No mivs are pels (M).,0.16692904,0.98596895,3,-0.048334975,0.31817243,-0.16973107,0.4117355,0.15859899,-0.4322537,0.27787268,0.016253404,5,0.4,middle
trace_00099,logic_003,symbolic_logic,llama3.2:latest,medium,correct,logic_003__temp_0p5__trial_04,4,0.5,0p5,2,3,No mivs are pels (M).,"Combine T and M: If all tars are mivs, then no mivs can be pels (T ∩ M).",0.22045705,0.9753967,0,0.042578496,-0.3311288,0.17690182,-0.516617,-0.21052961,0.3222366,-0.03609671,0.0139385015,5,0.6,middle
trace_00099,logic_003,symbolic_logic,llama3.2:latest,medium,correct,logic_003__temp_0p5__trial_04,4,0.5,0p5,3,4,"Combine T and M: If all tars are mivs, then no mivs can be pels (T ∩ M).",Analyze the conclusion: Can any tar be a pel?,0.22941098,0.9733296,3,0.02000286,0.0855252,0.07470268,-0.013792038,-0.031871725,0.03621147,-0.10837233,-0.122753136,5,0.8,late
trace_00099,logic_003,symbolic_logic,llama3.2:latest,medium,correct,logic_003__temp_0p5__trial_04,4,0.5,0p5,4,5,Analyze the conclusion: Can any tar be a pel?,"Since there is no instance of a tar being a pel according to T ∩ M, we conclude that no tar can be a pel.",0.12405093,0.99227583,4,0.08852072,-0.11193106,-0.048866615,-0.089955695,0.106509715,-0.012437983,0.08047028,0.07283735,5,1.0,late
trace_00100,logic_003,symbolic_logic,llama3.2:latest,medium,correct,logic_003__temp_0p5__trial_05,5,0.5,0p5,0,1,Given that all tars are mivs.,No mivs are pels.,0.11484412,0.9933836,3,0.013458362,0.3669573,-0.19832207,0.46810034,0.1541565,-0.45087588,0.26525387,-0.048318863,5,0.2,early
trace_00100,logic_003,symbolic_logic,llama3.2:latest,medium,correct,logic_003__temp_0p5__trial_05,5,0.5,0p5,1,2,No mivs are pels.,"From steps 1 and 2, we can conclude that there is no intersection between the sets of tars (T) and mivs (M), i.e., T ∩ M = ∅.",0.1797336,0.9837153,0,0.038716357,-0.35717472,0.15669045,-0.4411392,-0.095317915,0.32553837,-0.049752384,0.032386974,5,0.4,middle
trace_00100,logic_003,symbolic_logic,llama3.2:latest,medium,correct,logic_003__temp_0p5__trial_05,5,0.5,0p5,2,3,"From steps 1 and 2, we can conclude that there is no intersection between the sets of tars (T) and mivs (M), i.e., T ∩ M = ∅.","Since a tar cannot be both in T and not in M at the same time, it must be exclusively in either T or M.",0.1792323,0.98380685,3,0.05769758,-0.057367813,0.06776002,-0.043819465,-0.09203479,0.1193132,-0.12001745,-0.0053381827,5,0.6,middle
trace_00100,logic_003,symbolic_logic,llama3.2:latest,medium,correct,logic_003__temp_0p5__trial_05,5,0.5,0p5,3,4,"Since a tar cannot be both in T and not in M at the same time, it must be exclusively in either T or M.","Because all tars are mivs (step 1), any tar can only be in set M.",0.28299704,0.95912087,1,-0.01981243,0.06945206,-0.080206394,0.033398923,0.064976744,0.018585036,-0.0197833,0.07208232,5,0.8,late
trace_00100,logic_003,symbolic_logic,llama3.2:latest,medium,correct,logic_003__temp_0p5__trial_05,5,0.5,0p5,4,5,"Because all tars are mivs (step 1), any tar can only be in set M.","Therefore, there is no possible scenario where a tar can be a pel because being a pel would require an element to be outside of set M.",0.0746937,0.9972065,3,-0.010126786,0.18001583,0.016581994,0.09881173,-0.002045611,-0.21994598,0.035680357,-0.11321529,5,1.0,late
trace_00101,logic_003,symbolic_logic,llama3.2:latest,medium,incorrect,logic_003__temp_0p8__trial_01,1,0.8,0p8,0,1,Given that all tars are mivs.,"Since no mivs are pels, it means there are no pels among the mivs.",0.11533935,0.9933261,3,-0.004069546,0.32617033,-0.19235769,0.3728546,0.16682896,-0.3972361,0.30433464,0.008987351,2,0.5,middle
trace_00101,logic_003,symbolic_logic,llama3.2:latest,medium,incorrect,logic_003__temp_0p8__trial_01,1,0.8,0p8,1,2,"Since no mivs are pels, it means there are no pels among the mivs.","Because all tars are mivs (from step 1), and there are no pels among the mivs (from step 2), we can conclude that none of the tars are pels.",0.15914881,0.9872546,0,0.017499227,-0.3993295,0.17633405,-0.48732704,-0.19323365,0.43144724,-0.14090827,-0.03388729,2,1.0,late
trace_00102,logic_003,symbolic_logic,llama3.2:latest,medium,correct,logic_003__temp_0p8__trial_02,2,0.8,0p8,0,1,Given that all tars are mivs.,Given that no mivs are pels.,0.1419044,0.9898804,3,0.0016020997,0.36941916,-0.15937479,0.4504998,0.17477898,-0.45187506,0.3261107,-0.012993781,3,0.3333333333333333,early
trace_00102,logic_003,symbolic_logic,llama3.2:latest,medium,correct,logic_003__temp_0p8__trial_02,2,0.8,0p8,1,2,Given that no mivs are pels.,"From steps 1 and 2, we can conclude that no tars (including those potentially being pels) are pels.",0.19489475,0.9808241,0,-0.015968004,-0.27813622,0.10542686,-0.4462614,-0.20061122,0.3067335,-0.123447664,-0.038883757,3,0.6666666666666666,middle
trace_00102,logic_003,symbolic_logic,llama3.2:latest,medium,correct,logic_003__temp_0p8__trial_02,2,0.8,0p8,2,3,"From steps 1 and 2, we can conclude that no tars (including those potentially being pels) are pels.","Since there is a logical distinction between tars and pels based on step 3, it cannot be true that any tar be a pel.",0.1445149,0.98950267,3,0.18971111,-0.0074574314,0.05848489,-0.03719118,0.08485314,-0.09182502,-0.078340545,-0.060861688,3,1.0,late
trace_00103,logic_003,symbolic_logic,llama3.2:latest,medium,incorrect,logic_003__temp_0p8__trial_03,3,0.8,0p8,0,1,Given that all tars are mivs.,No mivs are pels.,0.11484412,0.9933836,3,0.013458362,0.3669573,-0.19832207,0.46810034,0.1541565,-0.45087588,0.26525387,-0.048318863,2,0.5,middle
trace_00103,logic_003,symbolic_logic,llama3.2:latest,medium,incorrect,logic_003__temp_0p8__trial_03,3,0.8,0p8,1,2,No mivs are pels.,"Since all tars are mivs (step 1) and no mivs are pels (step 2), it follows logically that none of the tars can be pels.",0.19086899,0.9816155,0,0.01835929,-0.4072529,0.19200468,-0.5482178,-0.18141732,0.4062406,-0.10177376,0.044677265,2,1.0,late
trace_00104,logic_003,symbolic_logic,llama3.2:latest,medium,incorrect,logic_003__temp_0p8__trial_04,4,0.8,0p8,0,1,All tars are mivs,No mivs are pels,0.13482724,0.99086916,3,-0.0219402,0.36950314,-0.173577,0.42747125,0.14756776,-0.4596044,0.2911543,-0.024093134,3,0.3333333333333333,early
trace_00104,logic_003,symbolic_logic,llama3.2:latest,medium,incorrect,logic_003__temp_0p8__trial_04,4,0.8,0p8,1,2,No mivs are pels,"From steps 1 and 2, we know that all tars are not pels (since tars are not mivs)",0.15687647,0.9876182,0,-0.015227322,-0.3676801,0.14483902,-0.54933786,-0.21386653,0.4407698,-0.08882736,-0.014159625,3,0.6666666666666666,middle
trace_00104,logic_003,symbolic_logic,llama3.2:latest,medium,incorrect,logic_003__temp_0p8__trial_04,4,0.8,0p8,2,3,"From steps 1 and 2, we know that all tars are not pels (since tars are not mivs)","Therefore, since no mivs are pels, there can be no tars that are pels.",0.18459876,0.98281395,3,0.056361828,0.17664613,-0.062135205,0.3654663,0.2354373,-0.35868105,-0.04137819,0.0014914547,3,1.0,late
trace_00105,logic_003,symbolic_logic,llama3.2:latest,medium,correct,logic_003__temp_0p8__trial_05,5,0.8,0p8,0,1,"Given that all tars are mivs, we know that every tar is classified as a member of the set MIV.",No mivs are pels means that there is no overlap between the sets MIV and PEL.,0.0949509,0.9954819,3,0.02642554,0.24270721,-0.13245404,0.42578804,0.123040095,-0.42673305,0.22928771,0.0398632,3,0.3333333333333333,early
trace_00105,logic_003,symbolic_logic,llama3.2:latest,medium,correct,logic_003__temp_0p8__trial_05,5,0.8,0p8,1,2,No mivs are pels means that there is no overlap between the sets MIV and PEL.,"Since all tars are mivs (from step 1), it follows logically that there cannot be any tar that is not already included in the set MIV, which means that there can be no pel that is also a tar.",0.11865866,0.9929351,0,0.044731013,-0.31503475,0.13661638,-0.44382274,-0.10073034,0.4724849,-0.1436283,-0.036404178,3,0.6666666666666666,middle
trace_00105,logic_003,symbolic_logic,llama3.2:latest,medium,correct,logic_003__temp_0p8__trial_05,5,0.8,0p8,2,3,"Since all tars are mivs (from step 1), it follows logically that there cannot be any tar that is not already included in the set MIV, which means that there can be no pel that is also a tar.","Therefore, based on these logical connections, we conclude that no tar can be a pel.",0.15634134,0.9877031,3,0.011223835,0.11851224,0.02391628,0.07914984,-0.085064046,-0.15495132,0.038169343,-0.08619421,3,1.0,late
trace_00106,logic_004,symbolic_logic,llama3.2:latest,medium,correct,logic_004__temp_0p2__trial_01,1,0.2,0p2,0,1,We know that if some rens are fads.,All fads are jops.,0.15002206,0.9886826,3,0.27458745,0.06124916,0.22036593,0.42030275,-0.058314763,0.13656174,-0.041670736,-0.14747828,3,0.3333333333333333,early
trace_00106,logic_004,symbolic_logic,llama3.2:latest,medium,correct,logic_004__temp_0p2__trial_01,1,0.2,0p2,1,2,All fads are jops.,"Since all fads are jops, any rens that are fads must also be jops (by transitive property).",0.15452172,0.9879894,0,-0.14809144,-0.14412747,-0.10266367,-0.3630874,-0.021706281,-0.13592081,0.1690602,0.0898014,3,0.6666666666666666,middle
trace_00106,logic_004,symbolic_logic,llama3.2:latest,medium,correct,logic_004__temp_0p2__trial_01,1,0.2,0p2,2,3,"Since all fads are jops, any rens that are fads must also be jops (by transitive property).","Therefore, we can conclude that some rens are jops.",0.1050707,0.99446476,0,-0.2306831,-0.008994418,-0.02153347,-0.085916646,0.07275427,-0.010533796,0.17511764,0.074969746,3,1.0,late
trace_00107,logic_004,symbolic_logic,llama3.2:latest,medium,correct,logic_004__temp_0p2__trial_02,2,0.2,0p2,0,1,We know that if some rens are fads.,All fads are jops.,0.15002206,0.9886826,3,0.27458745,0.06124916,0.22036593,0.42030275,-0.058314763,0.13656174,-0.041670736,-0.14747828,3,0.3333333333333333,early
trace_00107,logic_004,symbolic_logic,llama3.2:latest,medium,correct,logic_004__temp_0p2__trial_02,2,0.2,0p2,1,2,All fads are jops.,"Since all fads are jops, any rens that are fads must also be jops (by transitive property).",0.15452172,0.9879894,0,-0.14809144,-0.14412747,-0.10266367,-0.3630874,-0.021706281,-0.13592081,0.1690602,0.0898014,3,0.6666666666666666,middle
trace_00107,logic_004,symbolic_logic,llama3.2:latest,medium,correct,logic_004__temp_0p2__trial_02,2,0.2,0p2,2,3,"Since all fads are jops, any rens that are fads must also be jops (by transitive property).","Therefore, we can conclude that some rens are jops.",0.1050707,0.99446476,0,-0.2306831,-0.008994418,-0.02153347,-0.085916646,0.07275427,-0.010533796,0.17511764,0.074969746,3,1.0,late
trace_00108,logic_004,symbolic_logic,llama3.2:latest,medium,incorrect,logic_004__temp_0p2__trial_03,3,0.2,0p2,0,1,We know that all fads are jops.,Some rens are fads.,0.11996153,0.9927786,0,-0.16663255,-0.102990925,-0.21190874,-0.3127545,-0.011765594,-0.12162486,0.007623452,0.21270677,2,0.5,middle
trace_00108,logic_004,symbolic_logic,llama3.2:latest,medium,incorrect,logic_004__temp_0p2__trial_03,3,0.2,0p2,1,2,Some rens are fads.,"From steps 1 and 2, we can conclude that some rens are also jops.",0.17182282,0.98512787,0,-0.036162816,-0.087645486,0.12501946,0.016267838,-0.06319087,0.09814016,0.24446605,-0.10254644,2,1.0,late
trace_00109,logic_004,symbolic_logic,llama3.2:latest,medium,incorrect,logic_004__temp_0p2__trial_04,4,0.2,0p2,0,1,We know that if some rens are fads.,All fads are jops.,0.15002206,0.9886826,3,0.27458745,0.06124916,0.22036593,0.42030275,-0.058314763,0.13656174,-0.041670736,-0.14747828,2,0.5,middle
trace_00109,logic_004,symbolic_logic,llama3.2:latest,medium,incorrect,logic_004__temp_0p2__trial_04,4,0.2,0p2,1,2,All fads are jops.,"From steps 1 and 2, we can conclude that if some rens are fads, then they must be jops.",0.18961844,0.9818579,0,-0.25912276,-0.16668718,-0.15851817,-0.46487072,-0.030258765,-0.028973974,0.27340552,0.068227865,2,1.0,late
trace_00110,logic_004,symbolic_logic,llama3.2:latest,medium,correct,logic_004__temp_0p2__trial_05,5,0.2,0p2,0,1,We know that if some rens are fads.,All fads are jops.,0.15002206,0.9886826,3,0.27458745,0.06124916,0.22036593,0.42030275,-0.058314763,0.13656174,-0.041670736,-0.14747828,3,0.3333333333333333,early
trace_00110,logic_004,symbolic_logic,llama3.2:latest,medium,correct,logic_004__temp_0p2__trial_05,5,0.2,0p2,1,2,All fads are jops.,"Since all fads are jops, then any rens that are fads must also be jops (by transitive property).",0.15337825,0.9881676,0,-0.15515842,-0.14353132,-0.10336025,-0.37090513,-0.019146122,-0.14788964,0.1701696,0.08975504,3,0.6666666666666666,middle
trace_00110,logic_004,symbolic_logic,llama3.2:latest,medium,correct,logic_004__temp_0p2__trial_05,5,0.2,0p2,2,3,"Since all fads are jops, then any rens that are fads must also be jops (by transitive property).","Therefore, we can conclude that some rens are jops.",0.10805438,0.994145,0,-0.22235458,-0.005515887,-0.018372867,-0.07006917,0.07183822,0.0034694942,0.1711466,0.07304219,3,1.0,late
trace_00111,logic_004,symbolic_logic,llama3.2:latest,medium,correct,logic_004__temp_0p5__trial_01,1,0.5,0p5,0,1,We know that if some rens are fads.,All fads are jops.,0.15002206,0.9886826,3,0.27458745,0.06124916,0.22036593,0.42030275,-0.058314763,0.13656174,-0.041670736,-0.14747828,3,0.3333333333333333,early
trace_00111,logic_004,symbolic_logic,llama3.2:latest,medium,correct,logic_004__temp_0p5__trial_01,1,0.5,0p5,1,2,All fads are jops.,"Since all fads are jops, any subset of fads (including ""some rens"") must also be jops.",0.18797429,0.982174,0,-0.13986489,-0.13622229,-0.14699523,-0.3398802,0.04078599,-0.10196835,0.21180338,0.15317805,3,0.6666666666666666,middle
trace_00111,logic_004,symbolic_logic,llama3.2:latest,medium,correct,logic_004__temp_0p5__trial_01,1,0.5,0p5,2,3,"Since all fads are jops, any subset of fads (including ""some rens"") must also be jops.","Therefore, we can conclude that some rens are jops.",0.15786259,0.9874611,0,-0.25409916,-0.032471035,-0.0031449252,-0.14515221,0.026641605,-0.051425334,0.16449165,0.042871077,3,1.0,late
trace_00112,logic_004,symbolic_logic,llama3.2:latest,medium,correct,logic_004__temp_0p5__trial_02,2,0.5,0p5,0,1,We know that if some rens are fads.,All fads are jops.,0.15002206,0.9886826,3,0.27458745,0.06124916,0.22036593,0.42030275,-0.058314763,0.13656174,-0.041670736,-0.14747828,2,0.5,middle
trace_00112,logic_004,symbolic_logic,llama3.2:latest,medium,correct,logic_004__temp_0p5__trial_02,2,0.5,0p5,1,2,All fads are jops.,"Since some rens are fads (from 1), they must be jops (by the definition of ""fads"" being a subset of ""jops"").",0.10780747,0.99417174,0,-0.19430314,-0.125191,-0.20246656,-0.37034494,-0.006933818,-0.05543378,0.21359484,0.12757826,2,1.0,late
trace_00113,logic_004,symbolic_logic,llama3.2:latest,medium,correct,logic_004__temp_0p5__trial_03,3,0.5,0p5,0,1,We know that all jops are fads.,"Since some rens are fads (given), and all fads are jops (from 1), then some rens must be jops.",0.15386498,0.9880919,0,-0.13404338,-0.17330776,-0.1427989,-0.27944323,-0.09395225,-0.030148914,0.19440119,0.1997645,1,1.0,late
trace_00114,logic_004,symbolic_logic,llama3.2:latest,medium,correct,logic_004__temp_0p5__trial_04,4,0.5,0p5,0,1,We know that if some rens are fads.,All fads are jops.,0.15002206,0.9886826,3,0.27458745,0.06124916,0.22036593,0.42030275,-0.058314763,0.13656174,-0.041670736,-0.14747828,3,0.3333333333333333,early
trace_00114,logic_004,symbolic_logic,llama3.2:latest,medium,correct,logic_004__temp_0p5__trial_04,4,0.5,0p5,1,2,All fads are jops.,"Since all fads are jops, it must be true that some rens are also jops (by transitive property).",0.10841371,0.99410594,0,-0.18059266,-0.16158268,-0.10025154,-0.3246946,0.004040842,-0.18155739,0.1646883,0.061634336,3,0.6666666666666666,middle
trace_00114,logic_004,symbolic_logic,llama3.2:latest,medium,correct,logic_004__temp_0p5__trial_04,4,0.5,0p5,2,3,"Since all fads are jops, it must be true that some rens are also jops (by transitive property).","Therefore, we can conclude that some rens are jops.",0.11207047,0.99370027,0,-0.23534337,0.016603058,-0.020916069,-0.118458316,0.061920144,0.04292459,0.20300706,0.11457285,3,1.0,late
trace_00115,logic_004,symbolic_logic,llama3.2:latest,medium,correct,logic_004__temp_0p5__trial_05,5,0.5,0p5,0,1,We know that all jops are fads.,"Since some rens are fads (given), and all fads are jops, it follows that some rens are also jops.",0.083007984,0.99654895,0,-0.10863392,-0.19480807,-0.13383254,-0.2631283,-0.06518302,-0.13254286,0.15996459,0.17975028,1,1.0,late
trace_00116,logic_004,symbolic_logic,llama3.2:latest,medium,correct,logic_004__temp_0p8__trial_01,1,0.8,0p8,0,1,We know that some rens are fads.,All fads are jops.,0.15974139,0.9871589,3,0.27955675,0.06257812,0.223574,0.39510238,-0.049174707,0.13024129,-0.036356065,-0.16404702,3,0.3333333333333333,early
trace_00116,logic_004,symbolic_logic,llama3.2:latest,medium,correct,logic_004__temp_0p8__trial_01,1,0.8,0p8,1,2,All fads are jops.,"Since all fads are jops, the rens that are fads must also be jops (by universal instantiation).",0.12938355,0.9915947,0,-0.09912737,-0.122763924,-0.111901075,-0.37049457,0.0397677,-0.088002056,0.21072936,0.14236692,3,0.6666666666666666,middle
trace_00116,logic_004,symbolic_logic,llama3.2:latest,medium,correct,logic_004__temp_0p8__trial_01,1,0.8,0p8,2,3,"Since all fads are jops, the rens that are fads must also be jops (by universal instantiation).","Therefore, some rens are jops.",0.08831776,0.99609244,0,-0.25354892,-0.034492508,-0.024104709,-0.031077893,0.0057935673,-0.09723964,0.09642409,0.100893855,3,1.0,late
trace_00117,logic_004,symbolic_logic,llama3.2:latest,medium,incorrect,logic_004__temp_0p8__trial_02,2,0.8,0p8,0,1,"Recognize that ""fads"" is a subset of ""jops"".","Since all fads are jops, the relationship between rens and jops implies that if something is a fad, it must also be a job.",0.1530955,0.98821133,0,-0.1331411,-0.08201956,-0.14368671,-0.14230455,-0.03195721,-0.116344765,0.074140854,0.12344406,3,0.3333333333333333,early
trace_00117,logic_004,symbolic_logic,llama3.2:latest,medium,incorrect,logic_004__temp_0p8__trial_02,2,0.8,0p8,1,2,"Since all fads are jops, the relationship between rens and jops implies that if something is a fad, it must also be a job.","Given that ""some rens"" can be considered as a subset of ""fads"", then some rens must also be considered as a subset of ""jops"".",0.14438988,0.9895209,0,-0.077603206,-0.014422816,-0.011977405,-0.15642859,0.078761205,-0.02707207,0.12324026,0.047444727,3,0.6666666666666666,middle
trace_00117,logic_004,symbolic_logic,llama3.2:latest,medium,incorrect,logic_004__temp_0p8__trial_02,2,0.8,0p8,2,3,"Given that ""some rens"" can be considered as a subset of ""fads"", then some rens must also be considered as a subset of ""jops"".","Therefore, we can conclude that all some rens are jobs.",0.16822971,0.9857479,0,-0.12205798,-0.005951373,0.004649352,-0.10543325,-0.023643564,0.039898667,-0.027985696,0.07041945,3,1.0,late
trace_00118,logic_004,symbolic_logic,llama3.2:latest,medium,correct,logic_004__temp_0p8__trial_03,3,0.8,0p8,0,1,We know that all fads are jops.,Some rens are fads.,0.11996153,0.9927786,0,-0.16663255,-0.102990925,-0.21190874,-0.3127545,-0.011765594,-0.12162486,0.007623452,0.21270677,2,0.5,middle
trace_00118,logic_004,symbolic_logic,llama3.2:latest,medium,correct,logic_004__temp_0p8__trial_03,3,0.8,0p8,1,2,Some rens are fads.,"From steps 1 and 2, we can infer that some rens are also jops.",0.16075754,0.9869939,0,-0.035751168,-0.062346365,0.11031834,0.018405434,-0.065642655,0.116872706,0.22541699,-0.10637166,2,1.0,late
trace_00119,logic_004,symbolic_logic,llama3.2:latest,medium,correct,logic_004__temp_0p8__trial_04,4,0.8,0p8,0,1,We know that if some rens are fads.,We also know that all fads are jops.,0.16239485,0.98672587,3,0.22987793,0.0762273,0.19812597,0.3613931,-0.034393284,0.119265065,-0.01468275,-0.17789057,3,0.3333333333333333,early
trace_00119,logic_004,symbolic_logic,llama3.2:latest,medium,correct,logic_004__temp_0p8__trial_04,4,0.8,0p8,1,2,We also know that all fads are jops.,"Since all fads are jops, any rens that are fads must be jops (by universal instantiation).",0.1428786,0.98974013,0,-0.018782998,-0.11447022,-0.055937115,-0.21902585,0.0020620308,-0.025147093,0.1479656,0.14998594,3,0.6666666666666666,middle
trace_00119,logic_004,symbolic_logic,llama3.2:latest,medium,correct,logic_004__temp_0p8__trial_04,4,0.8,0p8,2,3,"Since all fads are jops, any rens that are fads must be jops (by universal instantiation).","Therefore, we can conclude that some rens are jops.",0.08547776,0.9963401,0,-0.25234827,-0.03742476,-0.0065868613,-0.073125705,0.017837966,-0.06426784,0.1432308,0.03874637,3,1.0,late
trace_00120,logic_004,symbolic_logic,llama3.2:latest,medium,correct,logic_004__temp_0p8__trial_05,5,0.8,0p8,0,1,"We know that if ""some rens"" are fads.",All fads are jumps.,0.09177712,0.9957796,3,0.22213268,0.079236045,0.12866262,0.1587546,-0.13179265,0.11070968,-0.09890292,-0.1389872,2,0.5,middle
trace_00120,logic_004,symbolic_logic,llama3.2:latest,medium,correct,logic_004__temp_0p8__trial_05,5,0.8,0p8,1,2,All fads are jumps.,"By the transitive property of identity (if A is B, then B is C), since all fads are jumps and some rens are fads, we can conclude that some rens are jumps.",0.22873926,0.9734878,0,-0.17550305,-0.22339366,-0.051337257,-0.26098555,0.0102948975,-0.1614359,0.26823124,-0.0010953597,2,1.0,late
trace_00121,temporal_001,temporal_ordering,llama3.2:latest,easy,correct,temporal_001__temp_0p2__trial_01,1,0.2,0p2,0,1,"Determine who arrived last: Since Joon arrived after Sora, and Mina arrived before Joon, Mina must have arrived after Sora.","Identify the person who arrived first: Based on step 1, Sora is the only one left to arrive first.",0.1837687,0.98296946,0,-0.043966334,0.031156814,0.16885677,-0.13566911,-0.27666882,0.07718811,-0.03090711,-0.036212523,1,1.0,late
trace_00122,temporal_001,temporal_ordering,llama3.2:latest,easy,incorrect,temporal_001__temp_0p2__trial_02,2,0.2,0p2,0,1,"Identify the relationships between the individuals: Mina arrived before Joon, and Joon arrived after Sora.",Determine the order of arrival for each individual based on the given relationships:,0.41483048,0.90989864,3,0.011949003,0.22608154,0.22907372,-0.11389889,-0.5463842,0.012534005,0.09609448,0.07315648,6,0.16666666666666666,early
trace_00122,temporal_001,temporal_ordering,llama3.2:latest,easy,incorrect,temporal_001__temp_0p2__trial_02,2,0.2,0p2,1,2,Determine the order of arrival for each individual based on the given relationships:,- Mina arrived before Joon,0.38924274,0.92113525,4,0.011819955,-0.16010526,-0.19671085,0.15272538,0.61608684,0.07698278,-0.06948786,-0.080833554,6,0.3333333333333333,early
trace_00122,temporal_001,temporal_ordering,llama3.2:latest,easy,incorrect,temporal_001__temp_0p2__trial_02,2,0.2,0p2,2,3,- Mina arrived before Joon,- Joon arrived after Sora,0.100760035,0.9949107,1,-0.08583681,-0.023988038,0.042952567,-0.012840808,-0.094736375,0.042793144,-0.106768884,0.044130664,6,0.5,middle
trace_00122,temporal_001,temporal_ordering,llama3.2:latest,easy,incorrect,temporal_001__temp_0p2__trial_02,2,0.2,0p2,3,4,- Joon arrived after Sora,Combine the information to determine who arrived first:,0.38398454,0.92333955,3,0.009059884,0.1847645,0.22326072,-0.19111492,-0.42724928,0.009365458,0.13552001,-0.06284835,6,0.6666666666666666,middle
trace_00122,temporal_001,temporal_ordering,llama3.2:latest,easy,incorrect,temporal_001__temp_0p2__trial_02,2,0.2,0p2,4,5,Combine the information to determine who arrived first:,"Since Mina arrived before Joon, and Joon arrived after Sora, it can be inferred that Mina also arrived before Sora.",0.40761226,0.91315514,4,0.13845497,-0.21999061,-0.26745358,0.13498794,0.44678622,-0.05789826,-0.09640988,0.08152171,6,0.8333333333333334,late
trace_00122,temporal_001,temporal_ordering,llama3.2:latest,easy,incorrect,temporal_001__temp_0p2__trial_02,2,0.2,0p2,5,6,"Since Mina arrived before Joon, and Joon arrived after Sora, it can be inferred that Mina also arrived before Sora.","Conclusion: Based on the given relationships, Sora arrived first.",0.22851734,0.9735399,0,-0.070706256,0.065134406,0.16445549,-0.08208958,-0.2929186,0.084979974,-0.0060678865,-0.034407694,6,1.0,late
trace_00123,temporal_001,temporal_ordering,llama3.2:latest,easy,incorrect,temporal_001__temp_0p2__trial_03,3,0.2,0p2,0,1,Determine the order of arrival for each person.,Compare the orders to find who arrived first.,0.17746992,0.98412627,4,-0.13883187,-0.18909647,0.019162053,0.041473698,0.15757374,0.13300431,-0.09232622,-0.07960193,2,0.5,middle
trace_00123,temporal_001,temporal_ordering,llama3.2:latest,easy,incorrect,temporal_001__temp_0p2__trial_03,3,0.2,0p2,1,2,Compare the orders to find who arrived first.,"Since Mina arrived before Joon, and Joon arrived after Sora, it means that Mina arrived before Sora.",0.35751405,0.93390787,4,0.14171058,-0.105274595,-0.24993524,0.09867904,0.38806337,-0.096335724,-0.032645497,0.038814005,2,1.0,late
trace_00124,temporal_001,temporal_ordering,llama3.2:latest,easy,correct,temporal_001__temp_0p2__trial_04,4,0.2,0p2,0,1,Determine who arrived last to find out who arrived first.,"Since Joon arrived after Sora, Sora is the one who arrived last.",0.36556178,0.9307871,4,0.07670803,-0.16620049,-0.20309989,0.16627134,0.3636934,-0.04323882,-0.18046722,0.13219889,2,0.5,middle
trace_00124,temporal_001,temporal_ordering,llama3.2:latest,easy,correct,temporal_001__temp_0p2__trial_04,4,0.2,0p2,1,2,"Since Joon arrived after Sora, Sora is the one who arrived last.",The person who arrived first is the one who arrived before Sora.,0.22747235,0.97378457,0,0.026727952,0.039113946,0.15324818,-0.22322507,-0.2783061,0.005767779,0.11020518,-0.073497795,2,1.0,late
trace_00125,temporal_001,temporal_ordering,llama3.2:latest,easy,correct,temporal_001__temp_0p2__trial_05,5,0.2,0p2,0,1,"Determine who arrived last: Since Joon arrived after Sora, Sora is the one who arrived last.","Determine who arrived first: Since Mina arrived before Joon and Joon arrived last (Sora), Mina must have arrived first.",0.20613247,0.97852415,3,0.15477283,-0.009438564,-0.020000365,-0.06276675,-0.009648153,-0.009434603,0.18719223,-0.058655825,1,1.0,late
trace_00126,temporal_001,temporal_ordering,llama3.2:latest,easy,incorrect,temporal_001__temp_0p5__trial_01,1,0.5,0p5,0,1,"Determine who arrived before whom (Mina and Joon, Joon and Sora).","Since Joon arrived after Sora, it means Sora arrived before Joon.",0.25495863,0.96695197,4,0.0712323,-0.1129983,-0.026339808,0.060196802,0.12726407,-0.09814729,-0.06873293,0.099034615,3,0.3333333333333333,early
trace_00126,temporal_001,temporal_ordering,llama3.2:latest,easy,incorrect,temporal_001__temp_0p5__trial_01,1,0.5,0p5,1,2,"Since Joon arrived after Sora, it means Sora arrived before Joon.","Given that Mina arrived before Joon, and we know Sora also arrived before Joon, then Sora must have arrived before Mina as well.",0.22954102,0.9732989,4,0.075546816,-0.05369288,-0.022428637,-0.08499415,0.105147436,0.03711561,-0.019377546,-0.014514362,3,0.6666666666666666,middle
trace_00126,temporal_001,temporal_ordering,llama3.2:latest,easy,incorrect,temporal_001__temp_0p5__trial_01,1,0.5,0p5,2,3,"Given that Mina arrived before Joon, and we know Sora also arrived before Joon, then Sora must have arrived before Mina as well.","Therefore, the order of arrival is: Sora, Mina, Joon.",0.24721244,0.9689613,3,0.10564933,0.18703553,0.07508645,0.08426903,-0.40424612,0.019582616,0.08464289,0.04611882,3,1.0,late
trace_00127,temporal_001,temporal_ordering,llama3.2:latest,easy,correct,temporal_001__temp_0p5__trial_02,2,0.5,0p5,0,1,"Identify the individuals mentioned: Mina, Joon, and Sora.",Establish the order of arrival for each individual based on the given statements:,0.411085,0.911597,0,0.019052902,0.08235742,0.24920723,-0.14146435,-0.43852127,-0.057975233,0.16188227,-0.0021379287,9,0.1111111111111111,early
trace_00127,temporal_001,temporal_ordering,llama3.2:latest,easy,correct,temporal_001__temp_0p5__trial_02,2,0.5,0p5,1,2,Establish the order of arrival for each individual based on the given statements:,- Mina arrived before Joon,0.39906847,0.91692114,4,-0.0020567956,-0.1290764,-0.24700865,0.16889194,0.61071575,0.064237475,-0.13560086,-0.080089755,9,0.2222222222222222,early
trace_00127,temporal_001,temporal_ordering,llama3.2:latest,easy,correct,temporal_001__temp_0p5__trial_02,2,0.5,0p5,2,3,- Mina arrived before Joon,- Joon arrived after Sora,0.100760035,0.9949107,1,-0.08583681,-0.023988038,0.042952567,-0.012840808,-0.094736375,0.042793144,-0.106768884,0.044130664,9,0.3333333333333333,early
trace_00127,temporal_001,temporal_ordering,llama3.2:latest,easy,correct,temporal_001__temp_0p5__trial_02,2,0.5,0p5,3,4,- Joon arrived after Sora,Combine the information to determine the overall order of arrival:,0.4009166,0.91611457,3,0.08216712,0.22249794,0.24784592,-0.11718913,-0.5071089,-0.061561715,0.13430658,0.046648677,9,0.4444444444444444,middle
trace_00127,temporal_001,temporal_ordering,llama3.2:latest,easy,correct,temporal_001__temp_0p5__trial_02,2,0.5,0p5,4,5,Combine the information to determine the overall order of arrival:,"- Since Mina arrived before Joon, and Joon arrived after Sora, it can be concluded that Sora arrived first.",0.41806564,0.90841687,4,0.05045248,-0.2553134,-0.2615085,0.045342404,0.48967817,0.042810023,-0.095656134,-0.033850342,9,0.5555555555555556,middle
trace_00127,temporal_001,temporal_ordering,llama3.2:latest,easy,correct,temporal_001__temp_0p5__trial_02,2,0.5,0p5,5,6,"- Since Mina arrived before Joon, and Joon arrived after Sora, it can be concluded that Sora arrived first.","Determine who arrived first among Mina, Joon, or Sora:",0.20755617,0.97822315,3,-0.035125446,0.18911698,-0.014076829,0.050235838,-0.19038527,0.1417522,0.07802741,-0.12926492,9,0.6666666666666666,middle
trace_00127,temporal_001,temporal_ordering,llama3.2:latest,easy,correct,temporal_001__temp_0p5__trial_02,2,0.5,0p5,6,7,"Determine who arrived first among Mina, Joon, or Sora:",- The statement about Mina arriving before Joon does not affect the overall order of arrival since Sora arrived before both Mina and Joon.,0.24034624,0.97068727,4,0.07628452,-0.16465817,0.09824956,0.0255539,0.064731695,-0.20980327,-0.0079390425,0.11817146,9,0.7777777777777778,late
trace_00127,temporal_001,temporal_ordering,llama3.2:latest,easy,correct,temporal_001__temp_0p5__trial_02,2,0.5,0p5,7,8,- The statement about Mina arriving before Joon does not affect the overall order of arrival since Sora arrived before both Mina and Joon.,Conclude based on the established order:,0.33526525,0.9421238,0,-0.07704976,0.06144638,0.07870758,-0.063260384,-0.29606995,0.1471212,0.19570841,-0.084178895,9,0.8888888888888888,late
trace_00127,temporal_001,temporal_ordering,llama3.2:latest,easy,correct,temporal_001__temp_0p5__trial_02,2,0.5,0p5,8,9,Conclude based on the established order:,- Sora is the only one whose arrival time can be directly compared to others in this scenario.,0.21128218,0.9774251,3,0.025452716,0.05630867,0.049663246,0.008828124,0.12016457,-0.039824426,-0.25419563,0.10493312,9,1.0,late
trace_00128,temporal_001,temporal_ordering,llama3.2:latest,easy,correct,temporal_001__temp_0p5__trial_03,3,0.5,0p5,0,1,"Identify the information given: Mina arrived before Joon, and Joon arrived after Sora.","Determine the order of arrival for each person: Mina -> Joon, and Joon -> Sora",0.22639279,0.97403616,3,0.057148457,0.1844305,0.13456115,-0.10113787,-0.39999264,-0.061586373,0.13417405,0.088252544,3,0.3333333333333333,early
trace_00128,temporal_001,temporal_ordering,llama3.2:latest,easy,correct,temporal_001__temp_0p5__trial_03,3,0.5,0p5,1,2,"Determine the order of arrival for each person: Mina -> Joon, and Joon -> Sora",Combine the two orders to find the overall order: Mina -> Sora -> Joon,0.2207796,0.97532374,0,-0.13778797,-0.19408414,0.06052794,0.13555384,-0.027909242,0.028776316,-0.039267562,0.012306643,3,0.6666666666666666,middle
trace_00128,temporal_001,temporal_ordering,llama3.2:latest,easy,correct,temporal_001__temp_0p5__trial_03,3,0.5,0p5,2,3,Combine the two orders to find the overall order: Mina -> Sora -> Joon,Identify who arrived first based on the combined order: Mina,0.17038247,0.98537797,0,0.09968153,0.051913157,-0.017306266,-0.15818557,0.008989564,0.10230287,0.004671634,-0.10419424,3,1.0,late
trace_00129,temporal_001,temporal_ordering,llama3.2:latest,easy,correct,temporal_001__temp_0p5__trial_04,4,0.5,0p5,0,1,Determine the order of arrival for each person.,Compare the orders to find who arrived first.,0.17746992,0.98412627,4,-0.13883187,-0.18909647,0.019162053,0.041473698,0.15757374,0.13300431,-0.09232622,-0.07960193,3,0.3333333333333333,early
trace_00129,temporal_001,temporal_ordering,llama3.2:latest,easy,correct,temporal_001__temp_0p5__trial_04,4,0.5,0p5,1,2,Compare the orders to find who arrived first.,"Since Mina arrived before Joon, and Joon arrived after Sora, we can conclude that:",0.33965325,0.94055074,4,0.0887204,-0.096754655,-0.28143376,0.09669165,0.45052248,-0.0388115,-0.04937626,0.03521882,3,0.6666666666666666,middle
trace_00129,temporal_001,temporal_ordering,llama3.2:latest,easy,correct,temporal_001__temp_0p5__trial_04,4,0.5,0p5,2,3,"Since Mina arrived before Joon, and Joon arrived after Sora, we can conclude that:",Sora arrived first.,0.19700588,0.98040223,3,0.055968475,0.089627735,0.23912282,-0.09756403,-0.28463733,0.08002104,-0.05514045,0.03356069,3,1.0,late
trace_00130,temporal_001,temporal_ordering,llama3.2:latest,easy,incorrect,temporal_001__temp_0p5__trial_05,5,0.5,0p5,0,1,Identify the order of arrival for each person.,Determine that Mina arrived before Joon (Mina > Joon).,0.28364667,0.95892894,4,-0.032508757,-0.19318207,-0.21517238,0.1269525,0.49210557,0.076315,-0.03435894,-0.11888637,5,0.2,early
trace_00130,temporal_001,temporal_ordering,llama3.2:latest,easy,incorrect,temporal_001__temp_0p5__trial_05,5,0.5,0p5,1,2,Determine that Mina arrived before Joon (Mina > Joon).,Determine that Joon arrived after Sora (Joon < Sora).,0.115961276,0.9932537,1,-0.07658973,0.028226988,0.06501515,-0.010835617,-0.15069634,0.028353745,-0.06795864,0.038980935,5,0.4,middle
trace_00130,temporal_001,temporal_ordering,llama3.2:latest,easy,incorrect,temporal_001__temp_0p5__trial_05,5,0.5,0p5,2,3,Determine that Joon arrived after Sora (Joon < Sora).,Use transitivity to conclude that Sora arrived before Mina (Sora > Mina).,0.18687509,0.9823837,0,0.086248,-0.08683344,0.07864035,-0.13200371,0.009949345,-0.12243402,-0.009424258,0.0765708,5,0.6,middle
trace_00130,temporal_001,temporal_ordering,llama3.2:latest,easy,incorrect,temporal_001__temp_0p5__trial_05,5,0.5,0p5,3,4,Use transitivity to conclude that Sora arrived before Mina (Sora > Mina).,"Since Sora arrived before Mina and Mina arrived before Joon, we can conclude that Sora arrived before Joon as well.",0.06908005,0.9976111,4,0.07335437,-0.05158607,-0.13462622,0.12150879,0.23281354,0.04964756,-0.028876852,0.011584298,5,0.8,late
trace_00130,temporal_001,temporal_ordering,llama3.2:latest,easy,incorrect,temporal_001__temp_0p5__trial_05,5,0.5,0p5,4,5,"Since Sora arrived before Mina and Mina arrived before Joon, we can conclude that Sora arrived before Joon as well.","Therefore, the order of arrival is: Sora < Mina < Joon.",0.17579569,0.9844267,3,0.14314625,0.20159931,0.06028096,0.12020296,-0.413998,0.048271712,0.09922685,0.039273657,5,1.0,late
trace_00131,temporal_001,temporal_ordering,llama3.2:latest,easy,correct,temporal_001__temp_0p8__trial_01,1,0.8,0p8,0,1,Identify the relationships between individuals:,- Mina arrived before Joon.,0.29973313,0.954023,4,0.077799484,-0.16053134,-0.07920469,0.10543139,0.43490696,0.12296356,0.008158441,0.04503405,9,0.1111111111111111,early
trace_00131,temporal_001,temporal_ordering,llama3.2:latest,easy,correct,temporal_001__temp_0p8__trial_01,1,0.8,0p8,1,2,- Mina arrived before Joon.,- Joon arrived after Sora.,0.10070278,0.99491656,1,-0.079604395,-0.022456855,0.047317803,-0.021729464,-0.089980386,0.033181865,-0.10827816,0.059420653,9,0.2222222222222222,early
trace_00131,temporal_001,temporal_ordering,llama3.2:latest,easy,correct,temporal_001__temp_0p8__trial_01,1,0.8,0p8,2,3,- Joon arrived after Sora.,Analyze each relationship to determine order:,0.3743388,0.92729205,3,0.021492118,0.12080746,0.116507106,-0.044196162,-0.5496071,-0.06701583,0.1203345,-0.03675248,9,0.3333333333333333,early
trace_00131,temporal_001,temporal_ordering,llama3.2:latest,easy,correct,temporal_001__temp_0p8__trial_01,1,0.8,0p8,3,4,Analyze each relationship to determine order:,- Mina's arrival before Joon is an earlier occurrence.,0.37234634,0.92809385,4,0.11903846,-0.06195418,-0.18039954,0.060634747,0.59249073,0.03038882,-0.079706855,0.014695277,9,0.4444444444444444,middle
trace_00131,temporal_001,temporal_ordering,llama3.2:latest,easy,correct,temporal_001__temp_0p8__trial_01,1,0.8,0p8,4,5,- Mina's arrival before Joon is an earlier occurrence.,- Joon's arrival after Sora means Sora must have arrived before or at the same time as Joon.,0.1055546,0.99441344,0,-0.02613506,-0.099892616,0.13458703,-0.11191465,-0.16915275,0.011881018,0.022262212,0.058456868,9,0.5555555555555556,middle
trace_00131,temporal_001,temporal_ordering,llama3.2:latest,easy,correct,temporal_001__temp_0p8__trial_01,1,0.8,0p8,5,6,- Joon's arrival after Sora means Sora must have arrived before or at the same time as Joon.,Determine if there is any overlap in the relationships:,0.36786073,0.9298809,1,-0.0714606,0.18860099,0.018435735,-0.066828325,-0.2760203,-0.05007791,0.018367473,-0.12716343,9,0.6666666666666666,middle
trace_00131,temporal_001,temporal_ordering,llama3.2:latest,easy,correct,temporal_001__temp_0p8__trial_01,1,0.8,0p8,6,7,Determine if there is any overlap in the relationships:,"- The only relationship that doesn't provide a fixed order for all individuals is Sora and Joon, but Mina arrives before both of them.",0.39535984,0.9185264,4,0.15704235,-0.16751331,-0.0728191,0.15555772,0.2189779,0.056752253,-0.042018928,0.15023632,9,0.7777777777777778,late
trace_00131,temporal_001,temporal_ordering,llama3.2:latest,easy,correct,temporal_001__temp_0p8__trial_01,1,0.8,0p8,7,8,"- The only relationship that doesn't provide a fixed order for all individuals is Sora and Joon, but Mina arrives before both of them.",Conclude based on the available information:,0.41979995,0.9076167,0,-0.15482928,0.086177975,0.15051001,-0.12894155,-0.07572914,0.063341536,0.1545505,-0.09385205,9,0.8888888888888888,late
trace_00131,temporal_001,temporal_ordering,llama3.2:latest,easy,correct,temporal_001__temp_0p8__trial_01,1,0.8,0p8,8,9,Conclude based on the available information:,"- Since Mina arrived before both Sora and Joon, and we do not know if Sora and Joon have any specific timing relative to each other (beyond that Joon arrived after Sora), we can conclude that Mina is the first person to arrive.",0.47821504,0.87824273,4,0.21092577,-0.030708633,-0.16848363,0.055128682,0.13118377,0.0126251,-0.146518,-0.0013659731,9,1.0,late
trace_00132,temporal_001,temporal_ordering,llama3.2:latest,easy,correct,temporal_001__temp_0p8__trial_02,2,0.8,0p8,0,1,"Identify the relationships given: Mina arrived before Joon, and Joon arrived after Sora.",Determine the order of arrival based on the given relationships:,0.40753105,0.9131914,3,-0.00068609853,0.21907005,0.23592502,-0.106334396,-0.51632583,0.006113343,0.108366914,0.032381285,5,0.2,early
trace_00132,temporal_001,temporal_ordering,llama3.2:latest,easy,correct,temporal_001__temp_0p8__trial_02,2,0.8,0p8,1,2,Determine the order of arrival based on the given relationships:,"- Since Mina arrived before Joon, and",0.38628674,0.9223787,4,0.059404783,-0.15525931,-0.24633257,0.13889736,0.6002873,0.06374104,-0.105890445,-0.036287986,5,0.4,middle
trace_00132,temporal_001,temporal_ordering,llama3.2:latest,easy,correct,temporal_001__temp_0p8__trial_02,2,0.8,0p8,2,3,"- Since Mina arrived before Joon, and","- Joon arrived after Sora,",0.094152436,0.9955578,0,-0.103013076,0.0007281548,0.117560916,-0.036264997,-0.10887448,0.04121992,-0.048953384,0.027792875,5,0.6,middle
trace_00132,temporal_001,temporal_ordering,llama3.2:latest,easy,correct,temporal_001__temp_0p8__trial_02,2,0.8,0p8,3,4,"- Joon arrived after Sora,",Combine these to determine overall order: Sora arrived before both Mina and Joon.,0.25306532,0.9674492,3,0.16585132,-0.014287791,0.07905379,0.014632745,-0.23429307,-0.028918447,0.06552158,0.07747532,5,0.8,late
trace_00132,temporal_001,temporal_ordering,llama3.2:latest,easy,correct,temporal_001__temp_0p8__trial_02,2,0.8,0p8,4,5,Combine these to determine overall order: Sora arrived before both Mina and Joon.,Conclude: Sora arrived first.,0.19721338,0.98036057,0,-0.09212234,0.054544717,0.12901512,-0.20063081,-0.014696562,0.06946537,-0.00084768544,-0.05519228,5,1.0,late
trace_00133,temporal_001,temporal_ordering,llama3.2:latest,easy,correct,temporal_001__temp_0p8__trial_03,3,0.8,0p8,0,1,"Establish the order of arrival: Mina arrived before Joon, and Joon arrived after Sora.",Identify who is in the middle position: Joon is in the middle position between Mina and Sora.,0.30653042,0.95186085,3,-0.11675022,0.15494017,-0.09115167,0.17137393,-0.09517887,-0.07204234,-0.0025539007,-0.12919328,2,0.5,middle
trace_00133,temporal_001,temporal_ordering,llama3.2:latest,easy,correct,temporal_001__temp_0p8__trial_03,3,0.8,0p8,1,2,Identify who is in the middle position: Joon is in the middle position between Mina and Sora.,"Determine who arrived first based on their relative positions: Since Mina arrived before Joon, and Joon arrived after Sora, Mina must have arrived first.",0.25988144,0.96564054,0,0.08058875,-0.05352992,0.10460207,-0.19745539,-0.038676813,0.15285265,0.018138988,-0.016275391,2,1.0,late
trace_00134,temporal_001,temporal_ordering,llama3.2:latest,easy,incorrect,temporal_001__temp_0p8__trial_04,4,0.8,0p8,0,1,Determine the order of arrival for each person.,Compare Mina's and Joon's arrivals.,0.34576565,0.93832093,4,0.0647586,-0.15585552,-0.22263287,0.19207048,0.4827646,-0.053168435,-0.14433822,-0.035195872,5,0.2,early
trace_00134,temporal_001,temporal_ordering,llama3.2:latest,easy,incorrect,temporal_001__temp_0p8__trial_04,4,0.8,0p8,1,2,Compare Mina's and Joon's arrivals.,Find out who arrived between Mina and Joon (Joon).,0.21424647,0.9767797,0,-0.20385103,0.04239985,-0.04998304,-0.109969646,-0.09888402,0.2189464,0.12912467,-0.14017203,5,0.4,middle
trace_00134,temporal_001,temporal_ordering,llama3.2:latest,easy,incorrect,temporal_001__temp_0p8__trial_04,4,0.8,0p8,2,3,Find out who arrived between Mina and Joon (Joon).,"Since Joon's arrival is not before either Mina or Sora, compare Mina's arrival to Sora's.",0.1344879,0.99091524,4,0.17677237,-0.12546295,0.08842653,0.020112582,0.052688446,-0.11258888,-0.09452518,0.16316548,5,0.6,middle
trace_00134,temporal_001,temporal_ordering,llama3.2:latest,easy,incorrect,temporal_001__temp_0p8__trial_04,4,0.8,0p8,3,4,"Since Joon's arrival is not before either Mina or Sora, compare Mina's arrival to Sora's.","Mina arrived before Joon, and Joon arrived after Sora.",0.21768214,0.97601974,0,-0.032897953,0.0008567225,-0.033182077,-0.009174434,0.09088752,0.11389931,0.063951686,-0.089176536,5,0.8,late
trace_00134,temporal_001,temporal_ordering,llama3.2:latest,easy,incorrect,temporal_001__temp_0p8__trial_04,4,0.8,0p8,4,5,"Mina arrived before Joon, and Joon arrived after Sora.","Therefore, Sora arrived first.",0.22051916,0.9753826,0,-0.008018992,0.06024719,0.17916113,-0.16326226,-0.24167837,0.11151654,-0.015725069,0.05747118,5,1.0,late
trace_00135,temporal_001,temporal_ordering,llama3.2:latest,easy,correct,temporal_001__temp_0p8__trial_05,5,0.8,0p8,0,1,Start with the given statements:,- Mina arrived before Joon.,0.42285183,0.906199,4,0.11659096,0.009477094,-0.11509864,0.13581418,0.42088747,0.0829984,-0.11707831,-0.061018627,6,0.16666666666666666,early
trace_00135,temporal_001,temporal_ordering,llama3.2:latest,easy,correct,temporal_001__temp_0p8__trial_05,5,0.8,0p8,1,2,- Mina arrived before Joon.,- Joon arrived after Sora.,0.10070278,0.99491656,1,-0.079604395,-0.022456855,0.047317803,-0.021729464,-0.089980386,0.033181865,-0.10827816,0.059420653,6,0.3333333333333333,early
trace_00135,temporal_001,temporal_ordering,llama3.2:latest,easy,correct,temporal_001__temp_0p8__trial_05,5,0.8,0p8,2,3,- Joon arrived after Sora.,Determine the order of arrival using the given statements:,0.4056945,0.9140088,3,0.09613065,0.170347,0.18513013,-0.10370533,-0.5334135,-0.02899569,0.18982759,-0.00024077091,6,0.5,middle
trace_00135,temporal_001,temporal_ordering,llama3.2:latest,easy,correct,temporal_001__temp_0p8__trial_05,5,0.8,0p8,3,4,Determine the order of arrival using the given statements:,"- Since Mina arrived before Joon and Joon arrived after Sora, it can be concluded that Mina arrived before Sora.",0.41985613,0.90759075,4,0.028830277,-0.1975701,-0.21609147,0.043377083,0.56962436,-0.006600113,-0.15073758,0.0065197074,6,0.6666666666666666,middle
trace_00135,temporal_001,temporal_ordering,llama3.2:latest,easy,correct,temporal_001__temp_0p8__trial_05,5,0.8,0p8,4,5,"- Since Mina arrived before Joon and Joon arrived after Sora, it can be concluded that Mina arrived before Sora.",Compare the arrival times to find who arrived first:,0.3094256,0.9509236,3,-0.02268086,0.19510776,0.22340408,-0.106824875,-0.3737592,0.03414128,0.057059176,-0.08874915,6,0.8333333333333334,late
trace_00135,temporal_001,temporal_ordering,llama3.2:latest,easy,correct,temporal_001__temp_0p8__trial_05,5,0.8,0p8,5,6,Compare the arrival times to find who arrived first:,- Mina is before Sora in the order of arrival.,0.30716538,0.95165616,4,0.073701605,-0.14983699,-0.17887723,0.098113306,0.25521007,0.0019388607,-0.06783926,0.13454318,6,1.0,late
trace_00136,temporal_002,temporal_ordering,llama3.2:latest,easy,incorrect,temporal_002__temp_0p2__trial_01,1,0.2,0p2,0,1,"Identify the given events: A, B, and C.",Determine the order of the events based on the given information:,0.16349576,0.986544,3,0.11163961,0.07865834,0.087583765,0.12919578,-0.31204447,0.023637593,0.0560408,0.09420378,5,0.2,early
trace_00136,temporal_002,temporal_ordering,llama3.2:latest,easy,incorrect,temporal_002__temp_0p2__trial_01,1,0.2,0p2,1,2,Determine the order of the events based on the given information:,- Event A happens before Event B,0.27135205,0.9624801,4,-0.06366061,-0.11940816,-0.08092554,-0.062399667,0.49911827,-0.1520043,-0.11344966,-0.11813587,5,0.4,middle
trace_00136,temporal_002,temporal_ordering,llama3.2:latest,easy,incorrect,temporal_002__temp_0p2__trial_01,1,0.2,0p2,2,3,- Event A happens before Event B,- Event B happens before Event C,0.1435272,0.98964626,4,0.0051593725,-0.23132052,-0.06485542,-0.0799704,0.1490765,0.14972508,-0.0072284737,0.13344775,5,0.6,middle
trace_00136,temporal_002,temporal_ordering,llama3.2:latest,easy,incorrect,temporal_002__temp_0p2__trial_01,1,0.2,0p2,3,4,- Event B happens before Event C,"Since Event A happens before Event B, and Event B happens before Event C, we can conclude that Event A happens first, followed by Event B, and then Event C.",0.17455451,0.9846475,3,0.0072396807,0.10867076,0.031979233,-0.0744675,-0.23293394,-0.110572435,0.012681622,-0.068167135,5,0.8,late
trace_00136,temporal_002,temporal_ordering,llama3.2:latest,easy,incorrect,temporal_002__temp_0p2__trial_01,1,0.2,0p2,4,5,"Since Event A happens before Event B, and Event B happens before Event C, we can conclude that Event A happens first, followed by Event B, and then Event C.","Therefore, Event C is the last event to happen.",0.28340018,0.9590017,4,0.05438556,0.0005549567,-0.004106846,0.0703101,0.17096043,0.20412748,-0.06319545,0.24759407,5,1.0,late
trace_00137,temporal_002,temporal_ordering,llama3.2:latest,easy,incorrect,temporal_002__temp_0p2__trial_02,2,0.2,0p2,0,1,Identify the sequence of events: A -> B -> C,Determine the relationship between each pair of consecutive events:,0.20575133,0.97860426,1,0.11432692,0.10223166,0.021824053,-0.06914297,-0.26232344,-0.079352215,-0.023558352,-0.06959359,6,0.16666666666666666,early
trace_00137,temporal_002,temporal_ordering,llama3.2:latest,easy,incorrect,temporal_002__temp_0p2__trial_02,2,0.2,0p2,1,2,Determine the relationship between each pair of consecutive events:,- A happens before B (A -> B),0.16952737,0.9855254,4,-0.06507148,-0.21154536,-0.037190907,0.02719047,0.29085085,0.017213823,0.06558213,-0.05256566,6,0.3333333333333333,early
trace_00137,temporal_002,temporal_ordering,llama3.2:latest,easy,incorrect,temporal_002__temp_0p2__trial_02,2,0.2,0p2,2,3,- A happens before B (A -> B),- B happens before C (B -> C),0.12088001,0.9926671,4,0.039222952,-0.18008797,-0.011801254,-0.051043537,0.14288586,0.07746012,-0.033632517,0.14654644,6,0.5,middle
trace_00137,temporal_002,temporal_ordering,llama3.2:latest,easy,incorrect,temporal_002__temp_0p2__trial_02,2,0.2,0p2,3,4,- B happens before C (B -> C),"Since both A and B happen before C, but we don't know which one happens first, we can conclude that either A or B could be last.",0.13387525,0.99099815,3,0.049720187,0.07217827,0.025029631,0.03441638,-0.03121755,0.11467317,-0.06610491,0.05153234,6,0.6666666666666666,middle
trace_00137,temporal_002,temporal_ordering,llama3.2:latest,easy,incorrect,temporal_002__temp_0p2__trial_02,2,0.2,0p2,4,5,"Since both A and B happen before C, but we don't know which one happens first, we can conclude that either A or B could be last.","However, since the problem states ""Event A happened before Event B"", it implies that A is not last.",0.19648863,0.98050606,3,-0.003139648,0.19436057,0.05099007,0.04044455,-0.06453802,0.0027240468,-0.051920015,0.04740452,6,0.8333333333333334,late
trace_00137,temporal_002,temporal_ordering,llama3.2:latest,easy,incorrect,temporal_002__temp_0p2__trial_02,2,0.2,0p2,5,6,"However, since the problem states ""Event A happened before Event B"", it implies that A is not last.","Therefore, Event B must be last.",0.21204029,0.97726095,4,0.1771322,-0.018752262,-0.02919072,0.032927208,-0.007018182,-0.046557996,-0.035351213,0.12162562,6,1.0,late
trace_00138,temporal_002,temporal_ordering,llama3.2:latest,easy,correct,temporal_002__temp_0p2__trial_03,3,0.2,0p2,0,1,"Identify the given events: A, B, and C.",Determine the order of the events based on the given information:,0.16349576,0.986544,3,0.11163961,0.07865834,0.087583765,0.12919578,-0.31204447,0.023637593,0.0560408,0.09420378,8,0.125,early
trace_00138,temporal_002,temporal_ordering,llama3.2:latest,easy,correct,temporal_002__temp_0p2__trial_03,3,0.2,0p2,1,2,Determine the order of the events based on the given information:,- Event A happens before Event B (A → B),0.24994247,0.96826077,4,-0.044834908,-0.1248389,-0.08999551,-0.072327174,0.46576077,-0.142113,-0.08745595,-0.15668164,8,0.25,early
trace_00138,temporal_002,temporal_ordering,llama3.2:latest,easy,correct,temporal_002__temp_0p2__trial_03,3,0.2,0p2,2,3,- Event A happens before Event B (A → B),- Event B happens before Event C (B → C),0.14494316,0.98944,4,-0.008078985,-0.2004339,-0.045496598,-0.07250384,0.15755154,0.059307944,-0.011751203,0.14503583,8,0.375,middle
trace_00138,temporal_002,temporal_ordering,llama3.2:latest,easy,correct,temporal_002__temp_0p2__trial_03,3,0.2,0p2,3,4,- Event B happens before Event C (B → C),Combine the two orders to find the overall order:,0.46390548,0.88588464,3,0.040948413,0.053342998,0.13043045,0.07147167,-0.51749814,0.06142906,0.10343669,0.047800858,8,0.5,middle
trace_00138,temporal_002,temporal_ordering,llama3.2:latest,easy,correct,temporal_002__temp_0p2__trial_03,3,0.2,0p2,4,5,Combine the two orders to find the overall order:,- A happens first,0.30638498,0.9519078,4,-0.020420762,0.025751375,-0.16045623,-0.048653282,0.4372576,0.03862738,-0.07506685,-0.078528054,8,0.625,middle
trace_00138,temporal_002,temporal_ordering,llama3.2:latest,easy,correct,temporal_002__temp_0p2__trial_03,3,0.2,0p2,5,6,- A happens first,- Then B,0.28921118,0.9572653,3,0.041086093,-0.08943668,-0.02648102,0.10475968,-0.07179028,0.03542921,-0.05376203,-0.013250741,8,0.75,late
trace_00138,temporal_002,temporal_ordering,llama3.2:latest,easy,correct,temporal_002__temp_0p2__trial_03,3,0.2,0p2,6,7,- Then B,"- Finally, C",0.17314102,0.9848971,4,0.012662995,0.07083073,-0.011618984,-0.09167106,0.10017447,0.111503094,-0.01827233,0.0797801,8,0.875,late
trace_00138,temporal_002,temporal_ordering,llama3.2:latest,easy,correct,temporal_002__temp_0p2__trial_03,3,0.2,0p2,7,8,"- Finally, C",Determine which event happened last: Event C,0.47043365,0.8824353,3,-0.0063322093,0.15290265,0.13023067,0.05227337,-0.11337629,-0.011865301,-0.020493783,-0.03418575,8,1.0,late
trace_00139,temporal_002,temporal_ordering,llama3.2:latest,easy,correct,temporal_002__temp_0p2__trial_04,4,0.2,0p2,0,1,Identify the sequence of events: A -> B -> C,Determine the relationship between each pair of events:,0.11015708,0.9939142,1,0.02822462,0.079823196,0.023350906,-0.024442485,-0.23795162,-0.077405065,-0.021849306,-0.050410017,5,0.2,early
trace_00139,temporal_002,temporal_ordering,llama3.2:latest,easy,correct,temporal_002__temp_0p2__trial_04,4,0.2,0p2,1,2,Determine the relationship between each pair of events:,- A happens before B (A -> B),0.16662553,0.98602027,4,-0.0025853517,-0.19585195,-0.038493227,-0.005112305,0.27487195,0.016402857,0.06452257,-0.06625215,5,0.4,middle
trace_00139,temporal_002,temporal_ordering,llama3.2:latest,easy,correct,temporal_002__temp_0p2__trial_04,4,0.2,0p2,2,3,- A happens before B (A -> B),- B happens before C (B -> C),0.12088001,0.9926671,4,0.039222952,-0.18008797,-0.011801254,-0.051043537,0.14288586,0.07746012,-0.033632517,0.14654644,5,0.6,middle
trace_00139,temporal_002,temporal_ordering,llama3.2:latest,easy,correct,temporal_002__temp_0p2__trial_04,4,0.2,0p2,3,4,- B happens before C (B -> C),"Since both relationships are in the same direction, conclude that the order is linear and A comes before B, which comes before C.",0.055165365,0.9984772,3,0.11658726,0.037633747,0.052649867,0.023596162,-0.39481774,-0.055438552,0.018227967,-0.01717578,5,0.8,late
trace_00139,temporal_002,temporal_ordering,llama3.2:latest,easy,correct,temporal_002__temp_0p2__trial_04,4,0.2,0p2,4,5,"Since both relationships are in the same direction, conclude that the order is linear and A comes before B, which comes before C.","Therefore, Event C happened last.",0.14195842,0.9898727,4,-0.0186674,0.13019767,-0.104212314,0.042143542,0.39871904,0.20383282,-0.15002106,0.15749982,5,1.0,late
trace_00140,temporal_002,temporal_ordering,llama3.2:latest,easy,correct,temporal_002__temp_0p2__trial_05,5,0.2,0p2,0,1,Identify the events and their order: A -> B -> C,Determine that Event A is the earliest in time.,0.16355789,0.9865337,3,0.12422235,0.0686107,0.104140475,-0.03778647,0.0788756,0.11114966,0.063062824,-0.101453885,3,0.3333333333333333,early
trace_00140,temporal_002,temporal_ordering,llama3.2:latest,easy,correct,temporal_002__temp_0p2__trial_05,5,0.2,0p2,1,2,Determine that Event A is the earliest in time.,"Since Event B happens after Event A, it must be the middle event in time.",0.2051714,0.97872615,4,0.026846087,-0.14333756,-0.12444092,0.047421783,0.13761316,-0.17602305,-0.13589023,0.13848208,3,0.6666666666666666,middle
trace_00140,temporal_002,temporal_ordering,llama3.2:latest,easy,correct,temporal_002__temp_0p2__trial_05,5,0.2,0p2,2,3,"Since Event B happens after Event A, it must be the middle event in time.","Event C happens after Event B, making it the latest event in time.",0.23372805,0.972302,4,-0.023398848,0.0092396345,-0.07054535,-0.05723508,0.032472238,0.04203138,-0.12142315,0.11630574,3,1.0,late
trace_00141,temporal_002,temporal_ordering,llama3.2:latest,easy,correct,temporal_002__temp_0p5__trial_01,1,0.5,0p5,0,1,"Identify the events: Event A, Event B, and Event C",Recall that Event A happened before Event B,0.24058864,0.9706272,4,0.024787208,-0.017884778,-0.0074684736,-0.017820228,0.3045038,-0.09423644,-0.108555414,-0.011329843,4,0.25,early
trace_00141,temporal_002,temporal_ordering,llama3.2:latest,easy,correct,temporal_002__temp_0p5__trial_01,1,0.5,0p5,1,2,Recall that Event A happened before Event B,Also recall that Event B happened before Event C,0.20003225,0.9797894,4,0.07707461,-0.23046054,-0.116681494,-0.0034142346,0.056481984,0.16844697,-0.007735768,0.16007006,4,0.5,middle
trace_00141,temporal_002,temporal_ordering,llama3.2:latest,easy,correct,temporal_002__temp_0p5__trial_01,1,0.5,0p5,2,3,Also recall that Event B happened before Event C,"Since Event B is between Event A and Event C in time order, it must be the middle event.",0.14679597,0.98916674,3,0.18010269,-0.005724713,0.1312127,0.06874581,-0.2776783,-0.061774325,0.17737594,0.0039459486,4,0.75,late
trace_00141,temporal_002,temporal_ordering,llama3.2:latest,easy,correct,temporal_002__temp_0p5__trial_01,1,0.5,0p5,3,4,"Since Event B is between Event A and Event C in time order, it must be the middle event.",The last event to occur would be Event C,0.25145674,0.9678686,3,-0.06621342,0.20075735,-0.024288617,-0.063075624,0.11064403,0.21062268,-0.0403646,0.07659633,4,1.0,late
trace_00142,temporal_002,temporal_ordering,llama3.2:latest,easy,correct,temporal_002__temp_0p5__trial_02,2,0.5,0p5,0,1,Identify the events and their order: A -> B -> C,Determine the relationship between each pair of events:,0.22270857,0.97488505,1,-0.055397935,0.14695884,0.010221934,-0.04448227,-0.13061816,-0.09523978,-0.033800323,-0.086197644,6,0.16666666666666666,early
trace_00142,temporal_002,temporal_ordering,llama3.2:latest,easy,correct,temporal_002__temp_0p5__trial_02,2,0.5,0p5,1,2,Determine the relationship between each pair of events:,- A happens before B,0.1778651,0.9840549,4,0.031436685,-0.19619222,-0.0722297,0.029501753,0.30834955,0.09189956,0.02568598,-0.04286454,6,0.3333333333333333,early
trace_00142,temporal_002,temporal_ordering,llama3.2:latest,easy,correct,temporal_002__temp_0p5__trial_02,2,0.5,0p5,2,3,- A happens before B,- B happens before C,0.12988877,0.99152845,4,0.033875998,-0.20615901,-0.028164852,-0.1011276,0.061664462,0.09262552,0.013825226,0.15836574,6,0.5,middle
trace_00142,temporal_002,temporal_ordering,llama3.2:latest,easy,correct,temporal_002__temp_0p5__trial_02,2,0.5,0p5,3,4,- B happens before C,Use a Venn diagram or logical reasoning to find the common sequence:,0.19987379,0.9798217,3,0.05507235,0.23156114,0.023600455,0.009560237,-0.2987938,-0.077964425,0.054639444,-0.017599838,6,0.6666666666666666,middle
trace_00142,temporal_002,temporal_ordering,llama3.2:latest,easy,correct,temporal_002__temp_0p5__trial_02,2,0.5,0p5,4,5,Use a Venn diagram or logical reasoning to find the common sequence:,"- A occurs first, followed by B, then C",0.28462437,0.95863914,4,-0.05327499,-0.20283444,0.014000731,-0.05180027,0.18910286,0.022113625,-0.023623044,-0.030816652,6,0.8333333333333334,late
trace_00142,temporal_002,temporal_ordering,llama3.2:latest,easy,correct,temporal_002__temp_0p5__trial_02,2,0.5,0p5,5,6,"- A occurs first, followed by B, then C",Conclude that Event C happened last,0.23855387,0.97112924,3,0.017765468,0.16713758,0.02587453,0.09963009,0.2274827,0.1593328,-0.11610705,0.07958071,6,1.0,late
trace_00143,temporal_002,temporal_ordering,llama3.2:latest,easy,incorrect,temporal_002__temp_0p5__trial_03,3,0.5,0p5,0,1,Identify the relationships between the events.,"Since Event A happened before Event B, we know that A comes before B in time.",0.21694656,0.97618353,4,0.09593941,-0.17372222,-0.062466513,-0.017611867,0.37253666,0.055535387,-0.03622898,-0.0018628908,5,0.2,early
trace_00143,temporal_002,temporal_ordering,llama3.2:latest,easy,incorrect,temporal_002__temp_0p5__trial_03,3,0.5,0p5,1,2,"Since Event A happened before Event B, we know that A comes before B in time.","Similarly, since Event B happened before Event C, we know that B comes before C in time.",0.18879929,0.9820157,4,0.012120129,-0.23115796,-0.03929884,-0.08180298,0.055869445,0.028477466,0.0306988,0.11361154,5,0.4,middle
trace_00143,temporal_002,temporal_ordering,llama3.2:latest,easy,incorrect,temporal_002__temp_0p5__trial_03,3,0.5,0p5,2,3,"Similarly, since Event B happened before Event C, we know that B comes before C in time.","To determine which event happened last, we need to find the event that is furthest from its corresponding starting point (A or B).",0.26849788,0.9632803,3,-0.1334069,0.24441908,0.142703,0.12398891,-0.26302442,0.19494352,-0.023656629,-0.04600683,5,0.6,middle
trace_00143,temporal_002,temporal_ordering,llama3.2:latest,easy,incorrect,temporal_002__temp_0p5__trial_03,3,0.5,0p5,3,4,"To determine which event happened last, we need to find the event that is furthest from its corresponding starting point (A or B).","Since both A and B come before C, but A comes before B, it means that C happens after both A and B.",0.24815811,0.9687195,4,0.13570693,-0.3256984,-0.17439313,-0.10901108,0.06502846,-0.1455403,0.12228338,0.017661814,5,0.8,late
trace_00143,temporal_002,temporal_ordering,llama3.2:latest,easy,incorrect,temporal_002__temp_0p5__trial_03,3,0.5,0p5,4,5,"Since both A and B come before C, but A comes before B, it means that C happens after both A and B.","Therefore, Event C is the one that happened last.",0.16155227,0.9868642,3,-0.05142835,0.21315269,0.057863258,0.089524895,0.20621192,0.16240782,-0.21519497,0.119005024,5,1.0,late
trace_00144,temporal_002,temporal_ordering,llama3.2:latest,easy,correct,temporal_002__temp_0p5__trial_04,4,0.5,0p5,0,1,Identify the given sequence of events: A -> B -> C,Determine the relationship between each pair of events:,0.078102395,0.9969453,1,0.013252412,0.08207735,0.008416652,-0.039258506,-0.19412352,-0.10040315,-0.022361767,-0.073538534,5,0.2,early
trace_00144,temporal_002,temporal_ordering,llama3.2:latest,easy,correct,temporal_002__temp_0p5__trial_04,4,0.5,0p5,1,2,Determine the relationship between each pair of events:,- A happens before B (A < B),0.18967514,0.9818469,4,0.05389573,-0.14944844,-0.023587525,0.028044576,0.2394492,0.041954834,0.031647645,-0.066564254,5,0.4,middle
trace_00144,temporal_002,temporal_ordering,llama3.2:latest,easy,correct,temporal_002__temp_0p5__trial_04,4,0.5,0p5,2,3,- A happens before B (A < B),- B happens before C (B < C),0.12963766,0.9915615,4,0.0030118558,-0.1750191,-0.015287761,-0.0726554,0.13696866,0.059867628,-0.007618684,0.14832231,5,0.6,middle
trace_00144,temporal_002,temporal_ordering,llama3.2:latest,easy,correct,temporal_002__temp_0p5__trial_04,4,0.5,0p5,3,4,- B happens before C (B < C),"Since A happens before B, and B happens before C, we can conclude that A also happens before C (A < C)",0.286876,0.9579678,1,0.048077278,0.038105536,0.031830322,-0.045670003,-0.09775466,-0.10130835,0.04726383,-0.07800007,5,0.8,late
trace_00144,temporal_002,temporal_ordering,llama3.2:latest,easy,correct,temporal_002__temp_0p5__trial_04,4,0.5,0p5,4,5,"Since A happens before B, and B happens before C, we can conclude that A also happens before C (A < C)","Based on the sequence, Event C is the last event in the given order.",0.1966075,0.9804823,3,0.026174054,0.14005181,0.0050542187,0.104781955,-0.17788059,0.15416802,-0.075095475,0.22325243,5,1.0,late
trace_00145,temporal_002,temporal_ordering,llama3.2:latest,easy,correct,temporal_002__temp_0p5__trial_05,5,0.5,0p5,0,1,Identify the sequence of events: A -> B -> C,"Determine the order of events based on their occurrence: A happens first, then B, then C",0.17279547,0.9849577,3,0.13609765,-0.08248353,0.077492096,-0.035040017,-0.22596154,0.07022024,0.009690969,0.0054119965,2,0.5,middle
trace_00145,temporal_002,temporal_ordering,llama3.2:latest,easy,correct,temporal_002__temp_0p5__trial_05,5,0.5,0p5,1,2,"Determine the order of events based on their occurrence: A happens first, then B, then C",Conclude that Event C is the last to occur in the sequence.,0.22346225,0.9747126,4,-0.06450111,-0.022072319,-0.0020982611,-0.005993743,0.2710178,-0.010291831,0.0125309955,0.12409368,2,1.0,late
trace_00146,temporal_002,temporal_ordering,llama3.2:latest,easy,correct,temporal_002__temp_0p8__trial_01,1,0.8,0p8,0,1,"Identify the order of events: Event A, Event B, Event C","Determine which event is at the end of the sequence: Since Event A happened first and Event C happened last, Event C is at the end.",0.19955355,0.97988695,4,-0.05939181,0.014466111,-0.02534315,-0.06127686,0.29265958,0.04826035,-0.051495414,0.0062793596,2,0.5,middle
trace_00146,temporal_002,temporal_ordering,llama3.2:latest,easy,correct,temporal_002__temp_0p8__trial_01,1,0.8,0p8,1,2,"Determine which event is at the end of the sequence: Since Event A happened first and Event C happened last, Event C is at the end.",Conclude that Event C is the last event to occur.,0.1337237,0.99101865,4,0.049945593,-0.07566861,0.093302436,-0.04418159,0.123985305,0.030539514,0.06930678,0.04423289,2,1.0,late
trace_00147,temporal_002,temporal_ordering,llama3.2:latest,easy,correct,temporal_002__temp_0p8__trial_02,2,0.8,0p8,0,1,"Identify the events: A, B, and C",Determine the order of the events based on the given information:,0.16000584,0.9871161,3,0.06856221,0.065210804,0.12469016,0.11177528,-0.3376655,0.05406031,0.091973625,0.08247877,6,0.16666666666666666,early
trace_00147,temporal_002,temporal_ordering,llama3.2:latest,easy,correct,temporal_002__temp_0p8__trial_02,2,0.8,0p8,1,2,Determine the order of the events based on the given information:,- Event A happens before Event B (A → B),0.24994247,0.96826077,4,-0.044834908,-0.1248389,-0.08999551,-0.072327174,0.46576077,-0.142113,-0.08745595,-0.15668164,6,0.3333333333333333,early
trace_00147,temporal_002,temporal_ordering,llama3.2:latest,easy,correct,temporal_002__temp_0p8__trial_02,2,0.8,0p8,2,3,- Event A happens before Event B (A → B),- Event B happens before Event C (B → C),0.14494316,0.98944,4,-0.008078985,-0.2004339,-0.045496598,-0.07250384,0.15755154,0.059307944,-0.011751203,0.14503583,6,0.5,middle
trace_00147,temporal_002,temporal_ordering,llama3.2:latest,easy,correct,temporal_002__temp_0p8__trial_02,2,0.8,0p8,3,4,- Event B happens before Event C (B → C),Combine the order of events to determine the overall sequence:,0.26287436,0.96483004,3,0.06124142,0.23977044,0.13377951,0.049497638,-0.40863004,0.05762268,0.042739064,0.09671182,6,0.6666666666666666,middle
trace_00147,temporal_002,temporal_ordering,llama3.2:latest,easy,correct,temporal_002__temp_0p8__trial_02,2,0.8,0p8,4,5,Combine the order of events to determine the overall sequence:,- A → B → C,0.24191073,0.97029847,4,-0.06731753,-0.26731613,-0.121985845,-0.054559793,0.23130505,0.008701374,-0.01703743,-0.10149902,6,0.8333333333333334,late
trace_00147,temporal_002,temporal_ordering,llama3.2:latest,easy,correct,temporal_002__temp_0p8__trial_02,2,0.8,0p8,5,6,- A → B → C,Identify the last event in the sequence: C,0.2851939,0.9584699,3,0.07002089,0.26338375,0.05295135,0.06914901,-0.058964796,0.11536667,0.023978004,0.075642325,6,1.0,late
trace_00148,temporal_002,temporal_ordering,llama3.2:latest,easy,correct,temporal_002__temp_0p8__trial_03,3,0.8,0p8,0,1,Determine the order of events: Event A < Event B,Add Event C to the sequence: Event A < Event B < Event C,0.1692601,0.9855715,4,0.014657172,0.008583003,-0.09405072,-0.09612139,0.27359337,-0.11798809,-0.009116036,0.041298,2,0.5,middle
trace_00148,temporal_002,temporal_ordering,llama3.2:latest,easy,correct,temporal_002__temp_0p8__trial_03,3,0.8,0p8,1,2,Add Event C to the sequence: Event A < Event B < Event C,Conclusion: Event C happened last,0.098497786,0.99513733,4,-0.06568263,-0.14041086,-0.035998236,0.0119717475,0.21826479,0.26583204,-0.032981034,0.03663433,2,1.0,late
trace_00149,temporal_002,temporal_ordering,llama3.2:latest,easy,incorrect,temporal_002__temp_0p8__trial_04,4,0.8,0p8,0,1,We know that Event A happens before Event B.,We know that Event B happens before Event C.,0.19703092,0.98039734,4,0.02742326,-0.24571636,-0.03104164,-0.039634194,0.1466235,0.13493834,0.012971623,0.10046694,3,0.3333333333333333,early
trace_00149,temporal_002,temporal_ordering,llama3.2:latest,easy,incorrect,temporal_002__temp_0p8__trial_04,4,0.8,0p8,1,2,We know that Event B happens before Event C.,"Since Event A happens before Event B, and Event B happens before Event C, we can conclude that Event A happens before Event C.",0.13087726,0.99139863,0,-0.025989989,-0.050215088,0.102238655,-0.00035364597,-0.18851215,-0.11964352,0.102180585,-0.09098755,3,0.6666666666666666,middle
trace_00149,temporal_002,temporal_ordering,llama3.2:latest,easy,incorrect,temporal_002__temp_0p8__trial_04,4,0.8,0p8,2,3,"Since Event A happens before Event B, and Event B happens before Event C, we can conclude that Event A happens before Event C.","Therefore, the order of events from earliest to latest is: Event A, Event B, Event C.",0.25149345,0.96785897,3,0.23707771,0.058927976,-0.002468624,0.13418195,-0.37335542,0.12674446,-0.013809882,0.20318247,3,1.0,late
trace_00150,temporal_002,temporal_ordering,llama3.2:latest,easy,correct,temporal_002__temp_0p8__trial_05,5,0.8,0p8,0,1,We know that Event A happened before Event B.,We also know that Event B happened before Event C.,0.18436342,0.9828582,4,0.023179982,-0.28051695,-0.078186065,-0.060618863,0.054335188,0.1269393,0.009045365,0.13748932,2,0.5,middle
trace_00150,temporal_002,temporal_ordering,llama3.2:latest,easy,correct,temporal_002__temp_0p8__trial_05,5,0.8,0p8,1,2,We also know that Event B happened before Event C.,"Since both statements are true, we can conclude that the order is A -> B -> C.",0.24533115,0.96943927,0,0.033786684,-0.18085799,0.10382679,0.01753262,-0.25495708,-0.039061423,0.16396838,-0.008061877,2,1.0,late
trace_00151,temporal_003,temporal_ordering,llama3.2:latest,medium,correct,temporal_003__temp_0p2__trial_01,1,0.2,0p2,0,1,"Determine that since Event D happened before Event B, and Event B happened before Event A, then Event D must have happened first.","Since Event A happened before Event C, we can conclude that Event A is between Event D and Event C in the timeline.",0.18313377,0.983088,4,0.012872101,-0.10137958,-0.12289049,0.0011445867,0.27951327,-0.079136804,-0.06822,0.00035955937,2,0.5,middle
trace_00151,temporal_003,temporal_ordering,llama3.2:latest,medium,correct,temporal_003__temp_0p2__trial_01,1,0.2,0p2,1,2,"Since Event A happened before Event C, we can conclude that Event A is between Event D and Event C in the timeline.","The order of events from earliest to latest is: Event D, Event B, Event A, Event C.",0.27480376,0.96150035,3,0.26413235,0.08024494,0.023928385,0.1381947,-0.35662243,0.13251945,-0.017671145,0.17438267,2,1.0,late
trace_00152,temporal_003,temporal_ordering,llama3.2:latest,medium,correct,temporal_003__temp_0p2__trial_02,2,0.2,0p2,0,1,Identify that Event D happened before Event B.,"Since Event A happened after Event B, it is later than Event D.",0.10979542,0.9939542,4,0.16425954,-0.17993902,-0.061156847,0.03639575,0.20383002,-0.25034037,-0.15108362,0.2051914,4,0.25,early
trace_00152,temporal_003,temporal_ordering,llama3.2:latest,medium,correct,temporal_003__temp_0p2__trial_02,2,0.2,0p2,1,2,"Since Event A happened after Event B, it is later than Event D.",Determine that Event B happens between Event D and Event A.,0.19635539,0.9805328,0,-0.16892266,0.19271566,0.094713554,-0.08479654,-0.26514634,0.06021661,0.13695118,-0.200796,4,0.5,middle
trace_00152,temporal_003,temporal_ordering,llama3.2:latest,medium,correct,temporal_003__temp_0p2__trial_02,2,0.2,0p2,2,3,Determine that Event B happens between Event D and Event A.,Recognize that Event C happens after Event A.,0.11315502,0.99357736,4,0.06580065,-0.11976571,-0.08462396,-0.044816807,0.28830457,0.13551924,0.004372473,0.12101034,4,0.75,late
trace_00152,temporal_003,temporal_ordering,llama3.2:latest,medium,correct,temporal_003__temp_0p2__trial_02,2,0.2,0p2,3,4,Recognize that Event C happens after Event A.,"Conclude the order of events from earliest to latest: Event D, Event B, Event A, Event C.",0.22290581,0.97484,3,0.16782394,0.031832885,0.08012889,0.13238928,-0.37650537,0.010642757,0.006658032,0.06431647,4,1.0,late
trace_00153,temporal_003,temporal_ordering,llama3.2:latest,medium,correct,temporal_003__temp_0p2__trial_03,3,0.2,0p2,0,1,Identify that Event D happened before Event B.,"Since Event A happened after Event B, it must happen after Event D.",0.23730338,0.9714356,4,0.11805258,-0.14922255,-0.105850734,-0.06079294,0.18695267,-0.13880935,-0.07693199,0.22601141,3,0.3333333333333333,early
trace_00153,temporal_003,temporal_ordering,llama3.2:latest,medium,correct,temporal_003__temp_0p2__trial_03,3,0.2,0p2,1,2,"Since Event A happened after Event B, it must happen after Event D.","Given that Event A happens after both Event D and Event B, it is also after Event C.",0.20053266,0.9796869,3,0.042739123,-0.02138694,0.027076336,0.021290204,-0.16282323,-0.13638042,-0.011797705,0.016489241,3,0.6666666666666666,middle
trace_00153,temporal_003,temporal_ordering,llama3.2:latest,medium,correct,temporal_003__temp_0p2__trial_03,3,0.2,0p2,2,3,"Given that Event A happens after both Event D and Event B, it is also after Event C.","Order the events from earliest to latest: Event D, Event B, Event A, Event C",0.30451578,0.9525073,3,0.12906489,0.08207345,0.09386362,0.13943091,-0.29376292,0.15260208,-0.012809673,0.059381574,3,1.0,late
trace_00154,temporal_003,temporal_ordering,llama3.2:latest,medium,correct,temporal_003__temp_0p2__trial_04,4,0.2,0p2,0,1,Identify that Event D happened before Event B.,"Since Event A occurred after Event B, it is later than Event D.",0.14510788,0.9894159,4,0.14339219,-0.1668726,-0.025337793,0.01618157,0.16916676,-0.26183522,-0.10959275,0.15948002,3,0.3333333333333333,early
trace_00154,temporal_003,temporal_ordering,llama3.2:latest,medium,correct,temporal_003__temp_0p2__trial_04,4,0.2,0p2,1,2,"Since Event A occurred after Event B, it is later than Event D.",Recognize that Event A also occurred before Event C.,0.09294811,0.9956709,0,-0.067735456,0.08065821,0.0033443219,-0.09367273,0.025319595,0.25091293,0.12880431,-0.06957143,3,0.6666666666666666,middle
trace_00154,temporal_003,temporal_ordering,llama3.2:latest,medium,correct,temporal_003__temp_0p2__trial_04,4,0.2,0p2,2,3,Recognize that Event A also occurred before Event C.,Combine steps 2 and 3 to establish the order: Event D < Event B < Event A < Event C.,0.19956826,0.97988385,3,0.11432302,0.0012890917,0.07326432,0.05032866,-0.40204394,-0.061440837,0.08593891,0.079573914,3,1.0,late
trace_00155,temporal_003,temporal_ordering,llama3.2:latest,medium,correct,temporal_003__temp_0p2__trial_05,5,0.2,0p2,0,1,"Since Event D happened before Event B, and Event A happened after Event B, then Event D must have happened before Event A.","Given that Event A happened before Event C, we can conclude that Event D is also before Event C.",0.1359575,0.99071467,0,-0.023838585,-0.008713812,0.10627646,-0.045314785,0.09572289,-0.05223262,0.06743783,-0.11000766,2,0.5,middle
trace_00155,temporal_003,temporal_ordering,llama3.2:latest,medium,correct,temporal_003__temp_0p2__trial_05,5,0.2,0p2,1,2,"Given that Event A happened before Event C, we can conclude that Event D is also before Event C.","Combining steps 1 and 2, the order from earliest to latest is: Event D, Event B, Event A, Event C.",0.29666758,0.9549808,3,0.18432334,-0.0039571533,-0.010654376,0.05976326,-0.42581248,0.116501935,-0.018537743,0.11800129,2,1.0,late
trace_00156,temporal_003,temporal_ordering,llama3.2:latest,medium,incorrect,temporal_003__temp_0p5__trial_01,1,0.5,0p5,0,1,"Determine that since Event D happened before Event B, and Event A happened before Event B, then Event D must have happened before both Event A and Event B.","Since Event A happened after Event B but before Event C, we know that Event B is the earliest event in this sequence (as it happens first).",0.17581166,0.9844239,4,0.12652676,-0.0637739,-0.11479672,-0.0035577645,0.15305077,0.08574172,-0.058793236,0.042805906,3,0.3333333333333333,early
trace_00156,temporal_003,temporal_ordering,llama3.2:latest,medium,incorrect,temporal_003__temp_0p5__trial_01,1,0.5,0p5,1,2,"Since Event A happened after Event B but before Event C, we know that Event B is the earliest event in this sequence (as it happens first).","Given that Event D is the earliest overall, and Event B is next, then Event D and Event B are the first two events in chronological order.",0.23922166,0.97096497,3,0.14233491,0.003600578,0.065472886,0.07396964,-0.3680177,-0.1175149,0.026578253,0.07074426,3,0.6666666666666666,middle
trace_00156,temporal_003,temporal_ordering,llama3.2:latest,medium,incorrect,temporal_003__temp_0p5__trial_01,1,0.5,0p5,2,3,"Given that Event D is the earliest overall, and Event B is next, then Event D and Event B are the first two events in chronological order.","With Event A being after Event B, but before Event C, we can conclude that the correct order of all four events from earliest to latest is: Event D, Event B, Event A, Event C.",0.09245047,0.9957173,3,0.052326173,0.07541599,-0.013098504,0.11305218,0.05153116,0.19809309,-0.056879506,0.0803383,3,1.0,late
trace_00157,temporal_003,temporal_ordering,llama3.2:latest,medium,incorrect,temporal_003__temp_0p5__trial_02,2,0.5,0p5,0,1,"Identify that since Event D happened before Event B, and Event A happened after Event B, then Event D must have happened before both Event A and Event B.","Since Event A happened after Event B but before Event C, we can conclude that Event D happens before Event A, as it also happens before Event B.",0.18012734,0.98364323,4,0.04562461,-0.12841332,-0.09982183,0.0035048279,0.3605196,-0.116587885,-0.10200061,0.000566808,3,0.3333333333333333,early
trace_00157,temporal_003,temporal_ordering,llama3.2:latest,medium,incorrect,temporal_003__temp_0p5__trial_02,2,0.5,0p5,1,2,"Since Event A happened after Event B but before Event C, we can conclude that Event D happens before Event A, as it also happens before Event B.","Given that Event D happens before Event A and Event D happens before Event B, then Event D must happen before all of them (Event A, Event B, and Event C).",0.16665952,0.9860145,3,0.12891003,0.089168765,0.03533979,-0.030062357,-0.25923622,0.10338235,0.16116647,0.18335544,3,0.6666666666666666,middle
trace_00157,temporal_003,temporal_ordering,llama3.2:latest,medium,incorrect,temporal_003__temp_0p5__trial_02,2,0.5,0p5,2,3,"Given that Event D happens before Event A and Event D happens before Event B, then Event D must happen before all of them (Event A, Event B, and Event C).","Since Event A happened after Event B but before Event C, the order is: Event D -> Event B -> Event A -> Event C.",0.23875368,0.9710801,3,0.028006952,-0.052404802,-0.06199935,0.15785217,-0.12275968,0.03707051,-0.11979179,0.0020914704,3,1.0,late
trace_00158,temporal_003,temporal_ordering,llama3.2:latest,medium,incorrect,temporal_003__temp_0p5__trial_03,3,0.5,0p5,0,1,Determine that Event D occurred first.,"Since Event A is after Event D, it occurs second.",0.26891467,0.96316403,4,0.1186325,-0.18498635,-0.17419502,0.0047949706,0.1716398,-0.245957,-0.0852452,0.14496848,3,0.3333333333333333,early
trace_00158,temporal_003,temporal_ordering,llama3.2:latest,medium,incorrect,temporal_003__temp_0p5__trial_03,3,0.5,0p5,1,2,"Since Event A is after Event D, it occurs second.","Given that Event A happens before Event C, and knowing its position (second), we can conclude that Event C must occur last.",0.10816421,0.99413306,4,-0.036902186,-0.019666394,0.1282483,0.02656687,0.14486153,0.18667777,0.03292897,0.035882644,3,0.6666666666666666,middle
trace_00158,temporal_003,temporal_ordering,llama3.2:latest,medium,incorrect,temporal_003__temp_0p5__trial_03,3,0.5,0p5,2,3,"Given that Event A happens before Event C, and knowing its position (second), we can conclude that Event C must occur last.","With Events A and C placed, the only remaining event, B, must be in between, making it third.",0.23192878,0.9727327,1,0.03660051,-0.07997697,-0.09121281,-0.01991151,-0.1997942,-0.07525209,-0.033881504,0.06326907,3,1.0,late
trace_00159,temporal_003,temporal_ordering,llama3.2:latest,medium,correct,temporal_003__temp_0p5__trial_04,4,0.5,0p5,0,1,"Determine that since Event D happened before Event B, and Event B happened before Event A, then Event D must have happened before Event A.","Since Event A happened after Event B but before Event C, then Event B must be between Event D and Event A in the timeline.",0.21783,0.97598684,4,0.108247064,-0.1258296,-0.20328434,-0.02048259,0.22183366,-0.004646565,-0.10905851,0.12274806,2,0.5,middle
trace_00159,temporal_003,temporal_ordering,llama3.2:latest,medium,correct,temporal_003__temp_0p5__trial_04,4,0.5,0p5,1,2,"Since Event A happened after Event B but before Event C, then Event B must be between Event D and Event A in the timeline.","Therefore, the order from earliest to latest is: Event D, Event B, Event A, Event C.",0.3281092,0.94463974,3,0.18710053,0.08348787,0.066979185,0.14583036,-0.36023068,0.108813636,0.02916873,0.07266088,2,1.0,late
trace_00160,temporal_003,temporal_ordering,llama3.2:latest,medium,incorrect,temporal_003__temp_0p5__trial_05,5,0.5,0p5,0,1,"Determine that since Event D happened before Event B, and Event A happened after Event B, then Event D must happen before both Event A and Event B.","Since Event A happened after Event B but before Event C, it is clear that Event A happens between Event B and Event C in chronological order.",0.15775149,0.9874788,4,0.15985952,-0.14705129,-0.10891032,0.09744206,0.07613104,-0.002655914,-0.12956694,0.04995574,3,0.3333333333333333,early
trace_00160,temporal_003,temporal_ordering,llama3.2:latest,medium,incorrect,temporal_003__temp_0p5__trial_05,5,0.5,0p5,1,2,"Since Event A happened after Event B but before Event C, it is clear that Event A happens between Event B and Event C in chronological order.","Knowing the relative positions of Events A, B, and C, we can conclude that Event D happens first among all four events.",0.19178565,0.98143685,0,-0.108291976,0.11999404,0.06066876,-0.07062103,-0.06239648,0.09145464,0.104923554,-0.08461112,3,0.6666666666666666,middle
trace_00160,temporal_003,temporal_ordering,llama3.2:latest,medium,incorrect,temporal_003__temp_0p5__trial_05,5,0.5,0p5,2,3,"Knowing the relative positions of Events A, B, and C, we can conclude that Event D happens first among all four events.","The correct order from earliest to latest is: Event D, Event B, Event A, Event C.",0.21797194,0.975955,3,0.238786,0.022750441,-0.04833666,0.1343562,-0.14981401,0.11518266,-0.068603985,0.1919205,3,1.0,late
trace_00161,temporal_003,temporal_ordering,llama3.2:latest,medium,incorrect,temporal_003__temp_0p8__trial_01,1,0.8,0p8,0,1,Determine that Event D happens first since it occurs before Event B.,"Identify that Event B occurs after Event D, as stated in the problem.",0.29284838,0.9561589,4,-0.038216826,-0.05983207,-0.18152577,0.023818076,0.09935974,0.13763261,-0.00022623844,0.107690975,4,0.25,early
trace_00161,temporal_003,temporal_ordering,llama3.2:latest,medium,incorrect,temporal_003__temp_0p8__trial_01,1,0.8,0p8,1,2,"Identify that Event B occurs after Event D, as stated in the problem.","Use the relationship between Events A and B, which indicates that Event A happens after Event B but before Event C, to determine the order of Events A, B, and C.",0.27276838,0.96207976,3,0.09087892,-0.05366993,0.020377845,0.014729525,-0.15852329,-0.11439608,0.0034780751,0.022350624,4,0.5,middle
trace_00161,temporal_003,temporal_ordering,llama3.2:latest,medium,incorrect,temporal_003__temp_0p8__trial_01,1,0.8,0p8,2,3,"Use the relationship between Events A and B, which indicates that Event A happens after Event B but before Event C, to determine the order of Events A, B, and C.","Establish the order of Events A, B, and C: A happens before B, B happens before C.",0.15489866,0.98793036,4,0.1559875,-0.15320511,0.013626022,0.01358618,0.17568883,0.09250614,0.113121,0.014555463,4,0.75,late
trace_00161,temporal_003,temporal_ordering,llama3.2:latest,medium,incorrect,temporal_003__temp_0p8__trial_01,1,0.8,0p8,3,4,"Establish the order of Events A, B, and C: A happens before B, B happens before C.","Combine steps 1-4 with events A and C in the correct sequence, considering only that A happens after B but before C.",0.21479034,0.97666013,0,-0.12365086,0.049323004,-0.03336619,-0.098464824,0.046026755,0.11459744,-0.08843915,-0.047055993,4,1.0,late
trace_00162,temporal_003,temporal_ordering,llama3.2:latest,medium,incorrect,temporal_003__temp_0p8__trial_02,2,0.8,0p8,0,1,Identify the relationship between Events A and B.,Identify the relationship between Events B and C.,0.10995141,0.9939369,4,0.022613596,-0.2090843,-0.056339514,-0.05299723,0.21245085,0.09748285,0.01817761,0.09357509,4,0.25,early
trace_00162,temporal_003,temporal_ordering,llama3.2:latest,medium,incorrect,temporal_003__temp_0p8__trial_02,2,0.8,0p8,1,2,Identify the relationship between Events B and C.,Determine which event is earlier based on the first two steps.,0.14713627,0.98911625,3,0.09521947,0.091976784,0.10038874,0.012916354,-0.15397653,0.11774646,0.09228259,-0.02059396,4,0.5,middle
trace_00162,temporal_003,temporal_ordering,llama3.2:latest,medium,incorrect,temporal_003__temp_0p8__trial_02,2,0.8,0p8,2,3,Determine which event is earlier based on the first two steps.,Use the information about Event D to place it in relation to Event B.,0.12627317,0.9919955,1,-0.07879096,-0.008387866,-0.08832673,-0.037150033,0.12771967,-0.11237888,-0.076627284,0.07922488,4,0.75,late
trace_00162,temporal_003,temporal_ordering,llama3.2:latest,medium,incorrect,temporal_003__temp_0p8__trial_02,2,0.8,0p8,3,4,Use the information about Event D to place it in relation to Event B.,Order all four events from earliest to latest.,0.27787614,0.96061695,3,0.23843728,-0.016526656,-0.0029352156,0.11920702,-0.12320913,0.18144068,-0.02928351,0.17197402,4,1.0,late
trace_00163,temporal_003,temporal_ordering,llama3.2:latest,medium,incorrect,temporal_003__temp_0p8__trial_03,3,0.8,0p8,0,1,"Determine that since Event D happened before Event B, and Event A happened after Event B, Event D must be the earliest event.","Establish that since Event A occurred between Events B and C, it must occur before Event C.",0.14321843,0.9896911,4,8.717602e-05,-0.12653592,-0.07500511,-0.084876075,0.20291238,-0.0470551,0.04948234,-0.003605745,2,0.5,middle
trace_00163,temporal_003,temporal_ordering,llama3.2:latest,medium,incorrect,temporal_003__temp_0p8__trial_03,3,0.8,0p8,1,2,"Establish that since Event A occurred between Events B and C, it must occur before Event C.","Combine steps 1 and 2 to determine the order: Event D, then Event B, then Event A, then Event C.",0.25401357,0.9672007,3,0.024800507,0.0424102,0.035499524,0.0838377,-0.3579776,0.07417735,-0.022467734,0.034499977,2,1.0,late
trace_00164,temporal_003,temporal_ordering,llama3.2:latest,medium,correct,temporal_003__temp_0p8__trial_04,4,0.8,0p8,0,1,"Identify that since Event D happened before Event B, and Event A happened after Event B but before Event C, then Event D must happen before Event A.","Since Event A happened after Event B but before Event C, and we know Event D happens before Event B, the order is: Event D, Event B, Event A, Event C.",0.18901215,0.9819747,3,0.12032731,-0.011202792,-0.08960391,0.15064293,-0.16104072,0.029101886,-0.07961523,0.092711136,5,0.2,early
trace_00164,temporal_003,temporal_ordering,llama3.2:latest,medium,correct,temporal_003__temp_0p8__trial_04,4,0.8,0p8,1,2,"Since Event A happened after Event B but before Event C, and we know Event D happens before Event B, the order is: Event D, Event B, Event A, Event C.",Confirm that this order respects all given conditions:,0.47357762,0.880752,0,0.084110565,-0.1573924,0.12491452,0.0051176082,-0.12418584,0.13084172,0.15576726,-0.045918122,5,0.4,middle
trace_00164,temporal_003,temporal_ordering,llama3.2:latest,medium,correct,temporal_003__temp_0p8__trial_04,4,0.8,0p8,2,3,Confirm that this order respects all given conditions:,- Event A occurs after Event B (true).,0.3877552,0.9217624,1,-0.072241165,0.117662884,-0.12051154,-0.0835984,0.32409889,-0.13933334,-0.1788752,-0.10624029,5,0.6,middle
trace_00164,temporal_003,temporal_ordering,llama3.2:latest,medium,correct,temporal_003__temp_0p8__trial_04,4,0.8,0p8,3,4,- Event A occurs after Event B (true).,- Event A occurs before Event C (true).,0.08607992,0.9962882,4,0.04105311,-0.004435791,0.021420503,-0.0116650555,0.18137385,0.14577569,0.15059467,0.066305585,5,0.8,late
trace_00164,temporal_003,temporal_ordering,llama3.2:latest,medium,correct,temporal_003__temp_0p8__trial_04,4,0.8,0p8,4,5,- Event A occurs before Event C (true).,- Event D occurs before Event B (true).,0.08543034,0.9963442,3,-0.034476932,0.038416,0.01866259,0.031130888,-0.17575686,-0.060684193,-0.0117714675,-0.014030389,5,1.0,late
trace_00165,temporal_003,temporal_ordering,llama3.2:latest,medium,incorrect,temporal_003__temp_0p8__trial_05,5,0.8,0p8,0,1,Identify the relative order between Event A and Event D.,"Determine that since Event D happened before Event B, it also happened before Event A (because Event A occurred after Event B).",0.087616354,0.9961543,0,-0.014935256,-0.07142991,-0.051325027,-0.16470478,0.23638225,-0.06762422,-0.014723749,-0.029486408,4,0.25,early
trace_00165,temporal_003,temporal_ordering,llama3.2:latest,medium,incorrect,temporal_003__temp_0p8__trial_05,5,0.8,0p8,1,2,"Determine that since Event D happened before Event B, it also happened before Event A (because Event A occurred after Event B).",Establish that Event A happened before Event C (given in the problem statement).,0.0977414,0.99521184,4,0.007606492,-0.012097893,0.009926101,-0.035909563,0.19691806,0.14886673,0.08887827,0.04051333,4,0.5,middle
trace_00165,temporal_003,temporal_ordering,llama3.2:latest,medium,incorrect,temporal_003__temp_0p8__trial_05,5,0.8,0p8,2,3,Establish that Event A happened before Event C (given in the problem statement).,Combine steps 2 and 3 to conclude that Event D happens before both Event A and Event B.,0.08862143,0.99606544,3,0.039433837,0.012702219,0.013241611,-0.020823073,-0.20968398,-0.080445796,-0.0019089862,-0.027889756,4,0.75,late
trace_00165,temporal_003,temporal_ordering,llama3.2:latest,medium,incorrect,temporal_003__temp_0p8__trial_05,5,0.8,0p8,3,4,Combine steps 2 and 3 to conclude that Event D happens before both Event A and Event B.,"Order the events from earliest to latest based on step 4: Event D, Event B, Event A, Event C.",0.24745531,0.9688993,3,0.20372917,0.0059551736,-0.0018849176,0.14032716,-0.20236833,0.07709207,-0.09302466,0.1625291,4,1.0,late
trace_00166,temporal_004,temporal_ordering,llama3.2:latest,medium,incorrect,temporal_004__temp_0p2__trial_01,1,0.2,0p2,0,1,Phone call,Breakfast,0.21079507,0.9775303,3,0.3819999,-0.29221198,0.45124352,0.2381671,-0.054596063,0.118890114,0.099271685,-0.1508467,2,0.5,middle
trace_00166,temporal_004,temporal_ordering,llama3.2:latest,medium,incorrect,temporal_004__temp_0p2__trial_01,1,0.2,0p2,1,2,Breakfast,Meeting,0.17427064,0.98469776,1,-0.33310145,0.2711198,-0.38100088,-0.3722119,-0.034567755,-0.11339478,0.0006832155,0.29954523,2,1.0,late
trace_00167,temporal_004,temporal_ordering,llama3.2:latest,medium,incorrect,temporal_004__temp_0p2__trial_02,2,0.2,0p2,0,1,Phone call,Breakfast,0.21079507,0.9775303,3,0.3819999,-0.29221198,0.45124352,0.2381671,-0.054596063,0.118890114,0.099271685,-0.1508467,2,0.5,middle
trace_00167,temporal_004,temporal_ordering,llama3.2:latest,medium,incorrect,temporal_004__temp_0p2__trial_02,2,0.2,0p2,1,2,Breakfast,Meeting,0.17427064,0.98469776,1,-0.33310145,0.2711198,-0.38100088,-0.3722119,-0.034567755,-0.11339478,0.0006832155,0.29954523,2,1.0,late
trace_00168,temporal_004,temporal_ordering,llama3.2:latest,medium,incorrect,temporal_004__temp_0p2__trial_03,3,0.2,0p2,0,1,Phone call,Breakfast,0.21079507,0.9775303,3,0.3819999,-0.29221198,0.45124352,0.2381671,-0.054596063,0.118890114,0.099271685,-0.1508467,2,0.5,middle
trace_00168,temporal_004,temporal_ordering,llama3.2:latest,medium,incorrect,temporal_004__temp_0p2__trial_03,3,0.2,0p2,1,2,Breakfast,Meeting,0.17427064,0.98469776,1,-0.33310145,0.2711198,-0.38100088,-0.3722119,-0.034567755,-0.11339478,0.0006832155,0.29954523,2,1.0,late
trace_00169,temporal_004,temporal_ordering,llama3.2:latest,medium,incorrect,temporal_004__temp_0p2__trial_04,4,0.2,0p2,0,1,Phone call,Breakfast,0.21079507,0.9775303,3,0.3819999,-0.29221198,0.45124352,0.2381671,-0.054596063,0.118890114,0.099271685,-0.1508467,2,0.5,middle
trace_00169,temporal_004,temporal_ordering,llama3.2:latest,medium,incorrect,temporal_004__temp_0p2__trial_04,4,0.2,0p2,1,2,Breakfast,Meeting,0.17427064,0.98469776,1,-0.33310145,0.2711198,-0.38100088,-0.3722119,-0.034567755,-0.11339478,0.0006832155,0.29954523,2,1.0,late
trace_00170,temporal_004,temporal_ordering,llama3.2:latest,medium,incorrect,temporal_004__temp_0p2__trial_05,5,0.2,0p2,0,1,Phone call,Breakfast,0.21079507,0.9775303,3,0.3819999,-0.29221198,0.45124352,0.2381671,-0.054596063,0.118890114,0.099271685,-0.1508467,2,0.5,middle
trace_00170,temporal_004,temporal_ordering,llama3.2:latest,medium,incorrect,temporal_004__temp_0p2__trial_05,5,0.2,0p2,1,2,Breakfast,Meeting,0.17427064,0.98469776,1,-0.33310145,0.2711198,-0.38100088,-0.3722119,-0.034567755,-0.11339478,0.0006832155,0.29954523,2,1.0,late
trace_00171,temporal_004,temporal_ordering,llama3.2:latest,medium,incorrect,temporal_004__temp_0p5__trial_01,1,0.5,0p5,0,1,Phone call,Breakfast,0.21079507,0.9775303,3,0.3819999,-0.29221198,0.45124352,0.2381671,-0.054596063,0.118890114,0.099271685,-0.1508467,2,0.5,middle
trace_00171,temporal_004,temporal_ordering,llama3.2:latest,medium,incorrect,temporal_004__temp_0p5__trial_01,1,0.5,0p5,1,2,Breakfast,Meeting,0.17427064,0.98469776,1,-0.33310145,0.2711198,-0.38100088,-0.3722119,-0.034567755,-0.11339478,0.0006832155,0.29954523,2,1.0,late
trace_00172,temporal_004,temporal_ordering,llama3.2:latest,medium,incorrect,temporal_004__temp_0p5__trial_02,2,0.5,0p5,0,1,Phone call,Breakfast,0.21079507,0.9775303,3,0.3819999,-0.29221198,0.45124352,0.2381671,-0.054596063,0.118890114,0.099271685,-0.1508467,2,0.5,middle
trace_00172,temporal_004,temporal_ordering,llama3.2:latest,medium,incorrect,temporal_004__temp_0p5__trial_02,2,0.5,0p5,1,2,Breakfast,Meeting,0.17427064,0.98469776,1,-0.33310145,0.2711198,-0.38100088,-0.3722119,-0.034567755,-0.11339478,0.0006832155,0.29954523,2,1.0,late
trace_00173,temporal_004,temporal_ordering,llama3.2:latest,medium,incorrect,temporal_004__temp_0p5__trial_03,3,0.5,0p5,0,1,Phone call,Breakfast,0.21079515,0.9775303,3,0.38199982,-0.29221192,0.45124352,0.23816706,-0.054596018,0.11888976,0.099271685,-0.15084663,2,0.5,middle
trace_00173,temporal_004,temporal_ordering,llama3.2:latest,medium,incorrect,temporal_004__temp_0p5__trial_03,3,0.5,0p5,1,2,Breakfast,Meeting,0.17427069,0.98469776,1,-0.33310145,0.27111983,-0.3810009,-0.37221178,-0.03456775,-0.11339468,0.0006831877,0.2995452,2,1.0,late
trace_00174,temporal_004,temporal_ordering,llama3.2:latest,medium,incorrect,temporal_004__temp_0p5__trial_04,4,0.5,0p5,0,1,Phone call,Breakfast,0.21079515,0.9775303,3,0.38199982,-0.29221192,0.45124352,0.23816706,-0.054596018,0.11888976,0.099271685,-0.15084663,2,0.5,middle
trace_00174,temporal_004,temporal_ordering,llama3.2:latest,medium,incorrect,temporal_004__temp_0p5__trial_04,4,0.5,0p5,1,2,Breakfast,Meeting,0.17427069,0.98469776,1,-0.33310145,0.27111983,-0.3810009,-0.37221178,-0.03456775,-0.11339468,0.0006831877,0.2995452,2,1.0,late
trace_00175,temporal_004,temporal_ordering,llama3.2:latest,medium,incorrect,temporal_004__temp_0p5__trial_05,5,0.5,0p5,0,1,Phone call,Breakfast,0.21079515,0.9775303,3,0.38199982,-0.29221192,0.45124352,0.23816706,-0.054596018,0.11888976,0.099271685,-0.15084663,2,0.5,middle
trace_00175,temporal_004,temporal_ordering,llama3.2:latest,medium,incorrect,temporal_004__temp_0p5__trial_05,5,0.5,0p5,1,2,Breakfast,Meeting,0.17427069,0.98469776,1,-0.33310145,0.27111983,-0.3810009,-0.37221178,-0.03456775,-0.11339468,0.0006831877,0.2995452,2,1.0,late
trace_00176,temporal_004,temporal_ordering,llama3.2:latest,medium,incorrect,temporal_004__temp_0p8__trial_01,1,0.8,0p8,0,1,Phone call happened.,Meeting started after breakfast.,0.21820857,0.97590214,3,0.35602647,-0.23037966,0.31412566,-0.012489144,-0.034776308,0.0041932273,0.14674236,0.06866962,2,0.5,middle
trace_00176,temporal_004,temporal_ordering,llama3.2:latest,medium,incorrect,temporal_004__temp_0p8__trial_01,1,0.8,0p8,1,2,Meeting started after breakfast.,Meeting ended before lunch.,0.18106401,0.98347133,2,-0.33657008,0.12983361,-0.09210916,-0.05278829,0.18077813,0.03411614,-0.06021666,0.12505648,2,1.0,late
trace_00177,temporal_004,temporal_ordering,llama3.2:latest,medium,incorrect,temporal_004__temp_0p8__trial_02,2,0.8,0p8,0,1,Phone call,Breakfast,0.21079507,0.9775303,3,0.3819999,-0.29221198,0.45124352,0.2381671,-0.054596063,0.118890114,0.099271685,-0.1508467,2,0.5,middle
trace_00177,temporal_004,temporal_ordering,llama3.2:latest,medium,incorrect,temporal_004__temp_0p8__trial_02,2,0.8,0p8,1,2,Breakfast,Meeting,0.17427064,0.98469776,1,-0.33310145,0.2711198,-0.38100088,-0.3722119,-0.034567755,-0.11339478,0.0006832155,0.29954523,2,1.0,late
trace_00178,temporal_004,temporal_ordering,llama3.2:latest,medium,incorrect,temporal_004__temp_0p8__trial_03,3,0.8,0p8,0,1,Phone call happened.,Breakfast occurred.,0.22970676,0.9732598,3,0.38451177,-0.26321736,0.45349458,0.15431091,0.003554918,0.10671763,0.11053589,-0.10345437,2,0.5,middle
trace_00178,temporal_004,temporal_ordering,llama3.2:latest,medium,incorrect,temporal_004__temp_0p8__trial_03,3,0.8,0p8,1,2,Breakfast occurred.,Meeting started after breakfast.,0.14593199,0.9892947,1,0.0013611604,0.037905116,-0.18758129,-0.2476358,-0.059535842,-0.14148505,0.06528674,0.25158432,2,1.0,late
trace_00179,temporal_004,temporal_ordering,llama3.2:latest,medium,incorrect,temporal_004__temp_0p8__trial_04,4,0.8,0p8,0,1,Phone call,Breakfast,0.21079515,0.9775303,3,0.38199982,-0.29221192,0.45124352,0.23816706,-0.054596018,0.11888976,0.099271685,-0.15084663,2,0.5,middle
trace_00179,temporal_004,temporal_ordering,llama3.2:latest,medium,incorrect,temporal_004__temp_0p8__trial_04,4,0.8,0p8,1,2,Breakfast,Meeting,0.17427069,0.98469776,1,-0.33310145,0.27111983,-0.3810009,-0.37221178,-0.03456775,-0.11339468,0.0006831877,0.2995452,2,1.0,late
trace_00180,temporal_004,temporal_ordering,llama3.2:latest,medium,incorrect,temporal_004__temp_0p8__trial_05,5,0.8,0p8,0,1,Phone call,Breakfast,0.21079515,0.9775303,3,0.38199982,-0.29221192,0.45124352,0.23816706,-0.054596018,0.11888976,0.099271685,-0.15084663,2,0.5,middle
trace_00180,temporal_004,temporal_ordering,llama3.2:latest,medium,incorrect,temporal_004__temp_0p8__trial_05,5,0.8,0p8,1,2,Breakfast,Meeting,0.17427069,0.98469776,1,-0.33310145,0.27111983,-0.3810009,-0.37221178,-0.03456775,-0.11339468,0.0006831877,0.2995452,2,1.0,late
trace_00181,causal_001,causal_micro_world,llama3.2:latest,easy,incorrect,causal_001__temp_0p2__trial_01,1,0.2,0p2,0,1,"This month, if rainfall drops, plant growth will fall.","As a result of the decrease in plant growth, the rabbit population will start to fall.",0.227395,0.9738027,1,-0.10380432,0.16129307,0.14183086,0.0184813,0.043626674,-0.12277522,0.0022429205,-0.2976665,2,0.5,middle
trace_00181,causal_001,causal_micro_world,llama3.2:latest,easy,incorrect,causal_001__temp_0p2__trial_01,1,0.2,0p2,1,2,"As a result of the decrease in plant growth, the rabbit population will start to fall.","In the next month, due to continued low plant growth, the rabbit population is likely to continue falling.",0.25237218,0.96763027,4,0.089771144,0.027903512,-0.079562895,0.09024535,0.15204781,0.17741694,-0.23405285,0.13590124,2,1.0,late
trace_00182,causal_001,causal_micro_world,llama3.2:latest,easy,incorrect,causal_001__temp_0p2__trial_02,2,0.2,0p2,0,1,This month: Rainfall drops.,Next month: Plant growth falls due to decreased rainfall.,0.18523343,0.9826945,1,-0.05280711,-0.040909614,0.0034101368,-0.008050205,0.011509225,-0.18784489,0.15601607,-0.25508577,2,0.5,middle
trace_00182,causal_001,causal_micro_world,llama3.2:latest,easy,incorrect,causal_001__temp_0p2__trial_02,2,0.2,0p2,1,2,Next month: Plant growth falls due to decreased rainfall.,The month after that: Rabbit population later falls due to decreased plant growth.,0.2207582,0.9753286,1,0.053889863,0.1448166,0.013567176,0.002679764,0.117037684,-0.0046275966,-0.13878345,-0.24435486,2,1.0,late
trace_00183,causal_001,causal_micro_world,llama3.2:latest,easy,incorrect,causal_001__temp_0p2__trial_03,3,0.2,0p2,0,1,This month: Rainfall drops.,Next month: Plant growth falls due to decreased rainfall.,0.18523343,0.9826945,1,-0.05280711,-0.040909614,0.0034101368,-0.008050205,0.011509225,-0.18784489,0.15601607,-0.25508577,4,0.25,early
trace_00183,causal_001,causal_micro_world,llama3.2:latest,easy,incorrect,causal_001__temp_0p2__trial_03,3,0.2,0p2,1,2,Next month: Plant growth falls due to decreased rainfall.,The month after that: Rabbit population later falls due to reduced plant growth.,0.21268986,0.9771198,1,0.05914941,0.1372523,0.011175369,-0.00014188634,0.12040485,-0.0018978775,-0.15492047,-0.23440959,4,0.5,middle
trace_00183,causal_001,causal_micro_world,llama3.2:latest,easy,incorrect,causal_001__temp_0p2__trial_03,3,0.2,0p2,2,3,The month after that: Rabbit population later falls due to reduced plant growth.,The month after that: Rabbit population continues to fall as a result of previous plant growth decline.,0.24205852,0.97026163,3,-0.00372518,0.112199895,0.06276784,0.031862747,0.07166545,0.0011580818,0.037649404,0.0066683353,4,0.75,late
trace_00183,causal_001,causal_micro_world,llama3.2:latest,easy,incorrect,causal_001__temp_0p2__trial_03,3,0.2,0p2,3,4,The month after that: Rabbit population continues to fall as a result of previous plant growth decline.,The month after that: Rabbit population is likely to be significantly lower than usual.,0.1852278,0.98269564,3,0.123519585,0.12688778,-0.05433385,0.006312185,-0.11592461,0.049761616,-0.20035696,0.16124408,4,1.0,late
trace_00184,causal_001,causal_micro_world,llama3.2:latest,easy,incorrect,causal_001__temp_0p2__trial_04,4,0.2,0p2,0,1,This month: Rabbit population falls.,Next month: Plant growth falls due to lower rainfall.,0.26281834,0.96484536,0,-0.00080113066,-0.28679928,-0.022707008,-0.011164742,-0.09617502,-0.020258246,0.1642667,0.09361884,3,0.3333333333333333,early
trace_00184,causal_001,causal_micro_world,llama3.2:latest,easy,incorrect,causal_001__temp_0p2__trial_04,4,0.2,0p2,1,2,Next month: Plant growth falls due to lower rainfall.,The following month: Plant growth continues to fall as rainfall remains low.,0.20912455,0.977889,3,0.09610862,-0.049696293,0.08547482,0.06674946,0.0059704115,0.12480986,0.04807925,0.069830194,3,0.6666666666666666,middle
trace_00184,causal_001,causal_micro_world,llama3.2:latest,easy,incorrect,causal_001__temp_0p2__trial_04,4,0.2,0p2,2,3,The following month: Plant growth continues to fall as rainfall remains low.,The month after that: Plant growth is expected to be significantly reduced or stunted due to prolonged dry conditions.,0.10556735,0.9944121,1,0.0755944,-0.052239284,-0.043931656,-0.004532622,0.09040415,-0.08260504,-0.19385329,-0.13871069,3,1.0,late
trace_00185,causal_001,causal_micro_world,llama3.2:latest,easy,incorrect,causal_001__temp_0p2__trial_05,5,0.2,0p2,0,1,"This month, if rainfall drops, plant growth will fall.","As a result of falling plant growth, the rabbit population will start to fall.",0.1508455,0.98855734,1,-0.053237654,0.18556574,0.12059404,-0.009255431,0.06471949,-0.06937714,0.008277322,-0.3190388,2,0.5,middle
trace_00185,causal_001,causal_micro_world,llama3.2:latest,easy,incorrect,causal_001__temp_0p2__trial_05,5,0.2,0p2,1,2,"As a result of falling plant growth, the rabbit population will start to fall.","Over the next step (next month), the rabbit population is expected to continue falling due to lower plant growth.",0.22823027,0.97360724,4,0.014825992,-0.07883528,-0.041318793,0.060987204,0.013578551,-0.05173867,-0.23407523,0.09961143,2,1.0,late
trace_00186,causal_001,causal_micro_world,llama3.2:latest,easy,incorrect,causal_001__temp_0p5__trial_01,1,0.5,0p5,0,1,Rainfall drops this month.,Plant growth falls due to decreased rainfall.,0.15029553,0.9886411,1,-0.06892443,-0.03787853,0.07120494,-0.011686488,-0.048183165,-0.16344887,0.2171917,-0.273755,2,0.5,middle
trace_00186,causal_001,causal_micro_world,llama3.2:latest,easy,incorrect,causal_001__temp_0p5__trial_01,1,0.5,0p5,1,2,Plant growth falls due to decreased rainfall.,Rabbit population later falls due to lower plant growth.,0.23408884,0.97221524,1,0.053851113,0.1769799,0.037458394,-0.008245362,0.11728142,8.261378e-05,-0.13172095,-0.24845381,2,1.0,late
trace_00187,causal_001,causal_micro_world,llama3.2:latest,easy,incorrect,causal_001__temp_0p5__trial_02,2,0.5,0p5,0,1,Rainfall drops.,Plant growth falls.,0.15472308,0.9879579,1,0.080571175,0.08388787,-0.103844605,-0.009619215,0.023605399,-0.023259459,0.104170896,-0.2847339,2,0.5,middle
trace_00187,causal_001,causal_micro_world,llama3.2:latest,easy,incorrect,causal_001__temp_0p5__trial_02,2,0.5,0p5,1,2,Plant growth falls.,Rabbit population later falls.,0.17198713,0.9850992,1,-0.04250804,0.1498517,0.10245839,-0.020244516,0.12523054,-0.023824533,-0.15290311,-0.037795737,2,1.0,late
trace_00188,causal_001,causal_micro_world,llama3.2:latest,easy,correct,causal_001__temp_0p5__trial_03,3,0.5,0p5,0,1,Rainfall drops this month.,Plant growth falls as a result of the dropped rainfall.,0.1357319,0.9907456,1,-0.044894684,-0.04772485,0.03882652,-0.05516816,-0.019898737,-0.117721505,0.22409871,-0.30528107,4,0.25,early
trace_00188,causal_001,causal_micro_world,llama3.2:latest,easy,correct,causal_001__temp_0p5__trial_03,3,0.5,0p5,1,2,Plant growth falls as a result of the dropped rainfall.,The rabbit population later falls due to decreased plant growth.,0.29112962,0.95668364,1,-0.0009809551,0.18232867,0.08762683,0.0546923,0.10837948,-0.06348367,-0.13480145,-0.23121034,4,0.5,middle
trace_00188,causal_001,causal_micro_world,llama3.2:latest,easy,correct,causal_001__temp_0p5__trial_03,3,0.5,0p5,2,3,The rabbit population later falls due to decreased plant growth.,"As a consequence of the fallen rabbit population, fewer rabbits are born in the next month.",0.25014308,0.96820885,4,0.10481043,0.03496745,-0.11166405,0.02088501,0.02151892,0.0075862096,-0.13798301,0.20317091,4,0.75,late
trace_00188,causal_001,causal_micro_world,llama3.2:latest,easy,correct,causal_001__temp_0p5__trial_03,3,0.5,0p5,3,4,"As a consequence of the fallen rabbit population, fewer rabbits are born in the next month.","With fewer rabbits being born, the rabbit population continues to fall over time.",0.11467267,0.9934033,3,-0.03485626,0.13461354,0.098633915,0.024295032,0.08048451,-0.008971505,0.07152119,-0.08168188,4,1.0,late
trace_00189,causal_001,causal_micro_world,llama3.2:latest,easy,incorrect,causal_001__temp_0p5__trial_04,4,0.5,0p5,0,1,Rainfall drops this month.,Plant growth falls as a result of the dropped rainfall.,0.1357319,0.9907456,1,-0.044894684,-0.04772485,0.03882652,-0.05516816,-0.019898737,-0.117721505,0.22409871,-0.30528107,2,0.5,middle
trace_00189,causal_001,causal_micro_world,llama3.2:latest,easy,incorrect,causal_001__temp_0p5__trial_04,4,0.5,0p5,1,2,Plant growth falls as a result of the dropped rainfall.,Rabbit population later falls due to decreased plant growth.,0.29628846,0.95509845,1,0.010691506,0.18876281,0.08281193,0.049231865,0.09908417,-0.066639125,-0.13409808,-0.2264561,2,1.0,late
trace_00190,causal_001,causal_micro_world,llama3.2:latest,easy,correct,causal_001__temp_0p5__trial_05,5,0.5,0p5,0,1,"This month, if rainfall drops, then plant growth will also drop.","Since plant growth is low, the rabbit population will not increase as it would in a typical year.",0.29575044,0.9552653,1,-0.047465757,0.1806479,0.09618267,0.038796294,0.029023733,-0.12488677,-0.09636932,-0.21723367,7,0.14285714285714285,early
trace_00190,causal_001,causal_micro_world,llama3.2:latest,easy,correct,causal_001__temp_0p5__trial_05,5,0.5,0p5,1,2,"Since plant growth is low, the rabbit population will not increase as it would in a typical year.",The rabbit population will continue to fall due to lower food availability from plants.,0.17273052,0.9849691,3,-0.047497902,0.04279021,0.18534209,0.08376246,0.16869257,0.07999995,0.080055915,-0.14522575,7,0.2857142857142857,early
trace_00190,causal_001,causal_micro_world,llama3.2:latest,easy,correct,causal_001__temp_0p5__trial_05,5,0.5,0p5,2,3,The rabbit population will continue to fall due to lower food availability from plants.,"As the rabbit population decreases, predation and disease pressures on rabbits may decrease, but overall, the rabbit population will remain low.",0.20290086,0.97919923,1,-0.015015817,0.01013151,-0.06259195,-0.095124565,-0.16290963,-0.14466545,-0.10108151,0.08488579,7,0.42857142857142855,middle
trace_00190,causal_001,causal_micro_world,llama3.2:latest,easy,correct,causal_001__temp_0p5__trial_05,5,0.5,0p5,3,4,"As the rabbit population decreases, predation and disease pressures on rabbits may decrease, but overall, the rabbit population will remain low.","With lower rabbit populations, there is likely less predation pressure on other herbivores, such as deer or birds.",0.22646385,0.9740195,3,0.082789734,0.01607941,-0.024675157,0.012623937,-0.16794239,-0.047714416,-0.04842461,-0.066464886,7,0.5714285714285714,middle
trace_00190,causal_001,causal_micro_world,llama3.2:latest,easy,correct,causal_001__temp_0p5__trial_05,5,0.5,0p5,4,5,"With lower rabbit populations, there is likely less predation pressure on other herbivores, such as deer or birds.","In the next month, if rainfall remains low, then plant growth will continue to be reduced.",0.1594884,0.9871998,4,0.022996068,-0.1912151,-0.07494844,0.018841783,0.08585696,0.15047033,0.12192801,0.20053862,7,0.7142857142857143,late
trace_00190,causal_001,causal_micro_world,llama3.2:latest,easy,correct,causal_001__temp_0p5__trial_05,5,0.5,0p5,5,6,"In the next month, if rainfall remains low, then plant growth will continue to be reduced.",The continued reduction in plant growth will lead to further decreases in available food resources for rabbits and possibly other herbivores.,0.20511428,0.97873807,1,0.018896375,0.1515971,0.07066133,0.05964078,0.014980177,-0.2069907,-0.0863818,-0.27841192,7,0.8571428571428571,late
trace_00190,causal_001,causal_micro_world,llama3.2:latest,easy,correct,causal_001__temp_0p5__trial_05,5,0.5,0p5,6,7,The continued reduction in plant growth will lead to further decreases in available food resources for rabbits and possibly other herbivores.,"As a result of these decreased food resources, the rabbit population will likely remain low or even decline further.",0.09128973,0.99582446,3,-0.15865251,0.119135156,0.1272193,-0.024039023,0.07529687,0.17062262,-0.01362577,0.060130667,7,1.0,late
trace_00191,causal_001,causal_micro_world,llama3.2:latest,easy,incorrect,causal_001__temp_0p8__trial_01,1,0.8,0p8,0,1,If rainfall drops this month.,Plant growth will fall this month as a result of the dropped rainfall.,0.19153266,0.9814862,1,0.036605153,-0.0458316,-0.07544716,-0.022452552,-0.034400277,-0.13400571,0.20934686,-0.22086284,2,0.5,middle
trace_00191,causal_001,causal_micro_world,llama3.2:latest,easy,incorrect,causal_001__temp_0p8__trial_01,1,0.8,0p8,1,2,Plant growth will fall this month as a result of the dropped rainfall.,"As plant growth falls, the rabbit population will start to decline this month due to lower food availability.",0.25656003,0.9665283,1,-0.030404676,0.19849207,0.18565397,0.085945755,0.10767644,-0.12709059,-0.08314885,-0.1968255,2,1.0,late
trace_00192,causal_001,causal_micro_world,llama3.2:latest,easy,incorrect,causal_001__temp_0p8__trial_02,2,0.8,0p8,0,1,"This month, if rainfall drops, then plant growth falls.","Next month, since plant growth fell last month due to the dropped rainfall, then rabbit population falls.",0.19403502,0.9809946,1,-0.11769994,0.16493024,0.100317664,0.001963795,0.09319351,-0.061280023,-0.12579428,-0.20146634,2,0.5,middle
trace_00192,causal_001,causal_micro_world,llama3.2:latest,easy,incorrect,causal_001__temp_0p8__trial_02,2,0.8,0p8,1,2,"Next month, since plant growth fell last month due to the dropped rainfall, then rabbit population falls.","The subsequent month after that, as a result of the continued decline in plant growth from previous months' low rainfall, then rabbit population continues to fall.",0.11312052,0.9935813,0,-0.043605056,-0.07235426,0.10718322,0.01817608,0.031815313,-0.05187283,0.068622395,-0.009709038,2,1.0,late
trace_00193,causal_001,causal_micro_world,llama3.2:latest,easy,incorrect,causal_001__temp_0p8__trial_03,3,0.8,0p8,0,1,"If rainfall drops this month, then in the following month, plant growth will fall.","Since plant growth falls, the rabbit population will later fall in the subsequent months.",0.19245936,0.9813049,1,-0.015919613,0.18919002,0.072535746,0.057919305,0.12025079,-0.065721415,-0.11928294,-0.24828799,2,0.5,middle
trace_00193,causal_001,causal_micro_world,llama3.2:latest,easy,incorrect,causal_001__temp_0p8__trial_03,3,0.8,0p8,1,2,"Since plant growth falls, the rabbit population will later fall in the subsequent months.","In the third and fourth months, the rabbit population will continue to decrease due to lower plant growth.",0.20428555,0.97891134,1,-0.15506327,0.0080472315,0.028651766,0.08987241,-0.12581539,-0.21082863,-0.13031194,-0.0007682165,2,1.0,late
trace_00194,causal_001,causal_micro_world,llama3.2:latest,easy,correct,causal_001__temp_0p8__trial_04,4,0.8,0p8,0,1,"If rainfall drops this month, then plant growth will fall in the coming months.","As a result of falling plant growth, the rabbit population will also decline in the upcoming months.",0.23665613,0.9715935,1,-0.12458877,0.20480159,0.1626542,0.08051736,0.10675321,-0.054178707,-0.09985891,-0.23476273,1,1.0,late
trace_00195,causal_001,causal_micro_world,llama3.2:latest,easy,incorrect,causal_001__temp_0p8__trial_05,5,0.8,0p8,0,1,"This month, if rainfall drops, then it causes plant growth to fall.","As a result of plant growth falling, the rabbit population will later fall.",0.21882182,0.9757649,1,-0.11594174,0.17291087,0.14075087,0.016740697,0.0868596,-0.12626055,-0.036526408,-0.31249455,2,0.5,middle
trace_00195,causal_001,causal_micro_world,llama3.2:latest,easy,incorrect,causal_001__temp_0p8__trial_05,5,0.8,0p8,1,2,"As a result of plant growth falling, the rabbit population will later fall.","Since rainfall dropped this month and caused a decline in plant growth and ultimately a fall in the rabbit population, there is no further cause-and-effect chain for subsequent steps regarding the ecosystem's response to this month's rainfall drop.",0.13561143,0.99076205,0,-0.038266253,-0.13479502,0.009923035,0.0028970728,-0.15585864,0.0033699865,-0.07117875,0.16522339,2,1.0,late
trace_00196,causal_002,causal_micro_world,llama3.2:latest,easy,incorrect,causal_002__temp_0p2__trial_01,1,0.2,0p2,0,1,Given that the alarm triggers only when both the sensor fails and the backup is off.,We know the sensor has failed.,0.33806154,0.9411239,2,-0.2760258,0.54308486,-0.095084645,0.12052819,0.1658443,0.31795004,0.17059143,0.012289531,3,0.3333333333333333,early
trace_00196,causal_002,causal_micro_world,llama3.2:latest,easy,incorrect,causal_002__temp_0p2__trial_01,1,0.2,0p2,1,2,We know the sensor has failed.,"However, we are told the backup stayed on.",0.16506335,0.98628294,4,0.20215245,-0.5758765,-0.08056789,0.066344276,-0.064751014,-0.2753015,-0.36059797,0.023315491,3,0.6666666666666666,middle
trace_00196,causal_002,causal_micro_world,llama3.2:latest,easy,incorrect,causal_002__temp_0p2__trial_01,1,0.2,0p2,2,3,"However, we are told the backup stayed on.","Since the condition for the alarm to trigger (backup being off) is not met, the alarm does not trigger.",0.2406934,0.9706012,3,0.22291528,0.09425002,0.15933502,-0.21579258,-0.06495317,0.0015125984,0.2898088,-0.16000795,3,1.0,late
trace_00197,causal_002,causal_micro_world,llama3.2:latest,easy,correct,causal_002__temp_0p2__trial_02,2,0.2,0p2,0,1,Given condition for alarm to trigger: Both sensor failure and backup being off.,Sensor has failed.,0.2989202,0.9542781,2,-0.23086222,0.42296785,-0.13093707,0.038346924,0.14551961,0.23048332,0.18444282,0.12744528,3,0.3333333333333333,early
trace_00197,causal_002,causal_micro_world,llama3.2:latest,easy,correct,causal_002__temp_0p2__trial_02,2,0.2,0p2,1,2,Sensor has failed.,Backup is still on (not off).,0.20811154,0.9781051,4,0.2165867,-0.5094987,-0.09471667,0.11751692,-0.06565016,-0.32071173,-0.41429642,0.016563227,3,0.6666666666666666,middle
trace_00197,causal_002,causal_micro_world,llama3.2:latest,easy,correct,causal_002__temp_0p2__trial_02,2,0.2,0p2,2,3,Backup is still on (not off).,"Since one of the conditions (sensor failure) is met, and the other (backup being off) is not, the alarm does not trigger.",0.34280017,0.9394084,3,0.009233327,0.23919316,0.1984773,-0.24835572,-0.039614726,0.17919798,0.35800564,-0.15560216,3,1.0,late
trace_00198,causal_002,causal_micro_world,llama3.2:latest,easy,incorrect,causal_002__temp_0p2__trial_03,3,0.2,0p2,0,1,Given that the alarm triggers only when both the sensor fails and the backup is off.,"Since the sensor has already failed, it meets one of the conditions for triggering the alarm.",0.2571864,0.9663618,3,-0.06028913,0.54142505,0.045719516,-0.015369542,0.098225765,0.28730324,0.34412405,-0.035523616,3,0.3333333333333333,early
trace_00198,causal_002,causal_micro_world,llama3.2:latest,easy,incorrect,causal_002__temp_0p2__trial_03,3,0.2,0p2,1,2,"Since the sensor has already failed, it meets one of the conditions for triggering the alarm.","However, since the backup is still on, it does not meet the second condition (the backup being off).",0.23936667,0.97092927,4,-0.009232092,-0.509849,-0.13212857,0.14985768,-0.024054646,-0.24591023,-0.36399394,0.053735,3,0.6666666666666666,middle
trace_00198,causal_002,causal_micro_world,llama3.2:latest,easy,incorrect,causal_002__temp_0p2__trial_03,3,0.2,0p2,2,3,"However, since the backup is still on, it does not meet the second condition (the backup being off).","Because at least one of the conditions is met, the alarm will trigger.",0.25853118,0.96600294,3,0.1943809,0.41711953,0.14104633,-0.1656392,-0.05217182,0.15626778,0.3058093,-0.07480434,3,1.0,late
trace_00199,causal_002,causal_micro_world,llama3.2:latest,easy,correct,causal_002__temp_0p2__trial_04,4,0.2,0p2,0,1,Given condition for alarm to trigger: Both sensor failure and backup system failure.,Sensor has failed.,0.26274997,0.9648639,2,-0.18960598,0.37216175,-0.15877812,0.06646719,0.18890038,0.20118324,0.13780797,0.13963309,3,0.3333333333333333,early
trace_00199,causal_002,causal_micro_world,llama3.2:latest,easy,correct,causal_002__temp_0p2__trial_04,4,0.2,0p2,1,2,Sensor has failed.,Backup system is still operational (not failed).,0.25222525,0.9676686,4,0.111916296,-0.5081927,-0.009633589,0.08218126,-0.039399505,-0.23340565,-0.3128737,0.010185073,3,0.6666666666666666,middle
trace_00199,causal_002,causal_micro_world,llama3.2:latest,easy,correct,causal_002__temp_0p2__trial_04,4,0.2,0p2,2,3,Backup system is still operational (not failed).,"Since one condition (sensor failure) is met, and the other (backup failure) is not, the alarm does not trigger.",0.35245946,0.9358271,3,0.11351384,0.18377772,0.10479854,-0.19810648,-0.08583935,0.060186114,0.2060884,-0.15792172,3,1.0,late
trace_00200,causal_002,causal_micro_world,llama3.2:latest,easy,correct,causal_002__temp_0p2__trial_05,5,0.2,0p2,0,1,Given condition for alarm to trigger: Both sensor fail and backup is off.,Sensor has failed.,0.3230515,0.94638133,2,-0.23552723,0.44152388,-0.13272703,0.06726123,0.1482302,0.23919803,0.15930371,0.12309157,4,0.25,early
trace_00200,causal_002,causal_micro_world,llama3.2:latest,easy,correct,causal_002__temp_0p2__trial_05,5,0.2,0p2,1,2,Sensor has failed.,Backup is still on.,0.23020335,0.9731425,4,0.20624506,-0.48385462,-0.1250705,0.120307736,-0.06291202,-0.3200145,-0.4136075,0.012414823,4,0.5,middle
trace_00200,causal_002,causal_micro_world,llama3.2:latest,easy,correct,causal_002__temp_0p2__trial_05,5,0.2,0p2,2,3,Backup is still on.,"Since backup is on, one of the conditions for alarm to trigger (backup being off) is not met.",0.42213082,0.90653485,3,0.16669448,0.012177466,0.21365425,-0.25402993,-0.030495137,0.110874295,0.31498796,-0.15142155,4,0.75,late
trace_00200,causal_002,causal_micro_world,llama3.2:latest,easy,correct,causal_002__temp_0p2__trial_05,5,0.2,0p2,3,4,"Since backup is on, one of the conditions for alarm to trigger (backup being off) is not met.",Alarm does not trigger because at least one required condition is not satisfied.,0.22448726,0.97447705,3,-0.02051801,0.41576377,0.17665389,-0.04751226,-0.06503172,0.15569405,0.27136242,-0.006407979,4,1.0,late
trace_00201,causal_002,causal_micro_world,llama3.2:latest,easy,incorrect,causal_002__temp_0p5__trial_01,1,0.5,0p5,0,1,Given that the alarm triggers only if both the sensor fails and the backup is off.,"Since the sensor has failed, it meets one condition for the alarm to trigger.",0.21806884,0.9759334,3,-0.04079571,0.48490712,-0.01241618,0.0041864566,0.0445362,0.28139502,0.32692143,-0.032278277,3,0.3333333333333333,early
trace_00201,causal_002,causal_micro_world,llama3.2:latest,easy,incorrect,causal_002__temp_0p5__trial_01,1,0.5,0p5,1,2,"Since the sensor has failed, it meets one condition for the alarm to trigger.","However, the backup is still on, which means it does not meet the second condition.",0.21751064,0.9760579,4,-0.04227825,-0.49209568,-0.12240154,0.15970023,0.004729081,-0.2217856,-0.33613262,0.099785596,3,0.6666666666666666,middle
trace_00201,causal_002,causal_micro_world,llama3.2:latest,easy,incorrect,causal_002__temp_0p5__trial_01,1,0.5,0p5,2,3,"However, the backup is still on, which means it does not meet the second condition.","Because at least one of the conditions (the sensor failing) is met, the alarm will trigger.",0.23498623,0.97199863,3,0.12549585,0.46976423,0.09998059,-0.15630214,-0.028025648,0.20594002,0.3188613,-0.082085915,3,1.0,late
trace_00202,causal_002,causal_micro_world,llama3.2:latest,easy,correct,causal_002__temp_0p5__trial_02,2,0.5,0p5,0,1,Given that the alarm only triggers when both the sensor fails and the backup stays off.,We know the sensor has failed.,0.32849923,0.9445042,2,-0.26386103,0.549841,-0.08349137,0.096825965,0.16646656,0.3107501,0.17542051,0.010129842,3,0.3333333333333333,early
trace_00202,causal_002,causal_micro_world,llama3.2:latest,easy,correct,causal_002__temp_0p5__trial_02,2,0.5,0p5,1,2,We know the sensor has failed.,"However, we are told that the backup stayed on (i.e., did not stay off).",0.17631719,0.9843334,4,0.19813739,-0.57180524,-0.059975713,0.06586048,-0.063465945,-0.30022737,-0.35408014,0.02298085,3,0.6666666666666666,middle
trace_00202,causal_002,causal_micro_world,llama3.2:latest,easy,correct,causal_002__temp_0p5__trial_02,2,0.5,0p5,2,3,"However, we are told that the backup stayed on (i.e., did not stay off).","Since the condition for the alarm to trigger is that the backup must be off, and it is not, the alarm does not trigger.",0.23327988,0.9724096,3,0.24261747,0.08926398,0.13633387,-0.22840281,-0.11164549,0.043467443,0.2733994,-0.15646817,3,1.0,late
trace_00203,causal_002,causal_micro_world,llama3.2:latest,easy,incorrect,causal_002__temp_0p5__trial_03,3,0.5,0p5,0,1,Given that the alarm triggers only when both the sensor fails and the backup is off.,It is stated that the sensor has failed.,0.27986687,0.96003884,2,-0.16583672,0.4776476,-0.11824626,0.11283806,0.10261532,0.2989529,0.2248957,0.091894254,4,0.25,early
trace_00203,causal_002,causal_micro_world,llama3.2:latest,easy,incorrect,causal_002__temp_0p5__trial_03,3,0.5,0p5,1,2,It is stated that the sensor has failed.,"However, it is also stated that the backup stayed on.",0.14025088,0.99011594,4,0.11352992,-0.55504787,-0.04482421,0.072027385,-0.009685393,-0.28629547,-0.4036727,-0.032060333,4,0.5,middle
trace_00203,causal_002,causal_micro_world,llama3.2:latest,easy,incorrect,causal_002__temp_0p5__trial_03,3,0.5,0p5,2,3,"However, it is also stated that the backup stayed on.","Since the backup stayed on, one of the conditions for the alarm to trigger (the backup being off) is not met.",0.31191015,0.9501116,3,0.21584381,0.08503008,0.11830722,-0.18099308,-0.06716066,0.10655075,0.26926336,-0.1802875,4,0.75,late
trace_00203,causal_002,causal_micro_world,llama3.2:latest,easy,incorrect,causal_002__temp_0p5__trial_03,3,0.5,0p5,3,4,"Since the backup stayed on, one of the conditions for the alarm to trigger (the backup being off) is not met.","Therefore, even though the sensor failed, the alarm does not trigger due to the backup staying on.",0.06908583,0.9976107,2,-0.21599926,0.3957285,0.0851412,-0.04428144,0.04570105,0.14473462,0.17598346,0.0020074924,4,1.0,late
trace_00204,causal_002,causal_micro_world,llama3.2:latest,easy,correct,causal_002__temp_0p5__trial_04,4,0.5,0p5,0,1,The condition for the alarm to trigger is that both the sensor fail and the backup is off.,"Since the sensor has already failed, it meets part of the condition.",0.29536912,0.95538324,2,-0.32796505,0.31595734,0.005478706,0.10351674,0.14224523,0.13027576,0.14628768,0.16024525,3,0.3333333333333333,early
trace_00204,causal_002,causal_micro_world,llama3.2:latest,easy,correct,causal_002__temp_0p5__trial_04,4,0.5,0p5,1,2,"Since the sensor has already failed, it meets part of the condition.","However, the backup is still on, which means it does not meet the second part of the condition.",0.2092862,0.97785443,4,0.14298807,-0.57911974,-0.13163342,0.04974952,-0.07260248,-0.23716675,-0.3576762,-0.010940217,3,0.6666666666666666,middle
trace_00204,causal_002,causal_micro_world,llama3.2:latest,easy,correct,causal_002__temp_0p5__trial_04,4,0.5,0p5,2,3,"However, the backup is still on, which means it does not meet the second part of the condition.","Since at least one part of the condition is not met, the alarm does not trigger.",0.18529515,0.98268294,3,0.23760068,0.39333478,0.15520245,-0.1491536,-0.026439723,0.1281847,0.2862977,-0.14967497,3,1.0,late
trace_00205,causal_002,causal_micro_world,llama3.2:latest,easy,incorrect,causal_002__temp_0p5__trial_05,5,0.5,0p5,0,1,Given that a circuit's alarm triggers only if both the sensor fails and the backup is off.,We know that the sensor has failed.,0.3210028,0.9470782,2,-0.19913203,0.5100915,-0.11240815,0.095707655,0.13287972,0.37521735,0.16265246,0.06322618,4,0.25,early
trace_00205,causal_002,causal_micro_world,llama3.2:latest,easy,incorrect,causal_002__temp_0p5__trial_05,5,0.5,0p5,1,2,We know that the sensor has failed.,"However, we are also given that the backup stayed on.",0.1656024,0.98619264,4,0.14905603,-0.5661088,-0.06260435,0.08554717,-0.05329292,-0.31230286,-0.33852735,0.016021134,4,0.5,middle
trace_00205,causal_002,causal_micro_world,llama3.2:latest,easy,incorrect,causal_002__temp_0p5__trial_05,5,0.5,0p5,2,3,"However, we are also given that the backup stayed on.","Since the backup stayed on, it means the condition of the backup being off is not met.",0.24325785,0.96996164,3,0.11701195,-0.04916524,-0.016537052,-0.04973734,0.0054911375,-0.0025573166,0.11793488,-0.025060635,4,0.75,late
trace_00205,causal_002,causal_micro_world,llama3.2:latest,easy,incorrect,causal_002__temp_0p5__trial_05,5,0.5,0p5,3,4,"Since the backup stayed on, it means the condition of the backup being off is not met.","Therefore, since at least one condition (the backup being off) is not met, the alarm does not trigger.",0.2446282,0.96961695,3,0.18335123,0.11323059,0.20984599,-0.22403169,-0.12304008,0.087719105,0.17806135,-0.14828008,4,1.0,late
trace_00206,causal_002,causal_micro_world,llama3.2:latest,easy,correct,causal_002__temp_0p8__trial_01,1,0.8,0p8,0,1,Identify the conditions for the alarm to trigger.,Determine if the condition of the sensor failing has been met.,0.19965553,0.9798662,2,-0.3615708,0.20541245,-0.053022914,0.124255255,0.17906238,0.17642835,0.015963571,0.023275042,4,0.25,early
trace_00206,causal_002,causal_micro_world,llama3.2:latest,easy,correct,causal_002__temp_0p8__trial_01,1,0.8,0p8,1,2,Determine if the condition of the sensor failing has been met.,Determine if the condition of the backup being off has not been met (since it's still on).,0.19498453,0.9808063,4,0.15003932,-0.5436696,-0.07838071,0.019925077,0.026176494,-0.26589695,-0.37446886,-0.025994536,4,0.5,middle
trace_00206,causal_002,causal_micro_world,llama3.2:latest,easy,correct,causal_002__temp_0p8__trial_01,1,0.8,0p8,2,3,Determine if the condition of the backup being off has not been met (since it's still on).,"Since one condition is met and the other is not, apply the ""either-or"" rule from the circuit's rules.",0.27172038,0.96237636,3,0.07594491,0.13298793,-0.0088670375,-0.03754982,-0.0773114,-0.097798966,0.27655584,-0.025382863,4,0.75,late
trace_00206,causal_002,causal_micro_world,llama3.2:latest,easy,correct,causal_002__temp_0p8__trial_01,1,0.8,0p8,3,4,"Since one condition is met and the other is not, apply the ""either-or"" rule from the circuit's rules.","According to this rule, since at least one condition is met, the alarm will trigger.",0.21037096,0.9776216,3,0.23133506,0.1384399,0.073958755,-0.12201898,0.017263565,0.16631055,-0.060360886,0.0018202007,4,1.0,late
trace_00207,causal_002,causal_micro_world,llama3.2:latest,easy,incorrect,causal_002__temp_0p8__trial_02,2,0.8,0p8,0,1,Identify the conditions required for the alarm to trigger.,Determine whether the first condition (sensor failing) has been met.,0.1714,0.98520154,2,-0.3415463,0.18668379,-0.026149703,0.13203456,0.12885116,0.1748339,-0.019283319,-0.0128577165,4,0.25,early
trace_00207,causal_002,causal_micro_world,llama3.2:latest,easy,incorrect,causal_002__temp_0p8__trial_02,2,0.8,0p8,1,2,Determine whether the first condition (sensor failing) has been met.,"Since the first condition has been met, check if the second condition (backup being off) is also necessary for the alarm to trigger.",0.32669738,0.9451289,4,0.39411655,-0.45497337,-0.045333292,-0.11058119,0.0019607528,-0.25196964,-0.15866208,-0.010137961,4,0.5,middle
trace_00207,causal_002,causal_micro_world,llama3.2:latest,easy,incorrect,causal_002__temp_0p8__trial_02,2,0.8,0p8,2,3,"Since the first condition has been met, check if the second condition (backup being off) is also necessary for the alarm to trigger.","The sensor failed, but the backup stayed on, which means the backup did not fail or get turned off as a result of the sensor failure.",0.20617393,0.9785153,2,-0.31361064,0.17883174,-0.11393458,0.175581,0.1564015,0.14975104,-0.094011575,0.04470506,4,0.75,late
trace_00207,causal_002,causal_micro_world,llama3.2:latest,easy,incorrect,causal_002__temp_0p8__trial_02,2,0.8,0p8,3,4,"The sensor failed, but the backup stayed on, which means the backup did not fail or get turned off as a result of the sensor failure.","Therefore, since both conditions are not met (sensor failed, but backup stayed on), the alarm will not trigger.",0.23319943,0.972429,3,0.30015874,-0.07709911,0.15548564,-0.20940493,-0.10381904,-0.091122665,0.15977067,-0.116062135,4,1.0,late
trace_00208,causal_002,causal_micro_world,llama3.2:latest,easy,correct,causal_002__temp_0p8__trial_03,3,0.8,0p8,0,1,Given that the alarm triggers only if both the sensor fails and the backup is off.,We know that the sensor failed.,0.32461083,0.9458477,2,-0.28425047,0.4997795,-0.12832701,0.13552178,0.18319999,0.35143805,0.12762508,0.012772747,4,0.25,early
trace_00208,causal_002,causal_micro_world,llama3.2:latest,easy,correct,causal_002__temp_0p8__trial_03,3,0.8,0p8,1,2,We know that the sensor failed.,"However, we are also told that the backup stayed on.",0.18659514,0.9824369,4,0.20151891,-0.57640654,-0.07935231,0.06469918,-0.06421146,-0.3201251,-0.33866018,0.0364331,4,0.5,middle
trace_00208,causal_002,causal_micro_world,llama3.2:latest,easy,correct,causal_002__temp_0p8__trial_03,3,0.8,0p8,2,3,"However, we are also told that the backup stayed on.","Since the condition for triggering the alarm requires the backup to be off, not being off (i.e., staying on) is not enough to trigger the alarm.",0.2659664,0.9639823,3,0.2928879,0.085866444,0.17881468,-0.19003406,-0.099718966,0.0052145286,0.266407,-0.106650285,4,0.75,late
trace_00208,causal_002,causal_micro_world,llama3.2:latest,easy,correct,causal_002__temp_0p8__trial_03,3,0.8,0p8,3,4,"Since the condition for triggering the alarm requires the backup to be off, not being off (i.e., staying on) is not enough to trigger the alarm.","Therefore, even though the sensor failed, the backup staying on prevents the alarm from triggering.",0.115588784,0.9932971,2,-0.37058488,0.2991306,-0.018515896,0.055158347,0.11458243,0.23280296,0.049147747,-0.013046713,4,1.0,late
trace_00209,causal_002,causal_micro_world,llama3.2:latest,easy,correct,causal_002__temp_0p8__trial_04,4,0.8,0p8,0,1,Identify the conditions required for the alarm to trigger.,"Determine if the condition ""the sensor failed"" is met.",0.16269894,0.9866758,2,-0.40310264,0.18019785,-0.02649494,0.10793467,0.19050585,0.16737464,-0.00096846436,-0.025320327,5,0.2,early
trace_00209,causal_002,causal_micro_world,llama3.2:latest,easy,correct,causal_002__temp_0p8__trial_04,4,0.8,0p8,1,2,"Determine if the condition ""the sensor failed"" is met.","Since it is confirmed that the sensor failed (Step 2), move to determine if the backup stayed off.",0.30266908,0.9530957,4,0.17024706,-0.45029032,-0.16565236,0.020581767,0.026156388,-0.16270888,-0.30693322,0.08043816,5,0.4,middle
trace_00209,causal_002,causal_micro_world,llama3.2:latest,easy,correct,causal_002__temp_0p8__trial_04,4,0.8,0p8,2,3,"Since it is confirmed that the sensor failed (Step 2), move to determine if the backup stayed off.","The problem states that ""The sensor failed, but the backup stayed on.""",0.07855019,0.99691015,3,0.056325253,0.23451963,-0.021941712,0.09746495,-0.005811038,0.1258836,0.03259886,0.07655447,5,0.6,middle
trace_00209,causal_002,causal_micro_world,llama3.2:latest,easy,correct,causal_002__temp_0p8__trial_04,4,0.8,0p8,3,4,"The problem states that ""The sensor failed, but the backup stayed on.""","Given this information, since the backup stayed on and not off, it does not meet the condition for triggering the alarm.",0.16905177,0.98560715,3,0.31414056,-0.20851246,0.08390536,-0.15625344,-0.034767013,-0.17737363,-0.044123866,-0.17553057,5,0.8,late
trace_00209,causal_002,causal_micro_world,llama3.2:latest,easy,correct,causal_002__temp_0p8__trial_04,4,0.8,0p8,4,5,"Given this information, since the backup stayed on and not off, it does not meet the condition for triggering the alarm.","Therefore, based on the conditions given, the alarm will not trigger.",0.25819865,0.9660918,3,0.021531511,0.33428344,0.19768113,-0.054945722,-0.015486902,0.10638121,0.35116377,0.0064117806,5,1.0,late
trace_00210,causal_002,causal_micro_world,llama3.2:latest,easy,incorrect,causal_002__temp_0p8__trial_05,5,0.8,0p8,0,1,The condition for the alarm to trigger is that both the sensor has failed and the backup has been turned off.,"Since the sensor has indeed failed, this part of the condition is met.",0.2652992,0.9641661,2,-0.32263547,0.31643772,-0.056527495,0.1125324,0.14785984,0.2086847,0.11654615,0.1381458,3,0.3333333333333333,early
trace_00210,causal_002,causal_micro_world,llama3.2:latest,easy,incorrect,causal_002__temp_0p8__trial_05,5,0.8,0p8,1,2,"Since the sensor has indeed failed, this part of the condition is met.","However, it is stated that the backup was not turned off, so this other required component of the condition is unmet.",0.20485075,0.9787932,4,0.18142839,-0.53160614,-0.026307944,0.04757175,-0.08954766,-0.23205823,-0.35864013,-0.00623743,3,0.6666666666666666,middle
trace_00210,causal_002,causal_micro_world,llama3.2:latest,easy,incorrect,causal_002__temp_0p8__trial_05,5,0.8,0p8,2,3,"However, it is stated that the backup was not turned off, so this other required component of the condition is unmet.","The alarm triggers only when both conditions are met, but since one condition (the backup being off) is not met, the alarm does not trigger.",0.24271943,0.9700965,3,0.2630871,0.07098611,0.07221107,-0.18322843,-0.034664113,-0.07254373,0.16240248,-0.15751626,3,1.0,late
trace_00211,causal_003,causal_micro_world,llama3.2:latest,medium,incorrect,causal_003__temp_0p2__trial_01,1,0.2,0p2,0,1,Overnight temperatures fall below freezing.,Road ice increases as a result of the cold temperatures.,0.23546322,0.9718833,1,-0.03102284,0.039777424,-0.40267143,-0.19707583,-0.29965776,-0.3311965,-0.27218753,0.13155791,3,0.3333333333333333,early
trace_00211,causal_003,causal_micro_world,llama3.2:latest,medium,incorrect,causal_003__temp_0p2__trial_01,1,0.2,0p2,1,2,Road ice increases as a result of the cold temperatures.,Vehicle speed decreases due to the road ice.,0.25498563,0.9669449,3,-0.20779805,0.1215836,0.43272156,0.16315113,-0.032325238,-0.09280951,0.049492925,-0.020177115,3,0.6666666666666666,middle
trace_00211,causal_003,causal_micro_world,llama3.2:latest,medium,incorrect,causal_003__temp_0p2__trial_01,1,0.2,0p2,2,3,Vehicle speed decreases due to the road ice.,Traffic delay increases as a result of the decreased vehicle speed.,0.3267004,0.94512796,3,0.23272485,0.1501018,0.020727338,-0.03214059,0.053997308,-0.3396628,0.20571457,-0.16584262,3,1.0,late
trace_00212,causal_003,causal_micro_world,llama3.2:latest,medium,correct,causal_003__temp_0p2__trial_02,2,0.2,0p2,0,1,Overnight temperatures fall below freezing.,Road ice increases as a result of the cold temperatures.,0.23546322,0.9718833,1,-0.03102284,0.039777424,-0.40267143,-0.19707583,-0.29965776,-0.3311965,-0.27218753,0.13155791,3,0.3333333333333333,early
trace_00212,causal_003,causal_micro_world,llama3.2:latest,medium,correct,causal_003__temp_0p2__trial_02,2,0.2,0p2,1,2,Road ice increases as a result of the cold temperatures.,Vehicle speed decreases due to the road ice.,0.25498563,0.9669449,3,-0.20779805,0.1215836,0.43272156,0.16315113,-0.032325238,-0.09280951,0.049492925,-0.020177115,3,0.6666666666666666,middle
trace_00212,causal_003,causal_micro_world,llama3.2:latest,medium,correct,causal_003__temp_0p2__trial_02,2,0.2,0p2,2,3,Vehicle speed decreases due to the road ice.,Traffic delay increases as a result of the decreased vehicle speed.,0.3267004,0.94512796,3,0.23272485,0.1501018,0.020727338,-0.03214059,0.053997308,-0.3396628,0.20571457,-0.16584262,3,1.0,late
trace_00213,causal_003,causal_micro_world,llama3.2:latest,medium,correct,causal_003__temp_0p2__trial_03,3,0.2,0p2,0,1,Overnight temperatures fall below freezing.,Road ice increases as a result of the low temperatures.,0.2388549,0.97105527,1,-0.077823855,0.04659071,-0.3913148,-0.17733298,-0.3142297,-0.31170124,-0.24922031,0.14205532,3,0.3333333333333333,early
trace_00213,causal_003,causal_micro_world,llama3.2:latest,medium,correct,causal_003__temp_0p2__trial_03,3,0.2,0p2,1,2,Road ice increases as a result of the low temperatures.,Vehicle speed decreases due to the increased road ice.,0.25139213,0.9678853,3,-0.09058689,0.11859996,0.36111638,0.10554646,-0.045465764,-0.23927069,-0.030409181,-0.042592555,3,0.6666666666666666,middle
trace_00213,causal_003,causal_micro_world,llama3.2:latest,medium,correct,causal_003__temp_0p2__trial_03,3,0.2,0p2,2,3,Vehicle speed decreases due to the increased road ice.,Traffic delay increases as a result of the decreased vehicle speed.,0.33949524,0.9406077,3,0.20594023,0.15836854,0.054548707,-0.023739353,0.06195638,-0.3096272,0.22298451,-0.16186598,3,1.0,late
trace_00214,causal_003,causal_micro_world,llama3.2:latest,medium,correct,causal_003__temp_0p2__trial_04,4,0.2,0p2,0,1,Overnight temperatures fall below freezing.,Road ice increases as a result of the cold temperatures.,0.23546322,0.9718833,1,-0.03102284,0.039777424,-0.40267143,-0.19707583,-0.29965776,-0.3311965,-0.27218753,0.13155791,3,0.3333333333333333,early
trace_00214,causal_003,causal_micro_world,llama3.2:latest,medium,correct,causal_003__temp_0p2__trial_04,4,0.2,0p2,1,2,Road ice increases as a result of the cold temperatures.,Vehicle speed decreases due to the road ice.,0.2549856,0.9669448,3,-0.20779794,0.12158357,0.43272156,0.16315113,-0.032325253,-0.09280947,0.049493164,-0.02017707,3,0.6666666666666666,middle
trace_00214,causal_003,causal_micro_world,llama3.2:latest,medium,correct,causal_003__temp_0p2__trial_04,4,0.2,0p2,2,3,Vehicle speed decreases due to the road ice.,Traffic delay increases as a result of the decreased vehicle speed.,0.3267003,0.94512796,3,0.23272486,0.15010184,0.02072729,-0.032140594,0.053997297,-0.33966282,0.2057145,-0.16584277,3,1.0,late
trace_00215,causal_003,causal_micro_world,llama3.2:latest,medium,correct,causal_003__temp_0p2__trial_05,5,0.2,0p2,0,1,Overnight temperatures fall below freezing.,Road ice increases as a result of the cold temperatures.,0.23546322,0.9718833,1,-0.03102284,0.039777424,-0.40267143,-0.19707583,-0.29965776,-0.3311965,-0.27218753,0.13155791,3,0.3333333333333333,early
trace_00215,causal_003,causal_micro_world,llama3.2:latest,medium,correct,causal_003__temp_0p2__trial_05,5,0.2,0p2,1,2,Road ice increases as a result of the cold temperatures.,Vehicle speed decreases due to the increased road ice.,0.2512289,0.9679277,3,-0.16940127,0.12471786,0.4099399,0.15820412,-0.042464282,-0.16289543,0.039368015,-0.035721235,3,0.6666666666666666,middle
trace_00215,causal_003,causal_micro_world,llama3.2:latest,medium,correct,causal_003__temp_0p2__trial_05,5,0.2,0p2,2,3,Vehicle speed decreases due to the increased road ice.,Traffic delay increases as a result of the decreased vehicle speed.,0.33949524,0.9406077,3,0.20594023,0.15836854,0.054548707,-0.023739353,0.06195638,-0.3096272,0.22298451,-0.16186598,3,1.0,late
trace_00216,causal_003,causal_micro_world,llama3.2:latest,medium,incorrect,causal_003__temp_0p5__trial_01,1,0.5,0p5,0,1,Overnight temperatures fall below freezing.,Road ice forms as a result of the low temperatures.,0.25616807,0.96663225,1,-0.12278222,0.014488081,-0.37196875,-0.18464625,-0.31547388,-0.22506033,-0.22672485,0.16950674,3,0.3333333333333333,early
trace_00216,causal_003,causal_micro_world,llama3.2:latest,medium,incorrect,causal_003__temp_0p5__trial_01,1,0.5,0p5,1,2,Road ice forms as a result of the low temperatures.,"As road ice forms, vehicle speed decreases due to reduced traction and increased risk of skidding or sliding on the icy surface.",0.212459,0.97716993,3,0.02954144,0.13848934,0.19199419,0.03990031,-0.062979415,-0.3619,-0.15220863,-0.14919525,3,0.6666666666666666,middle
trace_00216,causal_003,causal_micro_world,llama3.2:latest,medium,incorrect,causal_003__temp_0p5__trial_01,1,0.5,0p5,2,3,"As road ice forms, vehicle speed decreases due to reduced traction and increased risk of skidding or sliding on the icy surface.","With decreased vehicle speed, traffic delay increases due to the slower pace at which vehicles can move through the area with road ice.",0.16558087,0.9861963,3,0.072655685,0.13213132,0.030030692,-0.029885,0.05513935,-0.13802782,0.13778156,0.04353609,3,1.0,late
trace_00217,causal_003,causal_micro_world,llama3.2:latest,medium,correct,causal_003__temp_0p5__trial_02,2,0.5,0p5,0,1,Overnight temperatures fall below freezing.,Road ice increases as a result of the cold temperature.,0.24433042,0.96969205,1,-0.028927105,0.04390669,-0.40363002,-0.19349967,-0.30042946,-0.3226229,-0.27284536,0.1301482,3,0.3333333333333333,early
trace_00217,causal_003,causal_micro_world,llama3.2:latest,medium,correct,causal_003__temp_0p5__trial_02,2,0.5,0p5,1,2,Road ice increases as a result of the cold temperature.,Vehicle speed decreases due to the road ice.,0.26468188,0.9643358,3,-0.20973197,0.113162555,0.42713028,0.1535341,-0.03284727,-0.109965496,0.048157733,-0.016443847,3,0.6666666666666666,middle
trace_00217,causal_003,causal_micro_world,llama3.2:latest,medium,correct,causal_003__temp_0p5__trial_02,2,0.5,0p5,2,3,Vehicle speed decreases due to the road ice.,Traffic delay increases as a result of the decreased vehicle speed.,0.3267003,0.94512796,3,0.23272486,0.15010184,0.02072729,-0.032140594,0.053997297,-0.33966282,0.2057145,-0.16584277,3,1.0,late
trace_00218,causal_003,causal_micro_world,llama3.2:latest,medium,incorrect,causal_003__temp_0p5__trial_03,3,0.5,0p5,0,1,Overnight temperatures fall below freezing.,Road ice increases as a result of the cold temperatures.,0.23546322,0.9718833,1,-0.03102284,0.039777424,-0.40267143,-0.19707583,-0.29965776,-0.3311965,-0.27218753,0.13155791,3,0.3333333333333333,early
trace_00218,causal_003,causal_micro_world,llama3.2:latest,medium,incorrect,causal_003__temp_0p5__trial_03,3,0.5,0p5,1,2,Road ice increases as a result of the cold temperatures.,"With increased road ice, vehicle speed decreases due to safety concerns.",0.31387407,0.9494647,3,-0.13451834,0.25832143,0.39012125,0.14028573,0.025395876,-0.1466471,-0.035782553,-0.04143616,3,0.6666666666666666,middle
trace_00218,causal_003,causal_micro_world,llama3.2:latest,medium,incorrect,causal_003__temp_0p5__trial_03,3,0.5,0p5,2,3,"With increased road ice, vehicle speed decreases due to safety concerns.","As a consequence of decreased vehicle speed, traffic delay increases.",0.2883304,0.957531,3,0.19787923,0.053331982,0.025240606,-0.017125383,0.047628697,-0.25153208,0.2778668,-0.1301915,3,1.0,late
trace_00219,causal_003,causal_micro_world,llama3.2:latest,medium,correct,causal_003__temp_0p5__trial_04,4,0.5,0p5,0,1,Overnight temperatures fall below freezing.,Road ice increases as a result of the low temperatures.,0.2388549,0.97105527,1,-0.077823855,0.04659071,-0.3913148,-0.17733298,-0.3142297,-0.31170124,-0.24922031,0.14205532,3,0.3333333333333333,early
trace_00219,causal_003,causal_micro_world,llama3.2:latest,medium,correct,causal_003__temp_0p5__trial_04,4,0.5,0p5,1,2,Road ice increases as a result of the low temperatures.,Vehicle speed decreases due to the road ice.,0.25437453,0.9671058,3,-0.13623673,0.11700632,0.39182866,0.11485974,-0.03528298,-0.16503374,-0.016348368,-0.026420005,3,0.6666666666666666,middle
trace_00219,causal_003,causal_micro_world,llama3.2:latest,medium,correct,causal_003__temp_0p5__trial_04,4,0.5,0p5,2,3,Vehicle speed decreases due to the road ice.,Traffic delay increases as a result of the decreased vehicle speed.,0.3267004,0.94512796,3,0.23272485,0.1501018,0.020727338,-0.03214059,0.053997308,-0.3396628,0.20571457,-0.16584262,3,1.0,late
trace_00220,causal_003,causal_micro_world,llama3.2:latest,medium,correct,causal_003__temp_0p5__trial_05,5,0.5,0p5,0,1,Overnight temperatures fall below freezing.,Road ice increases as a result of the low temperatures.,0.2388549,0.97105527,1,-0.077823855,0.04659071,-0.3913148,-0.17733298,-0.3142297,-0.31170124,-0.24922031,0.14205532,3,0.3333333333333333,early
trace_00220,causal_003,causal_micro_world,llama3.2:latest,medium,correct,causal_003__temp_0p5__trial_05,5,0.5,0p5,1,2,Road ice increases as a result of the low temperatures.,Vehicle speed decreases due to the increased road ice.,0.25139213,0.9678853,3,-0.09058689,0.11859996,0.36111638,0.10554646,-0.045465764,-0.23927069,-0.030409181,-0.042592555,3,0.6666666666666666,middle
trace_00220,causal_003,causal_micro_world,llama3.2:latest,medium,correct,causal_003__temp_0p5__trial_05,5,0.5,0p5,2,3,Vehicle speed decreases due to the increased road ice.,Traffic delay increases as a result of the decreased vehicle speed.,0.33949524,0.9406077,3,0.20594023,0.15836854,0.054548707,-0.023739353,0.06195638,-0.3096272,0.22298451,-0.16186598,3,1.0,late
trace_00221,causal_003,causal_micro_world,llama3.2:latest,medium,correct,causal_003__temp_0p8__trial_01,1,0.8,0p8,0,1,Overnight temperatures fall below freezing.,"As a result, road ice increases.",0.15882777,0.98730624,1,-0.053197492,0.10506478,-0.3387653,-0.15600468,-0.24823709,-0.34061462,-0.2726521,0.13590503,3,0.3333333333333333,early
trace_00221,causal_003,causal_micro_world,llama3.2:latest,medium,correct,causal_003__temp_0p8__trial_01,1,0.8,0p8,1,2,"As a result, road ice increases.","With the increased road ice, vehicle speed decreases.",0.18755907,0.9822534,3,-0.107318275,-0.012613501,0.33164254,0.114980854,-0.06349898,-0.16397344,0.06488517,0.0028382654,3,0.6666666666666666,middle
trace_00221,causal_003,causal_micro_world,llama3.2:latest,medium,correct,causal_003__temp_0p8__trial_01,1,0.8,0p8,2,3,"With the increased road ice, vehicle speed decreases.","Due to decreased vehicle speed, traffic delay increases.",0.36909306,0.92939246,3,0.20439057,0.2013262,0.075034715,-0.0044668335,0.0501888,-0.21993035,0.24628244,-0.15076908,3,1.0,late
trace_00222,causal_003,causal_micro_world,llama3.2:latest,medium,incorrect,causal_003__temp_0p8__trial_02,2,0.8,0p8,0,1,Overnight temperatures fall below freezing.,Road ice increases.,0.17883697,0.9838787,1,-0.01434953,0.114901096,-0.35020453,-0.15037747,-0.2778245,-0.3235714,-0.28742194,0.13761874,3,0.3333333333333333,early
trace_00222,causal_003,causal_micro_world,llama3.2:latest,medium,incorrect,causal_003__temp_0p8__trial_02,2,0.8,0p8,1,2,Road ice increases.,Vehicle speed decreases due to road ice.,0.20734933,0.9782669,3,-0.21620645,-0.031908844,0.36045417,0.09102689,-0.04219859,-0.04635845,0.10732363,-0.04860093,3,0.6666666666666666,middle
trace_00222,causal_003,causal_micro_world,llama3.2:latest,medium,incorrect,causal_003__temp_0p8__trial_02,2,0.8,0p8,2,3,Vehicle speed decreases due to road ice.,Traffic delay increases as a result of decreased vehicle speed.,0.31849274,0.9479253,3,0.22075602,0.1598277,0.019483209,-0.023105793,0.064307846,-0.33431923,0.20193443,-0.16159867,3,1.0,late
trace_00223,causal_003,causal_micro_world,llama3.2:latest,medium,incorrect,causal_003__temp_0p8__trial_03,3,0.8,0p8,0,1,Overnight temperatures fall below freezing.,Road ice increases due to lower temperatures.,0.23233841,0.972635,1,-0.07203522,0.0582439,-0.38295868,-0.17203188,-0.3146498,-0.32392824,-0.27775887,0.15380849,3,0.3333333333333333,early
trace_00223,causal_003,causal_micro_world,llama3.2:latest,medium,incorrect,causal_003__temp_0p8__trial_03,3,0.8,0p8,1,2,Road ice increases due to lower temperatures.,"As a result, vehicle speed decreases when driving on icy roads.",0.30514947,0.9523045,3,-0.09078034,0.042614546,0.24373287,0.09403635,-0.032761127,-0.20560743,0.0121717,-0.14162269,3,0.6666666666666666,middle
trace_00223,causal_003,causal_micro_world,llama3.2:latest,medium,incorrect,causal_003__temp_0p8__trial_03,3,0.8,0p8,2,3,"As a result, vehicle speed decreases when driving on icy roads.",Decreased vehicle speed leads to an increase in traffic delay due to slowed traffic flow.,0.27112892,0.9625431,3,0.12747867,0.16727665,0.11013437,0.0033875841,0.066063195,-0.1971755,0.21355085,-0.086480714,3,1.0,late
trace_00224,causal_003,causal_micro_world,llama3.2:latest,medium,incorrect,causal_003__temp_0p8__trial_04,4,0.8,0p8,0,1,Overnight temperatures falling below freezing cause the formation of road ice.,The formation of road ice causes a decrease in vehicle speed due to reduced traction and increased stopping distances.,0.0755265,0.99714386,1,-0.15874313,0.121545844,-0.016837854,-0.04155308,-0.21393144,-0.43163604,-0.22658792,0.016250996,3,0.3333333333333333,early
trace_00224,causal_003,causal_micro_world,llama3.2:latest,medium,incorrect,causal_003__temp_0p8__trial_04,4,0.8,0p8,1,2,The formation of road ice causes a decrease in vehicle speed due to reduced traction and increased stopping distances.,A decrease in vehicle speed leads to an increase in traffic delay as vehicles spend more time stopped or moving at slower speeds.,0.2914299,0.95659214,3,0.17802186,0.16171473,0.11004408,0.014698931,0.079993114,-0.2842603,0.22517166,-0.17483176,3,0.6666666666666666,middle
trace_00224,causal_003,causal_micro_world,llama3.2:latest,medium,incorrect,causal_003__temp_0p8__trial_04,4,0.8,0p8,2,3,A decrease in vehicle speed leads to an increase in traffic delay as vehicles spend more time stopped or moving at slower speeds.,"Increased traffic delay can lead to frustration, accidents, and other safety issues for drivers.",0.16948853,0.98553216,3,0.15726422,0.19629353,-0.112371355,0.048623666,-0.018466802,0.21965645,-0.11401853,0.07817951,3,1.0,late
trace_00225,causal_003,causal_micro_world,llama3.2:latest,medium,correct,causal_003__temp_0p8__trial_05,5,0.8,0p8,0,1,Overnight temperatures fall below freezing.,Road ice increases due to the cold weather.,0.17417899,0.98471403,1,0.0056141433,0.06759471,-0.37593365,-0.1890504,-0.3097524,-0.35565007,-0.2780468,0.14293158,3,0.3333333333333333,early
trace_00225,causal_003,causal_micro_world,llama3.2:latest,medium,correct,causal_003__temp_0p8__trial_05,5,0.8,0p8,1,2,Road ice increases due to the cold weather.,Vehicle speed decreases as drivers slow down to navigate icy roads.,0.28512698,0.9584898,3,-0.16830425,0.11041923,0.3052413,0.1522812,0.0033452301,-0.10131447,0.075360075,-0.11827699,3,0.6666666666666666,middle
trace_00225,causal_003,causal_micro_world,llama3.2:latest,medium,correct,causal_003__temp_0p8__trial_05,5,0.8,0p8,2,3,Vehicle speed decreases as drivers slow down to navigate icy roads.,Traffic delay increases due to reduced vehicle speeds on icy roads.,0.114165,0.9934618,1,0.24389833,0.0292659,-0.16376948,-0.0803723,-0.040842332,-0.10024448,-0.05865646,0.022229116,3,1.0,late
trace_00226,causal_004,causal_micro_world,llama3.2:latest,medium,correct,causal_004__temp_0p2__trial_01,1,0.2,0p2,0,1,A heat spike occurs in the pond.,The rising water temperature causes dissolved oxygen to fall.,0.1705286,0.9853527,4,-0.10161275,-0.32148105,-0.1396219,0.13763124,0.07198868,0.17693831,0.5681533,0.28049475,3,0.3333333333333333,early
trace_00226,causal_004,causal_micro_world,llama3.2:latest,medium,correct,causal_004__temp_0p2__trial_01,1,0.2,0p2,1,2,The rising water temperature causes dissolved oxygen to fall.,"As dissolved oxygen levels decrease, fish stress increases.",0.23177385,0.97276974,1,0.07120977,0.11968451,0.1654978,-0.10526543,-0.15202568,-0.37538606,-0.3119334,-0.22382173,3,0.6666666666666666,middle
trace_00226,causal_004,causal_micro_world,llama3.2:latest,medium,correct,causal_004__temp_0p2__trial_01,1,0.2,0p2,2,3,"As dissolved oxygen levels decrease, fish stress increases.","With increased fish stress, fish mortality rates are likely to rise.",0.19541395,0.9807208,3,0.21252207,0.31956202,0.12919575,-0.09217221,0.081756234,0.0065981196,-0.36447698,-0.21393672,3,1.0,late
trace_00227,causal_004,causal_micro_world,llama3.2:latest,medium,correct,causal_004__temp_0p2__trial_02,2,0.2,0p2,0,1,A heat spike occurs in the pond.,The rising water temperature increases the rate of evaporation from the pond's surface.,0.18121882,0.9834428,4,-0.0627951,-0.3138485,0.004688084,0.06564694,0.047042597,-0.058849037,0.27421552,0.23630242,5,0.2,early
trace_00227,causal_004,causal_micro_world,llama3.2:latest,medium,correct,causal_004__temp_0p2__trial_02,2,0.2,0p2,1,2,The rising water temperature increases the rate of evaporation from the pond's surface.,"As evaporation increases, the concentration of dissolved substances in the remaining water also increases.",0.10212552,0.99477154,4,-0.113858044,-0.18360953,-0.031858087,0.0029026042,-0.010864289,-0.13488425,0.32776502,0.14469236,5,0.4,middle
trace_00227,causal_004,causal_micro_world,llama3.2:latest,medium,correct,causal_004__temp_0p2__trial_02,2,0.2,0p2,2,3,"As evaporation increases, the concentration of dissolved substances in the remaining water also increases.","With increased concentration of dissolved substances, more dissolved oxygen is consumed by aquatic organisms and microorganisms.",0.242111,0.9702485,1,0.061047047,0.08304258,-0.035080634,0.04429145,-0.050564658,0.0044496334,0.050768346,-0.04126861,5,0.6,middle
trace_00227,causal_004,causal_micro_world,llama3.2:latest,medium,correct,causal_004__temp_0p2__trial_02,2,0.2,0p2,3,4,"With increased concentration of dissolved substances, more dissolved oxygen is consumed by aquatic organisms and microorganisms.","Since dissolved oxygen falls, fish stress rises due to lower oxygen levels.",0.2076761,0.97819763,3,0.08220272,0.120049305,0.018574553,-0.050457805,0.021539306,0.15116662,-0.13475011,-0.22883587,5,0.8,late
trace_00227,causal_004,causal_micro_world,llama3.2:latest,medium,correct,causal_004__temp_0p2__trial_02,2,0.2,0p2,4,5,"Since dissolved oxygen falls, fish stress rises due to lower oxygen levels.","The stressed fish are likely to exhibit reduced activity, slower growth rates, or even death.",0.22875716,0.9734835,3,0.11791979,0.2340464,0.22721246,-0.0494447,-0.0355491,-0.12488443,-0.34449717,-0.18912557,5,1.0,late
trace_00228,causal_004,causal_micro_world,llama3.2:latest,medium,correct,causal_004__temp_0p2__trial_03,3,0.2,0p2,0,1,A heat spike occurs in the pond.,The rising water temperature causes dissolved oxygen to fall.,0.1705286,0.9853527,4,-0.10161275,-0.32148105,-0.1396219,0.13763124,0.07198868,0.17693831,0.5681533,0.28049475,3,0.3333333333333333,early
trace_00228,causal_004,causal_micro_world,llama3.2:latest,medium,correct,causal_004__temp_0p2__trial_03,3,0.2,0p2,1,2,The rising water temperature causes dissolved oxygen to fall.,"As dissolved oxygen levels decrease, fish stress increases.",0.23177385,0.97276974,1,0.07120977,0.11968451,0.1654978,-0.10526543,-0.15202568,-0.37538606,-0.3119334,-0.22382173,3,0.6666666666666666,middle
trace_00228,causal_004,causal_micro_world,llama3.2:latest,medium,correct,causal_004__temp_0p2__trial_03,3,0.2,0p2,2,3,"As dissolved oxygen levels decrease, fish stress increases.","With increased fish stress, fish populations may decline or die off due to reduced ability to cope with the changing environment.",0.24527684,0.9694531,3,-0.0133777205,0.16937144,0.20839477,-0.066419065,0.1974047,0.03013723,-0.3286906,-0.18690641,3,1.0,late
trace_00229,causal_004,causal_micro_world,llama3.2:latest,medium,correct,causal_004__temp_0p2__trial_04,4,0.2,0p2,0,1,A heat spike occurs in the pond.,The rising water temperature causes dissolved oxygen to fall.,0.1705286,0.9853527,4,-0.10161275,-0.32148105,-0.1396219,0.13763124,0.07198868,0.17693831,0.5681533,0.28049475,3,0.3333333333333333,early
trace_00229,causal_004,causal_micro_world,llama3.2:latest,medium,correct,causal_004__temp_0p2__trial_04,4,0.2,0p2,1,2,The rising water temperature causes dissolved oxygen to fall.,"As dissolved oxygen levels decrease, fish stress increases.",0.23177385,0.97276974,1,0.07120977,0.11968451,0.1654978,-0.10526543,-0.15202568,-0.37538606,-0.3119334,-0.22382173,3,0.6666666666666666,middle
trace_00229,causal_004,causal_micro_world,llama3.2:latest,medium,correct,causal_004__temp_0p2__trial_04,4,0.2,0p2,2,3,"As dissolved oxygen levels decrease, fish stress increases.","With increased stress, fish are more susceptible to illness and death.",0.1982099,0.98015964,3,0.16324389,0.28040957,0.14831246,-0.10341592,0.09861209,0.026626304,-0.37703663,-0.23257656,3,1.0,late
trace_00230,causal_004,causal_micro_world,llama3.2:latest,medium,correct,causal_004__temp_0p2__trial_05,5,0.2,0p2,0,1,A heat spike occurs in the pond.,The rising water temperature increases the rate of evaporation from the surface of the pond.,0.17949967,0.98375803,4,-0.06831764,-0.30749246,0.014440722,0.06378301,0.047605164,-0.056424502,0.27974513,0.2345742,7,0.14285714285714285,early
trace_00230,causal_004,causal_micro_world,llama3.2:latest,medium,correct,causal_004__temp_0p2__trial_05,5,0.2,0p2,1,2,The rising water temperature increases the rate of evaporation from the surface of the pond.,"As evaporation increases, the concentration of dissolved salts and minerals in the remaining water also increases.",0.10370046,0.9946085,4,-0.095398314,-0.18858272,-0.07732244,-0.004784752,-0.031704053,-0.10436453,0.2880337,0.10821562,7,0.2857142857142857,early
trace_00230,causal_004,causal_micro_world,llama3.2:latest,medium,correct,causal_004__temp_0p2__trial_05,5,0.2,0p2,2,3,"As evaporation increases, the concentration of dissolved salts and minerals in the remaining water also increases.","With increased salt concentration, the solubility of oxygen decreases.",0.2102087,0.97765654,1,0.0024826163,0.008815972,0.03845719,0.09150237,-0.023089215,0.13266215,0.055104773,-0.12738717,7,0.42857142857142855,middle
trace_00230,causal_004,causal_micro_world,llama3.2:latest,medium,correct,causal_004__temp_0p2__trial_05,5,0.2,0p2,3,4,"With increased salt concentration, the solubility of oxygen decreases.","Since the solubility of oxygen has decreased, less oxygen dissolves into the water.",0.16221409,0.98675555,0,-0.047046185,-0.088758014,-0.04077462,-0.010820578,0.074274875,0.038401134,0.11874692,0.13491134,7,0.5714285714285714,middle
trace_00230,causal_004,causal_micro_world,llama3.2:latest,medium,correct,causal_004__temp_0p2__trial_05,5,0.2,0p2,4,5,"Since the solubility of oxygen has decreased, less oxygen dissolves into the water.",The reduced amount of dissolved oxygen causes a decrease in dissolved oxygen levels.,0.24645321,0.96915466,1,-0.0658062,0.07429834,-0.029755112,0.03907218,-0.061931197,-0.10096868,0.050464783,-0.013167702,7,0.7142857142857143,late
trace_00230,causal_004,causal_micro_world,llama3.2:latest,medium,correct,causal_004__temp_0p2__trial_05,5,0.2,0p2,5,6,The reduced amount of dissolved oxygen causes a decrease in dissolved oxygen levels.,"As dissolved oxygen levels fall, fish stress rises due to the lack of sufficient oxygen for their survival.",0.17042357,0.98537093,3,0.25482926,0.2287171,0.07205162,-0.119159095,0.029604658,0.097800456,-0.26901373,-0.23365907,7,0.8571428571428571,late
trace_00230,causal_004,causal_micro_world,llama3.2:latest,medium,correct,causal_004__temp_0p2__trial_05,5,0.2,0p2,6,7,"As dissolved oxygen levels fall, fish stress rises due to the lack of sufficient oxygen for their survival.",The increased stress on the fish population can lead to a decline in their overall health and potentially even death.,0.16846171,0.9857083,3,0.06967997,0.32725543,0.16220929,-0.002118116,0.062573396,-0.07243725,-0.40442872,-0.2251293,7,1.0,late
trace_00231,causal_004,causal_micro_world,llama3.2:latest,medium,correct,causal_004__temp_0p5__trial_01,1,0.5,0p5,0,1,A heat spike occurs in the pond.,The increased water temperature causes an increase in dissolved oxygen loss.,0.18621686,0.9825087,4,-0.14115797,-0.34951302,-0.15679957,0.16863997,0.007586485,0.03928234,0.48925596,0.2842571,4,0.25,early
trace_00231,causal_004,causal_micro_world,llama3.2:latest,medium,correct,causal_004__temp_0p5__trial_01,1,0.5,0p5,1,2,The increased water temperature causes an increase in dissolved oxygen loss.,"As a result of this loss, the dissolved oxygen levels in the pond decrease.",0.35323897,0.9355331,0,-0.104894936,0.10124325,0.28479075,-0.14141324,0.054009218,-0.08145373,-0.21642984,-0.2163544,4,0.5,middle
trace_00231,causal_004,causal_micro_world,llama3.2:latest,medium,correct,causal_004__temp_0p5__trial_01,1,0.5,0p5,2,3,"As a result of this loss, the dissolved oxygen levels in the pond decrease.","With decreased dissolved oxygen levels, fish stress increases due to hypoxia (lack of oxygen).",0.1865898,0.9824379,1,0.21692511,0.07885879,-0.024083264,-0.028760584,-0.09230433,-0.091490865,-0.03677741,-0.09210878,4,0.75,late
trace_00231,causal_004,causal_micro_world,llama3.2:latest,medium,correct,causal_004__temp_0p5__trial_01,1,0.5,0p5,3,4,"With decreased dissolved oxygen levels, fish stress increases due to hypoxia (lack of oxygen).","As fish stress rises, they may exhibit abnormal behavior or begin to die off.",0.19869457,0.9800615,3,0.18151057,0.31544808,0.062096,-0.12747942,0.13453546,0.08625647,-0.33019108,-0.2541074,4,1.0,late
trace_00232,causal_004,causal_micro_world,llama3.2:latest,medium,correct,causal_004__temp_0p5__trial_02,2,0.5,0p5,0,1,A heat spike occurs in the pond.,The rising water temperature causes dissolved oxygen to decrease.,0.1576487,0.98749524,4,-0.13548608,-0.3608097,-0.12558371,0.15796079,0.028653665,0.077910855,0.53451824,0.29750404,3,0.3333333333333333,early
trace_00232,causal_004,causal_micro_world,llama3.2:latest,medium,correct,causal_004__temp_0p5__trial_02,2,0.5,0p5,1,2,The rising water temperature causes dissolved oxygen to decrease.,"As dissolved oxygen levels fall, fish stress increases.",0.25792763,0.96616423,1,0.1363301,0.20078981,0.15112057,-0.15781331,-0.06536599,-0.21255797,-0.25131646,-0.27658948,3,0.6666666666666666,middle
trace_00232,causal_004,causal_micro_world,llama3.2:latest,medium,correct,causal_004__temp_0p5__trial_02,2,0.5,0p5,2,3,"As dissolved oxygen levels fall, fish stress increases.",The increased fish stress leads to a decline in fish population or even death.,0.20329747,0.979117,3,0.041763395,0.2994666,0.21445349,-0.03417923,0.12962443,-0.014286419,-0.37165016,-0.22326736,3,1.0,late
trace_00233,causal_004,causal_micro_world,llama3.2:latest,medium,correct,causal_004__temp_0p5__trial_03,3,0.5,0p5,0,1,A heat spike in the pond causes an increase in water temperature.,The increased water temperature leads to a decrease in dissolved oxygen levels.,0.1568419,0.9876237,4,-0.15536524,-0.35376313,-0.09162262,0.1870952,-0.0037593073,0.033612352,0.46733794,0.31655124,3,0.3333333333333333,early
trace_00233,causal_004,causal_micro_world,llama3.2:latest,medium,correct,causal_004__temp_0p5__trial_03,3,0.5,0p5,1,2,The increased water temperature leads to a decrease in dissolved oxygen levels.,"As dissolved oxygen levels fall, the stress level of the fish in the pond increases.",0.3181134,0.94805264,1,0.14408544,0.2350618,0.22499003,-0.21785317,-0.041890193,-0.11634861,-0.27206862,-0.2716642,3,0.6666666666666666,middle
trace_00233,causal_004,causal_micro_world,llama3.2:latest,medium,correct,causal_004__temp_0p5__trial_03,3,0.5,0p5,2,3,"As dissolved oxygen levels fall, the stress level of the fish in the pond increases.","With rising fish stress, there is likely an increase in mortality rates among the fish population.",0.15104592,0.9885267,3,0.16315283,0.2544284,0.0952308,-0.042519156,0.0731302,-0.046971757,-0.31168085,-0.19162932,3,1.0,late
trace_00234,causal_004,causal_micro_world,llama3.2:latest,medium,correct,causal_004__temp_0p5__trial_04,4,0.5,0p5,0,1,A heat spike occurs in the pond.,The increase in water temperature causes an increase in dissolved oxygen to fall.,0.1868822,0.9823823,4,-0.11082128,-0.30768403,-0.14524858,0.121067435,0.040383063,0.10702286,0.56244427,0.23755632,3,0.3333333333333333,early
trace_00234,causal_004,causal_micro_world,llama3.2:latest,medium,correct,causal_004__temp_0p5__trial_04,4,0.5,0p5,1,2,The increase in water temperature causes an increase in dissolved oxygen to fall.,"As dissolved oxygen levels decrease, fish stress increases.",0.2891204,0.95729274,1,0.08795147,0.10937048,0.18805206,-0.09156731,-0.12219053,-0.31404608,-0.32982558,-0.18288383,3,0.6666666666666666,middle
trace_00234,causal_004,causal_micro_world,llama3.2:latest,medium,correct,causal_004__temp_0p5__trial_04,4,0.5,0p5,2,3,"As dissolved oxygen levels decrease, fish stress increases.","With increased fish stress, the number of fish that die or become ill is likely to rise.",0.26580313,0.9640273,3,0.19100145,0.30487648,0.09095519,-0.13004738,0.117162004,0.10526235,-0.32851914,-0.16457017,3,1.0,late
trace_00235,causal_004,causal_micro_world,llama3.2:latest,medium,correct,causal_004__temp_0p5__trial_05,5,0.5,0p5,0,1,A heat spike in the pond causes an increase in water temperature.,The increased water temperature leads to a rise in dissolved oxygen levels falling.,0.16221672,0.9867552,4,-0.07664854,-0.3242668,-0.11984153,0.14286053,0.037461028,0.10123582,0.5129411,0.2946868,3,0.3333333333333333,early
trace_00235,causal_004,causal_micro_world,llama3.2:latest,medium,correct,causal_004__temp_0p5__trial_05,5,0.5,0p5,1,2,The increased water temperature leads to a rise in dissolved oxygen levels falling.,"As dissolved oxygen levels fall, fish stress increases.",0.3012895,0.95353276,1,0.048694666,0.1644643,0.24371248,-0.13019551,-0.06277162,-0.21636488,-0.26772356,-0.2539914,3,0.6666666666666666,middle
trace_00235,causal_004,causal_micro_world,llama3.2:latest,medium,correct,causal_004__temp_0p5__trial_05,5,0.5,0p5,2,3,"As dissolved oxygen levels fall, fish stress increases.","With increased fish stress, fish mortality and population decline likely occur.",0.23026532,0.9731278,3,0.1297991,0.29991964,0.17916137,-0.06818303,0.09848742,-0.044123262,-0.365584,-0.19810288,3,1.0,late
trace_00236,causal_004,causal_micro_world,llama3.2:latest,medium,incorrect,causal_004__temp_0p8__trial_01,1,0.8,0p8,0,1,A heat spike occurs in the pond.,Rising water temperature causes dissolved oxygen to fall.,0.16288699,0.9866447,4,-0.09574784,-0.3069253,-0.15102226,0.15310061,0.07297969,0.1853152,0.5552599,0.28294453,3,0.3333333333333333,early
trace_00236,causal_004,causal_micro_world,llama3.2:latest,medium,incorrect,causal_004__temp_0p8__trial_01,1,0.8,0p8,1,2,Rising water temperature causes dissolved oxygen to fall.,"As dissolved oxygen levels decrease, fish stress increases.",0.20688677,0.97836494,1,0.06308875,0.10013021,0.17497896,-0.12172242,-0.14883341,-0.3743525,-0.28952074,-0.22177212,3,0.6666666666666666,middle
trace_00236,causal_004,causal_micro_world,llama3.2:latest,medium,incorrect,causal_004__temp_0p8__trial_01,1,0.8,0p8,2,3,"As dissolved oxygen levels decrease, fish stress increases.",The increase in fish stress can lead to a mass die-off or population decline among aquatic life.,0.23690432,0.971533,3,0.048400544,0.28311378,0.1432379,-0.087056786,0.17384802,0.07842245,-0.24242634,-0.12091582,3,1.0,late
trace_00237,causal_004,causal_micro_world,llama3.2:latest,medium,correct,causal_004__temp_0p8__trial_02,2,0.8,0p8,0,1,A heat spike occurs in the pond.,The increased water temperature causes the dissolved oxygen to decrease.,0.18095651,0.98349106,4,-0.14809012,-0.35961506,-0.13221529,0.1614943,-0.0018414825,0.019169645,0.50987995,0.2902968,3,0.3333333333333333,early
trace_00237,causal_004,causal_micro_world,llama3.2:latest,medium,correct,causal_004__temp_0p8__trial_02,2,0.8,0p8,1,2,The increased water temperature causes the dissolved oxygen to decrease.,"As the dissolved oxygen levels drop, the stress on fish increases.",0.2748187,0.96149606,1,0.15407613,0.19203658,0.16545357,-0.17910299,-0.05961423,-0.16621712,-0.25508645,-0.24613757,3,0.6666666666666666,middle
trace_00237,causal_004,causal_micro_world,llama3.2:latest,medium,correct,causal_004__temp_0p8__trial_02,2,0.8,0p8,2,3,"As the dissolved oxygen levels drop, the stress on fish increases.",The rising stress on fish is expected to lead to a mass die-off or significant population decline.,0.20244072,0.9792945,3,0.10305084,0.3301161,0.15617126,-0.034529187,0.21456228,0.07015963,-0.26698732,-0.15728322,3,1.0,late
trace_00238,causal_004,causal_micro_world,llama3.2:latest,medium,correct,causal_004__temp_0p8__trial_03,3,0.8,0p8,0,1,A heat spike occurs in the pond.,Water temperature rises as a result of the heat spike.,0.19792412,0.9802173,4,0.108973235,-0.20454478,-0.18084766,0.04547259,0.03641127,0.052366134,0.3568358,0.11338977,4,0.25,early
trace_00238,causal_004,causal_micro_world,llama3.2:latest,medium,correct,causal_004__temp_0p8__trial_03,3,0.8,0p8,1,2,Water temperature rises as a result of the heat spike.,"As water temperature rises, dissolved oxygen levels decrease due to increased thermal decomposition of organic matter and decreased absorption of oxygen from the atmosphere.",0.1923447,0.98132735,4,-0.22724408,-0.28434014,0.0030395587,0.13358058,-0.002385649,0.026034784,0.24915355,0.19950522,4,0.5,middle
trace_00238,causal_004,causal_micro_world,llama3.2:latest,medium,correct,causal_004__temp_0p8__trial_03,3,0.8,0p8,2,3,"As water temperature rises, dissolved oxygen levels decrease due to increased thermal decomposition of organic matter and decreased absorption of oxygen from the atmosphere.","With falling dissolved oxygen levels, fish stress increases as they struggle to maintain adequate oxygen levels for their metabolic needs.",0.27680272,0.9609267,1,0.123344816,0.21400969,0.18939868,-0.15197371,-0.019090116,-0.16576405,-0.17412099,-0.21674113,4,0.75,late
trace_00238,causal_004,causal_micro_world,llama3.2:latest,medium,correct,causal_004__temp_0p8__trial_03,3,0.8,0p8,3,4,"With falling dissolved oxygen levels, fish stress increases as they struggle to maintain adequate oxygen levels for their metabolic needs.","As fish stress rises, they become more susceptible to illness, injury, or death, potentially leading to a decline in fish populations.",0.16540323,0.986226,3,0.10672932,0.28333476,0.057058994,-0.036130086,0.04318393,-0.0193754,-0.31087828,-0.2326094,4,1.0,late
trace_00239,causal_004,causal_micro_world,llama3.2:latest,medium,correct,causal_004__temp_0p8__trial_04,4,0.8,0p8,0,1,A heat spike occurs in the pond.,"As a result of the heat spike, water temperature rises.",0.19484274,0.98083454,4,0.08664807,-0.18843503,-0.17636995,0.049019683,0.058634203,0.050827198,0.34551522,0.14458013,4,0.25,early
trace_00239,causal_004,causal_micro_world,llama3.2:latest,medium,correct,causal_004__temp_0p8__trial_04,4,0.8,0p8,1,2,"As a result of the heat spike, water temperature rises.",The rising water temperature causes dissolved oxygen to fall.,0.21797167,0.9759551,4,-0.192423,-0.22217529,-0.013369468,0.12682271,0.035495404,0.18082592,0.38896376,0.20883055,4,0.5,middle
trace_00239,causal_004,causal_micro_world,llama3.2:latest,medium,correct,causal_004__temp_0p8__trial_04,4,0.8,0p8,2,3,The rising water temperature causes dissolved oxygen to fall.,"With decreased dissolved oxygen levels, fish stress increases.",0.22151536,0.9751569,1,0.06497667,0.13812384,0.18464784,-0.10167755,-0.14071722,-0.35351658,-0.33320266,-0.23298532,4,0.75,late
trace_00239,causal_004,causal_micro_world,llama3.2:latest,medium,correct,causal_004__temp_0p8__trial_04,4,0.8,0p8,3,4,"With decreased dissolved oxygen levels, fish stress increases.","As a consequence, the fish population may experience reduced growth, increased disease susceptibility, or even die-off.",0.18714343,0.98233265,3,0.015012749,0.16476588,0.097322755,-0.061947506,0.17143574,-0.010668147,-0.2083391,-0.1656786,4,1.0,late
trace_00240,causal_004,causal_micro_world,llama3.2:latest,medium,correct,causal_004__temp_0p8__trial_05,5,0.8,0p8,0,1,A heat spike occurs in the pond.,"As a result of the heat spike, the water temperature rises.",0.18000776,0.98366517,4,0.06914874,-0.19129144,-0.17401016,0.0351531,0.0508137,0.04124457,0.3527059,0.14290574,4,0.25,early
trace_00240,causal_004,causal_micro_world,llama3.2:latest,medium,correct,causal_004__temp_0p8__trial_05,5,0.8,0p8,1,2,"As a result of the heat spike, the water temperature rises.",The rising water temperature causes dissolved oxygen to fall.,0.22448376,0.9744778,4,-0.17486957,-0.21943833,-0.016529987,0.1389487,0.04274245,0.18875323,0.38228044,0.2100095,4,0.5,middle
trace_00240,causal_004,causal_micro_world,llama3.2:latest,medium,correct,causal_004__temp_0p8__trial_05,5,0.8,0p8,2,3,The rising water temperature causes dissolved oxygen to fall.,"Since dissolved oxygen is falling, fish stress increases as a direct consequence.",0.19732098,0.98033893,1,0.067584865,0.113773674,0.18739507,-0.15150969,-0.10186384,-0.36598384,-0.27537036,-0.23854683,4,0.75,late
trace_00240,causal_004,causal_micro_world,llama3.2:latest,medium,correct,causal_004__temp_0p8__trial_05,5,0.8,0p8,3,4,"Since dissolved oxygen is falling, fish stress increases as a direct consequence.","With increased fish stress due to low dissolved oxygen, fish are more likely to die or exhibit weakened behavior.",0.28987882,0.95706326,3,-0.043301523,0.24862084,0.14871165,0.04578877,0.0031964048,0.14076246,-0.24116111,-0.13465336,4,1.0,late
trace_00241,commonsense_001,commonsense_multihop,llama3.2:latest,easy,incorrect,commonsense_001__temp_0p2__trial_01,1,0.2,0p2,0,1,The metal tray was exposed to direct sunlight for an hour.,The sun's rays caused the metal tray to heat up due to its high thermal conductivity.,0.33026344,0.9438889,1,0.03596142,-0.012772412,-0.2049927,-0.031916726,-0.109060206,-0.07877055,-0.12735072,0.02445142,6,0.16666666666666666,early
trace_00241,commonsense_001,commonsense_multihop,llama3.2:latest,easy,incorrect,commonsense_001__temp_0p2__trial_01,1,0.2,0p2,1,2,The sun's rays caused the metal tray to heat up due to its high thermal conductivity.,"As the metal tray heated up, it began to radiate heat into the surrounding air.",0.15593813,0.98776686,0,-0.009789605,-0.011302671,-0.024440369,0.0077991975,0.124037094,0.02194002,0.16742906,-0.093937404,6,0.3333333333333333,early
trace_00241,commonsense_001,commonsense_multihop,llama3.2:latest,easy,incorrect,commonsense_001__temp_0p2__trial_01,1,0.2,0p2,2,3,"As the metal tray heated up, it began to radiate heat into the surrounding air.",The warm air molecules gained energy and started moving rapidly around the tray.,0.10414405,0.99456227,3,0.15099168,-0.09409381,0.13815309,-0.0131531395,-0.095355995,-0.06918905,0.15187562,0.011655558,6,0.5,middle
trace_00241,commonsense_001,commonsense_multihop,llama3.2:latest,easy,incorrect,commonsense_001__temp_0p2__trial_01,1,0.2,0p2,3,4,The warm air molecules gained energy and started moving rapidly around the tray.,"These rapid-moving air molecules collided with the ice cube, causing it to melt.",0.22742535,0.97379553,1,-0.07305526,-0.019976547,-0.3042845,-0.04024977,-0.09550404,0.12677003,-0.11492127,0.03237742,6,0.6666666666666666,middle
trace_00241,commonsense_001,commonsense_multihop,llama3.2:latest,easy,incorrect,commonsense_001__temp_0p2__trial_01,1,0.2,0p2,4,5,"These rapid-moving air molecules collided with the ice cube, causing it to melt.","Since the ice cube was on a metal surface, it lost heat more efficiently due to the high thermal conductivity of metals.",0.23146774,0.9728426,3,-0.17076257,-0.037150845,0.09066685,0.073269956,0.044741593,-0.08960711,-0.23379143,0.03342191,6,0.8333333333333334,late
trace_00241,commonsense_001,commonsense_multihop,llama3.2:latest,easy,incorrect,commonsense_001__temp_0p2__trial_01,1,0.2,0p2,5,6,"Since the ice cube was on a metal surface, it lost heat more efficiently due to the high thermal conductivity of metals.","As a result, the ice cube melted completely within an hour.",0.23882912,0.97106165,4,0.06396754,-0.049737114,0.09564047,0.017797772,0.118949704,0.23432975,0.16096002,-0.025584627,6,1.0,late
trace_00242,commonsense_001,commonsense_multihop,llama3.2:latest,easy,incorrect,commonsense_001__temp_0p2__trial_02,2,0.2,0p2,0,1,The metal tray initially had no water or moisture.,"As the ice cube melted, it released latent heat into the surrounding environment.",0.2298616,0.9732233,1,0.0057140137,-0.03858563,-0.27436715,-0.013906299,-0.16054602,0.00057602214,-0.20247737,-0.033517275,6,0.16666666666666666,early
trace_00242,commonsense_001,commonsense_multihop,llama3.2:latest,easy,incorrect,commonsense_001__temp_0p2__trial_02,2,0.2,0p2,1,2,"As the ice cube melted, it released latent heat into the surrounding environment.",This increased temperature caused the metal tray to warm up.,0.2748817,0.96147805,3,0.20784089,0.17447513,0.11021413,-0.011817778,0.030642068,-0.1179815,0.06915277,-0.03599481,6,0.3333333333333333,early
trace_00242,commonsense_001,commonsense_multihop,llama3.2:latest,easy,incorrect,commonsense_001__temp_0p2__trial_02,2,0.2,0p2,2,3,This increased temperature caused the metal tray to warm up.,"When the metal tray warmed up, it began to conduct heat away from itself and towards its surroundings.",0.20727381,0.9782829,0,-0.16675478,-0.026550224,0.13015528,0.035985257,0.09990562,-0.0011523993,0.04116825,-0.12239728,6,0.5,middle
trace_00242,commonsense_001,commonsense_multihop,llama3.2:latest,easy,incorrect,commonsense_001__temp_0p2__trial_02,2,0.2,0p2,3,4,"When the metal tray warmed up, it began to conduct heat away from itself and towards its surroundings.","Since the air near the tray was warmer than the cold surface of the ice cube, heat transfer occurred from the tray to the surrounding air.",0.19502398,0.98079854,1,-0.045190763,-0.13970791,-0.14989346,-0.07428049,-0.08211046,0.026100555,-0.08681466,0.14992322,6,0.6666666666666666,middle
trace_00242,commonsense_001,commonsense_multihop,llama3.2:latest,easy,incorrect,commonsense_001__temp_0p2__trial_02,2,0.2,0p2,4,5,"Since the air near the tray was warmer than the cold surface of the ice cube, heat transfer occurred from the tray to the surrounding air.","As a result, the air molecules in contact with the tray gained kinetic energy and moved faster, causing them to expand and become less dense.",0.20698898,0.9783433,3,0.171871,0.10844879,0.16035947,-0.026883245,0.006070382,-0.1918766,0.24101882,-0.018554337,6,0.8333333333333334,late
trace_00242,commonsense_001,commonsense_multihop,llama3.2:latest,easy,incorrect,commonsense_001__temp_0p2__trial_02,2,0.2,0p2,5,6,"As a result, the air molecules in contact with the tray gained kinetic energy and moved faster, causing them to expand and become less dense.","This expansion led to an increase in air pressure near the tray, which caused water vapor in the air to condense onto the metal surface as droplets of liquid water.",0.23504485,0.9719845,0,-0.05985707,-0.02422538,-0.15948993,-0.07195429,0.023522587,0.25437704,0.06753676,0.11599795,6,1.0,late
trace_00243,commonsense_001,commonsense_multihop,llama3.2:latest,easy,incorrect,commonsense_001__temp_0p2__trial_03,3,0.2,0p2,0,1,The metal tray was exposed to direct sunlight.,The heat from the sun caused the metal tray to warm up.,0.3529224,0.9356527,1,0.17347258,-0.06834879,-0.14464109,-0.014240314,-0.06486498,-0.054303616,-0.10287295,-0.025470277,5,0.2,early
trace_00243,commonsense_001,commonsense_multihop,llama3.2:latest,easy,incorrect,commonsense_001__temp_0p2__trial_03,3,0.2,0p2,1,2,The heat from the sun caused the metal tray to warm up.,"As the metal tray warmed up, it began to transfer its heat energy to the ice cube on top of it.",0.16409244,0.986445,1,-0.09474623,-0.12324208,-0.1236314,-0.03892564,-0.030744728,-0.07579557,0.0103035,0.096432164,5,0.4,middle
trace_00243,commonsense_001,commonsense_multihop,llama3.2:latest,easy,incorrect,commonsense_001__temp_0p2__trial_03,3,0.2,0p2,2,3,"As the metal tray warmed up, it began to transfer its heat energy to the ice cube on top of it.",The ice cube started to melt due to the increased temperature.,0.18777919,0.98221123,1,0.036077917,-0.031086385,-0.22437236,0.052938584,0.036823653,0.21926479,0.005233364,-0.07244086,5,0.6,middle
trace_00243,commonsense_001,commonsense_multihop,llama3.2:latest,easy,incorrect,commonsense_001__temp_0p2__trial_03,3,0.2,0p2,3,4,The ice cube started to melt due to the increased temperature.,"As the ice cube melted, it released water vapor into the air.",0.26060075,0.96544665,0,-0.1369069,-0.10229657,0.18182234,-0.10007213,-0.04182996,0.055333838,0.12200328,0.08564528,5,0.8,late
trace_00243,commonsense_001,commonsense_multihop,llama3.2:latest,easy,incorrect,commonsense_001__temp_0p2__trial_03,3,0.2,0p2,4,5,"As the ice cube melted, it released water vapor into the air.","The water vapor condensed onto the surface of the metal tray, causing it to become wet.",0.15825967,0.9873975,3,0.101651855,0.15183754,0.11386954,-0.00031819704,0.036107108,-0.16082835,0.17678945,0.028536387,5,1.0,late
trace_00244,commonsense_001,commonsense_multihop,llama3.2:latest,easy,incorrect,commonsense_001__temp_0p2__trial_04,4,0.2,0p2,0,1,The metal tray was exposed to direct sunlight for an hour.,The sun's rays caused the metal tray to heat up due to its high thermal conductivity.,0.33026344,0.9438889,1,0.03596142,-0.012772412,-0.2049927,-0.031916726,-0.109060206,-0.07877055,-0.12735072,0.02445142,6,0.16666666666666666,early
trace_00244,commonsense_001,commonsense_multihop,llama3.2:latest,easy,incorrect,commonsense_001__temp_0p2__trial_04,4,0.2,0p2,1,2,The sun's rays caused the metal tray to heat up due to its high thermal conductivity.,"As the metal tray heated up, it began to radiate heat into the surrounding air.",0.15593813,0.98776686,0,-0.009789605,-0.011302671,-0.024440369,0.0077991975,0.124037094,0.02194002,0.16742906,-0.093937404,6,0.3333333333333333,early
trace_00244,commonsense_001,commonsense_multihop,llama3.2:latest,easy,incorrect,commonsense_001__temp_0p2__trial_04,4,0.2,0p2,2,3,"As the metal tray heated up, it began to radiate heat into the surrounding air.",The warm air molecules in the vicinity of the tray gained kinetic energy and started moving rapidly.,0.12629662,0.99199253,3,0.12348463,-0.05610818,0.14625768,-0.032119513,-0.08096106,-0.097840466,0.12971126,0.0004908172,6,0.5,middle
trace_00244,commonsense_001,commonsense_multihop,llama3.2:latest,easy,incorrect,commonsense_001__temp_0p2__trial_04,4,0.2,0p2,3,4,The warm air molecules in the vicinity of the tray gained kinetic energy and started moving rapidly.,These rapidly moving air molecules collided with each other and with the surface of the ice cube on the tray.,0.24073285,0.9705915,1,-0.1373753,0.0016285495,-0.16818129,-0.03304154,-0.1670835,0.041526664,-0.0459276,0.11180804,6,0.6666666666666666,middle
trace_00244,commonsense_001,commonsense_multihop,llama3.2:latest,easy,incorrect,commonsense_001__temp_0p2__trial_04,4,0.2,0p2,4,5,These rapidly moving air molecules collided with each other and with the surface of the ice cube on the tray.,"The collisions between the air molecules and the ice cube caused the ice cube to melt, releasing latent heat into the surrounding environment.",0.14442499,0.9895158,4,0.045900755,-0.12183297,-0.1636644,0.018696433,0.0801108,0.10505022,-0.10519056,-0.08772979,6,0.8333333333333334,late
trace_00244,commonsense_001,commonsense_multihop,llama3.2:latest,easy,incorrect,commonsense_001__temp_0p2__trial_04,4,0.2,0p2,5,6,"The collisions between the air molecules and the ice cube caused the ice cube to melt, releasing latent heat into the surrounding environment.","As a result, the metal tray became wet due to the melting of the ice cube.",0.20383394,0.9790055,3,-0.05231509,0.07789951,0.14964204,-0.025436973,0.09943421,0.023718506,0.027062695,0.06358044,6,1.0,late
trace_00245,commonsense_001,commonsense_multihop,llama3.2:latest,easy,incorrect,commonsense_001__temp_0p2__trial_05,5,0.2,0p2,0,1,The ice cube began to melt due to the heat from the sun.,"As it melted, it released latent heat energy into its surroundings.",0.18673821,0.98240966,3,-0.02128368,-0.004680025,0.09936253,-0.030150399,0.01884235,-0.09768786,0.109034605,-0.022683198,7,0.14285714285714285,early
trace_00245,commonsense_001,commonsense_multihop,llama3.2:latest,easy,incorrect,commonsense_001__temp_0p2__trial_05,5,0.2,0p2,1,2,"As it melted, it released latent heat energy into its surroundings.","This released heat energy onto the metal tray, warming it up.",0.18502867,0.98273313,3,0.10483764,0.15083914,0.08240362,-0.05081976,-0.032844253,-0.16802406,-0.06027975,0.030094298,7,0.2857142857142857,early
trace_00245,commonsense_001,commonsense_multihop,llama3.2:latest,easy,incorrect,commonsense_001__temp_0p2__trial_05,5,0.2,0p2,2,3,"This released heat energy onto the metal tray, warming it up.",The warmed metal tray absorbed and conducted the heat away from itself.,0.22599632,0.9741282,0,-0.22269575,-0.058387816,0.12284529,0.15952146,0.11824053,0.030528363,0.01750206,-0.03465623,7,0.42857142857142855,middle
trace_00245,commonsense_001,commonsense_multihop,llama3.2:latest,easy,incorrect,commonsense_001__temp_0p2__trial_05,5,0.2,0p2,3,4,The warmed metal tray absorbed and conducted the heat away from itself.,"The heat was then transferred to the surrounding air, causing it to warm up as well.",0.15955167,0.98718953,1,0.22327203,-0.11944422,-0.21952987,-0.042620532,-0.0892947,0.037983123,-0.0058042463,-0.046033926,7,0.5714285714285714,middle
trace_00245,commonsense_001,commonsense_multihop,llama3.2:latest,easy,incorrect,commonsense_001__temp_0p2__trial_05,5,0.2,0p2,4,5,"The heat was then transferred to the surrounding air, causing it to warm up as well.","As a result of the increased temperature, the air molecules gained kinetic energy and started moving more rapidly.",0.1490542,0.988829,1,0.010873449,0.0680888,0.001043147,-0.014832978,-0.08294619,0.014209625,0.24511121,0.05649712,7,0.7142857142857143,late
trace_00245,commonsense_001,commonsense_multihop,llama3.2:latest,easy,incorrect,commonsense_001__temp_0p2__trial_05,5,0.2,0p2,5,6,"As a result of the increased temperature, the air molecules gained kinetic energy and started moving more rapidly.","This increased movement caused the air molecules to spread out and move further apart, resulting in an increase in humidity.",0.35074118,0.9364724,0,-0.033987783,-0.11633298,0.12202838,0.009892262,0.023278667,-0.08011455,-0.025303226,0.047736783,7,0.8571428571428571,late
trace_00245,commonsense_001,commonsense_multihop,llama3.2:latest,easy,incorrect,commonsense_001__temp_0p2__trial_05,5,0.2,0p2,6,7,"This increased movement caused the air molecules to spread out and move further apart, resulting in an increase in humidity.","The increased humidity led to condensation on the metal tray, causing it to become wet.",0.14732158,0.98908865,3,-0.041217145,0.11746595,0.06849322,-0.051077686,0.13248089,0.1468187,0.021948973,0.040698215,7,1.0,late
trace_00246,commonsense_001,commonsense_multihop,llama3.2:latest,easy,incorrect,commonsense_001__temp_0p5__trial_01,1,0.5,0p5,0,1,The metal tray is made of a material that can conduct heat.,The sun's rays hit the metal tray directly.,0.25711134,0.9663817,3,0.04661081,0.007493157,-0.016194385,0.0413391,-0.075812064,0.17666426,0.096221596,0.045111485,5,0.2,early
trace_00246,commonsense_001,commonsense_multihop,llama3.2:latest,easy,incorrect,commonsense_001__temp_0p5__trial_01,1,0.5,0p5,1,2,The sun's rays hit the metal tray directly.,The metal tray absorbed the solar radiation and transferred it to the ice cube.,0.2438138,0.96982205,0,-0.18020959,-0.23698686,-0.11606474,-0.055853922,-0.087046884,-0.02322681,-0.105399095,0.11292758,5,0.4,middle
trace_00246,commonsense_001,commonsense_multihop,llama3.2:latest,easy,incorrect,commonsense_001__temp_0p5__trial_01,1,0.5,0p5,2,3,The metal tray absorbed the solar radiation and transferred it to the ice cube.,"As a result of the increased temperature, the ice cube started to melt.",0.11155486,0.99375826,1,0.1337843,-0.03159783,-0.24139544,0.05653353,0.087286614,0.08856389,0.074037276,-0.12026553,5,0.6,middle
trace_00246,commonsense_001,commonsense_multihop,llama3.2:latest,easy,incorrect,commonsense_001__temp_0p5__trial_01,1,0.5,0p5,3,4,"As a result of the increased temperature, the ice cube started to melt.",Melting ice releases water vapor into the air.,0.26922688,0.9630767,0,0.0052322377,-0.04075004,0.1845781,-0.12920535,-0.13281462,-0.023785217,0.043745123,0.12896556,5,0.8,late
trace_00246,commonsense_001,commonsense_multihop,llama3.2:latest,easy,incorrect,commonsense_001__temp_0p5__trial_01,1,0.5,0p5,4,5,Melting ice releases water vapor into the air.,The wetness on the tray is due to condensation of the water vapor onto its surface.,0.17718492,0.9841776,3,-0.035918184,0.066146955,0.14934474,0.05575564,0.11862388,-0.067737944,0.12598518,-0.007932011,5,1.0,late
trace_00247,commonsense_001,commonsense_multihop,llama3.2:latest,easy,incorrect,commonsense_001__temp_0p5__trial_02,2,0.5,0p5,0,1,The ice cube absorbed solar radiation from the sun.,"As it absorbed heat energy, its temperature increased.",0.34171024,0.9398053,3,0.04790352,0.041557465,0.01643657,0.02266859,0.06357115,-0.17047817,0.16100915,-0.047984745,4,0.25,early
trace_00247,commonsense_001,commonsense_multihop,llama3.2:latest,easy,incorrect,commonsense_001__temp_0p5__trial_02,2,0.5,0p5,1,2,"As it absorbed heat energy, its temperature increased.","When the ice cube's temperature reached its melting point (0°C or 32°F), it began to melt.",0.19134109,0.9815236,4,0.051571563,0.007607483,-0.10853076,-0.014538227,0.042763703,0.24511981,-0.03954358,-0.044609215,4,0.5,middle
trace_00247,commonsense_001,commonsense_multihop,llama3.2:latest,easy,incorrect,commonsense_001__temp_0p5__trial_02,2,0.5,0p5,2,3,"When the ice cube's temperature reached its melting point (0°C or 32°F), it began to melt.","Melting water is a liquid, and any solid object that touches it will become wet.",0.21173234,0.9773277,3,0.017728029,0.046735764,0.11139022,-0.11087249,-0.026667876,-0.17455217,0.06981472,0.07303385,4,0.75,late
trace_00247,commonsense_001,commonsense_multihop,llama3.2:latest,easy,incorrect,commonsense_001__temp_0p5__trial_02,2,0.5,0p5,3,4,"Melting water is a liquid, and any solid object that touches it will become wet.","The metal tray came into contact with the melted ice cube, allowing it to transfer moisture to the tray.",0.26855367,0.96326464,4,-0.079351805,-0.08847116,0.13629355,0.04445757,0.006665358,-0.010095834,-0.10210964,0.04429796,4,1.0,late
trace_00248,commonsense_001,commonsense_multihop,llama3.2:latest,easy,incorrect,commonsense_001__temp_0p5__trial_03,3,0.5,0p5,0,1,The metal tray is typically conductive.,"When exposed to sunlight, the surface of the metal tray heats up due to solar radiation.",0.27589256,0.96118844,4,0.03382242,-0.0315434,-0.15171315,0.10504009,0.043868538,0.13259207,-0.006527582,-0.014116859,4,0.25,early
trace_00248,commonsense_001,commonsense_multihop,llama3.2:latest,easy,incorrect,commonsense_001__temp_0p5__trial_03,3,0.5,0p5,1,2,"When exposed to sunlight, the surface of the metal tray heats up due to solar radiation.","As the metal tray warms up, it transfers heat energy to its surroundings through conduction.",0.14375703,0.98961306,0,0.018768687,-0.13466932,0.02853687,-0.13684475,-0.07545293,-0.20928082,-0.008202782,-0.012898059,4,0.5,middle
trace_00248,commonsense_001,commonsense_multihop,llama3.2:latest,easy,incorrect,commonsense_001__temp_0p5__trial_03,3,0.5,0p5,2,3,"As the metal tray warms up, it transfers heat energy to its surroundings through conduction.","In this case, the ice cube on the tray absorbs and loses heat energy as it melts.",0.11317241,0.99357545,4,-0.10332105,-0.11427492,0.00049502583,0.09828076,0.056664955,0.10363232,-0.025099339,0.050405387,4,0.75,late
trace_00248,commonsense_001,commonsense_multihop,llama3.2:latest,easy,incorrect,commonsense_001__temp_0p5__trial_03,3,0.5,0p5,3,4,"In this case, the ice cube on the tray absorbs and loses heat energy as it melts.",The melting ice cube causes moisture to evaporate from the tray's surface into the air.,0.37597317,0.9266306,0,0.048598118,-0.06446899,0.00044683644,-0.09945389,-0.06580505,0.22064207,0.1811021,0.14450315,4,1.0,late
trace_00249,commonsense_001,commonsense_multihop,llama3.2:latest,easy,incorrect,commonsense_001__temp_0p5__trial_04,4,0.5,0p5,0,1,The person placed an ice cube on a metal tray.,"As time passed, the sun's rays hit the metal tray, causing it to heat up.",0.22407785,0.9745713,3,0.09470258,0.077062085,0.015711397,0.0793762,0.15855806,0.07287761,0.07165302,-0.062989034,6,0.16666666666666666,early
trace_00249,commonsense_001,commonsense_multihop,llama3.2:latest,easy,incorrect,commonsense_001__temp_0p5__trial_04,4,0.5,0p5,1,2,"As time passed, the sun's rays hit the metal tray, causing it to heat up.","Since the ice cube had lower thermal conductivity than the metal tray, it did not transfer its heat to the tray as much as the tray transferred its heat to the air and the surrounding environment.",0.17010657,0.98542565,0,-0.16522023,-0.177113,-0.029055996,-0.07614981,-0.04525304,-0.10249284,-0.10778325,0.05590019,6,0.3333333333333333,early
trace_00249,commonsense_001,commonsense_multihop,llama3.2:latest,easy,incorrect,commonsense_001__temp_0p5__trial_04,4,0.5,0p5,2,3,"Since the ice cube had lower thermal conductivity than the metal tray, it did not transfer its heat to the tray as much as the tray transferred its heat to the air and the surrounding environment.","However, some of the metal tray's heat was absorbed by the ice cube through conduction and radiation, causing the ice cube to start melting.",0.14287621,0.98974055,1,0.12345987,0.13080017,-0.10642045,-0.011422796,-0.04138811,0.1677067,0.14449686,-0.04523365,6,0.5,middle
trace_00249,commonsense_001,commonsense_multihop,llama3.2:latest,easy,incorrect,commonsense_001__temp_0p5__trial_04,4,0.5,0p5,3,4,"However, some of the metal tray's heat was absorbed by the ice cube through conduction and radiation, causing the ice cube to start melting.","As the ice cube melted, it released latent heat into the surroundings, warming them up slightly.",0.12548234,0.9920959,1,0.028065179,-0.18620713,-0.09812137,0.041262913,-0.11984205,0.003273544,-0.024091337,-0.026095094,6,0.6666666666666666,middle
trace_00249,commonsense_001,commonsense_multihop,llama3.2:latest,easy,incorrect,commonsense_001__temp_0p5__trial_04,4,0.5,0p5,4,5,"As the ice cube melted, it released latent heat into the surroundings, warming them up slightly.","The increased temperature in the surrounding area caused the air molecules around the tray to gain kinetic energy, leading to evaporation of water from any condensation that may have formed on the surface of the tray.",0.14138784,0.9899543,3,-0.012107556,0.030016365,0.2333115,-0.027149241,0.12069502,-0.07288341,0.23662427,0.04997773,6,0.8333333333333334,late
trace_00249,commonsense_001,commonsense_multihop,llama3.2:latest,easy,incorrect,commonsense_001__temp_0p5__trial_04,4,0.5,0p5,5,6,"The increased temperature in the surrounding area caused the air molecules around the tray to gain kinetic energy, leading to evaporation of water from any condensation that may have formed on the surface of the tray.",This process of evaporation led to the tray being wet.,0.29300022,0.95611244,3,-0.017875314,0.1035207,0.029678755,-0.0017606089,-0.01731285,0.023450183,0.048785903,-0.030255225,6,1.0,late
trace_00250,commonsense_001,commonsense_multihop,llama3.2:latest,easy,correct,commonsense_001__temp_0p5__trial_05,5,0.5,0p5,0,1,The metal tray absorbed heat from the sun.,"As it absorbed heat, its temperature increased.",0.18857211,0.9820593,1,0.0011068581,-0.1195495,-0.20558414,0.003140703,-0.036102306,-0.039826952,0.1409848,0.0014731279,4,0.25,early
trace_00250,commonsense_001,commonsense_multihop,llama3.2:latest,easy,correct,commonsense_001__temp_0p5__trial_05,5,0.5,0p5,1,2,"As it absorbed heat, its temperature increased.","When the tray reached a higher temperature than the ice cube's melting point (32°F/0°C), the ice cube began to melt.",0.17236364,0.9850334,4,0.027437028,0.037264932,-0.0109431185,-0.0352182,0.028330475,0.18946882,-0.07619976,-0.04947172,4,0.5,middle
trace_00250,commonsense_001,commonsense_multihop,llama3.2:latest,easy,correct,commonsense_001__temp_0p5__trial_05,5,0.5,0p5,2,3,"When the tray reached a higher temperature than the ice cube's melting point (32°F/0°C), the ice cube began to melt.",Melting caused water to form on the surface of the ice cube and possibly seep into the metal tray.,0.31708404,0.94839746,0,-0.029611366,0.03672437,0.009751889,-0.056712005,-0.10167189,-0.10492378,0.08000414,0.175874,4,0.75,late
trace_00250,commonsense_001,commonsense_multihop,llama3.2:latest,easy,correct,commonsense_001__temp_0p5__trial_05,5,0.5,0p5,3,4,Melting caused water to form on the surface of the ice cube and possibly seep into the metal tray.,"The increased surface area and the heat source led to faster evaporation of the melted water, causing it to spread throughout the tray.",0.24696489,0.96902436,3,0.04628936,-0.064831145,0.082074516,0.03548667,0.0660641,-0.19039589,0.023214255,-0.038317945,4,1.0,late
trace_00251,commonsense_001,commonsense_multihop,llama3.2:latest,easy,correct,commonsense_001__temp_0p8__trial_01,1,0.8,0p8,0,1,The person left the ice cube on the metal tray.,"As the day progressed, the temperature rose due to the exposure to direct sunlight.",0.13460968,0.99089867,3,0.2135915,0.010912437,-0.08268041,0.01895438,-0.040483624,0.01647653,0.16053647,-0.056319118,6,0.16666666666666666,early
trace_00251,commonsense_001,commonsense_multihop,llama3.2:latest,easy,correct,commonsense_001__temp_0p8__trial_01,1,0.8,0p8,1,2,"As the day progressed, the temperature rose due to the exposure to direct sunlight.","Heat energy from the sun increased in intensity, transferring some of its energy to the metal tray.",0.31208938,0.9500528,3,-0.12409219,0.12647487,0.11174553,-0.04687208,-0.024737518,-0.2105948,-0.04888467,0.03851961,6,0.3333333333333333,early
trace_00251,commonsense_001,commonsense_multihop,llama3.2:latest,easy,correct,commonsense_001__temp_0p8__trial_01,1,0.8,0p8,2,3,"Heat energy from the sun increased in intensity, transferring some of its energy to the metal tray.",The metal tray was able to absorb and conduct this heat energy through conduction and possibly radiation.,0.15819964,0.98740715,0,-0.08565784,0.07856265,0.078127235,-0.009242786,0.11607379,0.07933147,-0.14708261,-0.07372938,6,0.5,middle
trace_00251,commonsense_001,commonsense_multihop,llama3.2:latest,easy,correct,commonsense_001__temp_0p8__trial_01,1,0.8,0p8,3,4,The metal tray was able to absorb and conduct this heat energy through conduction and possibly radiation.,"Since the ice cube started at a low temperature, it absorbed less heat than the environment, causing it to melt over time.",0.15753603,0.9875132,4,0.01682644,-0.2023062,-0.18813926,0.035120364,-0.022312451,0.12727863,0.024408456,0.07935616,6,0.6666666666666666,middle
trace_00251,commonsense_001,commonsense_multihop,llama3.2:latest,easy,correct,commonsense_001__temp_0p8__trial_01,1,0.8,0p8,4,5,"Since the ice cube started at a low temperature, it absorbed less heat than the environment, causing it to melt over time.",The wetness on the metal tray is most likely due to condensation of water vapor from the air onto the cooler surface of the metal tray as it cooled down after the sun.,0.20000063,0.9797958,3,0.05300013,0.11536859,0.16954888,-0.042283468,0.00059438526,-0.008195801,0.15828875,0.06255982,6,0.8333333333333334,late
trace_00251,commonsense_001,commonsense_multihop,llama3.2:latest,easy,correct,commonsense_001__temp_0p8__trial_01,1,0.8,0p8,5,6,The wetness on the metal tray is most likely due to condensation of water vapor from the air onto the cooler surface of the metal tray as it cooled down after the sun.,"This process occurred because the heat transferred to the tray would have caused its surface temperature to rise initially, but as it continued to receive solar radiation, the increased heat was then reduced when the ice cube started melting and releasing heat into the environment.",0.34977877,0.9368323,1,0.013743888,-0.04078105,-0.15459128,0.00024920036,-0.01582717,-0.05177989,-0.15641972,-0.12788273,6,1.0,late
trace_00252,commonsense_001,commonsense_multihop,llama3.2:latest,easy,incorrect,commonsense_001__temp_0p8__trial_02,2,0.8,0p8,0,1,The ice cube began to melt due to the warmth of the sun.,"As it melted, it released heat energy into the environment.",0.20104742,0.9795816,0,-0.12657705,-0.022996577,0.12931977,-0.03946567,0.06435134,-0.068684496,0.051272944,-0.045628667,4,0.25,early
trace_00252,commonsense_001,commonsense_multihop,llama3.2:latest,easy,incorrect,commonsense_001__temp_0p8__trial_02,2,0.8,0p8,1,2,"As it melted, it released heat energy into the environment.","The metal tray, being a conductor of heat, absorbed this heat energy from the melting ice cube.",0.1891431,0.9819495,3,0.058979232,0.13623753,0.0012722029,-0.044208687,-0.107337564,-0.1674195,-0.056331422,0.11522264,4,0.5,middle
trace_00252,commonsense_001,commonsense_multihop,llama3.2:latest,easy,incorrect,commonsense_001__temp_0p8__trial_02,2,0.8,0p8,2,3,"The metal tray, being a conductor of heat, absorbed this heat energy from the melting ice cube.",The increased temperature of the metal tray caused the water molecules on its surface to gain kinetic energy and transition from a liquid state to a gas (vapor).,0.15718211,0.9875696,3,0.11320505,-0.041118555,0.029382732,-0.06765567,0.035573304,0.022355601,0.2918583,-0.023114322,4,0.75,late
trace_00252,commonsense_001,commonsense_multihop,llama3.2:latest,easy,incorrect,commonsense_001__temp_0p8__trial_02,2,0.8,0p8,3,4,The increased temperature of the metal tray caused the water molecules on its surface to gain kinetic energy and transition from a liquid state to a gas (vapor).,"As the vapor rose into the air, it cooled and condensed back into liquid droplets, resulting in the tray becoming wet.",0.2710293,0.9625711,0,-0.037888832,-0.11018193,0.12716667,0.00052182085,0.13806342,0.08507518,0.015600633,0.0030932855,4,1.0,late
trace_00253,commonsense_001,commonsense_multihop,llama3.2:latest,easy,incorrect,commonsense_001__temp_0p8__trial_03,3,0.8,0p8,0,1,The person left the ice cube in direct sunlight.,"As a result, the ice cube began to melt due to the heat from the sun.",0.22799301,0.97366285,1,0.10765602,0.024348667,-0.16993989,-0.08228922,0.06021116,0.003460643,0.106886156,-0.0420244,7,0.14285714285714285,early
trace_00253,commonsense_001,commonsense_multihop,llama3.2:latest,easy,incorrect,commonsense_001__temp_0p8__trial_03,3,0.8,0p8,1,2,"As a result, the ice cube began to melt due to the heat from the sun.","When the ice cube melted, it formed water, which dripped onto the metal tray.",0.16756722,0.9858606,3,-0.031703077,0.026192999,0.11441546,-0.07357535,-0.071964666,-0.13965137,0.13691503,0.06934169,7,0.2857142857142857,early
trace_00253,commonsense_001,commonsense_multihop,llama3.2:latest,easy,incorrect,commonsense_001__temp_0p8__trial_03,3,0.8,0p8,2,3,"When the ice cube melted, it formed water, which dripped onto the metal tray.","Since the tray was made of metal, it is a good conductor of heat and absorbed some of the sun's energy.",0.22979827,0.9732382,3,0.07941757,0.13121359,0.1414463,0.06811646,0.039948583,-0.065815575,-0.14621401,-0.059377585,7,0.42857142857142855,middle
trace_00253,commonsense_001,commonsense_multihop,llama3.2:latest,easy,incorrect,commonsense_001__temp_0p8__trial_03,3,0.8,0p8,3,4,"Since the tray was made of metal, it is a good conductor of heat and absorbed some of the sun's energy.","As the metal tray absorbed heat, its temperature rose above ambient air temperature.",0.14505793,0.9894232,3,0.088078566,-0.043757994,-0.07432282,-0.0010210291,-0.014597021,0.03281796,0.15393461,0.02134912,7,0.5714285714285714,middle
trace_00253,commonsense_001,commonsense_multihop,llama3.2:latest,easy,incorrect,commonsense_001__temp_0p8__trial_03,3,0.8,0p8,4,5,"As the metal tray absorbed heat, its temperature rose above ambient air temperature.","The rising temperature caused the metal to expand, creating gaps between the metal and the water that had dripped onto the tray.",0.1809802,0.9834867,1,-0.04539408,0.009118352,-0.085532136,-0.08991014,0.010259376,0.027408421,0.117513515,0.032153893,7,0.7142857142857143,late
trace_00253,commonsense_001,commonsense_multihop,llama3.2:latest,easy,incorrect,commonsense_001__temp_0p8__trial_03,3,0.8,0p8,5,6,"The rising temperature caused the metal to expand, creating gaps between the metal and the water that had dripped onto the tray.",These gaps allowed the water to seep into the tiny spaces between the metal tray's surface and its underlying components.,0.38311818,0.9236994,1,-0.040454153,0.0016654489,-0.029160418,0.0739014,-0.1327419,-0.17885977,0.0023939195,0.071069956,7,0.8571428571428571,late
trace_00253,commonsense_001,commonsense_multihop,llama3.2:latest,easy,incorrect,commonsense_001__temp_0p8__trial_03,3,0.8,0p8,6,7,These gaps allowed the water to seep into the tiny spaces between the metal tray's surface and its underlying components.,"As a result of seeping through these gaps, the water spread out over the entire surface of the metal tray, making it wet.",0.33173925,0.9433711,0,-0.044114213,-0.021334976,0.05227193,-0.10828441,0.056674823,0.06622417,0.1075927,-0.023165666,7,1.0,late
trace_00254,commonsense_001,commonsense_multihop,llama3.2:latest,easy,incorrect,commonsense_001__temp_0p8__trial_04,4,0.8,0p8,0,1,The sun emits radiation that includes ultraviolet (UV) rays.,"When UV rays hit the metal tray, they cause heat to be absorbed by the tray's surface.",0.39874804,0.91706055,3,-0.113704845,0.17234083,0.04437295,0.018706901,0.072268635,-0.021006731,-0.12128285,0.07489781,6,0.16666666666666666,early
trace_00254,commonsense_001,commonsense_multihop,llama3.2:latest,easy,incorrect,commonsense_001__temp_0p8__trial_04,4,0.8,0p8,1,2,"When UV rays hit the metal tray, they cause heat to be absorbed by the tray's surface.","As a result of absorbing this heat, the tray warms up.",0.1619295,0.98680234,4,0.22543128,-0.18584374,0.04730143,0.03411717,0.0703747,-0.07378418,-0.0027232165,-0.1321848,6,0.3333333333333333,early
trace_00254,commonsense_001,commonsense_multihop,llama3.2:latest,easy,incorrect,commonsense_001__temp_0p8__trial_04,4,0.8,0p8,2,3,"As a result of absorbing this heat, the tray warms up.","The warmed tray is then placed on a surface with relatively low thermal conductivity, such as ice cube.",0.20765808,0.9782014,1,-0.08832681,-0.008790411,-0.0075806817,0.013084728,-0.06310807,0.11385948,-0.09027821,0.17553791,6,0.5,middle
trace_00254,commonsense_001,commonsense_multihop,llama3.2:latest,easy,incorrect,commonsense_001__temp_0p8__trial_04,4,0.8,0p8,3,4,"The warmed tray is then placed on a surface with relatively low thermal conductivity, such as ice cube.","Conduction occurs when there are temperature differences between objects in physical contact with each other; in this case, the warm metal tray comes into contact with the cold ice cube.",0.22502585,0.9743528,1,-0.13743283,0.08500336,-0.12360629,-0.13450432,-0.107705854,-0.01584475,0.06860574,-0.078905664,6,0.6666666666666666,middle
trace_00254,commonsense_001,commonsense_multihop,llama3.2:latest,easy,incorrect,commonsense_001__temp_0p8__trial_04,4,0.8,0p8,4,5,"Conduction occurs when there are temperature differences between objects in physical contact with each other; in this case, the warm metal tray comes into contact with the cold ice cube.","As the warmth from the tray is transferred to the ice cube, it causes the ice cube's temperature to rise above its melting point (0°C or 32°F).",0.17402185,0.9847418,4,0.1507645,-0.049684234,-0.050507545,0.08070098,0.06702412,0.13287099,0.028358098,0.0004647782,6,0.8333333333333334,late
trace_00254,commonsense_001,commonsense_multihop,llama3.2:latest,easy,incorrect,commonsense_001__temp_0p8__trial_04,4,0.8,0p8,5,6,"As the warmth from the tray is transferred to the ice cube, it causes the ice cube's temperature to rise above its melting point (0°C or 32°F).","When the ice cube's temperature increases above its melting point, it begins to melt.",0.19458082,0.98088646,1,0.09981861,0.008161644,-0.16355586,-0.046097416,0.10368384,-0.016401455,0.14090097,-0.039148625,6,1.0,late
trace_00255,commonsense_001,commonsense_multihop,llama3.2:latest,easy,incorrect,commonsense_001__temp_0p8__trial_05,5,0.8,0p8,0,1,The tray was initially dry.,"When placed under the sun, it received direct sunlight that increased its temperature.",0.112773895,0.99362063,1,0.07850512,0.062032666,-0.21522465,0.011183032,-0.16211735,0.0071349656,0.009624606,-0.011530398,5,0.2,early
trace_00255,commonsense_001,commonsense_multihop,llama3.2:latest,easy,incorrect,commonsense_001__temp_0p8__trial_05,5,0.8,0p8,1,2,"When placed under the sun, it received direct sunlight that increased its temperature.","As the tray's temperature rose, it began to heat up.",0.22398481,0.9745926,3,0.012057624,0.08791784,0.045963615,-0.024012594,0.14345719,0.052243475,-0.08075554,-0.14530365,5,0.4,middle
trace_00255,commonsense_001,commonsense_multihop,llama3.2:latest,easy,incorrect,commonsense_001__temp_0p8__trial_05,5,0.8,0p8,2,3,"As the tray's temperature rose, it began to heat up.","Due to this increase in temperature, the ice cube on the tray started to melt.",0.19339588,0.9811208,1,-0.026963029,-0.022428885,-0.11197653,-0.034592528,-0.046011485,-0.017502036,-0.034645017,0.15687485,5,0.6,middle
trace_00255,commonsense_001,commonsense_multihop,llama3.2:latest,easy,incorrect,commonsense_001__temp_0p8__trial_05,5,0.8,0p8,3,4,"Due to this increase in temperature, the ice cube on the tray started to melt.","As a result of the melting ice, water vapor was released from the ice into the surrounding air.",0.2823945,0.9592984,0,-0.116694085,-0.16248448,0.02092983,-0.09023666,-0.11599111,0.056811158,0.07097725,0.08001099,5,0.8,late
trace_00255,commonsense_001,commonsense_multihop,llama3.2:latest,easy,incorrect,commonsense_001__temp_0p8__trial_05,5,0.8,0p8,4,5,"As a result of the melting ice, water vapor was released from the ice into the surrounding air.",The rising hot air around the tray caused its surface to warm up and evaporate any moisture that had accumulated on it.,0.22644179,0.9740247,3,0.106440976,0.06474805,0.15084894,0.107200064,0.14799187,-0.09818681,0.03806957,-0.050047845,5,1.0,late
trace_00256,commonsense_002,commonsense_multihop,llama3.2:latest,easy,correct,commonsense_002__temp_0p2__trial_01,1,0.2,0p2,0,1,"The chef initially left the dough out of the oven, which means it wasn't exposed to heat.","However, the dough was still in a warm environment (the kitchen), where temperatures are typically higher than those in the oven.",0.1577001,0.98748714,1,0.17746724,-0.07434196,-0.05832533,0.022062808,-0.19588965,-0.03028676,-0.08965738,0.13750279,4,0.25,early
trace_00256,commonsense_002,commonsense_multihop,llama3.2:latest,easy,correct,commonsense_002__temp_0p2__trial_01,1,0.2,0p2,1,2,"However, the dough was still in a warm environment (the kitchen), where temperatures are typically higher than those in the oven.","Warmth can cause yeast fermentation to continue, even if the dough isn't being actively baked.",0.24219137,0.97022855,0,0.0983832,-0.008278692,0.023024429,-0.19264834,-0.0550345,-0.09311841,0.13273999,0.029532589,4,0.5,middle
trace_00256,commonsense_002,commonsense_multihop,llama3.2:latest,easy,correct,commonsense_002__temp_0p2__trial_01,1,0.2,0p2,2,3,"Warmth can cause yeast fermentation to continue, even if the dough isn't being actively baked.","As the yeast continues to ferment, the dough will expand and potentially become larger due to the increased production of carbon dioxide gas bubbles.",0.2980293,0.95455676,1,0.04242951,0.05181006,-0.05978568,-0.10816052,-0.042066615,-0.17669582,0.106834926,0.053071007,4,0.75,late
trace_00256,commonsense_002,commonsense_multihop,llama3.2:latest,easy,correct,commonsense_002__temp_0p2__trial_01,1,0.2,0p2,3,4,"As the yeast continues to ferment, the dough will expand and potentially become larger due to the increased production of carbon dioxide gas bubbles.","This process is similar to what happens during baking, but without the heat from the oven, it's more likely that the dough will continue to rise and grow in size.",0.10645231,0.9943178,3,0.04950689,-0.065068334,-0.029640306,0.15566169,0.052509494,0.012498264,-0.03847948,-0.15772337,4,1.0,late
trace_00257,commonsense_002,commonsense_multihop,llama3.2:latest,easy,correct,commonsense_002__temp_0p2__trial_02,2,0.2,0p2,0,1,"The chef initially left the dough out of the oven, which means it wasn't exposed to heat.","However, the dough was still in a warm environment (the kitchen).",0.10059854,0.99492705,1,0.107936196,-0.107023016,0.036190018,0.019542089,-0.18843831,-0.008708789,-0.17038934,0.12305966,4,0.25,early
trace_00257,commonsense_002,commonsense_multihop,llama3.2:latest,easy,correct,commonsense_002__temp_0p2__trial_02,2,0.2,0p2,1,2,"However, the dough was still in a warm environment (the kitchen).",Warm temperatures can cause yeast dough to rise and expand.,0.17516516,0.98453903,1,0.26407355,0.069259,-0.19344763,-0.22856347,-0.14060284,-0.13084637,0.23824677,0.02924367,4,0.5,middle
trace_00257,commonsense_002,commonsense_multihop,llama3.2:latest,easy,correct,commonsense_002__temp_0p2__trial_02,2,0.2,0p2,2,3,Warm temperatures can cause yeast dough to rise and expand.,"Since the dough was not baked, the gluten network remained intact, allowing it to continue rising.",0.32135814,0.94695777,4,-0.15857355,-0.0016587486,0.17800412,0.100826934,0.25489837,0.029104475,-0.025790172,-0.0042750686,4,0.75,late
trace_00257,commonsense_002,commonsense_multihop,llama3.2:latest,easy,correct,commonsense_002__temp_0p2__trial_02,2,0.2,0p2,3,4,"Since the dough was not baked, the gluten network remained intact, allowing it to continue rising.","As a result, the dough became larger due to the continued fermentation process.",0.26211584,0.9650364,1,0.008105483,-0.0557453,-0.10248419,-0.02705855,-0.24666603,-0.11056132,0.016274033,-0.028617531,4,1.0,late
trace_00258,commonsense_002,commonsense_multihop,llama3.2:latest,easy,correct,commonsense_002__temp_0p2__trial_03,3,0.2,0p2,0,1,"The chef initially left the dough out of the oven, which means it wasn't exposed to heat.","However, the dough was still in a warm environment, likely due to being placed on a counter or table near other appliances or heating sources.",0.21965793,0.975577,3,0.22950636,-0.06263668,-0.028302964,0.010618806,-0.22086112,-0.028202172,-0.110191844,0.21217562,3,0.3333333333333333,early
trace_00258,commonsense_002,commonsense_multihop,llama3.2:latest,easy,correct,commonsense_002__temp_0p2__trial_03,3,0.2,0p2,1,2,"However, the dough was still in a warm environment, likely due to being placed on a counter or table near other appliances or heating sources.",Warm temperatures can cause yeast-based doughs like bread dough to rise and expand.,0.14299484,0.9897235,1,0.21124579,0.01784957,-0.1610358,-0.21885604,-0.14717752,-0.16529654,0.21519677,-0.067962274,3,0.6666666666666666,middle
trace_00258,commonsense_002,commonsense_multihop,llama3.2:latest,easy,correct,commonsense_002__temp_0p2__trial_03,3,0.2,0p2,2,3,Warm temperatures can cause yeast-based doughs like bread dough to rise and expand.,"The increased warmth may have triggered the natural fermentation process of the yeast, causing the dough to grow larger over time.",0.21145843,0.97738695,1,-0.1502895,-0.014745455,0.0076728566,0.050537053,-0.108155064,-0.092452735,-0.14876398,-0.01929207,3,1.0,late
trace_00259,commonsense_002,commonsense_multihop,llama3.2:latest,easy,correct,commonsense_002__temp_0p2__trial_04,4,0.2,0p2,0,1,"The dough was left at room temperature, allowing yeast fermentation to continue.","Yeast fermentation produces carbon dioxide gas as a byproduct, causing the dough to expand.",0.19181089,0.9814319,1,0.05121186,0.071698785,-0.03398596,-0.23954561,-0.18622908,-0.32352918,0.24996567,0.051094275,3,0.3333333333333333,early
trace_00259,commonsense_002,commonsense_multihop,llama3.2:latest,easy,correct,commonsense_002__temp_0p2__trial_04,4,0.2,0p2,1,2,"Yeast fermentation produces carbon dioxide gas as a byproduct, causing the dough to expand.","As the dough absorbed moisture from the warm kitchen air, its volume increased further.",0.17809573,0.98401314,3,0.0783871,-0.047385305,-0.047748107,0.18558583,-0.023487592,-0.044374775,-0.20962618,0.0056729787,3,0.6666666666666666,middle
trace_00259,commonsense_002,commonsense_multihop,llama3.2:latest,easy,correct,commonsense_002__temp_0p2__trial_04,4,0.2,0p2,2,3,"As the dough absorbed moisture from the warm kitchen air, its volume increased further.",The combination of yeast fermentation and increased moisture led to the dough's expansion.,0.12901737,0.9916424,1,0.03224755,0.042666532,0.00707552,-0.060493197,0.042669855,0.13090266,0.11963582,-0.11522365,3,1.0,late
trace_00260,commonsense_002,commonsense_multihop,llama3.2:latest,easy,correct,commonsense_002__temp_0p2__trial_05,5,0.2,0p2,0,1,"The dough was left at room temperature, allowing yeast fermentation to continue.","Yeast fermentation produces carbon dioxide gas as a byproduct, causing the dough to expand.",0.19181089,0.9814319,1,0.05121186,0.071698785,-0.03398596,-0.23954561,-0.18622908,-0.32352918,0.24996567,0.051094275,3,0.3333333333333333,early
trace_00260,commonsense_002,commonsense_multihop,llama3.2:latest,easy,correct,commonsense_002__temp_0p2__trial_05,5,0.2,0p2,1,2,"Yeast fermentation produces carbon dioxide gas as a byproduct, causing the dough to expand.","As the dough absorbed moisture from the warm kitchen air, its volume increased further.",0.17809573,0.98401314,3,0.0783871,-0.047385305,-0.047748107,0.18558583,-0.023487592,-0.044374775,-0.20962618,0.0056729787,3,0.6666666666666666,middle
trace_00260,commonsense_002,commonsense_multihop,llama3.2:latest,easy,correct,commonsense_002__temp_0p2__trial_05,5,0.2,0p2,2,3,"As the dough absorbed moisture from the warm kitchen air, its volume increased further.",The combination of yeast fermentation and increased moisture led to the dough's growth in size.,0.15570979,0.98780286,1,0.06595535,0.036070142,0.055826932,-0.057613358,-0.0208165,0.08975617,0.08624109,-0.17430213,3,1.0,late
trace_00261,commonsense_002,commonsense_multihop,llama3.2:latest,easy,correct,commonsense_002__temp_0p5__trial_01,1,0.5,0p5,0,1,"The dough may have been left at room temperature for an extended period, allowing yeast fermentation to continue.","Yeast fermentation produces carbon dioxide gas as a byproduct, which can cause the dough to expand and increase in size.",0.20450099,0.97886634,1,0.05702341,0.096085206,-0.011016921,-0.22445923,-0.19477308,-0.32545057,0.15106058,0.010797629,4,0.25,early
trace_00261,commonsense_002,commonsense_multihop,llama3.2:latest,easy,correct,commonsense_002__temp_0p5__trial_01,1,0.5,0p5,1,2,"Yeast fermentation produces carbon dioxide gas as a byproduct, which can cause the dough to expand and increase in size.","If the kitchen is warm, the rate of yeast fermentation could be higher than if it were cooler, leading to further expansion.",0.10936155,0.994002,3,0.028659005,0.056370724,-0.040533967,0.011273308,0.14840591,0.08144117,-0.1781347,-0.012166454,4,0.5,middle
trace_00261,commonsense_002,commonsense_multihop,llama3.2:latest,easy,correct,commonsense_002__temp_0p5__trial_01,1,0.5,0p5,2,3,"If the kitchen is warm, the rate of yeast fermentation could be higher than if it were cooler, leading to further expansion.","The dough may have been exposed to moisture from condensation or nearby water sources, promoting yeast growth and fermentation.",0.17312452,0.98489994,0,-0.03774939,-0.09255222,0.07345971,0.10236646,-0.09672412,0.1377355,0.10530516,-0.07984485,4,0.75,late
trace_00261,commonsense_002,commonsense_multihop,llama3.2:latest,easy,correct,commonsense_002__temp_0p5__trial_01,1,0.5,0p5,3,4,"The dough may have been exposed to moisture from condensation or nearby water sources, promoting yeast growth and fermentation.","The increased temperature and humidity could also contribute to the starches in the dough breaking down, making the dough more prone to over-proofing.",0.09356862,0.9956128,3,0.011116126,0.068976276,-0.03869182,0.16197762,-0.012601263,-0.09665222,-0.101538174,0.061028168,4,1.0,late
trace_00262,commonsense_002,commonsense_multihop,llama3.2:latest,easy,correct,commonsense_002__temp_0p5__trial_02,2,0.5,0p5,0,1,"The dough is made of flour, water, yeast, and other ingredients that provide structure and rise.","When the dough is left at room temperature for an extended period, the yeast starts to ferment and produce carbon dioxide gas as a byproduct.",0.2751135,0.9614117,4,-0.08839442,-0.069214575,0.009071088,-0.018822271,0.1740631,0.041866478,0.0147287715,0.18249883,4,0.25,early
trace_00262,commonsense_002,commonsense_multihop,llama3.2:latest,easy,correct,commonsense_002__temp_0p5__trial_02,2,0.5,0p5,1,2,"When the dough is left at room temperature for an extended period, the yeast starts to ferment and produce carbon dioxide gas as a byproduct.","As the yeast ferments, the carbon dioxide bubbles get trapped in the dough, causing it to expand and increase in size.",0.1815183,0.98338765,1,0.077611536,0.11803143,-0.16903542,-0.03755135,-0.15510261,-0.16360515,-0.031790633,-0.09650278,4,0.5,middle
trace_00262,commonsense_002,commonsense_multihop,llama3.2:latest,easy,correct,commonsense_002__temp_0p5__trial_02,2,0.5,0p5,2,3,"As the yeast ferments, the carbon dioxide bubbles get trapped in the dough, causing it to expand and increase in size.","The warmth of the kitchen provides an ideal environment for yeast fermentation, allowing the dough to rise more rapidly than if it were refrigerated or cooled down.",0.11402542,0.9934779,3,0.08412481,-0.040116996,0.08054884,0.10232611,0.010676884,0.08409563,-0.16342095,-0.06032687,4,0.75,late
trace_00262,commonsense_002,commonsense_multihop,llama3.2:latest,easy,correct,commonsense_002__temp_0p5__trial_02,2,0.5,0p5,3,4,"The warmth of the kitchen provides an ideal environment for yeast fermentation, allowing the dough to rise more rapidly than if it were refrigerated or cooled down.",The increased temperature and moisture levels in the warm kitchen contribute to the rapid growth of yeast and the subsequent expansion of the dough.,0.19664289,0.98047525,1,0.0591305,0.033199813,-0.0937023,-0.034070708,0.0014817609,-0.04599691,0.1186587,-0.034929167,4,1.0,late
trace_00263,commonsense_002,commonsense_multihop,llama3.2:latest,easy,correct,commonsense_002__temp_0p5__trial_03,3,0.5,0p5,0,1,"The dough was left at room temperature, which is warmer than the refrigerator.",Yeast fermentation occurs when yeast is present and warm temperatures are reached.,0.173894,0.98476434,1,0.08733842,0.1345382,-0.12189483,-0.26914662,-0.13504848,-0.20962092,0.26089224,-0.020353328,4,0.25,early
trace_00263,commonsense_002,commonsense_multihop,llama3.2:latest,easy,correct,commonsense_002__temp_0p5__trial_03,3,0.5,0p5,1,2,Yeast fermentation occurs when yeast is present and warm temperatures are reached.,"As a result of the increased yeast activity, the dough would have expanded in size.",0.19087669,0.98161405,4,-0.04929281,-0.04001129,0.030152438,0.087114215,0.03145577,-0.02067806,-0.08533168,-0.03690157,4,0.5,middle
trace_00263,commonsense_002,commonsense_multihop,llama3.2:latest,easy,correct,commonsense_002__temp_0p5__trial_03,3,0.5,0p5,2,3,"As a result of the increased yeast activity, the dough would have expanded in size.",This expansion occurred due to the production of carbon dioxide gas by the yeast during fermentation.,0.14931218,0.9887901,1,-0.0068309284,-0.018928843,-0.095834576,-0.15755826,-0.025679724,-0.01236158,0.1869704,0.097530566,4,0.75,late
trace_00263,commonsense_002,commonsense_multihop,llama3.2:latest,easy,correct,commonsense_002__temp_0p5__trial_03,3,0.5,0p5,3,4,This expansion occurred due to the production of carbon dioxide gas by the yeast during fermentation.,"The dough did not undergo baking, which would have killed off the yeast and stopped the fermentation process.",0.16213863,0.98676795,3,-0.07293077,0.02686162,0.19671945,0.2073493,0.16263065,0.20985724,-0.12773268,-0.15243785,4,1.0,late
trace_00264,commonsense_002,commonsense_multihop,llama3.2:latest,easy,correct,commonsense_002__temp_0p5__trial_04,4,0.5,0p5,0,1,The dough's temperature increased due to being left in a warm kitchen.,"As the temperature of the dough rose, its molecules gained kinetic energy and started moving more rapidly.",0.17269555,0.9849752,1,-0.005405193,0.052580327,0.00075932714,-0.15926771,-0.1689416,-0.003477896,0.2020822,-0.051378116,4,0.25,early
trace_00264,commonsense_002,commonsense_multihop,llama3.2:latest,easy,correct,commonsense_002__temp_0p5__trial_04,4,0.5,0p5,1,2,"As the temperature of the dough rose, its molecules gained kinetic energy and started moving more rapidly.",This increase in molecular movement caused the gluten strands in the dough to relax and stretch.,0.33147717,0.9434632,1,0.026250653,0.030332051,-0.023619948,0.0038904734,0.035928573,-0.13648716,0.072472565,0.055075377,4,0.5,middle
trace_00264,commonsense_002,commonsense_multihop,llama3.2:latest,easy,correct,commonsense_002__temp_0p5__trial_04,4,0.5,0p5,2,3,This increase in molecular movement caused the gluten strands in the dough to relax and stretch.,"With the gluten relaxed, the dough's structure became less rigid, allowing it to expand further.",0.16463622,0.98635435,4,-0.034841828,-0.05269335,0.092038825,0.058219094,0.21228774,0.0038889418,-0.063874826,0.08039488,4,0.75,late
trace_00264,commonsense_002,commonsense_multihop,llama3.2:latest,easy,correct,commonsense_002__temp_0p5__trial_04,4,0.5,0p5,3,4,"With the gluten relaxed, the dough's structure became less rigid, allowing it to expand further.","The increased temperature also caused the starches in the dough to break down, making them more gelatinous and contributing to the dough's expansion.",0.30010372,0.9539065,1,0.029872933,-0.028195834,-0.1909599,0.04254184,-0.16955435,0.1761291,-0.09706862,-0.07180302,4,1.0,late
trace_00265,commonsense_002,commonsense_multihop,llama3.2:latest,easy,correct,commonsense_002__temp_0p5__trial_05,5,0.5,0p5,0,1,"The chef placed the dough outside of the oven, which is typically a warmer environment than inside the oven.","Warmth and moisture can cause yeast to activate more rapidly, leading to increased fermentation.",0.15634991,0.98770165,1,0.08352058,-0.02099243,-0.06405761,-0.24292505,-0.17597972,-0.17091107,0.076926254,0.010408354,3,0.3333333333333333,early
trace_00265,commonsense_002,commonsense_multihop,llama3.2:latest,easy,correct,commonsense_002__temp_0p5__trial_05,5,0.5,0p5,1,2,"Warmth and moisture can cause yeast to activate more rapidly, leading to increased fermentation.","As the yeast ferments the sugars in the dough, it produces carbon dioxide gas bubbles, causing the dough to expand.",0.21285062,0.97708476,4,-0.011773903,0.041026093,-0.022579733,0.05166535,0.06573562,0.087097086,0.13814405,0.08286349,3,0.6666666666666666,middle
trace_00265,commonsense_002,commonsense_multihop,llama3.2:latest,easy,correct,commonsense_002__temp_0p5__trial_05,5,0.5,0p5,2,3,"As the yeast ferments the sugars in the dough, it produces carbon dioxide gas bubbles, causing the dough to expand.",The warm kitchen temperature and possible presence of steam or humidity could have accelerated this process.,0.24875109,0.96856743,3,-0.017177785,-0.031324558,0.06672481,0.05596048,0.095265865,0.13392457,-0.14935787,-0.026113499,3,1.0,late
trace_00266,commonsense_002,commonsense_multihop,llama3.2:latest,easy,correct,commonsense_002__temp_0p8__trial_01,1,0.8,0p8,0,1,"The temperature of the kitchen is likely higher than the oven temperature, which can cause the dough to rise.","Since the dough wasn't baked, it may still contain moisture and starches that contribute to its growth.",0.26398563,0.9645266,0,-0.10200801,-0.124398775,0.11885516,0.021359863,0.056351308,-0.062474173,-0.03997427,-0.057927355,4,0.25,early
trace_00266,commonsense_002,commonsense_multihop,llama3.2:latest,easy,correct,commonsense_002__temp_0p8__trial_01,1,0.8,0p8,1,2,"Since the dough wasn't baked, it may still contain moisture and starches that contribute to its growth.","The warm environment could also lead to enzymatic reactions within the dough, breaking down starches and causing expansion.",0.20405713,0.97895896,1,0.0009863187,0.007369678,-0.23240794,-0.020312032,-0.17757154,0.08380032,-0.0039705136,0.09274536,4,0.5,middle
trace_00266,commonsense_002,commonsense_multihop,llama3.2:latest,easy,correct,commonsense_002__temp_0p8__trial_01,1,0.8,0p8,2,3,"The warm environment could also lead to enzymatic reactions within the dough, breaking down starches and causing expansion.","Yeast fermentation might be occurring in the warm environment if the dough contains active yeast, leading to further expansion.",0.21469694,0.9766807,3,0.12838238,0.1284688,0.008384239,-0.0068669366,0.022430303,0.020972345,0.016797869,0.09765096,4,0.75,late
trace_00266,commonsense_002,commonsense_multihop,llama3.2:latest,easy,correct,commonsense_002__temp_0p8__trial_01,1,0.8,0p8,3,4,"Yeast fermentation might be occurring in the warm environment if the dough contains active yeast, leading to further expansion.",The combination of these factors likely contributed to the dough's unexpected size increase.,0.26764208,0.96351844,1,0.02181176,-0.007866978,0.028998561,0.019121215,-0.08661633,-0.13419893,-0.07732245,-0.10721513,4,1.0,late
trace_00267,commonsense_002,commonsense_multihop,llama3.2:latest,easy,correct,commonsense_002__temp_0p8__trial_02,2,0.8,0p8,0,1,"The dough had yeast, which is a microorganism that ferments and produces carbon dioxide gas as a byproduct.","As the yeast fermented, it produced more carbon dioxide, causing the dough to expand.",0.2901536,0.95698005,1,0.10894191,0.013551534,-0.22195433,-0.032057747,-0.08153466,-0.26427028,0.069400504,0.09086456,4,0.25,early
trace_00267,commonsense_002,commonsense_multihop,llama3.2:latest,easy,correct,commonsense_002__temp_0p8__trial_02,2,0.8,0p8,1,2,"As the yeast fermented, it produced more carbon dioxide, causing the dough to expand.","The warm kitchen environment provided ideal conditions for yeast growth and fermentation, allowing the dough to continue expanding.",0.07227207,0.997385,3,0.14399865,0.017471824,0.076744676,0.16277575,0.0417599,0.15183125,-0.20086272,-0.07119993,4,0.5,middle
trace_00267,commonsense_002,commonsense_multihop,llama3.2:latest,easy,correct,commonsense_002__temp_0p8__trial_02,2,0.8,0p8,2,3,"The warm kitchen environment provided ideal conditions for yeast growth and fermentation, allowing the dough to continue expanding.","The increased heat and moisture in the kitchen likely prevented the formation of gluten strands, which could have restricted the dough's expansion.",0.14084956,0.99003106,4,-0.121380255,0.022791712,-0.010784259,0.021491693,0.12693056,0.005449282,0.09017233,0.019429404,4,0.75,late
trace_00267,commonsense_002,commonsense_multihop,llama3.2:latest,easy,correct,commonsense_002__temp_0p8__trial_02,2,0.8,0p8,3,4,"The increased heat and moisture in the kitchen likely prevented the formation of gluten strands, which could have restricted the dough's expansion.","As a result, the dough continued to rise and grow in size due to the active yeast fermentation process.",0.14539972,0.98937297,1,0.120956816,0.005842721,-0.043257385,-0.11011456,-0.15135656,-0.031595737,0.043209072,-0.102627024,4,1.0,late
trace_00268,commonsense_002,commonsense_multihop,llama3.2:latest,easy,incorrect,commonsense_002__temp_0p8__trial_03,3,0.8,0p8,0,1,The chef initially placed the dough in the oven.,"Since the oven is typically hot, the dough would have started to rise or expand due to the heat and possibly yeast fermentation if it contained yeast.",0.3560492,0.9344673,1,0.07795833,-0.045681547,-0.05379776,-0.1279506,0.019044088,-0.043553684,0.017732387,-0.015745325,4,0.25,early
trace_00268,commonsense_002,commonsense_multihop,llama3.2:latest,easy,incorrect,commonsense_002__temp_0p8__trial_03,3,0.8,0p8,1,2,"Since the oven is typically hot, the dough would have started to rise or expand due to the heat and possibly yeast fermentation if it contained yeast.","However, upon discovering the dough later in the warm kitchen, there was no additional heat from the oven to cause further expansion.",0.19534744,0.9807341,4,-0.17377914,-0.07821923,0.029956514,0.061070185,0.08929297,-0.037414562,-0.22737241,0.1191938,4,0.5,middle
trace_00268,commonsense_002,commonsense_multihop,llama3.2:latest,easy,incorrect,commonsense_002__temp_0p8__trial_03,3,0.8,0p8,2,3,"However, upon discovering the dough later in the warm kitchen, there was no additional heat from the oven to cause further expansion.",The presence of warmth in the kitchen could still contribute to continued yeast fermentation and dough expansion.,0.11937158,0.99284965,1,0.08019887,-0.012127542,0.018536314,-0.09524154,-0.085236214,-0.08701264,0.011287102,-0.04905209,4,0.75,late
trace_00268,commonsense_002,commonsense_multihop,llama3.2:latest,easy,incorrect,commonsense_002__temp_0p8__trial_03,3,0.8,0p8,3,4,The presence of warmth in the kitchen could still contribute to continued yeast fermentation and dough expansion.,"Additionally, factors such as ambient temperature, humidity, and the movement of the chef might have also contributed to increased dough size.",0.18025668,0.98361963,3,0.072561935,0.04428485,0.003438007,0.10224585,-0.15564375,-0.088450596,0.061067592,-0.025899854,4,1.0,late
trace_00269,commonsense_002,commonsense_multihop,llama3.2:latest,easy,incorrect,commonsense_002__temp_0p8__trial_04,4,0.8,0p8,0,1,"The initial temperature of the dough is likely higher than room temperature, contributing to its expansion.","The warmth from the kitchen may be sufficient to cause the yeast to react and produce carbon dioxide gas, leading to further expansion.",0.116988376,0.99313325,0,-0.015623624,0.01301706,0.05301772,-0.26272672,0.06915127,-0.14710616,0.053171054,-0.05043872,3,0.3333333333333333,early
trace_00269,commonsense_002,commonsense_multihop,llama3.2:latest,easy,incorrect,commonsense_002__temp_0p8__trial_04,4,0.8,0p8,1,2,"The warmth from the kitchen may be sufficient to cause the yeast to react and produce carbon dioxide gas, leading to further expansion.","If the dough was covered or enclosed in a warm space, it could have trapped heat and moisture, promoting continued growth and expansion.",0.1575517,0.98751074,3,0.013340997,-0.023273611,-0.003331974,0.23145899,0.0027533947,0.09205287,-0.13596429,-0.080592275,3,0.6666666666666666,middle
trace_00269,commonsense_002,commonsense_multihop,llama3.2:latest,easy,incorrect,commonsense_002__temp_0p8__trial_04,4,0.8,0p8,2,3,"If the dough was covered or enclosed in a warm space, it could have trapped heat and moisture, promoting continued growth and expansion.","Additionally, the warmth might have activated enzymes that break down starches and other components of the dough, contributing to its increased size.",0.078600906,0.9969062,1,0.01435878,0.0046131695,-0.08886806,0.04128259,-0.23517165,-0.08690008,-0.060180135,-0.064675294,3,1.0,late
trace_00270,commonsense_002,commonsense_multihop,llama3.2:latest,easy,correct,commonsense_002__temp_0p8__trial_05,5,0.8,0p8,0,1,"The dough was left at room temperature for an extended period, which caused its yeast to activate and produce more carbon dioxide.","As a result of increased carbon dioxide production, the dough expanded and rose in size.",0.25732312,0.96632534,1,0.11667101,0.03126719,-0.056618914,-0.06816953,-0.1873784,-0.2828487,0.0216598,-0.08092171,3,0.3333333333333333,early
trace_00270,commonsense_002,commonsense_multihop,llama3.2:latest,easy,correct,commonsense_002__temp_0p8__trial_05,5,0.8,0p8,1,2,"As a result of increased carbon dioxide production, the dough expanded and rose in size.","Since the oven was not used, there was no additional heat or moisture that could have contributed to further baking.",0.22950497,0.9733075,3,-0.041629404,0.0382785,0.09299504,0.100819275,0.2328699,0.16275093,-0.08222011,-0.04126785,3,0.6666666666666666,middle
trace_00270,commonsense_002,commonsense_multihop,llama3.2:latest,easy,correct,commonsense_002__temp_0p8__trial_05,5,0.8,0p8,2,3,"Since the oven was not used, there was no additional heat or moisture that could have contributed to further baking.","The warm kitchen environment allowed for continued yeast activity, which caused the dough to continue rising.",0.21768627,0.97601867,1,0.1670094,0.0138874315,-0.07263651,-0.04695308,-0.14520997,0.00690887,-0.03092728,-8.097512e-05,3,1.0,late
trace_00271,commonsense_003,commonsense_multihop,llama3.2:latest,medium,correct,commonsense_003__temp_0p2__trial_01,1,0.2,0p2,0,1,The person used their umbrella to protect themselves from rain or precipitation.,"They walked outside under the umbrella, allowing them to stay dry while walking.",0.06170682,0.9980943,4,-0.058831576,-0.20796584,-0.0044422452,0.051012576,0.05926239,0.0088569205,0.0900191,-0.11568855,4,0.25,early
trace_00271,commonsense_003,commonsense_multihop,llama3.2:latest,medium,correct,commonsense_003__temp_0p2__trial_01,1,0.2,0p2,1,2,"They walked outside under the umbrella, allowing them to stay dry while walking.","However, when they stepped out of the covered area (e.g., their car, building), they were exposed to the elements again.",0.28687304,0.9579686,1,-0.050114945,0.17607215,-0.11904373,0.042812575,0.13501036,0.019741286,-0.16437942,-0.056398142,4,0.5,middle
trace_00271,commonsense_003,commonsense_multihop,llama3.2:latest,medium,correct,commonsense_003__temp_0p2__trial_01,1,0.2,0p2,2,3,"However, when they stepped out of the covered area (e.g., their car, building), they were exposed to the elements again.","As a result, their shoes got wet due to being in contact with rain or precipitation for an extended period.",0.227629,0.9737479,0,0.100434296,-0.0919019,-0.030545695,-0.08058207,-0.104886115,-0.0019658545,0.15749608,0.042027753,4,0.75,late
trace_00271,commonsense_003,commonsense_multihop,llama3.2:latest,medium,correct,commonsense_003__temp_0p2__trial_01,1,0.2,0p2,3,4,"As a result, their shoes got wet due to being in contact with rain or precipitation for an extended period.","Meanwhile, the person's shirt remained dry because it was not exposed to the same amount of moisture.",0.23092245,0.97297215,4,-0.051907904,-0.080834284,0.19059281,0.08756508,0.17809053,0.0024640884,-0.029061187,0.063944355,4,1.0,late
trace_00272,commonsense_003,commonsense_multihop,llama3.2:latest,medium,correct,commonsense_003__temp_0p2__trial_02,2,0.2,0p2,0,1,The person used their umbrella to protect themselves from rain or precipitation.,"They walked outside while it was raining, causing their shoes to get wet.",0.10566944,0.99440134,1,-0.02004449,-0.12612633,-0.14750068,0.014795725,0.00559226,-0.0072267046,0.056913853,-0.12790877,3,0.3333333333333333,early
trace_00272,commonsense_003,commonsense_multihop,llama3.2:latest,medium,correct,commonsense_003__temp_0p2__trial_02,2,0.2,0p2,1,2,"They walked outside while it was raining, causing their shoes to get wet.","After exiting, they removed the umbrella, allowing them to walk in the remaining dry area.",0.13338986,0.99106365,0,-0.08618548,-0.042246073,0.15615958,0.00558736,0.15395106,0.050464835,-0.039618824,0.041672748,3,0.6666666666666666,middle
trace_00272,commonsense_003,commonsense_multihop,llama3.2:latest,medium,correct,commonsense_003__temp_0p2__trial_02,2,0.2,0p2,2,3,"After exiting, they removed the umbrella, allowing them to walk in the remaining dry area.",Their shirt remained dry because they were already inside when they took off the umbrella.,0.091901585,0.99576813,4,0.07295186,-0.057127334,0.10041809,0.110698655,0.14091945,0.04791211,0.02605372,0.054679736,3,1.0,late
trace_00273,commonsense_003,commonsense_multihop,llama3.2:latest,medium,correct,commonsense_003__temp_0p2__trial_03,3,0.2,0p2,0,1,The person walked under an awning or a covered area to bring out the umbrella.,"They opened the umbrella, allowing rain to pass through it.",0.17562145,0.9844578,4,0.05711417,-0.04039079,-0.06103333,0.022117306,0.03429317,0.040394906,0.1195287,0.05281748,4,0.25,early
trace_00273,commonsense_003,commonsense_multihop,llama3.2:latest,medium,correct,commonsense_003__temp_0p2__trial_03,3,0.2,0p2,1,2,"They opened the umbrella, allowing rain to pass through it.","The rain passed through the umbrella and onto their shoes, making them wet.",0.21282135,0.97709113,1,0.013950613,-0.028816355,-0.03553715,-0.025513485,-0.15719527,-0.084731355,0.020037362,-0.09452217,4,0.5,middle
trace_00273,commonsense_003,commonsense_multihop,llama3.2:latest,medium,correct,commonsense_003__temp_0p2__trial_03,3,0.2,0p2,2,3,"The rain passed through the umbrella and onto their shoes, making them wet.","After bringing out the umbrella, they returned inside without using it again.",0.34798607,0.93749976,4,-0.11126681,0.03135297,0.09495959,0.06284248,0.2467375,0.090724014,-0.21844861,-0.029580625,4,0.75,late
trace_00273,commonsense_003,commonsense_multihop,llama3.2:latest,medium,correct,commonsense_003__temp_0p2__trial_03,3,0.2,0p2,3,4,"After bringing out the umbrella, they returned inside without using it again.","Inside, they likely changed into dry clothes or allowed themselves to dry off before putting on a new shirt.",0.090775855,0.99587137,4,0.1382772,-0.076901056,-0.0697236,0.0739999,0.056798372,-0.057148226,0.14030972,0.0477542,4,1.0,late
trace_00274,commonsense_003,commonsense_multihop,llama3.2:latest,medium,correct,commonsense_003__temp_0p2__trial_04,4,0.2,0p2,0,1,The person used their umbrella to protect themselves from rain or precipitation.,"They walked under the umbrella, which kept them dry.",0.05943243,0.9982323,4,-0.07604541,-0.23305202,0.01660642,0.06301462,0.11018945,0.08518484,0.03949451,-0.10484546,4,0.25,early
trace_00274,commonsense_003,commonsense_multihop,llama3.2:latest,medium,correct,commonsense_003__temp_0p2__trial_04,4,0.2,0p2,1,2,"They walked under the umbrella, which kept them dry.","However, when they stepped out of the covered area (e.g., from under the umbrella), they were exposed to the rain again.",0.10527063,0.9944436,3,-0.02362042,0.22408532,-0.0771156,-0.07048064,0.04626901,-0.10488724,-0.07670105,0.0046300543,4,0.5,middle
trace_00274,commonsense_003,commonsense_multihop,llama3.2:latest,medium,correct,commonsense_003__temp_0p2__trial_04,4,0.2,0p2,2,3,"However, when they stepped out of the covered area (e.g., from under the umbrella), they were exposed to the rain again.","As a result, their shoes got wet due to being in contact with the rain.",0.104772724,0.9944962,1,0.052991837,0.0102638705,-0.13850935,0.00066813745,-0.09478623,0.004140263,0.08910998,-0.063258074,4,0.75,late
trace_00274,commonsense_003,commonsense_multihop,llama3.2:latest,medium,correct,commonsense_003__temp_0p2__trial_04,4,0.2,0p2,3,4,"As a result, their shoes got wet due to being in contact with the rain.",Their shirt remained dry because it was not in direct contact with the rain.,0.21794212,0.9759617,4,-0.05721234,-0.15753584,0.23871537,0.12083242,0.1874932,0.02467354,0.018744014,0.15104568,4,1.0,late
trace_00275,commonsense_003,commonsense_multihop,llama3.2:latest,medium,incorrect,commonsense_003__temp_0p2__trial_05,5,0.2,0p2,0,1,The person initially used the umbrella to protect themselves from rain or precipitation.,"They then brought the umbrella inside, which stopped the rain from falling on them.",0.106946446,0.99426484,4,-0.09999758,-0.09821401,0.0030373132,0.02784353,0.1867623,0.10808442,0.11671652,-0.06261372,3,0.3333333333333333,early
trace_00275,commonsense_003,commonsense_multihop,llama3.2:latest,medium,incorrect,commonsense_003__temp_0p2__trial_05,5,0.2,0p2,1,2,"They then brought the umbrella inside, which stopped the rain from falling on them.","However, they did not bring their shoes inside, allowing water to seep in through the door or other openings.",0.22763398,0.9737467,1,0.018531397,-0.02091607,-0.08015077,0.03423629,-0.0041741356,-0.023618758,-0.03617511,-0.0259927,3,0.6666666666666666,middle
trace_00275,commonsense_003,commonsense_multihop,llama3.2:latest,medium,incorrect,commonsense_003__temp_0p2__trial_05,5,0.2,0p2,2,3,"However, they did not bring their shoes inside, allowing water to seep in through the door or other openings.","As a result, their shoes became wet while staying dry under the protection of the umbrella.",0.30275282,0.9530691,3,0.013725215,0.0027234668,0.025494447,0.009645337,-0.08206741,0.008612694,-0.026248503,-0.098140635,3,1.0,late
trace_00276,commonsense_003,commonsense_multihop,llama3.2:latest,medium,correct,commonsense_003__temp_0p5__trial_01,1,0.5,0p5,0,1,"The person took an umbrella outside, indicating they expected to get wet.","However, when returning, their shoes were wet, suggesting they got wet while walking outside.",0.1959988,0.98060423,4,-0.04411175,-0.15223923,-0.04762738,0.014016244,0.1284247,-0.059705377,-0.042120654,-0.105388515,3,0.3333333333333333,early
trace_00276,commonsense_003,commonsense_multihop,llama3.2:latest,medium,correct,commonsense_003__temp_0p5__trial_01,1,0.5,0p5,1,2,"However, when returning, their shoes were wet, suggesting they got wet while walking outside.","Their shirt remained dry, implying that the water from their shoes did not reach them directly.",0.15979089,0.98715097,4,-0.029686635,-0.09451894,0.15877406,0.074088365,0.12019049,0.139395,0.15144765,0.115723856,3,0.6666666666666666,middle
trace_00276,commonsense_003,commonsense_multihop,llama3.2:latest,medium,correct,commonsense_003__temp_0p5__trial_01,1,0.5,0p5,2,3,"Their shirt remained dry, implying that the water from their shoes did not reach them directly.","Given these observations, it is likely that the person walked through standing water or a puddle with wet shoes, and then removed their shoes before entering where they kept their dry clothes.",0.24241292,0.9701732,1,0.12513551,0.07929976,-0.07428547,-0.07643835,-0.1790429,-0.050826974,-0.084345885,-0.10752635,3,1.0,late
trace_00277,commonsense_003,commonsense_multihop,llama3.2:latest,medium,incorrect,commonsense_003__temp_0p5__trial_02,2,0.5,0p5,0,1,The person went outside with an umbrella to protect themselves from the rain.,"While using the umbrella, they walked on a surface that was covered in water or ice, causing them to get wet shoes.",0.16256851,0.9866973,1,-0.037998267,-0.040208828,-0.14555681,-0.061647087,0.008205474,0.03910415,-0.041926183,-0.09303255,3,0.3333333333333333,early
trace_00277,commonsense_003,commonsense_multihop,llama3.2:latest,medium,incorrect,commonsense_003__temp_0p5__trial_02,2,0.5,0p5,1,2,"While using the umbrella, they walked on a surface that was covered in water or ice, causing them to get wet shoes.","However, their umbrella provided some protection from the rain, keeping their upper body (including their shirt) dry.",0.1603919,0.9870534,3,0.08845538,-0.040356234,0.20638023,0.056502663,0.1078406,-0.12292022,0.048108894,0.063493766,3,0.6666666666666666,middle
trace_00277,commonsense_003,commonsense_multihop,llama3.2:latest,medium,incorrect,commonsense_003__temp_0p5__trial_02,2,0.5,0p5,2,3,"However, their umbrella provided some protection from the rain, keeping their upper body (including their shirt) dry.",The person then returned inside with their wet shoes and dry shirt.,0.2311957,0.97290725,4,-0.0259932,-0.06662239,-0.07470014,0.05651209,0.08590918,0.12706222,-0.014295757,-0.032251198,3,1.0,late
trace_00278,commonsense_003,commonsense_multihop,llama3.2:latest,medium,incorrect,commonsense_003__temp_0p5__trial_03,3,0.5,0p5,0,1,The person used their umbrella to protect themselves from rain.,"The umbrella was not designed to keep feet dry, only heads.",0.18326415,0.9830637,4,-0.066979975,-0.19714272,0.011953553,0.039138325,0.17679107,0.07951793,0.023631644,0.010097705,4,0.25,early
trace_00278,commonsense_003,commonsense_multihop,llama3.2:latest,medium,incorrect,commonsense_003__temp_0p5__trial_03,3,0.5,0p5,1,2,"The umbrella was not designed to keep feet dry, only heads.",The person walked on wet ground or stepped into puddles.,0.1673497,0.9858976,1,0.027333416,0.10059834,-0.118639685,-0.06493526,-0.13881505,0.013231009,0.048030134,-0.09248924,4,0.5,middle
trace_00278,commonsense_003,commonsense_multihop,llama3.2:latest,medium,incorrect,commonsense_003__temp_0p5__trial_03,3,0.5,0p5,2,3,The person walked on wet ground or stepped into puddles.,Water seeped through the ground and onto their shoes.,0.12739109,0.9918525,1,-0.020638872,0.06463011,-0.041048583,0.03362318,0.020262191,-0.043453988,0.013450703,-0.09379688,4,0.75,late
trace_00278,commonsense_003,commonsense_multihop,llama3.2:latest,medium,incorrect,commonsense_003__temp_0p5__trial_03,3,0.5,0p5,3,4,Water seeped through the ground and onto their shoes.,The person carried their wet shoes inside.,0.08243455,0.9965965,4,0.116955996,-0.1021559,0.07950799,0.03699306,0.1023339,0.029010128,-0.07277681,0.107082985,4,1.0,late
trace_00279,commonsense_003,commonsense_multihop,llama3.2:latest,medium,incorrect,commonsense_003__temp_0p5__trial_04,4,0.5,0p5,0,1,The person opened their umbrella to protect themselves from rain.,"It started raining heavily, causing the umbrella to become fully saturated.",0.29715824,0.9548283,4,0.023981936,-0.07156737,-0.13909636,0.03791714,0.08489554,0.064137965,-0.014658298,0.023840385,4,0.25,early
trace_00279,commonsense_003,commonsense_multihop,llama3.2:latest,medium,incorrect,commonsense_003__temp_0p5__trial_04,4,0.5,0p5,1,2,"It started raining heavily, causing the umbrella to become fully saturated.",They closed the umbrella and went inside before it could cause them further harm.,0.21564314,0.97647226,1,-0.1286731,0.13285656,0.13316296,-0.044447284,0.08496807,-0.0029765728,-0.059060745,-0.20703758,4,0.5,middle
trace_00279,commonsense_003,commonsense_multihop,llama3.2:latest,medium,incorrect,commonsense_003__temp_0p5__trial_04,4,0.5,0p5,2,3,They closed the umbrella and went inside before it could cause them further harm.,"While they were inside, they took off their wet shoes and changed into dry shoes or left them outside.",0.19808039,0.9801858,4,0.02663224,-0.21877275,-0.056817,0.0878431,0.015604547,-0.04506821,-0.016193947,0.0010741692,4,0.75,late
trace_00279,commonsense_003,commonsense_multihop,llama3.2:latest,medium,incorrect,commonsense_003__temp_0p5__trial_04,4,0.5,0p5,3,4,"While they were inside, they took off their wet shoes and changed into dry shoes or left them outside.","They then put on a new, dry shirt.",0.1857805,0.9825913,3,0.098939635,0.100658126,-0.020478616,-0.037512,0.06137757,-0.09109113,0.09644146,0.16328217,4,1.0,late
trace_00280,commonsense_003,commonsense_multihop,llama3.2:latest,medium,incorrect,commonsense_003__temp_0p5__trial_05,5,0.5,0p5,0,1,"The person walked outside under the umbrella, which provided protection from rain.","However, the umbrella did not keep their feet dry, resulting in wet shoes.",0.12146732,0.99259543,4,-0.031001873,-0.05661136,-0.051598713,-0.0069623347,0.14505555,0.06877696,-0.009993638,-0.051932286,4,0.25,early
trace_00280,commonsense_003,commonsense_multihop,llama3.2:latest,medium,incorrect,commonsense_003__temp_0p5__trial_05,5,0.5,0p5,1,2,"However, the umbrella did not keep their feet dry, resulting in wet shoes.","It is unlikely that they got wet from head to toe if only their shoes were affected, so there must be a significant difference in exposure between the top and bottom parts of the body.",0.13998252,0.99015397,3,0.10377307,0.14047194,-0.104617104,0.04308517,-0.053218774,-0.06432683,-0.022477597,-0.13212754,4,0.5,middle
trace_00280,commonsense_003,commonsense_multihop,llama3.2:latest,medium,incorrect,commonsense_003__temp_0p5__trial_05,5,0.5,0p5,2,3,"It is unlikely that they got wet from head to toe if only their shoes were affected, so there must be a significant difference in exposure between the top and bottom parts of the body.",The fact that their shirt remained dry suggests that it was exposed to less water or rain than their feet.,0.13606799,0.99069947,0,-0.13043912,-0.1792976,0.18404591,0.003656597,0.099316895,0.04981319,0.06818595,0.107494086,4,0.75,late
trace_00280,commonsense_003,commonsense_multihop,llama3.2:latest,medium,incorrect,commonsense_003__temp_0p5__trial_05,5,0.5,0p5,3,4,The fact that their shirt remained dry suggests that it was exposed to less water or rain than their feet.,"Given these observations, it is likely that they got wet from their feet while walking outside under the umbrella.",0.20187359,0.9794115,1,0.15960895,0.19272947,-0.14097863,-0.09353397,-0.19773442,0.03710874,-0.05218514,-0.085952386,4,1.0,late
trace_00281,commonsense_003,commonsense_multihop,llama3.2:latest,medium,incorrect,commonsense_003__temp_0p8__trial_01,1,0.8,0p8,0,1,The person had contact with rain when walking under their umbrella.,"Water entered through the top of the umbrella, getting on the person's shoes.",0.1704959,0.9853584,1,0.037260137,0.03926024,-0.07145734,-0.015940983,0.02611161,0.10572164,-0.019726718,-0.098721035,4,0.25,early
trace_00281,commonsense_003,commonsense_multihop,llama3.2:latest,medium,incorrect,commonsense_003__temp_0p8__trial_01,1,0.8,0p8,1,2,"Water entered through the top of the umbrella, getting on the person's shoes.","However, the water did not penetrate to the lower parts of the body.",0.36771765,0.92993754,4,-0.12998001,-0.012267131,0.00895371,0.09714746,0.21968563,0.026321152,0.03229225,-0.018266417,4,0.5,middle
trace_00281,commonsense_003,commonsense_multihop,llama3.2:latest,medium,incorrect,commonsense_003__temp_0p8__trial_01,1,0.8,0p8,2,3,"However, the water did not penetrate to the lower parts of the body.",This suggests that the entry point was at or above the ankle level.,0.19817744,0.98016614,1,0.17837451,0.09514971,-0.12340205,0.09537477,-0.100677095,-0.07441933,-0.0028723802,-0.07757898,4,0.75,late
trace_00281,commonsense_003,commonsense_multihop,llama3.2:latest,medium,incorrect,commonsense_003__temp_0p8__trial_01,1,0.8,0p8,3,4,This suggests that the entry point was at or above the ankle level.,The fact that the shirt remained dry indicates it was likely higher up.,0.21154073,0.97736925,4,-0.01847505,-0.18824214,0.11758875,-0.07942389,0.10401355,0.074953854,-0.09925695,0.10983167,4,1.0,late
trace_00282,commonsense_003,commonsense_multihop,llama3.2:latest,medium,incorrect,commonsense_003__temp_0p8__trial_02,2,0.8,0p8,0,1,The person must have gone out of their house or building while it was still raining.,"The rain caused water to enter through the opening of the umbrella (e.g., the handle, edge, or tip).",0.24639484,0.96916956,1,0.07981509,0.04783931,-0.10093362,-0.07793033,-0.043357942,-0.039668642,0.16507395,0.028885042,4,0.25,early
trace_00282,commonsense_003,commonsense_multihop,llama3.2:latest,medium,incorrect,commonsense_003__temp_0p8__trial_02,2,0.8,0p8,1,2,"The rain caused water to enter through the opening of the umbrella (e.g., the handle, edge, or tip).","Water dripped from the umbrella and landed on the shoes they were wearing, getting them wet.",0.26246333,0.964942,1,-0.06823747,-0.05057392,0.013168681,-0.011372523,0.02692442,0.08549586,-0.09021507,-0.14896972,4,0.5,middle
trace_00282,commonsense_003,commonsense_multihop,llama3.2:latest,medium,incorrect,commonsense_003__temp_0p8__trial_02,2,0.8,0p8,2,3,"Water dripped from the umbrella and landed on the shoes they were wearing, getting them wet.","However, the rain did not penetrate far enough into the umbrella to soak through it completely to reach the shirt underneath.",0.19961096,0.9798752,3,0.022247046,-0.014330245,0.14046453,-0.0055586193,0.08346327,-0.024024181,-0.019406496,0.15901856,4,0.75,late
trace_00282,commonsense_003,commonsense_multihop,llama3.2:latest,medium,incorrect,commonsense_003__temp_0p8__trial_02,2,0.8,0p8,3,4,"However, the rain did not penetrate far enough into the umbrella to soak through it completely to reach the shirt underneath.","As a result, the person's shirt remained dry while their shoes got wet due to the water entering the umbrella.",0.086999945,0.99620837,1,0.0064883735,-0.066472925,-0.016975602,0.07598478,0.019863743,-0.021609128,0.029421235,-0.104885094,4,1.0,late
trace_00283,commonsense_003,commonsense_multihop,llama3.2:latest,medium,incorrect,commonsense_003__temp_0p8__trial_03,3,0.8,0p8,0,1,It rained during the time the umbrella was being used.,"The rain caused water to enter through the bottom of the umbrella, resulting in wet shoes.",0.14038515,0.9900969,1,-0.043395255,-0.0605349,-0.0801254,-0.03897335,-0.076828994,0.0015364897,0.15457372,-0.10962901,3,0.3333333333333333,early
trace_00283,commonsense_003,commonsense_multihop,llama3.2:latest,medium,incorrect,commonsense_003__temp_0p8__trial_03,3,0.8,0p8,1,2,"The rain caused water to enter through the bottom of the umbrella, resulting in wet shoes.","The person was able to hold their head and body under cover of the umbrella to keep themselves dry, while their feet were exposed to the rain.",0.076962955,0.99703395,3,0.04183624,0.027908713,0.12936606,0.052742902,0.02105034,-0.015844764,-0.08936307,0.023257934,3,0.6666666666666666,middle
trace_00283,commonsense_003,commonsense_multihop,llama3.2:latest,medium,incorrect,commonsense_003__temp_0p8__trial_03,3,0.8,0p8,2,3,"The person was able to hold their head and body under cover of the umbrella to keep themselves dry, while their feet were exposed to the rain.",They then put on dry clothes that they had with them when they returned inside.,0.20589535,0.9785741,4,0.031426746,-0.103919856,-0.04050352,0.053446162,0.18138057,-0.009984963,-0.05420532,-0.017024066,3,1.0,late
trace_00284,commonsense_003,commonsense_multihop,llama3.2:latest,medium,incorrect,commonsense_003__temp_0p8__trial_04,4,0.8,0p8,0,1,The person used their umbrella to protect themselves from rain or other forms of precipitation.,"During this time, they walked or stood outside for an extended period.",0.27306208,0.9619964,4,0.100032285,-0.057649765,-0.16094352,0.07000735,0.13952845,-0.04473575,0.032170206,-0.11539302,4,0.25,early
trace_00284,commonsense_003,commonsense_multihop,llama3.2:latest,medium,incorrect,commonsense_003__temp_0p8__trial_04,4,0.8,0p8,1,2,"During this time, they walked or stood outside for an extended period.","As a result of prolonged exposure, the bottom part of their shoe got wet.",0.24888493,0.9685331,3,-0.14208165,0.09673776,0.032585952,0.016654179,-0.0281081,0.12568146,-0.01900224,-0.08110872,4,0.5,middle
trace_00284,commonsense_003,commonsense_multihop,llama3.2:latest,medium,incorrect,commonsense_003__temp_0p8__trial_04,4,0.8,0p8,2,3,"As a result of prolonged exposure, the bottom part of their shoe got wet.","Upon returning inside, they removed their shoes and allowed them to air dry before putting them back on.",0.15899988,0.9872786,4,0.023757514,-0.3344749,0.05088098,0.011414547,0.10356474,-0.041443378,-0.0077205217,0.13663085,4,0.75,late
trace_00284,commonsense_003,commonsense_multihop,llama3.2:latest,medium,incorrect,commonsense_003__temp_0p8__trial_04,4,0.8,0p8,3,4,"Upon returning inside, they removed their shoes and allowed them to air dry before putting them back on.","Meanwhile, the person remained dry due to wearing a waterproof outer layer (the umbrella) that protected them from the elements.",0.20510098,0.9787408,3,-0.005302988,0.18604748,0.1390685,-0.03193168,-0.0884416,0.090353616,-0.03900604,-0.021122819,4,1.0,late
trace_00285,commonsense_003,commonsense_multihop,llama3.2:latest,medium,incorrect,commonsense_003__temp_0p8__trial_05,5,0.8,0p8,0,1,The person walked under a rain shower or from an area where it was raining.,"Water accumulated on their feet, causing their shoes to get wet.",0.12733933,0.99185914,1,0.06682192,0.062107854,-0.08549362,-0.014147209,0.00359395,-0.05169216,0.02006005,-0.13990581,3,0.3333333333333333,early
trace_00285,commonsense_003,commonsense_multihop,llama3.2:latest,medium,incorrect,commonsense_003__temp_0p8__trial_05,5,0.8,0p8,1,2,"Water accumulated on their feet, causing their shoes to get wet.",The umbrellas functioned properly by keeping the top part of their body (shirt) dry.,0.10225383,0.9947584,3,-0.011567052,-0.0555991,0.23610067,0.042253766,0.11385984,0.061150372,-0.047216095,0.13787211,3,0.6666666666666666,middle
trace_00285,commonsense_003,commonsense_multihop,llama3.2:latest,medium,incorrect,commonsense_003__temp_0p8__trial_05,5,0.8,0p8,2,3,The umbrellas functioned properly by keeping the top part of their body (shirt) dry.,"As they walked back inside, some water may have entered through other means, such as around the shoes or under the hem of their pants.",0.09925583,0.99506193,1,-0.033778585,0.0073649585,-0.19093418,0.010703618,-0.023016976,0.040036056,0.068854935,-0.12328654,3,1.0,late
trace_00286,commonsense_004,commonsense_multihop,llama3.2:latest,medium,correct,commonsense_004__temp_0p2__trial_01,1,0.2,0p2,0,1,The phone's battery capacity may have been partially drained due to self-discharge.,"Self-discharge occurs when a battery is not being charged or discharged, and it slowly loses its charge over time.",0.33810264,0.94110924,3,0.009634156,-0.035283923,0.15385683,-0.0375158,0.0070962016,-0.13065046,-0.03784903,0.0015863904,4,0.25,early
trace_00286,commonsense_004,commonsense_multihop,llama3.2:latest,medium,correct,commonsense_004__temp_0p2__trial_01,1,0.2,0p2,1,2,"Self-discharge occurs when a battery is not being charged or discharged, and it slowly loses its charge over time.","Even if the phone was left charging overnight, some of the energy from the charger may have been lost as heat, reducing the overall charge.",0.15882863,0.9873061,4,0.027755208,-0.07860118,-0.027380537,0.09790281,0.060761493,0.18637687,-0.09487751,-0.081439994,4,0.5,middle
trace_00286,commonsense_004,commonsense_multihop,llama3.2:latest,medium,correct,commonsense_004__temp_0p2__trial_01,1,0.2,0p2,2,3,"Even if the phone was left charging overnight, some of the energy from the charger may have been lost as heat, reducing the overall charge.","Additionally, the phone's internal components, such as the processor and memory, consume power even when the device is turned off, contributing to self-discharge.",0.1403547,0.9901013,1,0.05931454,0.1351279,-0.025250344,-0.01652649,-0.07881236,-0.25938812,0.12918448,0.0039818157,4,0.75,late
trace_00286,commonsense_004,commonsense_multihop,llama3.2:latest,medium,correct,commonsense_004__temp_0p2__trial_01,1,0.2,0p2,3,4,"Additionally, the phone's internal components, such as the processor and memory, consume power even when the device is turned off, contributing to self-discharge.",The combination of these factors could result in a lower battery level than expected.,0.119769335,0.9928017,1,-0.04405215,0.008652923,-0.012686936,-0.05341123,-0.10679327,0.13207534,0.0031112682,0.022905467,4,1.0,late
trace_00287,commonsense_004,commonsense_multihop,llama3.2:latest,medium,correct,commonsense_004__temp_0p2__trial_02,2,0.2,0p2,0,1,The phone's battery might have been partially discharged before being left to charge.,Overnight charging can cause the battery to heat up and potentially degrade faster.,0.26509693,0.96422184,3,0.16445848,-0.06679025,0.23009379,0.012675146,-0.018285409,-0.013740654,-0.07504202,0.0032879973,4,0.25,early
trace_00287,commonsense_004,commonsense_multihop,llama3.2:latest,medium,correct,commonsense_004__temp_0p2__trial_02,2,0.2,0p2,1,2,Overnight charging can cause the battery to heat up and potentially degrade faster.,"High temperatures can accelerate chemical reactions within the battery, leading to reduced capacity.",0.23345898,0.9723667,1,-0.14401224,0.19087903,-0.16574335,-0.053795926,-0.09442316,0.0028955801,0.052858178,0.08334286,4,0.5,middle
trace_00287,commonsense_004,commonsense_multihop,llama3.2:latest,medium,correct,commonsense_004__temp_0p2__trial_02,2,0.2,0p2,2,3,"High temperatures can accelerate chemical reactions within the battery, leading to reduced capacity.","The phone's charger or power source may not be providing a stable voltage or current, causing uneven charging.",0.29176596,0.95648974,0,0.09887579,-0.03480793,-0.09250207,-0.011308011,-0.07341313,-0.020129027,0.049881734,-0.03293468,4,0.75,late
trace_00287,commonsense_004,commonsense_multihop,llama3.2:latest,medium,correct,commonsense_004__temp_0p2__trial_02,2,0.2,0p2,3,4,"The phone's charger or power source may not be providing a stable voltage or current, causing uneven charging.","The battery itself might be old or have existing capacity issues, affecting its ability to hold a charge.",0.1712416,0.9852291,4,-0.009501354,0.063255996,0.09562245,-0.013023303,0.18113112,0.056182686,0.042410668,0.009613548,4,1.0,late
trace_00288,commonsense_004,commonsense_multihop,llama3.2:latest,medium,correct,commonsense_004__temp_0p2__trial_03,3,0.2,0p2,0,1,Consider the possible causes of low battery.,Think about the fact that the phone was left charging overnight.,0.15295294,0.98823357,4,0.0736584,-0.086023375,-0.03961899,0.054783266,0.13163921,0.12047212,-0.1715357,-0.09070096,5,0.2,early
trace_00288,commonsense_004,commonsense_multihop,llama3.2:latest,medium,correct,commonsense_004__temp_0p2__trial_03,3,0.2,0p2,1,2,Think about the fact that the phone was left charging overnight.,"Realize that if the phone was fully charged and then recharged, there would be no decrease in battery level.",0.14225638,0.98982984,1,-0.117167145,-0.0036852586,-0.016058484,-0.10475758,-0.12828285,-0.32024795,0.11671873,-0.006120137,5,0.4,middle
trace_00288,commonsense_004,commonsense_multihop,llama3.2:latest,medium,correct,commonsense_004__temp_0p2__trial_03,3,0.2,0p2,2,3,"Realize that if the phone was fully charged and then recharged, there would be no decrease in battery level.",Remember that charging a battery can cause it to heat up.,0.29260296,0.95623404,3,0.12255138,0.093278274,-0.014755515,-0.028453805,0.079532094,0.16043706,-0.16328411,0.0427308,5,0.6,middle
trace_00288,commonsense_004,commonsense_multihop,llama3.2:latest,medium,correct,commonsense_004__temp_0p2__trial_03,3,0.2,0p2,3,4,Remember that charging a battery can cause it to heat up.,Hypothesize that the phone's battery might have been damaged or malfunctioning due to overheating during the charging process.,0.29501796,0.9554917,1,-0.010799865,0.028700301,-0.15667313,0.13132526,-0.07337411,0.11683065,0.14830081,-0.060459677,5,0.8,late
trace_00288,commonsense_004,commonsense_multihop,llama3.2:latest,medium,correct,commonsense_004__temp_0p2__trial_03,3,0.2,0p2,4,5,Hypothesize that the phone's battery might have been damaged or malfunctioning due to overheating during the charging process.,"Consider other possible explanations such as a faulty charger or a software issue, but they seem less likely given the context of overnight charging.",0.17397077,0.9847508,3,0.20215467,-0.1723529,0.25312635,0.01005562,-0.0034942739,0.100420885,-0.029036239,0.080579676,5,1.0,late
trace_00289,commonsense_004,commonsense_multihop,llama3.2:latest,medium,incorrect,commonsense_004__temp_0p2__trial_04,4,0.2,0p2,0,1,The phone's battery capacity may have been partially drained due to the ambient temperature.,The charger's power output might not be sufficient for the phone's battery size and type.,0.3539818,0.93525225,1,-0.033522256,-0.012725913,0.065306224,-0.15387394,-0.12600893,-0.20814702,-0.054017697,-0.05411259,4,0.25,early
trace_00289,commonsense_004,commonsense_multihop,llama3.2:latest,medium,incorrect,commonsense_004__temp_0p2__trial_04,4,0.2,0p2,1,2,The charger's power output might not be sufficient for the phone's battery size and type.,"The phone's internal components, such as the battery management system or charging circuitry, could be malfunctioning.",0.22129214,0.97520757,3,0.043130644,0.06338702,-0.07644515,0.08128715,0.06453449,0.08751851,0.12145095,-0.02847416,4,0.5,middle
trace_00289,commonsense_004,commonsense_multihop,llama3.2:latest,medium,incorrect,commonsense_004__temp_0p2__trial_04,4,0.2,0p2,2,3,"The phone's internal components, such as the battery management system or charging circuitry, could be malfunctioning.",The phone's software may be causing the battery to drain faster than usual due to a bug or inefficient algorithm.,0.17252584,0.98500496,3,0.006768255,-0.12670489,0.1184889,0.09486188,-0.018376675,-0.08164348,-0.07452389,0.08659305,4,0.75,late
trace_00289,commonsense_004,commonsense_multihop,llama3.2:latest,medium,incorrect,commonsense_004__temp_0p2__trial_04,4,0.2,0p2,3,4,The phone's software may be causing the battery to drain faster than usual due to a bug or inefficient algorithm.,"External factors like age of the battery, quality of the charger, and environmental conditions (e.g., humidity) might also contribute to the issue.",0.07947192,0.99683714,1,-0.022043098,0.11210254,-0.021592787,-0.067066304,-0.020112686,0.068152376,0.0067560547,0.031216763,4,1.0,late
trace_00290,commonsense_004,commonsense_multihop,llama3.2:latest,medium,correct,commonsense_004__temp_0p2__trial_05,5,0.2,0p2,0,1,The phone's battery capacity is typically measured in milliampere-hours (mAh).,"If the phone was fully charged and then left to charge for an extended period, it would likely have reached its maximum capacity.",0.18549056,0.9826461,4,-0.0043055466,-0.07868806,-0.07848351,-0.0018896087,0.1328022,0.062182102,-0.13665581,0.09077399,4,0.25,early
trace_00290,commonsense_004,commonsense_multihop,llama3.2:latest,medium,correct,commonsense_004__temp_0p2__trial_05,5,0.2,0p2,1,2,"If the phone was fully charged and then left to charge for an extended period, it would likely have reached its maximum capacity.","However, if the phone had little battery in the morning, it suggests that some energy was drained or lost during the charging process.",0.25025633,0.9681796,3,0.100884065,-0.10502103,0.16933872,0.05524814,-0.022499695,0.046615735,0.15867038,-0.15518433,4,0.5,middle
trace_00290,commonsense_004,commonsense_multihop,llama3.2:latest,medium,correct,commonsense_004__temp_0p2__trial_05,5,0.2,0p2,2,3,"However, if the phone had little battery in the morning, it suggests that some energy was drained or lost during the charging process.","A possible explanation is that the phone's charger was not functioning correctly or was damaged, causing it to draw power from the battery instead of charging it.",0.059941612,0.99820185,1,-0.10840969,0.16414243,-0.21694629,-0.042027295,-0.101883546,-0.067628175,-0.01267271,0.030520827,4,0.75,late
trace_00290,commonsense_004,commonsense_multihop,llama3.2:latest,medium,correct,commonsense_004__temp_0p2__trial_05,5,0.2,0p2,3,4,"A possible explanation is that the phone's charger was not functioning correctly or was damaged, causing it to draw power from the battery instead of charging it.","Another possibility is that the phone's battery itself was faulty or had a manufacturing defect, leading to inconsistent charging behavior.",0.14339198,0.989666,1,-0.01214381,-0.11627044,-0.036868807,-0.051067792,-0.112229854,-0.050798077,-0.039409522,0.077229775,4,1.0,late
trace_00291,commonsense_004,commonsense_multihop,llama3.2:latest,medium,incorrect,commonsense_004__temp_0p5__trial_01,1,0.5,0p5,0,1,The phone's battery was likely discharged due to the operating system and background processes running during the night.,"Even if the phone was left on ""sleep"" mode, some power-hungry apps may have continued to run in the background.",0.1668264,0.9859863,3,0.09026178,0.033921868,0.06697383,0.14908566,0.07009947,-0.1172644,-0.07094182,0.0026052354,4,0.25,early
trace_00291,commonsense_004,commonsense_multihop,llama3.2:latest,medium,incorrect,commonsense_004__temp_0p5__trial_01,1,0.5,0p5,1,2,"Even if the phone was left on ""sleep"" mode, some power-hungry apps may have continued to run in the background.","Additionally, the charging circuit may not be 100% efficient, leading to some energy being lost as heat.",0.19411013,0.98097986,0,-0.24968386,0.054577004,-0.02424326,-0.11009718,-0.019217756,-0.0066247447,-0.029788107,0.11410967,4,0.5,middle
trace_00291,commonsense_004,commonsense_multihop,llama3.2:latest,medium,incorrect,commonsense_004__temp_0p5__trial_01,1,0.5,0p5,2,3,"Additionally, the charging circuit may not be 100% efficient, leading to some energy being lost as heat.",The battery's capacity and health could also contribute to reduced overall performance.,0.26630908,0.9638877,3,0.12566213,0.111351304,0.13755575,0.023923723,-0.12252601,-0.2014292,0.025455851,-0.048058875,4,0.75,late
trace_00291,commonsense_004,commonsense_multihop,llama3.2:latest,medium,incorrect,commonsense_004__temp_0p5__trial_01,1,0.5,0p5,3,4,The battery's capacity and health could also contribute to reduced overall performance.,Environmental factors like temperature and humidity may affect battery life.,0.20963508,0.9777797,0,0.07325704,-0.038388792,-0.030066531,-0.01549651,0.056798033,0.24480519,-0.033432726,-0.030715806,4,1.0,late
trace_00292,commonsense_004,commonsense_multihop,llama3.2:latest,medium,incorrect,commonsense_004__temp_0p5__trial_02,2,0.5,0p5,0,1,The phone's battery capacity may have been reduced due to repeated charge cycles.,Overcharging can cause battery degradation and reduce its overall capacity.,0.25745472,0.96629035,3,0.010881125,0.026567543,0.18981603,0.0077575007,0.07418119,0.016278053,-0.1655638,0.08545504,3,0.3333333333333333,early
trace_00292,commonsense_004,commonsense_multihop,llama3.2:latest,medium,incorrect,commonsense_004__temp_0p5__trial_02,2,0.5,0p5,1,2,Overcharging can cause battery degradation and reduce its overall capacity.,"A possible explanation could be that the phone was fully charged overnight, but then began draining rapidly as soon as it was plugged in again.",0.23967813,0.97085243,0,0.090716004,-0.08333669,-0.12306443,0.07435813,-0.014493509,0.21181062,0.13542995,-0.08955954,3,0.6666666666666666,middle
trace_00292,commonsense_004,commonsense_multihop,llama3.2:latest,medium,incorrect,commonsense_004__temp_0p5__trial_02,2,0.5,0p5,2,3,"A possible explanation could be that the phone was fully charged overnight, but then began draining rapidly as soon as it was plugged in again.",This rapid discharge could be caused by a faulty charger or an issue with the phone's charging circuitry.,0.16709451,0.98594093,1,0.028955657,0.20460543,-0.030693538,-0.11787295,-0.1502359,-0.23530957,0.016611656,0.045088947,3,1.0,late
trace_00293,commonsense_004,commonsense_multihop,llama3.2:latest,medium,incorrect,commonsense_004__temp_0p5__trial_03,3,0.5,0p5,0,1,The phone's battery capacity may have been reduced over time due to manufacturing defects or wear and tear.,The charger used for the phone might not be capable of delivering sufficient power to charge the battery efficiently.,0.21212095,0.97724336,0,0.06408513,-0.11269341,0.020295385,-0.1290637,-0.11748028,-0.012916135,-0.034611866,0.03732621,4,0.25,early
trace_00293,commonsense_004,commonsense_multihop,llama3.2:latest,medium,incorrect,commonsense_004__temp_0p5__trial_03,3,0.5,0p5,1,2,The charger used for the phone might not be capable of delivering sufficient power to charge the battery efficiently.,"The temperature inside where the phone was left overnight could have affected its performance, with high temperatures reducing battery life.",0.30019042,0.95387924,3,0.18911009,-0.019467626,0.08103535,0.23006845,0.14728685,0.19362193,-0.05554358,-0.07387843,4,0.5,middle
trace_00293,commonsense_004,commonsense_multihop,llama3.2:latest,medium,incorrect,commonsense_004__temp_0p5__trial_03,3,0.5,0p5,2,3,"The temperature inside where the phone was left overnight could have affected its performance, with high temperatures reducing battery life.",A faulty charging circuit within the phone's battery management system may have caused inefficiencies in charging.,0.26937056,0.9630366,1,-0.21241574,0.09160372,-0.06706085,-0.171878,-0.17446905,-0.17200902,0.059965193,0.02530443,4,0.75,late
trace_00293,commonsense_004,commonsense_multihop,llama3.2:latest,medium,incorrect,commonsense_004__temp_0p5__trial_03,3,0.5,0p5,3,4,A faulty charging circuit within the phone's battery management system may have caused inefficiencies in charging.,Environmental factors such as humidity or exposure to moisture might have accelerated degradation of the battery.,0.24305846,0.97001165,3,0.0073293624,-0.029602349,0.1389576,0.048521105,0.1071898,0.08736992,-0.011668642,-0.0096833315,4,1.0,late
trace_00294,commonsense_004,commonsense_multihop,llama3.2:latest,medium,correct,commonsense_004__temp_0p5__trial_04,4,0.5,0p5,0,1,The phone's battery level was likely measured before the night.,The phone was plugged into a charger overnight.,0.12854466,0.99170375,4,0.0047438946,-0.07065309,-0.08207708,0.073569015,0.06522269,0.0047388,-0.074940175,0.05910051,4,0.25,early
trace_00294,commonsense_004,commonsense_multihop,llama3.2:latest,medium,correct,commonsense_004__temp_0p5__trial_04,4,0.5,0p5,1,2,The phone was plugged into a charger overnight.,"If the charger was not functioning correctly or the cable was damaged, it may have drawn less power than expected.",0.08223664,0.9966129,1,-0.083015345,0.032966238,0.03523991,-0.08626698,-0.12546995,-0.10624982,0.077043906,0.058014542,4,0.5,middle
trace_00294,commonsense_004,commonsense_multihop,llama3.2:latest,medium,correct,commonsense_004__temp_0p5__trial_04,4,0.5,0p5,2,3,"If the charger was not functioning correctly or the cable was damaged, it may have drawn less power than expected.","Alternatively, if the phone's internal temperature regulation system failed to activate during charging, it could have caused excessive heat buildup and reduced battery capacity.",0.25610185,0.96664983,3,0.03256155,0.10873799,-0.1011112,0.024708508,0.0715732,0.082634784,-0.04828396,-0.066443354,4,0.75,late
trace_00294,commonsense_004,commonsense_multihop,llama3.2:latest,medium,correct,commonsense_004__temp_0p5__trial_04,4,0.5,0p5,3,4,"Alternatively, if the phone's internal temperature regulation system failed to activate during charging, it could have caused excessive heat buildup and reduced battery capacity.",Another possibility is that the phone's software was detecting low battery levels and limiting the amount of charge being received.,0.2989165,0.9542793,1,0.036867652,-0.09259505,-0.0051647304,-0.034061894,-0.14423673,-0.20070264,0.06366964,0.091428846,4,1.0,late
trace_00295,commonsense_004,commonsense_multihop,llama3.2:latest,medium,incorrect,commonsense_004__temp_0p5__trial_05,5,0.5,0p5,0,1,The phone's battery may have been damaged during the manufacturing process.,The phone's battery may be old or nearing its expiration date.,0.1075988,0.9941944,4,0.24775508,-0.13424349,-0.09125562,-0.027492575,-0.00031838723,-0.06918646,-0.04852443,0.13849638,7,0.14285714285714285,early
trace_00295,commonsense_004,commonsense_multihop,llama3.2:latest,medium,incorrect,commonsense_004__temp_0p5__trial_05,5,0.5,0p5,1,2,The phone's battery may be old or nearing its expiration date.,The phone may have been exposed to physical stress or impact that affected the battery.,0.18124534,0.98343796,1,-0.12605779,0.20629866,0.008134792,0.02630139,-0.090224445,-0.049775768,-0.1061779,-0.24920431,7,0.2857142857142857,early
trace_00295,commonsense_004,commonsense_multihop,llama3.2:latest,medium,incorrect,commonsense_004__temp_0p5__trial_05,5,0.5,0p5,2,3,The phone may have been exposed to physical stress or impact that affected the battery.,The charger used by the phone may not be compatible with the phone's charging port.,0.2594958,0.96574426,0,-0.0017047102,-0.16771409,0.03039448,-0.086988315,-0.006302714,-0.015485144,-0.017907232,0.14526638,7,0.42857142857142855,middle
trace_00295,commonsense_004,commonsense_multihop,llama3.2:latest,medium,incorrect,commonsense_004__temp_0p5__trial_05,5,0.5,0p5,3,4,The charger used by the phone may not be compatible with the phone's charging port.,The charger itself may be faulty or damaged.,0.19176714,0.9814404,3,0.013439253,0.061351806,0.013667759,0.021759575,-0.0023191911,0.11286072,0.097032025,0.06157161,7,0.5714285714285714,middle
trace_00295,commonsense_004,commonsense_multihop,llama3.2:latest,medium,incorrect,commonsense_004__temp_0p5__trial_05,5,0.5,0p5,4,5,The charger itself may be faulty or damaged.,The phone's software may be causing it to drain the battery unnecessarily.,0.14040783,0.99009377,3,0.028726358,-0.06690447,0.07017312,0.10136407,0.034965165,-0.1035426,-0.018806186,-0.035952218,7,0.7142857142857143,late
trace_00295,commonsense_004,commonsense_multihop,llama3.2:latest,medium,incorrect,commonsense_004__temp_0p5__trial_05,5,0.5,0p5,5,6,The phone's software may be causing it to drain the battery unnecessarily.,"The phone's display settings, such as brightness and screen timeout, may be set too high for the battery life.",0.112628356,0.99363714,3,0.23658353,0.16438219,-0.05232836,-0.03171428,-0.0008549441,0.0468425,0.07584364,-0.022702169,7,0.8571428571428571,late
trace_00295,commonsense_004,commonsense_multihop,llama3.2:latest,medium,incorrect,commonsense_004__temp_0p5__trial_05,5,0.5,0p5,6,7,"The phone's display settings, such as brightness and screen timeout, may be set too high for the battery life.",The ambient temperature of the environment where the phone was left charging may have affected the battery's capacity.,0.24543093,0.9694141,0,-0.1463841,-0.14420924,-0.009600945,0.03834364,0.07821194,0.08362258,-0.1848523,-0.08907032,7,1.0,late
trace_00296,commonsense_004,commonsense_multihop,llama3.2:latest,medium,incorrect,commonsense_004__temp_0p8__trial_01,1,0.8,0p8,0,1,Overheating due to prolonged charging,"Discharge during overnight hours (e.g., if the screen was on)",0.1294568,0.991585,3,0.16217816,-0.03950542,0.17080638,-0.009717174,0.028226545,-0.023404146,0.10901748,0.0038479695,5,0.2,early
trace_00296,commonsense_004,commonsense_multihop,llama3.2:latest,medium,incorrect,commonsense_004__temp_0p8__trial_01,1,0.8,0p8,1,2,"Discharge during overnight hours (e.g., if the screen was on)",Battery calibration issue or health problem,0.12699664,0.99190325,1,-0.17429896,0.14580569,-0.09853468,-0.012612141,-0.07794859,0.1347295,0.04193266,-0.022202624,5,0.4,middle
trace_00296,commonsense_004,commonsense_multihop,llama3.2:latest,medium,incorrect,commonsense_004__temp_0p8__trial_01,1,0.8,0p8,2,3,Battery calibration issue or health problem,Faulty charger or charging circuit,0.17777292,0.98407155,1,-0.0006563493,-0.05423089,-0.0987936,-0.046307024,-0.03011405,-0.08155074,-0.067371435,-0.050474968,5,0.6,middle
trace_00296,commonsense_004,commonsense_multihop,llama3.2:latest,medium,incorrect,commonsense_004__temp_0p8__trial_01,1,0.8,0p8,3,4,Faulty charger or charging circuit,A manufacturing defect in the phone's battery,0.13306968,0.9911066,3,0.02721516,0.052276332,-0.021078948,0.054924123,0.02420356,0.046395127,0.10422092,-0.075784385,5,0.8,late
trace_00296,commonsense_004,commonsense_multihop,llama3.2:latest,medium,incorrect,commonsense_004__temp_0p8__trial_01,1,0.8,0p8,4,5,A manufacturing defect in the phone's battery,Environmental factors like high temperature and humidity,0.36726984,0.93011445,3,0.1576865,-0.13823542,0.099015564,0.010536642,-0.018772421,-0.027350945,-0.109016396,0.056796074,5,1.0,late
trace_00297,commonsense_004,commonsense_multihop,llama3.2:latest,medium,incorrect,commonsense_004__temp_0p8__trial_02,2,0.8,0p8,0,1,The charging port might be clogged with dust or debris.,The charger's power output might be lower than expected.,0.11023669,0.9939054,3,-0.035674736,0.0042619435,0.05933293,0.003790761,-0.056717508,-0.029632527,0.016685927,-0.050888535,4,0.25,early
trace_00297,commonsense_004,commonsense_multihop,llama3.2:latest,medium,incorrect,commonsense_004__temp_0p8__trial_02,2,0.8,0p8,1,2,The charger's power output might be lower than expected.,"The phone's internal cooling system could have malfunctioned, causing heat to build up and preventing the battery from charging efficiently.",0.19389021,0.98102325,0,0.055971857,-0.022164492,-0.08139052,-0.02288484,0.042724017,0.017029788,-0.056717724,-0.1640272,4,0.5,middle
trace_00297,commonsense_004,commonsense_multihop,llama3.2:latest,medium,incorrect,commonsense_004__temp_0p8__trial_02,2,0.8,0p8,2,3,"The phone's internal cooling system could have malfunctioned, causing heat to build up and preventing the battery from charging efficiently.",A software issue could be preventing the phone from drawing power correctly.,0.18501958,0.9827348,3,0.061645083,0.16000661,0.00027246104,0.08670757,0.023218174,0.047218353,0.06957348,0.03948507,4,0.75,late
trace_00297,commonsense_004,commonsense_multihop,llama3.2:latest,medium,incorrect,commonsense_004__temp_0p8__trial_02,2,0.8,0p8,3,4,A software issue could be preventing the phone from drawing power correctly.,"The battery itself might be failing or degraded, reducing its capacity.",0.13923152,0.9902598,0,-0.025666578,-0.03616116,0.10084146,-0.13429023,-0.0067492994,-0.039150532,0.06717989,0.07593057,4,1.0,late
trace_00298,commonsense_004,commonsense_multihop,llama3.2:latest,medium,incorrect,commonsense_004__temp_0p8__trial_03,3,0.8,0p8,0,1,The phone's charge level decreased over time.,"Even when plugged into a power source, a phone still consumes power for various components such as the processor, memory, and other circuitry.",0.16306244,0.9866157,0,0.08134275,-0.018678695,0.101820186,-0.009576854,0.10751588,-0.10665948,0.015598842,-0.12453808,3,0.3333333333333333,early
trace_00298,commonsense_004,commonsense_multihop,llama3.2:latest,medium,incorrect,commonsense_004__temp_0p8__trial_03,3,0.8,0p8,1,2,"Even when plugged into a power source, a phone still consumes power for various components such as the processor, memory, and other circuitry.",A significant portion of the initial charge was used to replenish a depleted battery state that developed overnight.,0.09676081,0.9953077,3,0.061434977,-0.1080882,0.07003348,-0.05440956,-0.03041875,0.25410753,0.015387958,0.062381484,3,0.6666666666666666,middle
trace_00298,commonsense_004,commonsense_multihop,llama3.2:latest,medium,incorrect,commonsense_004__temp_0p8__trial_03,3,0.8,0p8,2,3,A significant portion of the initial charge was used to replenish a depleted battery state that developed overnight.,"As a result, the phone's overall charge level decreased further during the night.",0.14396605,0.98958266,3,0.006268185,0.07427847,-0.069004916,0.03445273,-0.07539416,-0.12803161,0.0030309488,-0.04666609,3,1.0,late
trace_00299,commonsense_004,commonsense_multihop,llama3.2:latest,medium,incorrect,commonsense_004__temp_0p8__trial_04,4,0.8,0p8,0,1,Check the charging cable and charger for damage or defects.,Verify that the charger is properly plugged into both the wall outlet and the phone.,0.17490062,0.9845861,1,0.023259725,-0.0767835,-0.11754071,0.038259294,-0.05449963,-0.040937405,-0.049225748,-0.082271405,4,0.25,early
trace_00299,commonsense_004,commonsense_multihop,llama3.2:latest,medium,incorrect,commonsense_004__temp_0p8__trial_04,4,0.8,0p8,1,2,Verify that the charger is properly plugged into both the wall outlet and the phone.,"Ensure the phone's power settings are not set to ""low power"" or ""energy saving"".",0.21682176,0.97621125,3,0.11688362,0.051460717,0.068840146,0.058859613,0.0756857,-0.07727528,0.03943081,0.052287802,4,0.5,middle
trace_00299,commonsense_004,commonsense_multihop,llama3.2:latest,medium,incorrect,commonsense_004__temp_0p8__trial_04,4,0.8,0p8,2,3,"Ensure the phone's power settings are not set to ""low power"" or ""energy saving"".","Consider that the phone's battery percentage might be skewed due to a software issue, such as an incorrect calibration.",0.2059513,0.97856224,1,-0.10522001,0.0730774,0.046136312,0.007742852,-0.0039407103,0.087605536,-0.06650648,-0.08513598,4,0.75,late
trace_00299,commonsense_004,commonsense_multihop,llama3.2:latest,medium,incorrect,commonsense_004__temp_0p8__trial_04,4,0.8,0p8,3,4,"Consider that the phone's battery percentage might be skewed due to a software issue, such as an incorrect calibration.",Check for any apps or background processes consuming excessive energy while charging.,0.1693579,0.98555464,0,0.08084138,-0.03544476,0.038100142,-0.0643758,-0.05108219,-0.05392718,-0.032953244,0.0831743,4,1.0,late
trace_00300,commonsense_004,commonsense_multihop,llama3.2:latest,medium,incorrect,commonsense_004__temp_0p8__trial_05,5,0.8,0p8,0,1,Consider the possibility of a faulty charger or power source.,"Think about potential environmental factors that could affect battery performance, such as extreme temperatures or humidity.",0.19012524,0.98175985,3,0.06875772,0.06880335,0.11577138,0.0017027443,-0.030966362,-0.10537925,-0.08720505,-0.097247966,4,0.25,early
trace_00300,commonsense_004,commonsense_multihop,llama3.2:latest,medium,incorrect,commonsense_004__temp_0p8__trial_05,5,0.8,0p8,1,2,"Think about potential environmental factors that could affect battery performance, such as extreme temperatures or humidity.",Take into account possible software issues with the phone's charging system.,0.24050827,0.97064704,4,0.023693116,-0.07420982,-0.1950853,0.0513848,-0.010576823,0.032151278,0.06927497,0.08527891,4,0.5,middle
trace_00300,commonsense_004,commonsense_multihop,llama3.2:latest,medium,incorrect,commonsense_004__temp_0p8__trial_05,5,0.8,0p8,2,3,Take into account possible software issues with the phone's charging system.,Evaluate if there was any unusual activity or interference near the phone during the night.,0.31937683,0.94762784,3,0.07374117,0.14206594,0.037026413,-0.039354634,-0.023840321,0.14767021,0.016913565,-0.2325978,4,0.75,late
trace_00300,commonsense_004,commonsense_multihop,llama3.2:latest,medium,incorrect,commonsense_004__temp_0p8__trial_05,5,0.8,0p8,3,4,Evaluate if there was any unusual activity or interference near the phone during the night.,Consider whether the battery was at its full capacity before being charged overnight.,0.18786202,0.98219544,4,0.0646835,-0.21609163,0.21608564,-0.03154375,0.15294944,0.06168298,0.02435787,0.08857838,4,1.0,late
