left_trace_id,right_trace_id,left_prompt_id,right_prompt_id,left_family,right_family,left_outcome,right_outcome,same_prompt,same_family,same_outcome,js_divergence,tv_distance
trace_00001,trace_00002,arith_001,arith_001,arithmetic,arithmetic,correct,correct,True,True,True,0.06127812445913278,0.25
trace_00001,trace_00003,arith_001,arith_001,arithmetic,arithmetic,correct,correct,True,True,True,0.1556390622295664,0.25
trace_00001,trace_00004,arith_001,arith_001,arithmetic,arithmetic,correct,correct,True,True,True,0.6556390622295665,0.75
trace_00001,trace_00005,arith_001,arith_001,arithmetic,arithmetic,correct,correct,True,True,True,0.1556390622295664,0.25
trace_00001,trace_00006,arith_001,arith_002,arithmetic,arithmetic,correct,correct,False,True,True,0.32518928103806,0.49999999999999994
trace_00001,trace_00007,arith_001,arith_002,arithmetic,arithmetic,correct,correct,False,True,True,0.1556390622295664,0.25
trace_00001,trace_00008,arith_001,arith_002,arithmetic,arithmetic,correct,correct,False,True,True,0.6556390622295665,0.75
trace_00001,trace_00009,arith_001,arith_002,arithmetic,arithmetic,correct,correct,False,True,True,0.1556390622295664,0.25
trace_00001,trace_00010,arith_001,arith_002,arithmetic,arithmetic,correct,correct,False,True,True,0.1556390622295664,0.25
trace_00001,trace_00011,arith_001,logic_001,arithmetic,symbolic_logic,correct,correct,False,False,True,0.42528358731335336,0.5
trace_00001,trace_00012,arith_001,logic_001,arithmetic,symbolic_logic,correct,incorrect,False,False,False,0.42528358731335336,0.5
trace_00001,trace_00013,arith_001,logic_001,arithmetic,symbolic_logic,correct,correct,False,False,True,0.7126417936566767,0.75
trace_00001,trace_00014,arith_001,logic_001,arithmetic,symbolic_logic,correct,correct,False,False,True,0.1556390622295664,0.25
trace_00001,trace_00015,arith_001,logic_001,arithmetic,symbolic_logic,correct,correct,False,False,True,0.6125474873813833,0.75
trace_00001,trace_00016,arith_001,logic_002,arithmetic,symbolic_logic,correct,correct,False,False,True,0.5954372523105548,0.6666666666666666
trace_00001,trace_00017,arith_001,logic_002,arithmetic,symbolic_logic,correct,incorrect,False,False,False,0.6284905946211771,0.7142857142857143
trace_00001,trace_00018,arith_001,logic_002,arithmetic,symbolic_logic,correct,correct,False,False,True,1.0,1.0
trace_00001,trace_00019,arith_001,logic_002,arithmetic,symbolic_logic,correct,incorrect,False,False,False,1.0,1.0
trace_00001,trace_00020,arith_001,logic_002,arithmetic,symbolic_logic,correct,correct,False,False,True,1.0,1.0
trace_00001,trace_00021,arith_001,temporal_001,arithmetic,temporal_ordering,correct,correct,False,False,True,0.75,0.75
trace_00001,trace_00022,arith_001,temporal_001,arithmetic,temporal_ordering,correct,incorrect,False,False,False,0.4427358919317656,0.5714285714285714
trace_00001,trace_00023,arith_001,temporal_001,arithmetic,temporal_ordering,correct,correct,False,False,True,0.3855059044667445,0.55
trace_00001,trace_00024,arith_001,temporal_001,arithmetic,temporal_ordering,correct,correct,False,False,True,0.23993437832557651,0.41666666666666663
trace_00001,trace_00025,arith_001,temporal_001,arithmetic,temporal_ordering,correct,correct,False,False,True,0.7126417936566767,0.7499999999999999
trace_00001,trace_00026,arith_001,temporal_002,arithmetic,temporal_ordering,correct,correct,False,False,True,1.0,1.0
trace_00001,trace_00027,arith_001,temporal_002,arithmetic,temporal_ordering,correct,correct,False,False,True,1.0,1.0
trace_00001,trace_00028,arith_001,temporal_002,arithmetic,temporal_ordering,correct,correct,False,False,True,0.5,0.5
trace_00001,trace_00029,arith_001,temporal_002,arithmetic,temporal_ordering,correct,correct,False,False,True,0.5954372523105548,0.6666666666666666
trace_00001,trace_00030,arith_001,temporal_002,arithmetic,temporal_ordering,correct,correct,False,False,True,1.0,1.0
trace_00001,trace_00031,arith_001,causal_001,arithmetic,causal_micro_world,correct,incorrect,False,False,False,0.42528358731335336,0.49999999999999994
trace_00001,trace_00032,arith_001,causal_001,arithmetic,causal_micro_world,correct,incorrect,False,False,False,0.13792538097003013,0.24999999999999997
trace_00001,trace_00033,arith_001,causal_001,arithmetic,causal_micro_world,correct,correct,False,False,True,0.40563906222956636,0.5
trace_00001,trace_00034,arith_001,causal_001,arithmetic,causal_micro_world,correct,incorrect,False,False,False,0.3112781244591328,0.5
trace_00001,trace_00035,arith_001,causal_001,arithmetic,causal_micro_world,correct,incorrect,False,False,False,0.5,0.5
trace_00001,trace_00036,arith_001,causal_002,arithmetic,causal_micro_world,correct,incorrect,False,False,False,0.75,0.75
trace_00001,trace_00037,arith_001,causal_002,arithmetic,causal_micro_world,correct,incorrect,False,False,False,0.4749156875380792,0.6
trace_00001,trace_00038,arith_001,causal_002,arithmetic,causal_micro_world,correct,correct,False,False,True,0.42528358731335336,0.5
trace_00001,trace_00039,arith_001,causal_002,arithmetic,causal_micro_world,correct,correct,False,False,True,0.7126417936566767,0.75
trace_00001,trace_00040,arith_001,causal_002,arithmetic,causal_micro_world,correct,correct,False,False,True,0.40563906222956636,0.5
trace_00001,trace_00041,arith_001,commonsense_001,arithmetic,commonsense_multihop,correct,incorrect,False,False,False,0.40556594108227295,0.55
trace_00001,trace_00042,arith_001,commonsense_001,arithmetic,commonsense_multihop,correct,incorrect,False,False,False,0.22036732006063825,0.35714285714285715
trace_00001,trace_00043,arith_001,commonsense_001,arithmetic,commonsense_multihop,correct,incorrect,False,False,False,0.3112781244591328,0.5
trace_00001,trace_00044,arith_001,commonsense_001,arithmetic,commonsense_multihop,correct,incorrect,False,False,False,0.3421214458950057,0.5833333333333333
trace_00001,trace_00045,arith_001,commonsense_001,arithmetic,commonsense_multihop,correct,incorrect,False,False,False,0.3421214458950057,0.5833333333333333
trace_00001,trace_00046,arith_001,commonsense_002,arithmetic,commonsense_multihop,correct,correct,False,False,True,0.6556390622295665,0.75
trace_00001,trace_00047,arith_001,commonsense_002,arithmetic,commonsense_multihop,correct,correct,False,False,True,0.40563906222956636,0.5
trace_00001,trace_00048,arith_001,commonsense_002,arithmetic,commonsense_multihop,correct,incorrect,False,False,False,0.32646585554755214,0.55
trace_00001,trace_00049,arith_001,commonsense_002,arithmetic,commonsense_multihop,correct,correct,False,False,True,0.3080790459672315,0.41666666666666663
trace_00001,trace_00050,arith_001,commonsense_002,arithmetic,commonsense_multihop,correct,uncertain,False,False,False,0.3931558784658322,0.49999999999999994
trace_00002,trace_00003,arith_001,arith_001,arithmetic,arithmetic,correct,correct,True,True,True,0.1556390622295664,0.25
trace_00002,trace_00004,arith_001,arith_001,arithmetic,arithmetic,correct,correct,True,True,True,0.5,0.5
trace_00002,trace_00005,arith_001,arith_001,arithmetic,arithmetic,correct,correct,True,True,True,0.1556390622295664,0.25
trace_00002,trace_00006,arith_001,arith_002,arithmetic,arithmetic,correct,correct,False,True,True,0.20798473969193815,0.41666666666666663
trace_00002,trace_00007,arith_001,arith_002,arithmetic,arithmetic,correct,correct,False,True,True,0.1556390622295664,0.25
trace_00002,trace_00008,arith_001,arith_002,arithmetic,arithmetic,correct,correct,False,True,True,0.5,0.5
trace_00002,trace_00009,arith_001,arith_002,arithmetic,arithmetic,correct,correct,False,True,True,0.1556390622295664,0.25
trace_00002,trace_00010,arith_001,arith_002,arithmetic,arithmetic,correct,correct,False,True,True,0.1556390622295664,0.25
trace_00002,trace_00011,arith_001,logic_001,arithmetic,symbolic_logic,correct,correct,False,False,True,0.3080790459672315,0.41666666666666663
trace_00002,trace_00012,arith_001,logic_001,arithmetic,symbolic_logic,correct,incorrect,False,False,False,0.3080790459672315,0.41666666666666663
trace_00002,trace_00013,arith_001,logic_001,arithmetic,symbolic_logic,correct,correct,False,False,True,0.5954372523105549,0.6666666666666666
trace_00002,trace_00014,arith_001,logic_001,arithmetic,symbolic_logic,correct,correct,False,False,True,0.1556390622295664,0.25
trace_00002,trace_00015,arith_001,logic_001,arithmetic,symbolic_logic,correct,correct,False,False,True,0.42528358731335336,0.5
trace_00002,trace_00016,arith_001,logic_002,arithmetic,symbolic_logic,correct,correct,False,False,True,0.7126417936566767,0.7499999999999999
trace_00002,trace_00017,arith_001,logic_002,arithmetic,symbolic_logic,correct,incorrect,False,False,False,0.7330022414334902,0.75
trace_00002,trace_00018,arith_001,logic_002,arithmetic,symbolic_logic,correct,correct,False,False,True,1.0,1.0
trace_00002,trace_00019,arith_001,logic_002,arithmetic,symbolic_logic,correct,incorrect,False,False,False,1.0,1.0
trace_00002,trace_00020,arith_001,logic_002,arithmetic,symbolic_logic,correct,correct,False,False,True,1.0,1.0
trace_00002,trace_00021,arith_001,temporal_001,arithmetic,temporal_ordering,correct,correct,False,False,True,0.6556390622295665,0.75
trace_00002,trace_00022,arith_001,temporal_001,arithmetic,temporal_ordering,correct,incorrect,False,False,False,0.48736507862714806,0.6071428571428571
trace_00002,trace_00023,arith_001,temporal_001,arithmetic,temporal_ordering,correct,correct,False,False,True,0.4646059900014654,0.55
trace_00002,trace_00024,arith_001,temporal_001,arithmetic,temporal_ordering,correct,correct,False,False,True,0.2399343783255765,0.41666666666666663
trace_00002,trace_00025,arith_001,temporal_001,arithmetic,temporal_ordering,correct,correct,False,False,True,0.7126417936566767,0.7499999999999999
trace_00002,trace_00026,arith_001,temporal_002,arithmetic,temporal_ordering,correct,correct,False,False,True,1.0,1.0
trace_00002,trace_00027,arith_001,temporal_002,arithmetic,temporal_ordering,correct,correct,False,False,True,1.0,0.9999999999999999
trace_00002,trace_00028,arith_001,temporal_002,arithmetic,temporal_ordering,correct,correct,False,False,True,0.6556390622295665,0.75
trace_00002,trace_00029,arith_001,temporal_002,arithmetic,temporal_ordering,correct,correct,False,False,True,0.7126417936566767,0.7499999999999999
trace_00002,trace_00030,arith_001,temporal_002,arithmetic,temporal_ordering,correct,correct,False,False,True,1.0,1.0
trace_00002,trace_00031,arith_001,causal_001,arithmetic,causal_micro_world,correct,incorrect,False,False,False,0.6125474873813833,0.75
trace_00002,trace_00032,arith_001,causal_001,arithmetic,causal_micro_world,correct,incorrect,False,False,False,0.32518928103806,0.5
trace_00002,trace_00033,arith_001,causal_001,arithmetic,causal_micro_world,correct,correct,False,False,True,0.5,0.5
trace_00002,trace_00034,arith_001,causal_001,arithmetic,causal_micro_world,correct,incorrect,False,False,False,0.5487949406953987,0.75
trace_00002,trace_00035,arith_001,causal_001,arithmetic,causal_micro_world,correct,incorrect,False,False,False,0.6556390622295665,0.75
trace_00002,trace_00036,arith_001,causal_002,arithmetic,causal_micro_world,correct,incorrect,False,False,False,0.6556390622295665,0.75
trace_00002,trace_00037,arith_001,causal_002,arithmetic,causal_micro_world,correct,incorrect,False,False,False,0.4749156875380792,0.6
trace_00002,trace_00038,arith_001,causal_002,arithmetic,causal_micro_world,correct,correct,False,False,True,0.3080790459672315,0.41666666666666663
trace_00002,trace_00039,arith_001,causal_002,arithmetic,causal_micro_world,correct,correct,False,False,True,0.5954372523105548,0.6666666666666666
trace_00002,trace_00040,arith_001,causal_002,arithmetic,causal_micro_world,correct,correct,False,False,True,0.5,0.5
trace_00002,trace_00041,arith_001,commonsense_001,arithmetic,commonsense_multihop,correct,incorrect,False,False,False,0.32646585554755214,0.55
trace_00002,trace_00042,arith_001,commonsense_001,arithmetic,commonsense_multihop,correct,incorrect,False,False,False,0.17573813336525584,0.32142857142857145
trace_00002,trace_00043,arith_001,commonsense_001,arithmetic,commonsense_multihop,correct,incorrect,False,False,False,0.40563906222956636,0.5
trace_00002,trace_00044,arith_001,commonsense_001,arithmetic,commonsense_multihop,correct,incorrect,False,False,False,0.4102661135366607,0.5833333333333333
trace_00002,trace_00045,arith_001,commonsense_001,arithmetic,commonsense_multihop,correct,incorrect,False,False,False,0.4102661135366607,0.5833333333333333
trace_00002,trace_00046,arith_001,commonsense_002,arithmetic,commonsense_multihop,correct,correct,False,False,True,0.6556390622295665,0.75
trace_00002,trace_00047,arith_001,commonsense_002,arithmetic,commonsense_multihop,correct,correct,False,False,True,0.5,0.5
trace_00002,trace_00048,arith_001,commonsense_002,arithmetic,commonsense_multihop,correct,incorrect,False,False,False,0.40556594108227295,0.55
trace_00002,trace_00049,arith_001,commonsense_002,arithmetic,commonsense_multihop,correct,correct,False,False,True,0.42528358731335336,0.4999999999999999
trace_00002,trace_00050,arith_001,commonsense_002,arithmetic,commonsense_multihop,correct,uncertain,False,False,False,0.5103604198119541,0.5833333333333333
trace_00003,trace_00004,arith_001,arith_001,arithmetic,arithmetic,correct,correct,True,True,True,0.5,0.5
trace_00003,trace_00005,arith_001,arith_001,arithmetic,arithmetic,correct,correct,True,True,True,0.0,0.0
trace_00003,trace_00006,arith_001,arith_002,arithmetic,arithmetic,correct,correct,False,True,True,0.5954372523105548,0.6666666666666667
trace_00003,trace_00007,arith_001,arith_002,arithmetic,arithmetic,correct,correct,False,True,True,0.0,0.0
trace_00003,trace_00008,arith_001,arith_002,arithmetic,arithmetic,correct,correct,False,True,True,0.5,0.5
trace_00003,trace_00009,arith_001,arith_002,arithmetic,arithmetic,correct,correct,False,True,True,0.0,0.0
trace_00003,trace_00010,arith_001,arith_002,arithmetic,arithmetic,correct,correct,False,True,True,0.0,0.0
trace_00003,trace_00011,arith_001,logic_001,arithmetic,symbolic_logic,correct,correct,False,False,True,0.5954372523105549,0.6666666666666666
trace_00003,trace_00012,arith_001,logic_001,arithmetic,symbolic_logic,correct,incorrect,False,False,False,0.5954372523105549,0.6666666666666666
trace_00003,trace_00013,arith_001,logic_001,arithmetic,symbolic_logic,correct,correct,False,False,True,0.5954372523105549,0.6666666666666666
trace_00003,trace_00014,arith_001,logic_001,arithmetic,symbolic_logic,correct,correct,False,False,True,0.3112781244591328,0.5
trace_00003,trace_00015,arith_001,logic_001,arithmetic,symbolic_logic,correct,correct,False,False,True,0.42528358731335336,0.5
trace_00003,trace_00016,arith_001,logic_002,arithmetic,symbolic_logic,correct,correct,False,False,True,0.5954372523105548,0.6666666666666666
trace_00003,trace_00017,arith_001,logic_002,arithmetic,symbolic_logic,correct,incorrect,False,False,False,0.6284905946211771,0.7142857142857144
trace_00003,trace_00018,arith_001,logic_002,arithmetic,symbolic_logic,correct,correct,False,False,True,1.0,1.0
trace_00003,trace_00019,arith_001,logic_002,arithmetic,symbolic_logic,correct,incorrect,False,False,False,1.0,1.0
trace_00003,trace_00020,arith_001,logic_002,arithmetic,symbolic_logic,correct,correct,False,False,True,1.0,1.0
trace_00003,trace_00021,arith_001,temporal_001,arithmetic,temporal_ordering,correct,correct,False,False,True,0.6556390622295665,0.75
trace_00003,trace_00022,arith_001,temporal_001,arithmetic,temporal_ordering,correct,incorrect,False,False,False,0.38285343181483494,0.5714285714285714
trace_00003,trace_00023,arith_001,temporal_001,arithmetic,temporal_ordering,correct,correct,False,False,True,0.6979078010016793,0.8
trace_00003,trace_00024,arith_001,temporal_001,arithmetic,temporal_ordering,correct,correct,False,False,True,0.4591479170272448,0.6666666666666666
trace_00003,trace_00025,arith_001,temporal_001,arithmetic,temporal_ordering,correct,correct,False,False,True,1.0,0.9999999999999999
trace_00003,trace_00026,arith_001,temporal_002,arithmetic,temporal_ordering,correct,correct,False,False,True,1.0,1.0
trace_00003,trace_00027,arith_001,temporal_002,arithmetic,temporal_ordering,correct,correct,False,False,True,1.0,0.9999999999999999
trace_00003,trace_00028,arith_001,temporal_002,arithmetic,temporal_ordering,correct,correct,False,False,True,0.5,0.5
trace_00003,trace_00029,arith_001,temporal_002,arithmetic,temporal_ordering,correct,correct,False,False,True,0.5954372523105548,0.6666666666666666
trace_00003,trace_00030,arith_001,temporal_002,arithmetic,temporal_ordering,correct,correct,False,False,True,1.0,1.0
trace_00003,trace_00031,arith_001,causal_001,arithmetic,causal_micro_world,correct,incorrect,False,False,False,0.42528358731335336,0.49999999999999994
trace_00003,trace_00032,arith_001,causal_001,arithmetic,causal_micro_world,correct,incorrect,False,False,False,0.42528358731335336,0.5
trace_00003,trace_00033,arith_001,causal_001,arithmetic,causal_micro_world,correct,correct,False,False,True,0.6556390622295665,0.75
trace_00003,trace_00034,arith_001,causal_001,arithmetic,causal_micro_world,correct,incorrect,False,False,False,0.3112781244591328,0.5
trace_00003,trace_00035,arith_001,causal_001,arithmetic,causal_micro_world,correct,incorrect,False,False,False,0.5,0.5
trace_00003,trace_00036,arith_001,causal_002,arithmetic,causal_micro_world,correct,incorrect,False,False,False,0.6556390622295665,0.75
trace_00003,trace_00037,arith_001,causal_002,arithmetic,causal_micro_world,correct,incorrect,False,False,False,0.3958156020033583,0.6
trace_00003,trace_00038,arith_001,causal_002,arithmetic,causal_micro_world,correct,correct,False,False,True,0.5954372523105549,0.6666666666666666
trace_00003,trace_00039,arith_001,causal_002,arithmetic,causal_micro_world,correct,correct,False,False,True,0.5954372523105548,0.6666666666666666
trace_00003,trace_00040,arith_001,causal_002,arithmetic,causal_micro_world,correct,correct,False,False,True,0.6556390622295665,0.75
trace_00003,trace_00041,arith_001,commonsense_001,arithmetic,commonsense_multihop,correct,incorrect,False,False,False,0.6979078010016792,0.8
trace_00003,trace_00042,arith_001,commonsense_001,arithmetic,commonsense_multihop,correct,incorrect,False,False,False,0.38285343181483494,0.5714285714285714
trace_00003,trace_00043,arith_001,commonsense_001,arithmetic,commonsense_multihop,correct,incorrect,False,False,False,0.6556390622295665,0.75
trace_00003,trace_00044,arith_001,commonsense_001,arithmetic,commonsense_multihop,correct,incorrect,False,False,False,0.7295739585136223,0.8333333333333333
trace_00003,trace_00045,arith_001,commonsense_001,arithmetic,commonsense_multihop,correct,incorrect,False,False,False,0.7295739585136223,0.8333333333333333
trace_00003,trace_00046,arith_001,commonsense_002,arithmetic,commonsense_multihop,correct,correct,False,False,True,1.0,1.0
trace_00003,trace_00047,arith_001,commonsense_002,arithmetic,commonsense_multihop,correct,correct,False,False,True,0.6556390622295665,0.75
trace_00003,trace_00048,arith_001,commonsense_002,arithmetic,commonsense_multihop,correct,incorrect,False,False,False,0.6979078010016792,0.8
trace_00003,trace_00049,arith_001,commonsense_002,arithmetic,commonsense_multihop,correct,correct,False,False,True,0.5954372523105549,0.6666666666666666
trace_00003,trace_00050,arith_001,commonsense_002,arithmetic,commonsense_multihop,correct,uncertain,False,False,False,0.5954372523105549,0.6666666666666666
trace_00004,trace_00005,arith_001,arith_001,arithmetic,arithmetic,correct,correct,True,True,True,0.5,0.5
trace_00004,trace_00006,arith_001,arith_002,arithmetic,arithmetic,correct,correct,False,True,True,0.5954372523105548,0.6666666666666667
trace_00004,trace_00007,arith_001,arith_002,arithmetic,arithmetic,correct,correct,False,True,True,0.5,0.5
trace_00004,trace_00008,arith_001,arith_002,arithmetic,arithmetic,correct,correct,False,True,True,0.5,0.5
trace_00004,trace_00009,arith_001,arith_002,arithmetic,arithmetic,correct,correct,False,True,True,0.5,0.5
trace_00004,trace_00010,arith_001,arith_002,arithmetic,arithmetic,correct,correct,False,True,True,0.5,0.5
trace_00004,trace_00011,arith_001,logic_001,arithmetic,symbolic_logic,correct,correct,False,False,True,0.1908745046211096,0.33333333333333337
trace_00004,trace_00012,arith_001,logic_001,arithmetic,symbolic_logic,correct,incorrect,False,False,False,0.1908745046211096,0.33333333333333337
trace_00004,trace_00013,arith_001,logic_001,arithmetic,symbolic_logic,correct,correct,False,False,True,0.1908745046211096,0.33333333333333337
trace_00004,trace_00014,arith_001,logic_001,arithmetic,symbolic_logic,correct,correct,False,False,True,0.6556390622295665,0.75
trace_00004,trace_00015,arith_001,logic_001,arithmetic,symbolic_logic,correct,correct,False,False,True,0.42528358731335336,0.5
trace_00004,trace_00016,arith_001,logic_002,arithmetic,symbolic_logic,correct,correct,False,False,True,0.5954372523105549,0.6666666666666666
trace_00004,trace_00017,arith_001,logic_002,arithmetic,symbolic_logic,correct,incorrect,False,False,False,0.537697968674856,0.5714285714285714
trace_00004,trace_00018,arith_001,logic_002,arithmetic,symbolic_logic,correct,correct,False,False,True,0.5,0.5
trace_00004,trace_00019,arith_001,logic_002,arithmetic,symbolic_logic,correct,incorrect,False,False,False,0.5,0.5
trace_00004,trace_00020,arith_001,logic_002,arithmetic,symbolic_logic,correct,correct,False,False,True,0.5954372523105548,0.6666666666666667
trace_00004,trace_00021,arith_001,temporal_001,arithmetic,temporal_ordering,correct,correct,False,False,True,0.1556390622295664,0.25
trace_00004,trace_00022,arith_001,temporal_001,arithmetic,temporal_ordering,correct,incorrect,False,False,False,0.38285343181483494,0.5714285714285714
trace_00004,trace_00023,arith_001,temporal_001,arithmetic,temporal_ordering,correct,correct,False,False,True,0.6979078010016793,0.8
trace_00004,trace_00024,arith_001,temporal_001,arithmetic,temporal_ordering,correct,correct,False,False,True,0.4591479170272448,0.6666666666666666
trace_00004,trace_00025,arith_001,temporal_001,arithmetic,temporal_ordering,correct,correct,False,False,True,0.5954372523105549,0.6666666666666666
trace_00004,trace_00026,arith_001,temporal_002,arithmetic,temporal_ordering,correct,correct,False,False,True,0.5,0.5
trace_00004,trace_00027,arith_001,temporal_002,arithmetic,temporal_ordering,correct,correct,False,False,True,0.42528358731335336,0.5
trace_00004,trace_00028,arith_001,temporal_002,arithmetic,temporal_ordering,correct,correct,False,False,True,1.0,1.0
trace_00004,trace_00029,arith_001,temporal_002,arithmetic,temporal_ordering,correct,correct,False,False,True,0.5954372523105549,0.6666666666666666
trace_00004,trace_00030,arith_001,temporal_002,arithmetic,temporal_ordering,correct,correct,False,False,True,0.5689626904850149,0.625
trace_00004,trace_00031,arith_001,causal_001,arithmetic,causal_micro_world,correct,incorrect,False,False,False,1.0,1.0
trace_00004,trace_00032,arith_001,causal_001,arithmetic,causal_micro_world,correct,incorrect,False,False,False,1.0,0.9999999999999999
trace_00004,trace_00033,arith_001,causal_001,arithmetic,causal_micro_world,correct,correct,False,False,True,0.6556390622295665,0.75
trace_00004,trace_00034,arith_001,causal_001,arithmetic,causal_micro_world,correct,incorrect,False,False,False,1.0,1.0
trace_00004,trace_00035,arith_001,causal_001,arithmetic,causal_micro_world,correct,incorrect,False,False,False,1.0,1.0
trace_00004,trace_00036,arith_001,causal_002,arithmetic,causal_micro_world,correct,incorrect,False,False,False,0.1556390622295664,0.25
trace_00004,trace_00037,arith_001,causal_002,arithmetic,causal_micro_world,correct,incorrect,False,False,False,0.2519235740744792,0.4
trace_00004,trace_00038,arith_001,causal_002,arithmetic,causal_micro_world,correct,correct,False,False,True,0.5954372523105549,0.6666666666666666
trace_00004,trace_00039,arith_001,causal_002,arithmetic,causal_micro_world,correct,correct,False,False,True,0.020720839623908215,0.16666666666666666
trace_00004,trace_00040,arith_001,causal_002,arithmetic,causal_micro_world,correct,correct,False,False,True,0.6556390622295665,0.75
trace_00004,trace_00041,arith_001,commonsense_001,arithmetic,commonsense_multihop,correct,incorrect,False,False,False,0.3958156020033583,0.6
trace_00004,trace_00042,arith_001,commonsense_001,arithmetic,commonsense_multihop,correct,incorrect,False,False,False,0.38285343181483494,0.5714285714285714
trace_00004,trace_00043,arith_001,commonsense_001,arithmetic,commonsense_multihop,correct,incorrect,False,False,False,1.0,1.0
trace_00004,trace_00044,arith_001,commonsense_001,arithmetic,commonsense_multihop,correct,incorrect,False,False,False,0.7295739585136223,0.8333333333333333
trace_00004,trace_00045,arith_001,commonsense_001,arithmetic,commonsense_multihop,correct,incorrect,False,False,False,0.7295739585136223,0.8333333333333333
trace_00004,trace_00046,arith_001,commonsense_002,arithmetic,commonsense_multihop,correct,correct,False,False,True,0.6556390622295665,0.75
trace_00004,trace_00047,arith_001,commonsense_002,arithmetic,commonsense_multihop,correct,correct,False,False,True,0.6556390622295665,0.75
trace_00004,trace_00048,arith_001,commonsense_002,arithmetic,commonsense_multihop,correct,incorrect,False,False,False,0.6979078010016792,0.8
trace_00004,trace_00049,arith_001,commonsense_002,arithmetic,commonsense_multihop,correct,correct,False,False,True,0.5954372523105549,0.6666666666666666
trace_00004,trace_00050,arith_001,commonsense_002,arithmetic,commonsense_multihop,correct,uncertain,False,False,False,0.5954372523105548,0.6666666666666667
trace_00005,trace_00006,arith_001,arith_002,arithmetic,arithmetic,correct,correct,False,True,True,0.5954372523105548,0.6666666666666667
trace_00005,trace_00007,arith_001,arith_002,arithmetic,arithmetic,correct,correct,False,True,True,0.0,0.0
trace_00005,trace_00008,arith_001,arith_002,arithmetic,arithmetic,correct,correct,False,True,True,0.5,0.5
trace_00005,trace_00009,arith_001,arith_002,arithmetic,arithmetic,correct,correct,False,True,True,0.0,0.0
trace_00005,trace_00010,arith_001,arith_002,arithmetic,arithmetic,correct,correct,False,True,True,0.0,0.0
trace_00005,trace_00011,arith_001,logic_001,arithmetic,symbolic_logic,correct,correct,False,False,True,0.5954372523105549,0.6666666666666666
trace_00005,trace_00012,arith_001,logic_001,arithmetic,symbolic_logic,correct,incorrect,False,False,False,0.5954372523105549,0.6666666666666666
trace_00005,trace_00013,arith_001,logic_001,arithmetic,symbolic_logic,correct,correct,False,False,True,0.5954372523105549,0.6666666666666666
trace_00005,trace_00014,arith_001,logic_001,arithmetic,symbolic_logic,correct,correct,False,False,True,0.3112781244591328,0.5
trace_00005,trace_00015,arith_001,logic_001,arithmetic,symbolic_logic,correct,correct,False,False,True,0.42528358731335336,0.5
trace_00005,trace_00016,arith_001,logic_002,arithmetic,symbolic_logic,correct,correct,False,False,True,0.5954372523105548,0.6666666666666666
trace_00005,trace_00017,arith_001,logic_002,arithmetic,symbolic_logic,correct,incorrect,False,False,False,0.6284905946211771,0.7142857142857144
trace_00005,trace_00018,arith_001,logic_002,arithmetic,symbolic_logic,correct,correct,False,False,True,1.0,1.0
trace_00005,trace_00019,arith_001,logic_002,arithmetic,symbolic_logic,correct,incorrect,False,False,False,1.0,1.0
trace_00005,trace_00020,arith_001,logic_002,arithmetic,symbolic_logic,correct,correct,False,False,True,1.0,1.0
trace_00005,trace_00021,arith_001,temporal_001,arithmetic,temporal_ordering,correct,correct,False,False,True,0.6556390622295665,0.75
trace_00005,trace_00022,arith_001,temporal_001,arithmetic,temporal_ordering,correct,incorrect,False,False,False,0.38285343181483494,0.5714285714285714
trace_00005,trace_00023,arith_001,temporal_001,arithmetic,temporal_ordering,correct,correct,False,False,True,0.6979078010016793,0.8
trace_00005,trace_00024,arith_001,temporal_001,arithmetic,temporal_ordering,correct,correct,False,False,True,0.4591479170272448,0.6666666666666666
trace_00005,trace_00025,arith_001,temporal_001,arithmetic,temporal_ordering,correct,correct,False,False,True,1.0,0.9999999999999999
trace_00005,trace_00026,arith_001,temporal_002,arithmetic,temporal_ordering,correct,correct,False,False,True,1.0,1.0
trace_00005,trace_00027,arith_001,temporal_002,arithmetic,temporal_ordering,correct,correct,False,False,True,1.0,0.9999999999999999
trace_00005,trace_00028,arith_001,temporal_002,arithmetic,temporal_ordering,correct,correct,False,False,True,0.5,0.5
trace_00005,trace_00029,arith_001,temporal_002,arithmetic,temporal_ordering,correct,correct,False,False,True,0.5954372523105548,0.6666666666666666
trace_00005,trace_00030,arith_001,temporal_002,arithmetic,temporal_ordering,correct,correct,False,False,True,1.0,1.0
trace_00005,trace_00031,arith_001,causal_001,arithmetic,causal_micro_world,correct,incorrect,False,False,False,0.42528358731335336,0.49999999999999994
trace_00005,trace_00032,arith_001,causal_001,arithmetic,causal_micro_world,correct,incorrect,False,False,False,0.42528358731335336,0.5
trace_00005,trace_00033,arith_001,causal_001,arithmetic,causal_micro_world,correct,correct,False,False,True,0.6556390622295665,0.75
trace_00005,trace_00034,arith_001,causal_001,arithmetic,causal_micro_world,correct,incorrect,False,False,False,0.3112781244591328,0.5
trace_00005,trace_00035,arith_001,causal_001,arithmetic,causal_micro_world,correct,incorrect,False,False,False,0.5,0.5
trace_00005,trace_00036,arith_001,causal_002,arithmetic,causal_micro_world,correct,incorrect,False,False,False,0.6556390622295665,0.75
trace_00005,trace_00037,arith_001,causal_002,arithmetic,causal_micro_world,correct,incorrect,False,False,False,0.3958156020033583,0.6
trace_00005,trace_00038,arith_001,causal_002,arithmetic,causal_micro_world,correct,correct,False,False,True,0.5954372523105549,0.6666666666666666
trace_00005,trace_00039,arith_001,causal_002,arithmetic,causal_micro_world,correct,correct,False,False,True,0.5954372523105548,0.6666666666666666
trace_00005,trace_00040,arith_001,causal_002,arithmetic,causal_micro_world,correct,correct,False,False,True,0.6556390622295665,0.75
trace_00005,trace_00041,arith_001,commonsense_001,arithmetic,commonsense_multihop,correct,incorrect,False,False,False,0.6979078010016792,0.8
trace_00005,trace_00042,arith_001,commonsense_001,arithmetic,commonsense_multihop,correct,incorrect,False,False,False,0.38285343181483494,0.5714285714285714
trace_00005,trace_00043,arith_001,commonsense_001,arithmetic,commonsense_multihop,correct,incorrect,False,False,False,0.6556390622295665,0.75
trace_00005,trace_00044,arith_001,commonsense_001,arithmetic,commonsense_multihop,correct,incorrect,False,False,False,0.7295739585136223,0.8333333333333333
trace_00005,trace_00045,arith_001,commonsense_001,arithmetic,commonsense_multihop,correct,incorrect,False,False,False,0.7295739585136223,0.8333333333333333
trace_00005,trace_00046,arith_001,commonsense_002,arithmetic,commonsense_multihop,correct,correct,False,False,True,1.0,1.0
trace_00005,trace_00047,arith_001,commonsense_002,arithmetic,commonsense_multihop,correct,correct,False,False,True,0.6556390622295665,0.75
trace_00005,trace_00048,arith_001,commonsense_002,arithmetic,commonsense_multihop,correct,incorrect,False,False,False,0.6979078010016792,0.8
trace_00005,trace_00049,arith_001,commonsense_002,arithmetic,commonsense_multihop,correct,correct,False,False,True,0.5954372523105549,0.6666666666666666
trace_00005,trace_00050,arith_001,commonsense_002,arithmetic,commonsense_multihop,correct,uncertain,False,False,False,0.5954372523105549,0.6666666666666666
trace_00006,trace_00007,arith_002,arith_002,arithmetic,arithmetic,correct,correct,True,True,True,0.5954372523105548,0.6666666666666667
trace_00006,trace_00008,arith_002,arith_002,arithmetic,arithmetic,correct,correct,True,True,True,0.5954372523105548,0.6666666666666667
trace_00006,trace_00009,arith_002,arith_002,arithmetic,arithmetic,correct,correct,True,True,True,0.5954372523105548,0.6666666666666667
trace_00006,trace_00010,arith_002,arith_002,arithmetic,arithmetic,correct,correct,True,True,True,0.5954372523105548,0.6666666666666667
trace_00006,trace_00011,arith_002,logic_001,arithmetic,symbolic_logic,correct,correct,False,False,True,0.20751874963942185,0.3333333333333333
trace_00006,trace_00012,arith_002,logic_001,arithmetic,symbolic_logic,correct,incorrect,False,False,False,0.20751874963942185,0.3333333333333333
trace_00006,trace_00013,arith_002,logic_001,arithmetic,symbolic_logic,correct,correct,False,False,True,0.6666666666666666,0.6666666666666666
trace_00006,trace_00014,arith_002,logic_001,arithmetic,symbolic_logic,correct,correct,False,False,True,0.32518928103806,0.49999999999999994
trace_00006,trace_00015,arith_002,logic_001,arithmetic,symbolic_logic,correct,correct,False,False,True,0.5408520829727551,0.6666666666666666
trace_00006,trace_00016,arith_002,logic_002,arithmetic,symbolic_logic,correct,correct,False,False,True,1.0,1.0
trace_00006,trace_00017,arith_002,logic_002,arithmetic,symbolic_logic,correct,incorrect,False,False,False,1.0,0.9999999999999998
trace_00006,trace_00018,arith_002,logic_002,arithmetic,symbolic_logic,correct,correct,False,False,True,1.0,1.0
trace_00006,trace_00019,arith_002,logic_002,arithmetic,symbolic_logic,correct,incorrect,False,False,False,1.0,1.0
trace_00006,trace_00020,arith_002,logic_002,arithmetic,symbolic_logic,correct,correct,False,False,True,1.0,1.0
trace_00006,trace_00021,arith_002,temporal_001,arithmetic,temporal_ordering,correct,correct,False,False,True,0.7126417936566767,0.75
trace_00006,trace_00022,arith_002,temporal_001,arithmetic,temporal_ordering,correct,incorrect,False,False,False,0.7901688335165018,0.857142857142857
trace_00006,trace_00023,arith_002,temporal_001,arithmetic,temporal_ordering,correct,correct,False,False,True,0.49096853177335203,0.6
trace_00006,trace_00024,arith_002,temporal_001,arithmetic,temporal_ordering,correct,correct,False,False,True,0.3112781244591328,0.5
trace_00006,trace_00025,arith_002,temporal_001,arithmetic,temporal_ordering,correct,correct,False,False,True,0.5408520829727551,0.6666666666666666
trace_00006,trace_00026,arith_002,temporal_002,arithmetic,temporal_ordering,correct,correct,False,False,True,1.0,1.0
trace_00006,trace_00027,arith_002,temporal_002,arithmetic,temporal_ordering,correct,correct,False,False,True,1.0,1.0
trace_00006,trace_00028,arith_002,temporal_002,arithmetic,temporal_ordering,correct,correct,False,False,True,1.0,1.0
trace_00006,trace_00029,arith_002,temporal_002,arithmetic,temporal_ordering,correct,correct,False,False,True,1.0,1.0
trace_00006,trace_00030,arith_002,temporal_002,arithmetic,temporal_ordering,correct,correct,False,False,True,1.0,1.0
trace_00006,trace_00031,arith_002,causal_001,arithmetic,causal_micro_world,correct,incorrect,False,False,False,1.0,1.0
trace_00006,trace_00032,arith_002,causal_001,arithmetic,causal_micro_world,correct,incorrect,False,False,False,0.5408520829727551,0.6666666666666666
trace_00006,trace_00033,arith_002,causal_001,arithmetic,causal_micro_world,correct,correct,False,False,True,0.6125474873813833,0.75
trace_00006,trace_00034,arith_002,causal_001,arithmetic,causal_micro_world,correct,incorrect,False,False,False,1.0,1.0
trace_00006,trace_00035,arith_002,causal_001,arithmetic,causal_micro_world,correct,incorrect,False,False,False,1.0,1.0
trace_00006,trace_00036,arith_002,causal_002,arithmetic,causal_micro_world,correct,incorrect,False,False,False,0.7126417936566767,0.75
trace_00006,trace_00037,arith_002,causal_002,arithmetic,causal_micro_world,correct,incorrect,False,False,False,0.745484265886676,0.8
trace_00006,trace_00038,arith_002,causal_002,arithmetic,causal_micro_world,correct,correct,False,False,True,0.20751874963942185,0.3333333333333333
trace_00006,trace_00039,arith_002,causal_002,arithmetic,causal_micro_world,correct,correct,False,False,True,0.6666666666666666,0.6666666666666666
trace_00006,trace_00040,arith_002,causal_002,arithmetic,causal_micro_world,correct,correct,False,False,True,0.6125474873813833,0.75
trace_00006,trace_00041,arith_002,commonsense_001,arithmetic,commonsense_multihop,correct,incorrect,False,False,False,0.11341703943421969,0.19999999999999998
trace_00006,trace_00042,arith_002,commonsense_001,arithmetic,commonsense_multihop,correct,incorrect,False,False,False,0.27213631281624073,0.42857142857142855
trace_00006,trace_00043,arith_002,commonsense_001,arithmetic,commonsense_multihop,correct,incorrect,False,False,False,0.42528358731335336,0.49999999999999994
trace_00006,trace_00044,arith_002,commonsense_001,arithmetic,commonsense_multihop,correct,incorrect,False,False,False,0.3333333333333333,0.3333333333333333
trace_00006,trace_00045,arith_002,commonsense_001,arithmetic,commonsense_multihop,correct,incorrect,False,False,False,0.3333333333333333,0.3333333333333333
trace_00006,trace_00046,arith_002,commonsense_002,arithmetic,commonsense_multihop,correct,correct,False,False,True,0.42528358731335336,0.49999999999999994
trace_00006,trace_00047,arith_002,commonsense_002,arithmetic,commonsense_multihop,correct,correct,False,False,True,0.6125474873813833,0.75
trace_00006,trace_00048,arith_002,commonsense_002,arithmetic,commonsense_multihop,correct,incorrect,False,False,False,0.3679327735475437,0.4
trace_00006,trace_00049,arith_002,commonsense_002,arithmetic,commonsense_multihop,correct,correct,False,False,True,0.5408520829727551,0.6666666666666666
trace_00006,trace_00050,arith_002,commonsense_002,arithmetic,commonsense_multihop,correct,uncertain,False,False,False,0.6991966271302656,0.8333333333333333
trace_00007,trace_00008,arith_002,arith_002,arithmetic,arithmetic,correct,correct,True,True,True,0.5,0.5
trace_00007,trace_00009,arith_002,arith_002,arithmetic,arithmetic,correct,correct,True,True,True,0.0,0.0
trace_00007,trace_00010,arith_002,arith_002,arithmetic,arithmetic,correct,correct,True,True,True,0.0,0.0
trace_00007,trace_00011,arith_002,logic_001,arithmetic,symbolic_logic,correct,correct,False,False,True,0.5954372523105549,0.6666666666666666
trace_00007,trace_00012,arith_002,logic_001,arithmetic,symbolic_logic,correct,incorrect,False,False,False,0.5954372523105549,0.6666666666666666
trace_00007,trace_00013,arith_002,logic_001,arithmetic,symbolic_logic,correct,correct,False,False,True,0.5954372523105549,0.6666666666666666
trace_00007,trace_00014,arith_002,logic_001,arithmetic,symbolic_logic,correct,correct,False,False,True,0.3112781244591328,0.5
trace_00007,trace_00015,arith_002,logic_001,arithmetic,symbolic_logic,correct,correct,False,False,True,0.42528358731335336,0.5
trace_00007,trace_00016,arith_002,logic_002,arithmetic,symbolic_logic,correct,correct,False,False,True,0.5954372523105548,0.6666666666666666
trace_00007,trace_00017,arith_002,logic_002,arithmetic,symbolic_logic,correct,incorrect,False,False,False,0.6284905946211771,0.7142857142857144
trace_00007,trace_00018,arith_002,logic_002,arithmetic,symbolic_logic,correct,correct,False,False,True,1.0,1.0
trace_00007,trace_00019,arith_002,logic_002,arithmetic,symbolic_logic,correct,incorrect,False,False,False,1.0,1.0
trace_00007,trace_00020,arith_002,logic_002,arithmetic,symbolic_logic,correct,correct,False,False,True,1.0,1.0
trace_00007,trace_00021,arith_002,temporal_001,arithmetic,temporal_ordering,correct,correct,False,False,True,0.6556390622295665,0.75
trace_00007,trace_00022,arith_002,temporal_001,arithmetic,temporal_ordering,correct,incorrect,False,False,False,0.38285343181483494,0.5714285714285714
trace_00007,trace_00023,arith_002,temporal_001,arithmetic,temporal_ordering,correct,correct,False,False,True,0.6979078010016793,0.8
trace_00007,trace_00024,arith_002,temporal_001,arithmetic,temporal_ordering,correct,correct,False,False,True,0.4591479170272448,0.6666666666666666
trace_00007,trace_00025,arith_002,temporal_001,arithmetic,temporal_ordering,correct,correct,False,False,True,1.0,0.9999999999999999
trace_00007,trace_00026,arith_002,temporal_002,arithmetic,temporal_ordering,correct,correct,False,False,True,1.0,1.0
trace_00007,trace_00027,arith_002,temporal_002,arithmetic,temporal_ordering,correct,correct,False,False,True,1.0,0.9999999999999999
trace_00007,trace_00028,arith_002,temporal_002,arithmetic,temporal_ordering,correct,correct,False,False,True,0.5,0.5
trace_00007,trace_00029,arith_002,temporal_002,arithmetic,temporal_ordering,correct,correct,False,False,True,0.5954372523105548,0.6666666666666666
trace_00007,trace_00030,arith_002,temporal_002,arithmetic,temporal_ordering,correct,correct,False,False,True,1.0,1.0
trace_00007,trace_00031,arith_002,causal_001,arithmetic,causal_micro_world,correct,incorrect,False,False,False,0.42528358731335336,0.49999999999999994
trace_00007,trace_00032,arith_002,causal_001,arithmetic,causal_micro_world,correct,incorrect,False,False,False,0.42528358731335336,0.5
trace_00007,trace_00033,arith_002,causal_001,arithmetic,causal_micro_world,correct,correct,False,False,True,0.6556390622295665,0.75
trace_00007,trace_00034,arith_002,causal_001,arithmetic,causal_micro_world,correct,incorrect,False,False,False,0.3112781244591328,0.5
trace_00007,trace_00035,arith_002,causal_001,arithmetic,causal_micro_world,correct,incorrect,False,False,False,0.5,0.5
trace_00007,trace_00036,arith_002,causal_002,arithmetic,causal_micro_world,correct,incorrect,False,False,False,0.6556390622295665,0.75
trace_00007,trace_00037,arith_002,causal_002,arithmetic,causal_micro_world,correct,incorrect,False,False,False,0.3958156020033583,0.6
trace_00007,trace_00038,arith_002,causal_002,arithmetic,causal_micro_world,correct,correct,False,False,True,0.5954372523105549,0.6666666666666666
trace_00007,trace_00039,arith_002,causal_002,arithmetic,causal_micro_world,correct,correct,False,False,True,0.5954372523105548,0.6666666666666666
trace_00007,trace_00040,arith_002,causal_002,arithmetic,causal_micro_world,correct,correct,False,False,True,0.6556390622295665,0.75
trace_00007,trace_00041,arith_002,commonsense_001,arithmetic,commonsense_multihop,correct,incorrect,False,False,False,0.6979078010016792,0.8
trace_00007,trace_00042,arith_002,commonsense_001,arithmetic,commonsense_multihop,correct,incorrect,False,False,False,0.38285343181483494,0.5714285714285714
trace_00007,trace_00043,arith_002,commonsense_001,arithmetic,commonsense_multihop,correct,incorrect,False,False,False,0.6556390622295665,0.75
trace_00007,trace_00044,arith_002,commonsense_001,arithmetic,commonsense_multihop,correct,incorrect,False,False,False,0.7295739585136223,0.8333333333333333
trace_00007,trace_00045,arith_002,commonsense_001,arithmetic,commonsense_multihop,correct,incorrect,False,False,False,0.7295739585136223,0.8333333333333333
trace_00007,trace_00046,arith_002,commonsense_002,arithmetic,commonsense_multihop,correct,correct,False,False,True,1.0,1.0
trace_00007,trace_00047,arith_002,commonsense_002,arithmetic,commonsense_multihop,correct,correct,False,False,True,0.6556390622295665,0.75
trace_00007,trace_00048,arith_002,commonsense_002,arithmetic,commonsense_multihop,correct,incorrect,False,False,False,0.6979078010016792,0.8
trace_00007,trace_00049,arith_002,commonsense_002,arithmetic,commonsense_multihop,correct,correct,False,False,True,0.5954372523105549,0.6666666666666666
trace_00007,trace_00050,arith_002,commonsense_002,arithmetic,commonsense_multihop,correct,uncertain,False,False,False,0.5954372523105549,0.6666666666666666
trace_00008,trace_00009,arith_002,arith_002,arithmetic,arithmetic,correct,correct,True,True,True,0.5,0.5
trace_00008,trace_00010,arith_002,arith_002,arithmetic,arithmetic,correct,correct,True,True,True,0.5,0.5
trace_00008,trace_00011,arith_002,logic_001,arithmetic,symbolic_logic,correct,correct,False,False,True,0.5954372523105549,0.6666666666666666
trace_00008,trace_00012,arith_002,logic_001,arithmetic,symbolic_logic,correct,incorrect,False,False,False,0.5954372523105549,0.6666666666666666
trace_00008,trace_00013,arith_002,logic_001,arithmetic,symbolic_logic,correct,correct,False,False,True,0.1908745046211096,0.33333333333333337
trace_00008,trace_00014,arith_002,logic_001,arithmetic,symbolic_logic,correct,correct,False,False,True,0.3112781244591328,0.5
trace_00008,trace_00015,arith_002,logic_001,arithmetic,symbolic_logic,correct,correct,False,False,True,0.020720839623908215,0.16666666666666666
trace_00008,trace_00016,arith_002,logic_002,arithmetic,symbolic_logic,correct,correct,False,False,True,0.5954372523105549,0.6666666666666666
trace_00008,trace_00017,arith_002,logic_002,arithmetic,symbolic_logic,correct,incorrect,False,False,False,0.6284905946211771,0.7142857142857142
trace_00008,trace_00018,arith_002,logic_002,arithmetic,symbolic_logic,correct,correct,False,False,True,0.5,0.5
trace_00008,trace_00019,arith_002,logic_002,arithmetic,symbolic_logic,correct,incorrect,False,False,False,0.5,0.5
trace_00008,trace_00020,arith_002,logic_002,arithmetic,symbolic_logic,correct,correct,False,False,True,0.42528358731335336,0.49999999999999994
trace_00008,trace_00021,arith_002,temporal_001,arithmetic,temporal_ordering,correct,correct,False,False,True,0.3112781244591328,0.5
trace_00008,trace_00022,arith_002,temporal_001,arithmetic,temporal_ordering,correct,incorrect,False,False,False,0.38285343181483494,0.5714285714285714
trace_00008,trace_00023,arith_002,temporal_001,arithmetic,temporal_ordering,correct,correct,False,False,True,0.6979078010016793,0.8
trace_00008,trace_00024,arith_002,temporal_001,arithmetic,temporal_ordering,correct,correct,False,False,True,0.4591479170272448,0.6666666666666666
trace_00008,trace_00025,arith_002,temporal_001,arithmetic,temporal_ordering,correct,correct,False,False,True,0.5954372523105549,0.6666666666666666
trace_00008,trace_00026,arith_002,temporal_002,arithmetic,temporal_ordering,correct,correct,False,False,True,0.5,0.5
trace_00008,trace_00027,arith_002,temporal_002,arithmetic,temporal_ordering,correct,correct,False,False,True,0.5954372523105548,0.6666666666666666
trace_00008,trace_00028,arith_002,temporal_002,arithmetic,temporal_ordering,correct,correct,False,False,True,0.5,0.5
trace_00008,trace_00029,arith_002,temporal_002,arithmetic,temporal_ordering,correct,correct,False,False,True,0.5954372523105549,0.6666666666666666
trace_00008,trace_00030,arith_002,temporal_002,arithmetic,temporal_ordering,correct,correct,False,False,True,0.442519716341,0.5
trace_00008,trace_00031,arith_002,causal_001,arithmetic,causal_micro_world,correct,incorrect,False,False,False,0.5954372523105548,0.6666666666666667
trace_00008,trace_00032,arith_002,causal_001,arithmetic,causal_micro_world,correct,incorrect,False,False,False,1.0,0.9999999999999999
trace_00008,trace_00033,arith_002,causal_001,arithmetic,causal_micro_world,correct,correct,False,False,True,0.6556390622295665,0.75
trace_00008,trace_00034,arith_002,causal_001,arithmetic,causal_micro_world,correct,incorrect,False,False,False,1.0,1.0
trace_00008,trace_00035,arith_002,causal_001,arithmetic,causal_micro_world,correct,incorrect,False,False,False,0.5,0.5
trace_00008,trace_00036,arith_002,causal_002,arithmetic,causal_micro_world,correct,incorrect,False,False,False,0.3112781244591328,0.5
trace_00008,trace_00037,arith_002,causal_002,arithmetic,causal_micro_world,correct,incorrect,False,False,False,0.3958156020033583,0.6
trace_00008,trace_00038,arith_002,causal_002,arithmetic,causal_micro_world,correct,correct,False,False,True,0.1908745046211096,0.33333333333333337
trace_00008,trace_00039,arith_002,causal_002,arithmetic,causal_micro_world,correct,correct,False,False,True,0.5954372523105548,0.6666666666666666
trace_00008,trace_00040,arith_002,causal_002,arithmetic,causal_micro_world,correct,correct,False,False,True,0.6556390622295665,0.75
trace_00008,trace_00041,arith_002,commonsense_001,arithmetic,commonsense_multihop,correct,incorrect,False,False,False,0.6979078010016792,0.8
trace_00008,trace_00042,arith_002,commonsense_001,arithmetic,commonsense_multihop,correct,incorrect,False,False,False,0.38285343181483494,0.5714285714285714
trace_00008,trace_00043,arith_002,commonsense_001,arithmetic,commonsense_multihop,correct,incorrect,False,False,False,0.6556390622295665,0.75
trace_00008,trace_00044,arith_002,commonsense_001,arithmetic,commonsense_multihop,correct,incorrect,False,False,False,1.0,1.0
trace_00008,trace_00045,arith_002,commonsense_001,arithmetic,commonsense_multihop,correct,incorrect,False,False,False,1.0,1.0
trace_00008,trace_00046,arith_002,commonsense_002,arithmetic,commonsense_multihop,correct,correct,False,False,True,0.6556390622295665,0.75
trace_00008,trace_00047,arith_002,commonsense_002,arithmetic,commonsense_multihop,correct,correct,False,False,True,0.6556390622295665,0.75
trace_00008,trace_00048,arith_002,commonsense_002,arithmetic,commonsense_multihop,correct,incorrect,False,False,False,1.0,1.0
trace_00008,trace_00049,arith_002,commonsense_002,arithmetic,commonsense_multihop,correct,correct,False,False,True,1.0,0.9999999999999999
trace_00008,trace_00050,arith_002,commonsense_002,arithmetic,commonsense_multihop,correct,uncertain,False,False,False,0.7295739585136223,0.8333333333333333
trace_00009,trace_00010,arith_002,arith_002,arithmetic,arithmetic,correct,correct,True,True,True,0.0,0.0
trace_00009,trace_00011,arith_002,logic_001,arithmetic,symbolic_logic,correct,correct,False,False,True,0.5954372523105549,0.6666666666666666
trace_00009,trace_00012,arith_002,logic_001,arithmetic,symbolic_logic,correct,incorrect,False,False,False,0.5954372523105549,0.6666666666666666
trace_00009,trace_00013,arith_002,logic_001,arithmetic,symbolic_logic,correct,correct,False,False,True,0.5954372523105549,0.6666666666666666
trace_00009,trace_00014,arith_002,logic_001,arithmetic,symbolic_logic,correct,correct,False,False,True,0.3112781244591328,0.5
trace_00009,trace_00015,arith_002,logic_001,arithmetic,symbolic_logic,correct,correct,False,False,True,0.42528358731335336,0.5
trace_00009,trace_00016,arith_002,logic_002,arithmetic,symbolic_logic,correct,correct,False,False,True,0.5954372523105548,0.6666666666666666
trace_00009,trace_00017,arith_002,logic_002,arithmetic,symbolic_logic,correct,incorrect,False,False,False,0.6284905946211771,0.7142857142857144
trace_00009,trace_00018,arith_002,logic_002,arithmetic,symbolic_logic,correct,correct,False,False,True,1.0,1.0
trace_00009,trace_00019,arith_002,logic_002,arithmetic,symbolic_logic,correct,incorrect,False,False,False,1.0,1.0
trace_00009,trace_00020,arith_002,logic_002,arithmetic,symbolic_logic,correct,correct,False,False,True,1.0,1.0
trace_00009,trace_00021,arith_002,temporal_001,arithmetic,temporal_ordering,correct,correct,False,False,True,0.6556390622295665,0.75
trace_00009,trace_00022,arith_002,temporal_001,arithmetic,temporal_ordering,correct,incorrect,False,False,False,0.38285343181483494,0.5714285714285714
trace_00009,trace_00023,arith_002,temporal_001,arithmetic,temporal_ordering,correct,correct,False,False,True,0.6979078010016793,0.8
trace_00009,trace_00024,arith_002,temporal_001,arithmetic,temporal_ordering,correct,correct,False,False,True,0.4591479170272448,0.6666666666666666
trace_00009,trace_00025,arith_002,temporal_001,arithmetic,temporal_ordering,correct,correct,False,False,True,1.0,0.9999999999999999
trace_00009,trace_00026,arith_002,temporal_002,arithmetic,temporal_ordering,correct,correct,False,False,True,1.0,1.0
trace_00009,trace_00027,arith_002,temporal_002,arithmetic,temporal_ordering,correct,correct,False,False,True,1.0,0.9999999999999999
trace_00009,trace_00028,arith_002,temporal_002,arithmetic,temporal_ordering,correct,correct,False,False,True,0.5,0.5
trace_00009,trace_00029,arith_002,temporal_002,arithmetic,temporal_ordering,correct,correct,False,False,True,0.5954372523105548,0.6666666666666666
trace_00009,trace_00030,arith_002,temporal_002,arithmetic,temporal_ordering,correct,correct,False,False,True,1.0,1.0
trace_00009,trace_00031,arith_002,causal_001,arithmetic,causal_micro_world,correct,incorrect,False,False,False,0.42528358731335336,0.49999999999999994
trace_00009,trace_00032,arith_002,causal_001,arithmetic,causal_micro_world,correct,incorrect,False,False,False,0.42528358731335336,0.5
trace_00009,trace_00033,arith_002,causal_001,arithmetic,causal_micro_world,correct,correct,False,False,True,0.6556390622295665,0.75
trace_00009,trace_00034,arith_002,causal_001,arithmetic,causal_micro_world,correct,incorrect,False,False,False,0.3112781244591328,0.5
trace_00009,trace_00035,arith_002,causal_001,arithmetic,causal_micro_world,correct,incorrect,False,False,False,0.5,0.5
trace_00009,trace_00036,arith_002,causal_002,arithmetic,causal_micro_world,correct,incorrect,False,False,False,0.6556390622295665,0.75
trace_00009,trace_00037,arith_002,causal_002,arithmetic,causal_micro_world,correct,incorrect,False,False,False,0.3958156020033583,0.6
trace_00009,trace_00038,arith_002,causal_002,arithmetic,causal_micro_world,correct,correct,False,False,True,0.5954372523105549,0.6666666666666666
trace_00009,trace_00039,arith_002,causal_002,arithmetic,causal_micro_world,correct,correct,False,False,True,0.5954372523105548,0.6666666666666666
trace_00009,trace_00040,arith_002,causal_002,arithmetic,causal_micro_world,correct,correct,False,False,True,0.6556390622295665,0.75
trace_00009,trace_00041,arith_002,commonsense_001,arithmetic,commonsense_multihop,correct,incorrect,False,False,False,0.6979078010016792,0.8
trace_00009,trace_00042,arith_002,commonsense_001,arithmetic,commonsense_multihop,correct,incorrect,False,False,False,0.38285343181483494,0.5714285714285714
trace_00009,trace_00043,arith_002,commonsense_001,arithmetic,commonsense_multihop,correct,incorrect,False,False,False,0.6556390622295665,0.75
trace_00009,trace_00044,arith_002,commonsense_001,arithmetic,commonsense_multihop,correct,incorrect,False,False,False,0.7295739585136223,0.8333333333333333
trace_00009,trace_00045,arith_002,commonsense_001,arithmetic,commonsense_multihop,correct,incorrect,False,False,False,0.7295739585136223,0.8333333333333333
trace_00009,trace_00046,arith_002,commonsense_002,arithmetic,commonsense_multihop,correct,correct,False,False,True,1.0,1.0
trace_00009,trace_00047,arith_002,commonsense_002,arithmetic,commonsense_multihop,correct,correct,False,False,True,0.6556390622295665,0.75
trace_00009,trace_00048,arith_002,commonsense_002,arithmetic,commonsense_multihop,correct,incorrect,False,False,False,0.6979078010016792,0.8
trace_00009,trace_00049,arith_002,commonsense_002,arithmetic,commonsense_multihop,correct,correct,False,False,True,0.5954372523105549,0.6666666666666666
trace_00009,trace_00050,arith_002,commonsense_002,arithmetic,commonsense_multihop,correct,uncertain,False,False,False,0.5954372523105549,0.6666666666666666
trace_00010,trace_00011,arith_002,logic_001,arithmetic,symbolic_logic,correct,correct,False,False,True,0.5954372523105549,0.6666666666666666
trace_00010,trace_00012,arith_002,logic_001,arithmetic,symbolic_logic,correct,incorrect,False,False,False,0.5954372523105549,0.6666666666666666
trace_00010,trace_00013,arith_002,logic_001,arithmetic,symbolic_logic,correct,correct,False,False,True,0.5954372523105549,0.6666666666666666
trace_00010,trace_00014,arith_002,logic_001,arithmetic,symbolic_logic,correct,correct,False,False,True,0.3112781244591328,0.5
trace_00010,trace_00015,arith_002,logic_001,arithmetic,symbolic_logic,correct,correct,False,False,True,0.42528358731335336,0.5
trace_00010,trace_00016,arith_002,logic_002,arithmetic,symbolic_logic,correct,correct,False,False,True,0.5954372523105548,0.6666666666666666
trace_00010,trace_00017,arith_002,logic_002,arithmetic,symbolic_logic,correct,incorrect,False,False,False,0.6284905946211771,0.7142857142857144
trace_00010,trace_00018,arith_002,logic_002,arithmetic,symbolic_logic,correct,correct,False,False,True,1.0,1.0
trace_00010,trace_00019,arith_002,logic_002,arithmetic,symbolic_logic,correct,incorrect,False,False,False,1.0,1.0
trace_00010,trace_00020,arith_002,logic_002,arithmetic,symbolic_logic,correct,correct,False,False,True,1.0,1.0
trace_00010,trace_00021,arith_002,temporal_001,arithmetic,temporal_ordering,correct,correct,False,False,True,0.6556390622295665,0.75
trace_00010,trace_00022,arith_002,temporal_001,arithmetic,temporal_ordering,correct,incorrect,False,False,False,0.38285343181483494,0.5714285714285714
trace_00010,trace_00023,arith_002,temporal_001,arithmetic,temporal_ordering,correct,correct,False,False,True,0.6979078010016793,0.8
trace_00010,trace_00024,arith_002,temporal_001,arithmetic,temporal_ordering,correct,correct,False,False,True,0.4591479170272448,0.6666666666666666
trace_00010,trace_00025,arith_002,temporal_001,arithmetic,temporal_ordering,correct,correct,False,False,True,1.0,0.9999999999999999
trace_00010,trace_00026,arith_002,temporal_002,arithmetic,temporal_ordering,correct,correct,False,False,True,1.0,1.0
trace_00010,trace_00027,arith_002,temporal_002,arithmetic,temporal_ordering,correct,correct,False,False,True,1.0,0.9999999999999999
trace_00010,trace_00028,arith_002,temporal_002,arithmetic,temporal_ordering,correct,correct,False,False,True,0.5,0.5
trace_00010,trace_00029,arith_002,temporal_002,arithmetic,temporal_ordering,correct,correct,False,False,True,0.5954372523105548,0.6666666666666666
trace_00010,trace_00030,arith_002,temporal_002,arithmetic,temporal_ordering,correct,correct,False,False,True,1.0,1.0
trace_00010,trace_00031,arith_002,causal_001,arithmetic,causal_micro_world,correct,incorrect,False,False,False,0.42528358731335336,0.49999999999999994
trace_00010,trace_00032,arith_002,causal_001,arithmetic,causal_micro_world,correct,incorrect,False,False,False,0.42528358731335336,0.5
trace_00010,trace_00033,arith_002,causal_001,arithmetic,causal_micro_world,correct,correct,False,False,True,0.6556390622295665,0.75
trace_00010,trace_00034,arith_002,causal_001,arithmetic,causal_micro_world,correct,incorrect,False,False,False,0.3112781244591328,0.5
trace_00010,trace_00035,arith_002,causal_001,arithmetic,causal_micro_world,correct,incorrect,False,False,False,0.5,0.5
trace_00010,trace_00036,arith_002,causal_002,arithmetic,causal_micro_world,correct,incorrect,False,False,False,0.6556390622295665,0.75
trace_00010,trace_00037,arith_002,causal_002,arithmetic,causal_micro_world,correct,incorrect,False,False,False,0.3958156020033583,0.6
trace_00010,trace_00038,arith_002,causal_002,arithmetic,causal_micro_world,correct,correct,False,False,True,0.5954372523105549,0.6666666666666666
trace_00010,trace_00039,arith_002,causal_002,arithmetic,causal_micro_world,correct,correct,False,False,True,0.5954372523105548,0.6666666666666666
trace_00010,trace_00040,arith_002,causal_002,arithmetic,causal_micro_world,correct,correct,False,False,True,0.6556390622295665,0.75
trace_00010,trace_00041,arith_002,commonsense_001,arithmetic,commonsense_multihop,correct,incorrect,False,False,False,0.6979078010016792,0.8
trace_00010,trace_00042,arith_002,commonsense_001,arithmetic,commonsense_multihop,correct,incorrect,False,False,False,0.38285343181483494,0.5714285714285714
trace_00010,trace_00043,arith_002,commonsense_001,arithmetic,commonsense_multihop,correct,incorrect,False,False,False,0.6556390622295665,0.75
trace_00010,trace_00044,arith_002,commonsense_001,arithmetic,commonsense_multihop,correct,incorrect,False,False,False,0.7295739585136223,0.8333333333333333
trace_00010,trace_00045,arith_002,commonsense_001,arithmetic,commonsense_multihop,correct,incorrect,False,False,False,0.7295739585136223,0.8333333333333333
trace_00010,trace_00046,arith_002,commonsense_002,arithmetic,commonsense_multihop,correct,correct,False,False,True,1.0,1.0
trace_00010,trace_00047,arith_002,commonsense_002,arithmetic,commonsense_multihop,correct,correct,False,False,True,0.6556390622295665,0.75
trace_00010,trace_00048,arith_002,commonsense_002,arithmetic,commonsense_multihop,correct,incorrect,False,False,False,0.6979078010016792,0.8
trace_00010,trace_00049,arith_002,commonsense_002,arithmetic,commonsense_multihop,correct,correct,False,False,True,0.5954372523105549,0.6666666666666666
trace_00010,trace_00050,arith_002,commonsense_002,arithmetic,commonsense_multihop,correct,uncertain,False,False,False,0.5954372523105549,0.6666666666666666
trace_00011,trace_00012,logic_001,logic_001,symbolic_logic,symbolic_logic,correct,incorrect,True,True,False,0.0,0.0
trace_00011,trace_00013,logic_001,logic_001,symbolic_logic,symbolic_logic,correct,correct,True,True,True,0.3333333333333333,0.3333333333333333
trace_00011,trace_00014,logic_001,logic_001,symbolic_logic,symbolic_logic,correct,correct,True,True,True,0.42528358731335336,0.5
trace_00011,trace_00015,logic_001,logic_001,symbolic_logic,symbolic_logic,correct,correct,True,True,True,0.5408520829727551,0.6666666666666666
trace_00011,trace_00016,logic_001,logic_002,symbolic_logic,symbolic_logic,correct,correct,False,True,True,0.6666666666666666,0.6666666666666666
trace_00011,trace_00017,logic_001,logic_002,symbolic_logic,symbolic_logic,correct,incorrect,False,True,False,0.6233526063662866,0.6666666666666666
trace_00011,trace_00018,logic_001,logic_002,symbolic_logic,symbolic_logic,correct,correct,False,True,True,0.5954372523105549,0.6666666666666666
trace_00011,trace_00019,logic_001,logic_002,symbolic_logic,symbolic_logic,correct,incorrect,False,True,False,0.5954372523105549,0.6666666666666666
trace_00011,trace_00020,logic_001,logic_002,symbolic_logic,symbolic_logic,correct,correct,False,True,True,0.6666666666666666,0.6666666666666666
trace_00011,trace_00021,logic_001,temporal_001,symbolic_logic,temporal_ordering,correct,correct,False,False,True,0.3080790459672315,0.41666666666666663
trace_00011,trace_00022,logic_001,temporal_001,symbolic_logic,temporal_ordering,correct,incorrect,False,False,False,0.48196747929973904,0.5714285714285714
trace_00011,trace_00023,logic_001,temporal_001,symbolic_logic,temporal_ordering,correct,correct,False,False,True,0.38100652167845855,0.4666666666666667
trace_00011,trace_00024,logic_001,temporal_001,symbolic_logic,temporal_ordering,correct,correct,False,False,True,0.20751874963942185,0.3333333333333333
trace_00011,trace_00025,logic_001,temporal_001,symbolic_logic,temporal_ordering,correct,correct,False,False,True,0.3333333333333333,0.3333333333333333
trace_00011,trace_00026,logic_001,temporal_002,symbolic_logic,temporal_ordering,correct,correct,False,False,True,0.5954372523105549,0.6666666666666666
trace_00011,trace_00027,logic_001,temporal_002,symbolic_logic,temporal_ordering,correct,correct,False,False,True,0.5408520829727551,0.6666666666666666
trace_00011,trace_00028,logic_001,temporal_002,symbolic_logic,temporal_ordering,correct,correct,False,False,True,1.0,0.9999999999999999
trace_00011,trace_00029,logic_001,temporal_002,symbolic_logic,temporal_ordering,correct,correct,False,False,True,0.6666666666666666,0.6666666666666666
trace_00011,trace_00030,logic_001,temporal_002,symbolic_logic,temporal_ordering,correct,correct,False,False,True,0.6467178481609384,0.6666666666666666
trace_00011,trace_00031,logic_001,causal_001,symbolic_logic,causal_micro_world,correct,incorrect,False,False,False,1.0,0.9999999999999999
trace_00011,trace_00032,logic_001,causal_001,symbolic_logic,causal_micro_world,correct,incorrect,False,False,False,0.6666666666666666,0.6666666666666666
trace_00011,trace_00033,logic_001,causal_001,symbolic_logic,causal_micro_world,correct,correct,False,False,True,0.42528358731335336,0.5
trace_00011,trace_00034,logic_001,causal_001,symbolic_logic,causal_micro_world,correct,incorrect,False,False,False,1.0,0.9999999999999999
trace_00011,trace_00035,logic_001,causal_001,symbolic_logic,causal_micro_world,correct,incorrect,False,False,False,1.0,0.9999999999999999
trace_00011,trace_00036,logic_001,causal_002,symbolic_logic,causal_micro_world,correct,incorrect,False,False,False,0.3080790459672315,0.41666666666666663
trace_00011,trace_00037,logic_001,causal_002,symbolic_logic,causal_micro_world,correct,incorrect,False,False,False,0.3810065216784586,0.4666666666666667
trace_00011,trace_00038,logic_001,causal_002,symbolic_logic,causal_micro_world,correct,correct,False,False,True,0.3333333333333333,0.3333333333333333
trace_00011,trace_00039,logic_001,causal_002,symbolic_logic,causal_micro_world,correct,correct,False,False,True,0.20751874963942185,0.3333333333333333
trace_00011,trace_00040,logic_001,causal_002,symbolic_logic,causal_micro_world,correct,correct,False,False,True,0.42528358731335336,0.5
trace_00011,trace_00041,logic_001,commonsense_001,symbolic_logic,commonsense_multihop,correct,incorrect,False,False,False,0.05216841772705745,0.2666666666666666
trace_00011,trace_00042,logic_001,commonsense_001,symbolic_logic,commonsense_multihop,correct,incorrect,False,False,False,0.17376612508297634,0.2857142857142857
trace_00011,trace_00043,logic_001,commonsense_001,symbolic_logic,commonsense_multihop,correct,incorrect,False,False,False,0.5954372523105548,0.6666666666666666
trace_00011,trace_00044,logic_001,commonsense_001,symbolic_logic,commonsense_multihop,correct,incorrect,False,False,False,0.3112781244591328,0.5
trace_00011,trace_00045,logic_001,commonsense_001,symbolic_logic,commonsense_multihop,correct,incorrect,False,False,False,0.3112781244591328,0.5
trace_00011,trace_00046,logic_001,commonsense_002,symbolic_logic,commonsense_multihop,correct,correct,False,False,True,0.30807904596723146,0.41666666666666663
trace_00011,trace_00047,logic_001,commonsense_002,symbolic_logic,commonsense_multihop,correct,correct,False,False,True,0.42528358731335336,0.5
trace_00011,trace_00048,logic_001,commonsense_002,symbolic_logic,commonsense_multihop,correct,incorrect,False,False,False,0.30668415184038145,0.4666666666666667
trace_00011,trace_00049,logic_001,commonsense_002,symbolic_logic,commonsense_multihop,correct,correct,False,False,True,0.3333333333333333,0.3333333333333333
trace_00011,trace_00050,logic_001,commonsense_002,symbolic_logic,commonsense_multihop,correct,uncertain,False,False,False,0.43709270815304424,0.49999999999999994
trace_00012,trace_00013,logic_001,logic_001,symbolic_logic,symbolic_logic,incorrect,correct,True,True,False,0.3333333333333333,0.3333333333333333
trace_00012,trace_00014,logic_001,logic_001,symbolic_logic,symbolic_logic,incorrect,correct,True,True,False,0.42528358731335336,0.5
trace_00012,trace_00015,logic_001,logic_001,symbolic_logic,symbolic_logic,incorrect,correct,True,True,False,0.5408520829727551,0.6666666666666666
trace_00012,trace_00016,logic_001,logic_002,symbolic_logic,symbolic_logic,incorrect,correct,False,True,False,0.6666666666666666,0.6666666666666666
trace_00012,trace_00017,logic_001,logic_002,symbolic_logic,symbolic_logic,incorrect,incorrect,False,True,True,0.6233526063662866,0.6666666666666666
trace_00012,trace_00018,logic_001,logic_002,symbolic_logic,symbolic_logic,incorrect,correct,False,True,False,0.5954372523105549,0.6666666666666666
trace_00012,trace_00019,logic_001,logic_002,symbolic_logic,symbolic_logic,incorrect,incorrect,False,True,True,0.5954372523105549,0.6666666666666666
trace_00012,trace_00020,logic_001,logic_002,symbolic_logic,symbolic_logic,incorrect,correct,False,True,False,0.6666666666666666,0.6666666666666666
trace_00012,trace_00021,logic_001,temporal_001,symbolic_logic,temporal_ordering,incorrect,correct,False,False,False,0.3080790459672315,0.41666666666666663
trace_00012,trace_00022,logic_001,temporal_001,symbolic_logic,temporal_ordering,incorrect,incorrect,False,False,True,0.48196747929973904,0.5714285714285714
trace_00012,trace_00023,logic_001,temporal_001,symbolic_logic,temporal_ordering,incorrect,correct,False,False,False,0.38100652167845855,0.4666666666666667
trace_00012,trace_00024,logic_001,temporal_001,symbolic_logic,temporal_ordering,incorrect,correct,False,False,False,0.20751874963942185,0.3333333333333333
trace_00012,trace_00025,logic_001,temporal_001,symbolic_logic,temporal_ordering,incorrect,correct,False,False,False,0.3333333333333333,0.3333333333333333
trace_00012,trace_00026,logic_001,temporal_002,symbolic_logic,temporal_ordering,incorrect,correct,False,False,False,0.5954372523105549,0.6666666666666666
trace_00012,trace_00027,logic_001,temporal_002,symbolic_logic,temporal_ordering,incorrect,correct,False,False,False,0.5408520829727551,0.6666666666666666
trace_00012,trace_00028,logic_001,temporal_002,symbolic_logic,temporal_ordering,incorrect,correct,False,False,False,1.0,0.9999999999999999
trace_00012,trace_00029,logic_001,temporal_002,symbolic_logic,temporal_ordering,incorrect,correct,False,False,False,0.6666666666666666,0.6666666666666666
trace_00012,trace_00030,logic_001,temporal_002,symbolic_logic,temporal_ordering,incorrect,correct,False,False,False,0.6467178481609384,0.6666666666666666
trace_00012,trace_00031,logic_001,causal_001,symbolic_logic,causal_micro_world,incorrect,incorrect,False,False,True,1.0,0.9999999999999999
trace_00012,trace_00032,logic_001,causal_001,symbolic_logic,causal_micro_world,incorrect,incorrect,False,False,True,0.6666666666666666,0.6666666666666666
trace_00012,trace_00033,logic_001,causal_001,symbolic_logic,causal_micro_world,incorrect,correct,False,False,False,0.42528358731335336,0.5
trace_00012,trace_00034,logic_001,causal_001,symbolic_logic,causal_micro_world,incorrect,incorrect,False,False,True,1.0,0.9999999999999999
trace_00012,trace_00035,logic_001,causal_001,symbolic_logic,causal_micro_world,incorrect,incorrect,False,False,True,1.0,0.9999999999999999
trace_00012,trace_00036,logic_001,causal_002,symbolic_logic,causal_micro_world,incorrect,incorrect,False,False,True,0.3080790459672315,0.41666666666666663
trace_00012,trace_00037,logic_001,causal_002,symbolic_logic,causal_micro_world,incorrect,incorrect,False,False,True,0.3810065216784586,0.4666666666666667
trace_00012,trace_00038,logic_001,causal_002,symbolic_logic,causal_micro_world,incorrect,correct,False,False,False,0.3333333333333333,0.3333333333333333
trace_00012,trace_00039,logic_001,causal_002,symbolic_logic,causal_micro_world,incorrect,correct,False,False,False,0.20751874963942185,0.3333333333333333
trace_00012,trace_00040,logic_001,causal_002,symbolic_logic,causal_micro_world,incorrect,correct,False,False,False,0.42528358731335336,0.5
trace_00012,trace_00041,logic_001,commonsense_001,symbolic_logic,commonsense_multihop,incorrect,incorrect,False,False,True,0.05216841772705745,0.2666666666666666
trace_00012,trace_00042,logic_001,commonsense_001,symbolic_logic,commonsense_multihop,incorrect,incorrect,False,False,True,0.17376612508297634,0.2857142857142857
trace_00012,trace_00043,logic_001,commonsense_001,symbolic_logic,commonsense_multihop,incorrect,incorrect,False,False,True,0.5954372523105548,0.6666666666666666
trace_00012,trace_00044,logic_001,commonsense_001,symbolic_logic,commonsense_multihop,incorrect,incorrect,False,False,True,0.3112781244591328,0.5
trace_00012,trace_00045,logic_001,commonsense_001,symbolic_logic,commonsense_multihop,incorrect,incorrect,False,False,True,0.3112781244591328,0.5
trace_00012,trace_00046,logic_001,commonsense_002,symbolic_logic,commonsense_multihop,incorrect,correct,False,False,False,0.30807904596723146,0.41666666666666663
trace_00012,trace_00047,logic_001,commonsense_002,symbolic_logic,commonsense_multihop,incorrect,correct,False,False,False,0.42528358731335336,0.5
trace_00012,trace_00048,logic_001,commonsense_002,symbolic_logic,commonsense_multihop,incorrect,incorrect,False,False,True,0.30668415184038145,0.4666666666666667
trace_00012,trace_00049,logic_001,commonsense_002,symbolic_logic,commonsense_multihop,incorrect,correct,False,False,False,0.3333333333333333,0.3333333333333333
trace_00012,trace_00050,logic_001,commonsense_002,symbolic_logic,commonsense_multihop,incorrect,uncertain,False,False,False,0.43709270815304424,0.49999999999999994
trace_00013,trace_00014,logic_001,logic_001,symbolic_logic,symbolic_logic,correct,correct,True,True,True,0.42528358731335336,0.5
trace_00013,trace_00015,logic_001,logic_001,symbolic_logic,symbolic_logic,correct,correct,True,True,True,0.20751874963942185,0.3333333333333333
trace_00013,trace_00016,logic_001,logic_002,symbolic_logic,symbolic_logic,correct,correct,False,True,True,0.3333333333333333,0.3333333333333333
trace_00013,trace_00017,logic_001,logic_002,symbolic_logic,symbolic_logic,correct,incorrect,False,True,False,0.31515125214952394,0.38095238095238093
trace_00013,trace_00018,logic_001,logic_002,symbolic_logic,symbolic_logic,correct,correct,False,True,True,0.1908745046211096,0.33333333333333337
trace_00013,trace_00019,logic_001,logic_002,symbolic_logic,symbolic_logic,correct,incorrect,False,True,False,0.1908745046211096,0.33333333333333337
trace_00013,trace_00020,logic_001,logic_002,symbolic_logic,symbolic_logic,correct,correct,False,True,True,0.20751874963942185,0.3333333333333333
trace_00013,trace_00021,logic_001,temporal_001,symbolic_logic,temporal_ordering,correct,correct,False,False,True,0.020720839623908215,0.16666666666666666
trace_00013,trace_00022,logic_001,temporal_001,symbolic_logic,temporal_ordering,correct,incorrect,False,False,False,0.17376612508297634,0.2857142857142857
trace_00013,trace_00023,logic_001,temporal_001,symbolic_logic,temporal_ordering,correct,correct,False,False,True,0.490968531773352,0.5999999999999999
trace_00013,trace_00024,logic_001,temporal_001,symbolic_logic,temporal_ordering,correct,correct,False,False,True,0.3112781244591328,0.5
trace_00013,trace_00025,logic_001,temporal_001,symbolic_logic,temporal_ordering,correct,correct,False,False,True,0.3333333333333333,0.3333333333333333
trace_00013,trace_00026,logic_001,temporal_002,symbolic_logic,temporal_ordering,correct,correct,False,False,True,0.1908745046211096,0.33333333333333337
trace_00013,trace_00027,logic_001,temporal_002,symbolic_logic,temporal_ordering,correct,correct,False,False,True,0.20751874963942185,0.3333333333333333
trace_00013,trace_00028,logic_001,temporal_002,symbolic_logic,temporal_ordering,correct,correct,False,False,True,0.5954372523105548,0.6666666666666666
trace_00013,trace_00029,logic_001,temporal_002,symbolic_logic,temporal_ordering,correct,correct,False,False,True,0.3333333333333333,0.3333333333333333
trace_00013,trace_00030,logic_001,temporal_002,symbolic_logic,temporal_ordering,correct,correct,False,False,True,0.20008105534461507,0.33333333333333337
trace_00013,trace_00031,logic_001,causal_001,symbolic_logic,causal_micro_world,correct,incorrect,False,False,False,0.6666666666666666,0.6666666666666666
trace_00013,trace_00032,logic_001,causal_001,symbolic_logic,causal_micro_world,correct,incorrect,False,False,False,1.0,0.9999999999999999
trace_00013,trace_00033,logic_001,causal_001,symbolic_logic,causal_micro_world,correct,correct,False,False,True,0.42528358731335336,0.5
trace_00013,trace_00034,logic_001,causal_001,symbolic_logic,causal_micro_world,correct,incorrect,False,False,False,1.0,1.0
trace_00013,trace_00035,logic_001,causal_001,symbolic_logic,causal_micro_world,correct,incorrect,False,False,False,0.5954372523105548,0.6666666666666666
trace_00013,trace_00036,logic_001,causal_002,symbolic_logic,causal_micro_world,correct,incorrect,False,False,False,0.020720839623908215,0.16666666666666666
trace_00013,trace_00037,logic_001,causal_002,symbolic_logic,causal_micro_world,correct,incorrect,False,False,False,0.1264907875651346,0.26666666666666666
trace_00013,trace_00038,logic_001,causal_002,symbolic_logic,causal_micro_world,correct,correct,False,False,True,0.3333333333333333,0.3333333333333333
trace_00013,trace_00039,logic_001,causal_002,symbolic_logic,causal_micro_world,correct,correct,False,False,True,0.20751874963942185,0.3333333333333333
trace_00013,trace_00040,logic_001,causal_002,symbolic_logic,causal_micro_world,correct,correct,False,False,True,0.42528358731335336,0.5
trace_00013,trace_00041,logic_001,commonsense_001,symbolic_logic,commonsense_multihop,correct,incorrect,False,False,False,0.490968531773352,0.5999999999999999
trace_00013,trace_00042,logic_001,commonsense_001,symbolic_logic,commonsense_multihop,correct,incorrect,False,False,False,0.2721363128162408,0.42857142857142855
trace_00013,trace_00043,logic_001,commonsense_001,symbolic_logic,commonsense_multihop,correct,incorrect,False,False,False,0.7126417936566767,0.75
trace_00013,trace_00044,logic_001,commonsense_001,symbolic_logic,commonsense_multihop,correct,incorrect,False,False,False,0.7704260414863775,0.8333333333333333
trace_00013,trace_00045,logic_001,commonsense_001,symbolic_logic,commonsense_multihop,correct,incorrect,False,False,False,0.7704260414863775,0.8333333333333333
trace_00013,trace_00046,logic_001,commonsense_002,symbolic_logic,commonsense_multihop,correct,correct,False,False,True,0.42528358731335336,0.5
trace_00013,trace_00047,logic_001,commonsense_002,symbolic_logic,commonsense_multihop,correct,correct,False,False,True,0.42528358731335336,0.5
trace_00013,trace_00048,logic_001,commonsense_002,symbolic_logic,commonsense_multihop,correct,incorrect,False,False,False,0.7454842658866759,0.8
trace_00013,trace_00049,logic_001,commonsense_002,symbolic_logic,commonsense_multihop,correct,correct,False,False,True,0.6666666666666666,0.6666666666666666
trace_00013,trace_00050,logic_001,commonsense_002,symbolic_logic,commonsense_multihop,correct,uncertain,False,False,False,0.43709270815304424,0.49999999999999994
trace_00014,trace_00015,logic_001,logic_001,symbolic_logic,symbolic_logic,correct,correct,True,True,True,0.32518928103806,0.5
trace_00014,trace_00016,logic_001,logic_002,symbolic_logic,symbolic_logic,correct,correct,False,True,True,0.42528358731335336,0.4999999999999999
trace_00014,trace_00017,logic_001,logic_002,symbolic_logic,symbolic_logic,correct,incorrect,False,True,False,0.4660044828669804,0.5
trace_00014,trace_00018,logic_001,logic_002,symbolic_logic,symbolic_logic,correct,correct,False,True,True,0.6556390622295665,0.75
trace_00014,trace_00019,logic_001,logic_002,symbolic_logic,symbolic_logic,correct,incorrect,False,True,False,0.6556390622295665,0.75
trace_00014,trace_00020,logic_001,logic_002,symbolic_logic,symbolic_logic,correct,correct,False,True,True,0.6125474873813833,0.75
trace_00014,trace_00021,logic_001,temporal_001,symbolic_logic,temporal_ordering,correct,correct,False,False,True,0.5,0.5
trace_00014,trace_00022,logic_001,temporal_001,symbolic_logic,temporal_ordering,correct,incorrect,False,False,False,0.28024978017756896,0.3571428571428571
trace_00014,trace_00023,logic_001,temporal_001,symbolic_logic,temporal_ordering,correct,correct,False,False,True,0.24161387653786542,0.35000000000000003
trace_00014,trace_00024,logic_001,temporal_001,symbolic_logic,temporal_ordering,correct,correct,False,False,True,0.1057976721225089,0.25
trace_00014,trace_00025,logic_001,temporal_001,symbolic_logic,temporal_ordering,correct,correct,False,False,True,0.42528358731335336,0.4999999999999999
trace_00014,trace_00026,logic_001,temporal_002,symbolic_logic,temporal_ordering,correct,correct,False,False,True,0.6556390622295665,0.75
trace_00014,trace_00027,logic_001,temporal_002,symbolic_logic,temporal_ordering,correct,correct,False,False,True,0.7126417936566767,0.75
trace_00014,trace_00028,logic_001,temporal_002,symbolic_logic,temporal_ordering,correct,correct,False,False,True,0.3112781244591328,0.5
trace_00014,trace_00029,logic_001,temporal_002,symbolic_logic,temporal_ordering,correct,correct,False,False,True,0.42528358731335336,0.4999999999999999
trace_00014,trace_00030,logic_001,temporal_002,symbolic_logic,temporal_ordering,correct,correct,False,False,True,0.6223847512520989,0.75
trace_00014,trace_00031,logic_001,causal_001,symbolic_logic,causal_micro_world,correct,incorrect,False,False,False,0.32518928103806,0.5
trace_00014,trace_00032,logic_001,causal_001,symbolic_logic,causal_micro_world,correct,incorrect,False,False,False,0.32518928103806,0.5
trace_00014,trace_00033,logic_001,causal_001,symbolic_logic,causal_micro_world,correct,correct,False,False,True,0.25,0.25
trace_00014,trace_00034,logic_001,causal_001,symbolic_logic,causal_micro_world,correct,incorrect,False,False,False,0.5487949406953987,0.75
trace_00014,trace_00035,logic_001,causal_001,symbolic_logic,causal_micro_world,correct,incorrect,False,False,False,0.3112781244591328,0.5
trace_00014,trace_00036,logic_001,causal_002,symbolic_logic,causal_micro_world,correct,incorrect,False,False,False,0.5,0.5
trace_00014,trace_00037,logic_001,causal_002,symbolic_logic,causal_micro_world,correct,incorrect,False,False,False,0.3310236596092001,0.4
trace_00014,trace_00038,logic_001,causal_002,symbolic_logic,causal_micro_world,correct,correct,False,False,True,0.13792538097003013,0.24999999999999997
trace_00014,trace_00039,logic_001,causal_002,symbolic_logic,causal_micro_world,correct,correct,False,False,True,0.7126417936566767,0.75
trace_00014,trace_00040,logic_001,causal_002,symbolic_logic,causal_micro_world,correct,correct,False,False,True,0.25,0.25
trace_00014,trace_00041,logic_001,commonsense_001,symbolic_logic,commonsense_multihop,correct,incorrect,False,False,False,0.40556594108227295,0.55
trace_00014,trace_00042,logic_001,commonsense_001,symbolic_logic,commonsense_multihop,correct,incorrect,False,False,False,0.09449507748815748,0.21428571428571427
trace_00014,trace_00043,logic_001,commonsense_001,symbolic_logic,commonsense_multihop,correct,incorrect,False,False,False,0.1556390622295664,0.25
trace_00014,trace_00044,logic_001,commonsense_001,symbolic_logic,commonsense_multihop,correct,incorrect,False,False,False,0.4102661135366607,0.5833333333333333
trace_00014,trace_00045,logic_001,commonsense_001,symbolic_logic,commonsense_multihop,correct,incorrect,False,False,False,0.4102661135366607,0.5833333333333333
trace_00014,trace_00046,logic_001,commonsense_002,symbolic_logic,commonsense_multihop,correct,correct,False,False,True,0.40563906222956636,0.5
trace_00014,trace_00047,logic_001,commonsense_002,symbolic_logic,commonsense_multihop,correct,correct,False,False,True,0.25,0.25
trace_00014,trace_00048,logic_001,commonsense_002,symbolic_logic,commonsense_multihop,correct,incorrect,False,False,False,0.40556594108227295,0.55
trace_00014,trace_00049,logic_001,commonsense_002,symbolic_logic,commonsense_multihop,correct,correct,False,False,True,0.42528358731335336,0.4999999999999999
trace_00014,trace_00050,logic_001,commonsense_002,symbolic_logic,commonsense_multihop,correct,uncertain,False,False,False,0.30807904596723146,0.4166666666666667
trace_00015,trace_00016,logic_001,logic_002,symbolic_logic,symbolic_logic,correct,correct,False,True,True,0.6666666666666666,0.6666666666666666
trace_00015,trace_00017,logic_001,logic_002,symbolic_logic,symbolic_logic,correct,incorrect,False,True,False,0.6917986457832372,0.7142857142857142
trace_00015,trace_00018,logic_001,logic_002,symbolic_logic,symbolic_logic,correct,correct,False,True,True,0.5954372523105548,0.6666666666666666
trace_00015,trace_00019,logic_001,logic_002,symbolic_logic,symbolic_logic,correct,incorrect,False,True,False,0.5954372523105548,0.6666666666666666
trace_00015,trace_00020,logic_001,logic_002,symbolic_logic,symbolic_logic,correct,correct,False,True,True,0.5408520829727551,0.6666666666666666
trace_00015,trace_00021,logic_001,temporal_001,symbolic_logic,temporal_ordering,correct,correct,False,False,True,0.32518928103806,0.5
trace_00015,trace_00022,logic_001,temporal_001,symbolic_logic,temporal_ordering,correct,incorrect,False,False,False,0.41967931506214573,0.5714285714285714
trace_00015,trace_00023,logic_001,temporal_001,symbolic_logic,temporal_ordering,correct,correct,False,False,True,0.745484265886676,0.8
trace_00015,trace_00024,logic_001,temporal_001,symbolic_logic,temporal_ordering,correct,correct,False,False,True,0.4696226686166433,0.6666666666666666
trace_00015,trace_00025,logic_001,temporal_001,symbolic_logic,temporal_ordering,correct,correct,False,False,True,0.6666666666666666,0.6666666666666666
trace_00015,trace_00026,logic_001,temporal_002,symbolic_logic,temporal_ordering,correct,correct,False,False,True,0.5954372523105548,0.6666666666666666
trace_00015,trace_00027,logic_001,temporal_002,symbolic_logic,temporal_ordering,correct,correct,False,False,True,0.6666666666666666,0.6666666666666666
trace_00015,trace_00028,logic_001,temporal_002,symbolic_logic,temporal_ordering,correct,correct,False,False,True,0.5954372523105548,0.6666666666666666
trace_00015,trace_00029,logic_001,temporal_002,symbolic_logic,temporal_ordering,correct,correct,False,False,True,0.6666666666666666,0.6666666666666666
trace_00015,trace_00030,logic_001,temporal_002,symbolic_logic,temporal_ordering,correct,correct,False,False,True,0.5533632071836767,0.6666666666666666
trace_00015,trace_00031,logic_001,causal_001,symbolic_logic,causal_micro_world,correct,incorrect,False,False,False,0.6666666666666666,0.6666666666666666
trace_00015,trace_00032,logic_001,causal_001,symbolic_logic,causal_micro_world,correct,incorrect,False,False,False,1.0,0.9999999999999999
trace_00015,trace_00033,logic_001,causal_001,symbolic_logic,causal_micro_world,correct,correct,False,False,True,0.7126417936566767,0.75
trace_00015,trace_00034,logic_001,causal_001,symbolic_logic,causal_micro_world,correct,incorrect,False,False,False,1.0,1.0
trace_00015,trace_00035,logic_001,causal_001,symbolic_logic,causal_micro_world,correct,incorrect,False,False,False,0.5954372523105548,0.6666666666666666
trace_00015,trace_00036,logic_001,causal_002,symbolic_logic,causal_micro_world,correct,incorrect,False,False,False,0.32518928103806,0.5
trace_00015,trace_00037,logic_001,causal_002,symbolic_logic,causal_micro_world,correct,incorrect,False,False,False,0.4077660030601058,0.6
trace_00015,trace_00038,logic_001,causal_002,symbolic_logic,causal_micro_world,correct,correct,False,False,True,0.20751874963942185,0.3333333333333333
trace_00015,trace_00039,logic_001,causal_002,symbolic_logic,causal_micro_world,correct,correct,False,False,True,0.5408520829727551,0.6666666666666666
trace_00015,trace_00040,logic_001,causal_002,symbolic_logic,causal_micro_world,correct,correct,False,False,True,0.7126417936566767,0.75
trace_00015,trace_00041,logic_001,commonsense_001,symbolic_logic,commonsense_multihop,correct,incorrect,False,False,False,0.6622817371734298,0.8
trace_00015,trace_00042,logic_001,commonsense_001,symbolic_logic,commonsense_multihop,correct,incorrect,False,False,False,0.3705065005495052,0.5714285714285714
trace_00015,trace_00043,logic_001,commonsense_001,symbolic_logic,commonsense_multihop,correct,incorrect,False,False,False,0.7126417936566767,0.75
trace_00015,trace_00044,logic_001,commonsense_001,symbolic_logic,commonsense_multihop,correct,incorrect,False,False,False,1.0,1.0
trace_00015,trace_00045,logic_001,commonsense_001,symbolic_logic,commonsense_multihop,correct,incorrect,False,False,False,1.0,1.0
trace_00015,trace_00046,logic_001,commonsense_002,symbolic_logic,commonsense_multihop,correct,correct,False,False,True,0.7126417936566767,0.75
trace_00015,trace_00047,logic_001,commonsense_002,symbolic_logic,commonsense_multihop,correct,correct,False,False,True,0.7126417936566767,0.75
trace_00015,trace_00048,logic_001,commonsense_002,symbolic_logic,commonsense_multihop,correct,incorrect,False,False,False,1.0,1.0
trace_00015,trace_00049,logic_001,commonsense_002,symbolic_logic,commonsense_multihop,correct,correct,False,False,True,1.0,0.9999999999999999
trace_00015,trace_00050,logic_001,commonsense_002,symbolic_logic,commonsense_multihop,correct,uncertain,False,False,False,0.7704260414863775,0.8333333333333334
trace_00016,trace_00017,logic_002,logic_002,symbolic_logic,symbolic_logic,correct,incorrect,True,True,False,0.0069498979327612745,0.09523809523809523
trace_00016,trace_00018,logic_002,logic_002,symbolic_logic,symbolic_logic,correct,correct,True,True,True,0.1908745046211096,0.33333333333333337
trace_00016,trace_00019,logic_002,logic_002,symbolic_logic,symbolic_logic,correct,incorrect,True,True,False,0.1908745046211096,0.33333333333333337
trace_00016,trace_00020,logic_002,logic_002,symbolic_logic,symbolic_logic,correct,correct,True,True,True,0.20751874963942185,0.3333333333333333
trace_00016,trace_00021,logic_002,temporal_001,symbolic_logic,temporal_ordering,correct,correct,False,False,True,0.3080790459672315,0.41666666666666663
trace_00016,trace_00022,logic_002,temporal_001,symbolic_logic,temporal_ordering,correct,incorrect,False,False,False,0.07539593734971191,0.14285714285714285
trace_00016,trace_00023,logic_002,temporal_001,symbolic_logic,temporal_ordering,correct,correct,False,False,True,0.236452797660028,0.39999999999999997
trace_00016,trace_00024,logic_002,temporal_001,symbolic_logic,temporal_ordering,correct,correct,False,False,True,0.3112781244591328,0.5
trace_00016,trace_00025,logic_002,temporal_001,symbolic_logic,temporal_ordering,correct,correct,False,False,True,0.3333333333333333,0.3333333333333333
trace_00016,trace_00026,logic_002,temporal_002,symbolic_logic,temporal_ordering,correct,correct,False,False,True,0.1908745046211096,0.33333333333333337
trace_00016,trace_00027,logic_002,temporal_002,symbolic_logic,temporal_ordering,correct,correct,False,False,True,0.20751874963942185,0.3333333333333333
trace_00016,trace_00028,logic_002,temporal_002,symbolic_logic,temporal_ordering,correct,correct,False,False,True,0.1908745046211096,0.33333333333333337
trace_00016,trace_00029,logic_002,temporal_002,symbolic_logic,temporal_ordering,correct,correct,False,False,True,0.0,0.0
trace_00016,trace_00030,logic_002,temporal_002,symbolic_logic,temporal_ordering,correct,correct,False,False,True,0.20008105534461507,0.33333333333333337
trace_00016,trace_00031,logic_002,causal_001,symbolic_logic,causal_micro_world,correct,incorrect,False,False,False,0.20751874963942185,0.3333333333333333
trace_00016,trace_00032,logic_002,causal_001,symbolic_logic,causal_micro_world,correct,incorrect,False,False,False,0.5408520829727551,0.6666666666666666
trace_00016,trace_00033,logic_002,causal_001,symbolic_logic,causal_micro_world,correct,correct,False,False,True,0.13792538097003013,0.24999999999999997
trace_00016,trace_00034,logic_002,causal_001,symbolic_logic,causal_micro_world,correct,incorrect,False,False,False,0.4591479170272448,0.6666666666666667
trace_00016,trace_00035,logic_002,causal_001,symbolic_logic,causal_micro_world,correct,incorrect,False,False,False,0.1908745046211096,0.33333333333333337
trace_00016,trace_00036,logic_002,causal_002,symbolic_logic,causal_micro_world,correct,incorrect,False,False,False,0.3080790459672315,0.41666666666666663
trace_00016,trace_00037,logic_002,causal_002,symbolic_logic,causal_micro_world,correct,incorrect,False,False,False,0.1264907875651346,0.26666666666666666
trace_00016,trace_00038,logic_002,causal_002,symbolic_logic,causal_micro_world,correct,correct,False,False,True,0.6666666666666666,0.6666666666666666
trace_00016,trace_00039,logic_002,causal_002,symbolic_logic,causal_micro_world,correct,correct,False,False,True,0.5408520829727551,0.6666666666666666
trace_00016,trace_00040,logic_002,causal_002,symbolic_logic,causal_micro_world,correct,correct,False,False,True,0.13792538097003013,0.24999999999999997
trace_00016,trace_00041,logic_002,commonsense_001,symbolic_logic,commonsense_multihop,correct,incorrect,False,False,False,0.7454842658866759,0.8
trace_00016,trace_00042,logic_002,commonsense_001,symbolic_logic,commonsense_multihop,correct,incorrect,False,False,False,0.3705065005495052,0.5714285714285714
trace_00016,trace_00043,logic_002,commonsense_001,symbolic_logic,commonsense_multihop,correct,incorrect,False,False,False,0.42528358731335336,0.5
trace_00016,trace_00044,logic_002,commonsense_001,symbolic_logic,commonsense_multihop,correct,incorrect,False,False,False,0.5408520829727551,0.6666666666666666
trace_00016,trace_00045,logic_002,commonsense_001,symbolic_logic,commonsense_multihop,correct,incorrect,False,False,False,0.5408520829727551,0.6666666666666666
trace_00016,trace_00046,logic_002,commonsense_002,symbolic_logic,commonsense_multihop,correct,correct,False,False,True,0.42528358731335336,0.5
trace_00016,trace_00047,logic_002,commonsense_002,symbolic_logic,commonsense_multihop,correct,correct,False,False,True,0.13792538097003013,0.24999999999999997
trace_00016,trace_00048,logic_002,commonsense_002,symbolic_logic,commonsense_multihop,correct,incorrect,False,False,False,0.490968531773352,0.5999999999999999
trace_00016,trace_00049,logic_002,commonsense_002,symbolic_logic,commonsense_multihop,correct,correct,False,False,True,0.3333333333333333,0.3333333333333333
trace_00016,trace_00050,logic_002,commonsense_002,symbolic_logic,commonsense_multihop,correct,uncertain,False,False,False,0.10375937481971093,0.16666666666666666
trace_00017,trace_00018,logic_002,logic_002,symbolic_logic,symbolic_logic,incorrect,correct,True,True,False,0.16618856329603304,0.2857142857142857
trace_00017,trace_00019,logic_002,logic_002,symbolic_logic,symbolic_logic,incorrect,incorrect,True,True,True,0.16618856329603304,0.2857142857142857
trace_00017,trace_00020,logic_002,logic_002,symbolic_logic,symbolic_logic,incorrect,correct,True,True,False,0.20369027339929013,0.38095238095238093
trace_00017,trace_00021,logic_002,temporal_001,symbolic_logic,temporal_ordering,incorrect,correct,False,False,False,0.27070021010834616,0.3214285714285714
trace_00017,trace_00022,logic_002,temporal_001,symbolic_logic,temporal_ordering,incorrect,incorrect,False,False,True,0.08180335912333268,0.14285714285714285
trace_00017,trace_00023,logic_002,temporal_001,symbolic_logic,temporal_ordering,incorrect,correct,False,False,False,0.24164488546503765,0.39999999999999997
trace_00017,trace_00024,logic_002,temporal_001,symbolic_logic,temporal_ordering,incorrect,correct,False,False,False,0.31588753751493687,0.5
trace_00017,trace_00025,logic_002,temporal_001,symbolic_logic,temporal_ordering,incorrect,correct,False,False,False,0.315151252149524,0.38095238095238093
trace_00017,trace_00026,logic_002,temporal_002,symbolic_logic,temporal_ordering,incorrect,correct,False,False,False,0.16618856329603304,0.2857142857142857
trace_00017,trace_00027,logic_002,temporal_002,symbolic_logic,temporal_ordering,incorrect,correct,False,False,False,0.1629979060802843,0.2857142857142857
trace_00017,trace_00028,logic_002,temporal_002,symbolic_logic,temporal_ordering,incorrect,correct,False,False,False,0.2569811892423542,0.42857142857142855
trace_00017,trace_00029,logic_002,temporal_002,symbolic_logic,temporal_ordering,incorrect,correct,False,False,False,0.0069498979327612745,0.09523809523809523
trace_00017,trace_00030,logic_002,temporal_002,symbolic_logic,temporal_ordering,incorrect,correct,False,False,False,0.190853479583517,0.3392857142857143
trace_00017,trace_00031,logic_002,causal_001,symbolic_logic,causal_micro_world,incorrect,incorrect,False,False,True,0.2721363128162408,0.42857142857142855
trace_00017,trace_00032,logic_002,causal_001,symbolic_logic,causal_micro_world,incorrect,incorrect,False,False,True,0.5803376670330034,0.7142857142857142
trace_00017,trace_00033,logic_002,causal_001,symbolic_logic,causal_micro_world,incorrect,correct,False,False,False,0.14386897764606926,0.24999999999999997
trace_00017,trace_00034,logic_002,causal_001,symbolic_logic,causal_micro_world,incorrect,incorrect,False,False,True,0.5087256743873156,0.7142857142857142
trace_00017,trace_00035,logic_002,causal_001,symbolic_logic,causal_micro_world,incorrect,incorrect,False,False,True,0.2569811892423542,0.42857142857142855
trace_00017,trace_00036,logic_002,causal_002,symbolic_logic,causal_micro_world,incorrect,incorrect,False,False,True,0.27070021010834616,0.3214285714285714
trace_00017,trace_00037,logic_002,causal_002,symbolic_logic,causal_micro_world,incorrect,incorrect,False,False,True,0.11132390268966881,0.19999999999999996
trace_00017,trace_00038,logic_002,causal_002,symbolic_logic,causal_micro_world,incorrect,correct,False,False,False,0.6917986457832372,0.7142857142857143
trace_00017,trace_00039,logic_002,causal_002,symbolic_logic,causal_micro_world,incorrect,correct,False,False,False,0.471199260297047,0.5714285714285714
trace_00017,trace_00040,logic_002,causal_002,symbolic_logic,causal_micro_world,incorrect,correct,False,False,False,0.14386897764606926,0.24999999999999997
trace_00017,trace_00041,logic_002,commonsense_001,symbolic_logic,commonsense_multihop,incorrect,incorrect,False,False,True,0.7163906825501495,0.7999999999999999
trace_00017,trace_00042,logic_002,commonsense_001,symbolic_logic,commonsense_multihop,incorrect,incorrect,False,False,True,0.3746508927026093,0.5714285714285714
trace_00017,trace_00043,logic_002,commonsense_001,symbolic_logic,commonsense_multihop,incorrect,incorrect,False,False,True,0.4660044828669804,0.5
trace_00017,trace_00044,logic_002,commonsense_001,symbolic_logic,commonsense_multihop,incorrect,incorrect,False,False,True,0.5306445409955441,0.6666666666666666
trace_00017,trace_00045,logic_002,commonsense_001,symbolic_logic,commonsense_multihop,incorrect,incorrect,False,False,True,0.5306445409955441,0.6666666666666666
trace_00017,trace_00046,logic_002,commonsense_002,symbolic_logic,commonsense_multihop,incorrect,correct,False,False,False,0.4108667362125791,0.5
trace_00017,trace_00047,logic_002,commonsense_002,symbolic_logic,commonsense_multihop,incorrect,correct,False,False,False,0.14386897764606926,0.24999999999999997
trace_00017,trace_00048,logic_002,commonsense_002,symbolic_logic,commonsense_multihop,incorrect,incorrect,False,False,True,0.47901778400759354,0.5999999999999999
trace_00017,trace_00049,logic_002,commonsense_002,symbolic_logic,commonsense_multihop,incorrect,correct,False,False,False,0.315151252149524,0.38095238095238093
trace_00017,trace_00050,logic_002,commonsense_002,symbolic_logic,commonsense_multihop,incorrect,uncertain,False,False,False,0.10039424866891662,0.21428571428571425
trace_00018,trace_00019,logic_002,logic_002,symbolic_logic,symbolic_logic,correct,incorrect,True,True,False,0.0,0.0
trace_00018,trace_00020,logic_002,logic_002,symbolic_logic,symbolic_logic,correct,correct,True,True,True,0.020720839623908215,0.16666666666666666
trace_00018,trace_00021,logic_002,temporal_001,symbolic_logic,temporal_ordering,correct,correct,False,False,True,0.1556390622295664,0.25
trace_00018,trace_00022,logic_002,temporal_001,symbolic_logic,temporal_ordering,correct,incorrect,False,False,False,0.2569811892423542,0.42857142857142855
trace_00018,trace_00023,logic_002,temporal_001,symbolic_logic,temporal_ordering,correct,correct,False,False,True,0.3958156020033583,0.6000000000000001
trace_00018,trace_00024,logic_002,temporal_001,symbolic_logic,temporal_ordering,correct,correct,False,False,True,0.4591479170272448,0.6666666666666666
trace_00018,trace_00025,logic_002,temporal_001,symbolic_logic,temporal_ordering,correct,correct,False,False,True,0.1908745046211096,0.33333333333333337
trace_00018,trace_00026,logic_002,temporal_002,symbolic_logic,temporal_ordering,correct,correct,False,False,True,0.0,0.0
trace_00018,trace_00027,logic_002,temporal_002,symbolic_logic,temporal_ordering,correct,correct,False,False,True,0.020720839623908215,0.16666666666666666
trace_00018,trace_00028,logic_002,temporal_002,symbolic_logic,temporal_ordering,correct,correct,False,False,True,0.5,0.5
trace_00018,trace_00029,logic_002,temporal_002,symbolic_logic,temporal_ordering,correct,correct,False,False,True,0.1908745046211096,0.33333333333333337
trace_00018,trace_00030,logic_002,temporal_002,symbolic_logic,temporal_ordering,correct,correct,False,False,True,0.01148240682601498,0.125
trace_00018,trace_00031,logic_002,causal_001,symbolic_logic,causal_micro_world,correct,incorrect,False,False,False,0.5954372523105548,0.6666666666666667
trace_00018,trace_00032,logic_002,causal_001,symbolic_logic,causal_micro_world,correct,incorrect,False,False,False,1.0,0.9999999999999999
trace_00018,trace_00033,logic_002,causal_001,symbolic_logic,causal_micro_world,correct,correct,False,False,True,0.3112781244591328,0.5
trace_00018,trace_00034,logic_002,causal_001,symbolic_logic,causal_micro_world,correct,incorrect,False,False,False,1.0,1.0
trace_00018,trace_00035,logic_002,causal_001,symbolic_logic,causal_micro_world,correct,incorrect,False,False,False,0.5,0.5
trace_00018,trace_00036,logic_002,causal_002,symbolic_logic,causal_micro_world,correct,incorrect,False,False,False,0.1556390622295664,0.25
trace_00018,trace_00037,logic_002,causal_002,symbolic_logic,causal_micro_world,correct,incorrect,False,False,False,0.2519235740744792,0.4
trace_00018,trace_00038,logic_002,causal_002,symbolic_logic,causal_micro_world,correct,correct,False,False,True,0.5954372523105549,0.6666666666666666
trace_00018,trace_00039,logic_002,causal_002,symbolic_logic,causal_micro_world,correct,correct,False,False,True,0.42528358731335336,0.5
trace_00018,trace_00040,logic_002,causal_002,symbolic_logic,causal_micro_world,correct,correct,False,False,True,0.3112781244591328,0.5
trace_00018,trace_00041,logic_002,commonsense_001,symbolic_logic,commonsense_multihop,correct,incorrect,False,False,False,0.6979078010016792,0.8
trace_00018,trace_00042,logic_002,commonsense_001,symbolic_logic,commonsense_multihop,correct,incorrect,False,False,False,0.5087256743873156,0.7142857142857142
trace_00018,trace_00043,logic_002,commonsense_001,symbolic_logic,commonsense_multihop,correct,incorrect,False,False,False,0.6556390622295665,0.75
trace_00018,trace_00044,logic_002,commonsense_001,symbolic_logic,commonsense_multihop,correct,incorrect,False,False,False,0.7295739585136223,0.8333333333333333
trace_00018,trace_00045,logic_002,commonsense_001,symbolic_logic,commonsense_multihop,correct,incorrect,False,False,False,0.7295739585136223,0.8333333333333333
trace_00018,trace_00046,logic_002,commonsense_002,symbolic_logic,commonsense_multihop,correct,correct,False,False,True,0.3112781244591328,0.5
trace_00018,trace_00047,logic_002,commonsense_002,symbolic_logic,commonsense_multihop,correct,correct,False,False,True,0.3112781244591328,0.5
trace_00018,trace_00048,logic_002,commonsense_002,symbolic_logic,commonsense_multihop,correct,incorrect,False,False,False,0.6979078010016792,0.8
trace_00018,trace_00049,logic_002,commonsense_002,symbolic_logic,commonsense_multihop,correct,correct,False,False,True,0.5954372523105549,0.6666666666666666
trace_00018,trace_00050,logic_002,commonsense_002,symbolic_logic,commonsense_multihop,correct,uncertain,False,False,False,0.32501121082417717,0.49999999999999994
trace_00019,trace_00020,logic_002,logic_002,symbolic_logic,symbolic_logic,incorrect,correct,True,True,False,0.020720839623908215,0.16666666666666666
trace_00019,trace_00021,logic_002,temporal_001,symbolic_logic,temporal_ordering,incorrect,correct,False,False,False,0.1556390622295664,0.25
trace_00019,trace_00022,logic_002,temporal_001,symbolic_logic,temporal_ordering,incorrect,incorrect,False,False,True,0.2569811892423542,0.42857142857142855
trace_00019,trace_00023,logic_002,temporal_001,symbolic_logic,temporal_ordering,incorrect,correct,False,False,False,0.3958156020033583,0.6000000000000001
trace_00019,trace_00024,logic_002,temporal_001,symbolic_logic,temporal_ordering,incorrect,correct,False,False,False,0.4591479170272448,0.6666666666666666
trace_00019,trace_00025,logic_002,temporal_001,symbolic_logic,temporal_ordering,incorrect,correct,False,False,False,0.1908745046211096,0.33333333333333337
trace_00019,trace_00026,logic_002,temporal_002,symbolic_logic,temporal_ordering,incorrect,correct,False,False,False,0.0,0.0
trace_00019,trace_00027,logic_002,temporal_002,symbolic_logic,temporal_ordering,incorrect,correct,False,False,False,0.020720839623908215,0.16666666666666666
trace_00019,trace_00028,logic_002,temporal_002,symbolic_logic,temporal_ordering,incorrect,correct,False,False,False,0.5,0.5
trace_00019,trace_00029,logic_002,temporal_002,symbolic_logic,temporal_ordering,incorrect,correct,False,False,False,0.1908745046211096,0.33333333333333337
trace_00019,trace_00030,logic_002,temporal_002,symbolic_logic,temporal_ordering,incorrect,correct,False,False,False,0.01148240682601498,0.125
trace_00019,trace_00031,logic_002,causal_001,symbolic_logic,causal_micro_world,incorrect,incorrect,False,False,True,0.5954372523105548,0.6666666666666667
trace_00019,trace_00032,logic_002,causal_001,symbolic_logic,causal_micro_world,incorrect,incorrect,False,False,True,1.0,0.9999999999999999
trace_00019,trace_00033,logic_002,causal_001,symbolic_logic,causal_micro_world,incorrect,correct,False,False,False,0.3112781244591328,0.5
trace_00019,trace_00034,logic_002,causal_001,symbolic_logic,causal_micro_world,incorrect,incorrect,False,False,True,1.0,1.0
trace_00019,trace_00035,logic_002,causal_001,symbolic_logic,causal_micro_world,incorrect,incorrect,False,False,True,0.5,0.5
trace_00019,trace_00036,logic_002,causal_002,symbolic_logic,causal_micro_world,incorrect,incorrect,False,False,True,0.1556390622295664,0.25
trace_00019,trace_00037,logic_002,causal_002,symbolic_logic,causal_micro_world,incorrect,incorrect,False,False,True,0.2519235740744792,0.4
trace_00019,trace_00038,logic_002,causal_002,symbolic_logic,causal_micro_world,incorrect,correct,False,False,False,0.5954372523105549,0.6666666666666666
trace_00019,trace_00039,logic_002,causal_002,symbolic_logic,causal_micro_world,incorrect,correct,False,False,False,0.42528358731335336,0.5
trace_00019,trace_00040,logic_002,causal_002,symbolic_logic,causal_micro_world,incorrect,correct,False,False,False,0.3112781244591328,0.5
trace_00019,trace_00041,logic_002,commonsense_001,symbolic_logic,commonsense_multihop,incorrect,incorrect,False,False,True,0.6979078010016792,0.8
trace_00019,trace_00042,logic_002,commonsense_001,symbolic_logic,commonsense_multihop,incorrect,incorrect,False,False,True,0.5087256743873156,0.7142857142857142
trace_00019,trace_00043,logic_002,commonsense_001,symbolic_logic,commonsense_multihop,incorrect,incorrect,False,False,True,0.6556390622295665,0.75
trace_00019,trace_00044,logic_002,commonsense_001,symbolic_logic,commonsense_multihop,incorrect,incorrect,False,False,True,0.7295739585136223,0.8333333333333333
trace_00019,trace_00045,logic_002,commonsense_001,symbolic_logic,commonsense_multihop,incorrect,incorrect,False,False,True,0.7295739585136223,0.8333333333333333
trace_00019,trace_00046,logic_002,commonsense_002,symbolic_logic,commonsense_multihop,incorrect,correct,False,False,False,0.3112781244591328,0.5
trace_00019,trace_00047,logic_002,commonsense_002,symbolic_logic,commonsense_multihop,incorrect,correct,False,False,False,0.3112781244591328,0.5
trace_00019,trace_00048,logic_002,commonsense_002,symbolic_logic,commonsense_multihop,incorrect,incorrect,False,False,True,0.6979078010016792,0.8
trace_00019,trace_00049,logic_002,commonsense_002,symbolic_logic,commonsense_multihop,incorrect,correct,False,False,False,0.5954372523105549,0.6666666666666666
trace_00019,trace_00050,logic_002,commonsense_002,symbolic_logic,commonsense_multihop,incorrect,uncertain,False,False,False,0.32501121082417717,0.49999999999999994
trace_00020,trace_00021,logic_002,temporal_001,symbolic_logic,temporal_ordering,correct,correct,False,False,True,0.20798473969193815,0.41666666666666663
trace_00020,trace_00022,logic_002,temporal_001,symbolic_logic,temporal_ordering,correct,incorrect,False,False,False,0.2721363128162408,0.42857142857142855
trace_00020,trace_00023,logic_002,temporal_001,symbolic_logic,temporal_ordering,correct,correct,False,False,True,0.4077660030601058,0.5999999999999999
trace_00020,trace_00024,logic_002,temporal_001,symbolic_logic,temporal_ordering,correct,correct,False,False,True,0.4696226686166433,0.6666666666666666
trace_00020,trace_00025,logic_002,temporal_001,symbolic_logic,temporal_ordering,correct,correct,False,False,True,0.20751874963942185,0.3333333333333333
trace_00020,trace_00026,logic_002,temporal_002,symbolic_logic,temporal_ordering,correct,correct,False,False,True,0.020720839623908215,0.16666666666666666
trace_00020,trace_00027,logic_002,temporal_002,symbolic_logic,temporal_ordering,correct,correct,False,False,True,0.08170416594551039,0.3333333333333333
trace_00020,trace_00028,logic_002,temporal_002,symbolic_logic,temporal_ordering,correct,correct,False,False,True,0.42528358731335336,0.5
trace_00020,trace_00029,logic_002,temporal_002,symbolic_logic,temporal_ordering,correct,correct,False,False,True,0.20751874963942185,0.3333333333333333
trace_00020,trace_00030,logic_002,temporal_002,symbolic_logic,temporal_ordering,correct,correct,False,False,True,0.0013693754970769047,0.04166666666666666
trace_00020,trace_00031,logic_002,causal_001,symbolic_logic,causal_micro_world,correct,incorrect,False,False,False,0.5408520829727551,0.6666666666666666
trace_00020,trace_00032,logic_002,causal_001,symbolic_logic,causal_micro_world,correct,incorrect,False,False,False,1.0,0.9999999999999999
trace_00020,trace_00033,logic_002,causal_001,symbolic_logic,causal_micro_world,correct,correct,False,False,True,0.32518928103806,0.5
trace_00020,trace_00034,logic_002,causal_001,symbolic_logic,causal_micro_world,correct,incorrect,False,False,False,1.0,1.0
trace_00020,trace_00035,logic_002,causal_001,symbolic_logic,causal_micro_world,correct,incorrect,False,False,False,0.42528358731335336,0.5
trace_00020,trace_00036,logic_002,causal_002,symbolic_logic,causal_micro_world,correct,incorrect,False,False,False,0.20798473969193815,0.41666666666666663
trace_00020,trace_00037,logic_002,causal_002,symbolic_logic,causal_micro_world,correct,incorrect,False,False,False,0.2978039929652123,0.4666666666666667
trace_00020,trace_00038,logic_002,causal_002,symbolic_logic,causal_micro_world,correct,correct,False,False,True,0.5408520829727551,0.6666666666666666
trace_00020,trace_00039,logic_002,causal_002,symbolic_logic,causal_micro_world,correct,correct,False,False,True,0.5408520829727551,0.6666666666666666
trace_00020,trace_00040,logic_002,causal_002,symbolic_logic,causal_micro_world,correct,correct,False,False,True,0.32518928103806,0.5
trace_00020,trace_00041,logic_002,commonsense_001,symbolic_logic,commonsense_multihop,correct,incorrect,False,False,False,0.745484265886676,0.8
trace_00020,trace_00042,logic_002,commonsense_001,symbolic_logic,commonsense_multihop,correct,incorrect,False,False,False,0.5180495027954102,0.7142857142857142
trace_00020,trace_00043,logic_002,commonsense_001,symbolic_logic,commonsense_multihop,correct,incorrect,False,False,False,0.6125474873813833,0.75
trace_00020,trace_00044,logic_002,commonsense_001,symbolic_logic,commonsense_multihop,correct,incorrect,False,False,False,0.7704260414863775,0.8333333333333333
trace_00020,trace_00045,logic_002,commonsense_001,symbolic_logic,commonsense_multihop,correct,incorrect,False,False,False,0.7704260414863775,0.8333333333333333
trace_00020,trace_00046,logic_002,commonsense_002,symbolic_logic,commonsense_multihop,correct,correct,False,False,True,0.32518928103806,0.5
trace_00020,trace_00047,logic_002,commonsense_002,symbolic_logic,commonsense_multihop,correct,correct,False,False,True,0.32518928103806,0.5
trace_00020,trace_00048,logic_002,commonsense_002,symbolic_logic,commonsense_multihop,correct,incorrect,False,False,False,0.745484265886676,0.8
trace_00020,trace_00049,logic_002,commonsense_002,symbolic_logic,commonsense_multihop,correct,correct,False,False,True,0.6666666666666666,0.6666666666666666
trace_00020,trace_00050,logic_002,commonsense_002,symbolic_logic,commonsense_multihop,correct,uncertain,False,False,False,0.3658632937969324,0.49999999999999994
trace_00021,trace_00022,temporal_001,temporal_001,temporal_ordering,temporal_ordering,correct,incorrect,True,True,False,0.17573813336525584,0.3214285714285714
trace_00021,trace_00023,temporal_001,temporal_001,temporal_ordering,temporal_ordering,correct,correct,True,True,True,0.4749156875380792,0.6000000000000001
trace_00021,trace_00024,temporal_001,temporal_001,temporal_ordering,temporal_ordering,correct,correct,True,True,True,0.32501121082417717,0.5
trace_00021,trace_00025,temporal_001,temporal_001,temporal_ordering,temporal_ordering,correct,correct,True,True,True,0.3080790459672315,0.41666666666666663
trace_00021,trace_00026,temporal_001,temporal_002,temporal_ordering,temporal_ordering,correct,correct,False,True,True,0.1556390622295664,0.25
trace_00021,trace_00027,temporal_001,temporal_002,temporal_ordering,temporal_ordering,correct,correct,False,True,True,0.13792538097003013,0.24999999999999997
trace_00021,trace_00028,temporal_001,temporal_002,temporal_ordering,temporal_ordering,correct,correct,False,True,True,0.6556390622295665,0.75
trace_00021,trace_00029,temporal_001,temporal_002,temporal_ordering,temporal_ordering,correct,correct,False,True,True,0.3080790459672315,0.41666666666666663
trace_00021,trace_00030,temporal_001,temporal_002,temporal_ordering,temporal_ordering,correct,correct,False,True,True,0.19134744173711385,0.375
trace_00021,trace_00031,temporal_001,causal_001,temporal_ordering,causal_micro_world,correct,incorrect,False,False,False,0.7126417936566767,0.75
trace_00021,trace_00032,temporal_001,causal_001,temporal_ordering,causal_micro_world,correct,incorrect,False,False,False,1.0,0.9999999999999999
trace_00021,trace_00033,temporal_001,causal_001,temporal_ordering,causal_micro_world,correct,correct,False,False,True,0.40563906222956636,0.5
trace_00021,trace_00034,temporal_001,causal_001,temporal_ordering,causal_micro_world,correct,incorrect,False,False,False,1.0,1.0
trace_00021,trace_00035,temporal_001,causal_001,temporal_ordering,causal_micro_world,correct,incorrect,False,False,False,0.6556390622295665,0.75
trace_00021,trace_00036,temporal_001,causal_002,temporal_ordering,causal_micro_world,correct,incorrect,False,False,False,0.0,0.0
trace_00021,trace_00037,temporal_001,causal_002,temporal_ordering,causal_micro_world,correct,incorrect,False,False,False,0.10803154614560012,0.19999999999999998
trace_00021,trace_00038,temporal_001,causal_002,temporal_ordering,causal_micro_world,correct,correct,False,False,True,0.42528358731335336,0.4999999999999999
trace_00021,trace_00039,temporal_001,causal_002,temporal_ordering,causal_micro_world,correct,correct,False,False,True,0.13792538097003013,0.24999999999999997
trace_00021,trace_00040,temporal_001,causal_002,temporal_ordering,causal_micro_world,correct,correct,False,False,True,0.40563906222956636,0.5
trace_00021,trace_00041,temporal_001,commonsense_001,temporal_ordering,commonsense_multihop,correct,incorrect,False,False,False,0.47491568753807917,0.6
trace_00021,trace_00042,temporal_001,commonsense_001,temporal_ordering,commonsense_multihop,correct,incorrect,False,False,False,0.3016103759377366,0.46428571428571425
trace_00021,trace_00043,temporal_001,commonsense_001,temporal_ordering,commonsense_multihop,correct,incorrect,False,False,False,0.75,0.75
trace_00021,trace_00044,temporal_001,commonsense_001,temporal_ordering,commonsense_multihop,correct,incorrect,False,False,False,0.7295739585136223,0.8333333333333333
trace_00021,trace_00045,temporal_001,commonsense_001,temporal_ordering,commonsense_multihop,correct,incorrect,False,False,False,0.7295739585136223,0.8333333333333333
trace_00021,trace_00046,temporal_001,commonsense_002,temporal_ordering,commonsense_multihop,correct,correct,False,False,True,0.40563906222956636,0.5
trace_00021,trace_00047,temporal_001,commonsense_002,temporal_ordering,commonsense_multihop,correct,correct,False,False,True,0.40563906222956636,0.5
trace_00021,trace_00048,temporal_001,commonsense_002,temporal_ordering,commonsense_multihop,correct,incorrect,False,False,False,0.6979078010016792,0.8
trace_00021,trace_00049,temporal_001,commonsense_002,temporal_ordering,commonsense_multihop,correct,correct,False,False,True,0.5954372523105549,0.6666666666666666
trace_00021,trace_00050,temporal_001,commonsense_002,temporal_ordering,commonsense_multihop,correct,uncertain,False,False,False,0.3931558784658322,0.49999999999999994
trace_00022,trace_00023,temporal_001,temporal_001,temporal_ordering,temporal_ordering,incorrect,correct,True,True,False,0.28788130437233217,0.39999999999999997
trace_00022,trace_00024,temporal_001,temporal_001,temporal_ordering,temporal_ordering,incorrect,correct,True,True,False,0.20162831244979657,0.3571428571428571
trace_00022,trace_00025,temporal_001,temporal_001,temporal_ordering,temporal_ordering,incorrect,correct,True,True,False,0.3835972915664746,0.4285714285714285
trace_00022,trace_00026,temporal_001,temporal_002,temporal_ordering,temporal_ordering,incorrect,correct,False,True,False,0.2569811892423542,0.42857142857142855
trace_00022,trace_00027,temporal_001,temporal_002,temporal_ordering,temporal_ordering,incorrect,correct,False,True,False,0.2721363128162408,0.42857142857142855
trace_00022,trace_00028,temporal_001,temporal_002,temporal_ordering,temporal_ordering,incorrect,correct,False,True,False,0.2569811892423542,0.42857142857142855
trace_00022,trace_00029,temporal_001,temporal_002,temporal_ordering,temporal_ordering,incorrect,correct,False,True,False,0.07539593734971191,0.14285714285714285
trace_00022,trace_00030,temporal_001,temporal_002,temporal_ordering,temporal_ordering,incorrect,correct,False,True,False,0.265358075916164,0.42857142857142855
trace_00022,trace_00031,temporal_001,causal_001,temporal_ordering,causal_micro_world,incorrect,incorrect,False,False,True,0.2721363128162408,0.42857142857142855
trace_00022,trace_00032,temporal_001,causal_001,temporal_ordering,causal_micro_world,incorrect,incorrect,False,False,True,0.5803376670330034,0.7142857142857142
trace_00022,trace_00033,temporal_001,causal_001,temporal_ordering,causal_micro_world,incorrect,correct,False,False,False,0.1990067243004706,0.24999999999999997
trace_00022,trace_00034,temporal_001,causal_001,temporal_ordering,causal_micro_world,incorrect,incorrect,False,False,True,0.5087256743873156,0.7142857142857142
trace_00022,trace_00035,temporal_001,causal_001,temporal_ordering,causal_micro_world,incorrect,incorrect,False,False,True,0.2569811892423542,0.42857142857142855
trace_00022,trace_00036,temporal_001,causal_002,temporal_ordering,causal_micro_world,incorrect,incorrect,False,False,True,0.17573813336525584,0.3214285714285714
trace_00022,trace_00037,temporal_001,causal_002,temporal_ordering,causal_micro_world,incorrect,incorrect,False,False,True,0.02132169949429524,0.17142857142857143
trace_00022,trace_00038,temporal_001,causal_002,temporal_ordering,causal_micro_world,incorrect,correct,False,False,False,0.48196747929973904,0.5714285714285714
trace_00022,trace_00039,temporal_001,causal_002,temporal_ordering,causal_micro_world,incorrect,correct,False,False,False,0.3705065005495052,0.5714285714285714
trace_00022,trace_00040,temporal_001,causal_002,temporal_ordering,causal_micro_world,incorrect,correct,False,False,False,0.1990067243004706,0.24999999999999997
trace_00022,trace_00041,temporal_001,commonsense_001,temporal_ordering,commonsense_multihop,incorrect,incorrect,False,False,True,0.5946496003172463,0.657142857142857
trace_00022,trace_00042,temporal_001,commonsense_001,temporal_ordering,commonsense_multihop,incorrect,incorrect,False,False,True,0.21288928509615174,0.42857142857142855
trace_00022,trace_00043,temporal_001,commonsense_001,temporal_ordering,commonsense_multihop,incorrect,incorrect,False,False,True,0.4660044828669804,0.5
trace_00022,trace_00044,temporal_001,commonsense_001,temporal_ordering,commonsense_multihop,incorrect,incorrect,False,False,True,0.5704859930387852,0.6666666666666666
trace_00022,trace_00045,temporal_001,commonsense_001,temporal_ordering,commonsense_multihop,incorrect,incorrect,False,False,True,0.5704859930387852,0.6666666666666666
trace_00022,trace_00046,temporal_001,commonsense_002,temporal_ordering,commonsense_multihop,incorrect,correct,False,False,False,0.4660044828669804,0.5
trace_00022,trace_00047,temporal_001,commonsense_002,temporal_ordering,commonsense_multihop,incorrect,correct,False,False,False,0.1990067243004706,0.24999999999999997
trace_00022,trace_00048,temporal_001,commonsense_002,temporal_ordering,commonsense_multihop,incorrect,incorrect,False,False,True,0.5252542029148881,0.5999999999999999
trace_00022,trace_00049,temporal_001,commonsense_002,temporal_ordering,commonsense_multihop,incorrect,correct,False,False,False,0.3835972915664746,0.4285714285714285
trace_00022,trace_00050,temporal_001,commonsense_002,temporal_ordering,commonsense_multihop,incorrect,uncertain,False,False,False,0.16884028808586726,0.2619047619047619
trace_00023,trace_00024,temporal_001,temporal_001,temporal_ordering,temporal_ordering,correct,correct,True,True,True,0.08880563947945644,0.1666666666666667
trace_00023,trace_00025,temporal_001,temporal_001,temporal_ordering,temporal_ordering,correct,correct,True,True,True,0.1264907875651346,0.26666666666666666
trace_00023,trace_00026,temporal_001,temporal_002,temporal_ordering,temporal_ordering,correct,correct,False,True,True,0.3958156020033583,0.6000000000000001
trace_00023,trace_00027,temporal_001,temporal_002,temporal_ordering,temporal_ordering,correct,correct,False,True,True,0.4077660030601058,0.5999999999999999
trace_00023,trace_00028,temporal_001,temporal_002,temporal_ordering,temporal_ordering,correct,correct,False,True,True,0.3958156020033583,0.6000000000000001
trace_00023,trace_00029,temporal_001,temporal_002,temporal_ordering,temporal_ordering,correct,correct,False,True,True,0.236452797660028,0.39999999999999997
trace_00023,trace_00030,temporal_001,temporal_002,temporal_ordering,temporal_ordering,correct,correct,False,True,True,0.40241040937944544,0.6000000000000001
trace_00023,trace_00031,temporal_001,causal_001,temporal_ordering,causal_micro_world,correct,incorrect,False,False,False,0.4077660030601058,0.6
trace_00023,trace_00032,temporal_001,causal_001,temporal_ordering,causal_micro_world,correct,incorrect,False,False,False,0.2978039929652123,0.4666666666666667
trace_00023,trace_00033,temporal_001,causal_001,temporal_ordering,causal_micro_world,correct,correct,False,False,True,0.018621763074265447,0.15
trace_00023,trace_00034,temporal_001,causal_001,temporal_ordering,causal_micro_world,correct,incorrect,False,False,False,0.6099865470109875,0.8
trace_00023,trace_00035,temporal_001,causal_001,temporal_ordering,causal_micro_world,correct,incorrect,False,False,False,0.3958156020033583,0.6000000000000001
trace_00023,trace_00036,temporal_001,causal_002,temporal_ordering,causal_micro_world,correct,incorrect,False,False,False,0.4749156875380792,0.6000000000000001
trace_00023,trace_00037,temporal_001,causal_002,temporal_ordering,causal_micro_world,correct,incorrect,False,False,False,0.32451124978365314,0.4
trace_00023,trace_00038,temporal_001,causal_002,temporal_ordering,causal_micro_world,correct,correct,False,False,True,0.38100652167845855,0.4666666666666667
trace_00023,trace_00039,temporal_001,causal_002,temporal_ordering,causal_micro_world,correct,correct,False,False,True,0.6622817371734298,0.8
trace_00023,trace_00040,temporal_001,causal_002,temporal_ordering,causal_micro_world,correct,correct,False,False,True,0.018621763074265447,0.15
trace_00023,trace_00041,temporal_001,commonsense_001,temporal_ordering,commonsense_multihop,correct,incorrect,False,False,False,0.3145247027726657,0.4
trace_00023,trace_00042,temporal_001,commonsense_001,temporal_ordering,commonsense_multihop,correct,incorrect,False,False,False,0.16011249429901186,0.28571428571428575
trace_00023,trace_00043,temporal_001,commonsense_001,temporal_ordering,commonsense_multihop,correct,incorrect,False,False,False,0.10803154614560012,0.19999999999999998
trace_00023,trace_00044,temporal_001,commonsense_001,temporal_ordering,commonsense_multihop,correct,incorrect,False,False,False,0.1264907875651346,0.26666666666666666
trace_00023,trace_00045,temporal_001,commonsense_001,temporal_ordering,commonsense_multihop,correct,incorrect,False,False,False,0.1264907875651346,0.26666666666666666
trace_00023,trace_00046,temporal_001,commonsense_002,temporal_ordering,commonsense_multihop,correct,correct,False,False,True,0.10803154614560012,0.19999999999999998
trace_00023,trace_00047,temporal_001,commonsense_002,temporal_ordering,commonsense_multihop,correct,correct,False,False,True,0.018621763074265447,0.15
trace_00023,trace_00048,temporal_001,commonsense_002,temporal_ordering,commonsense_multihop,correct,incorrect,False,False,False,0.11452470277266569,0.19999999999999998
trace_00023,trace_00049,temporal_001,commonsense_002,temporal_ordering,commonsense_multihop,correct,correct,False,False,True,0.1264907875651346,0.26666666666666666
trace_00023,trace_00050,temporal_001,commonsense_002,temporal_ordering,commonsense_multihop,correct,uncertain,False,False,False,0.0611016960331586,0.26666666666666666
trace_00024,trace_00025,temporal_001,temporal_001,temporal_ordering,temporal_ordering,correct,correct,True,True,True,0.20751874963942185,0.3333333333333333
trace_00024,trace_00026,temporal_001,temporal_002,temporal_ordering,temporal_ordering,correct,correct,False,True,True,0.4591479170272448,0.6666666666666666
trace_00024,trace_00027,temporal_001,temporal_002,temporal_ordering,temporal_ordering,correct,correct,False,True,True,0.4696226686166433,0.6666666666666666
trace_00024,trace_00028,temporal_001,temporal_002,temporal_ordering,temporal_ordering,correct,correct,False,True,True,0.4591479170272448,0.6666666666666666
trace_00024,trace_00029,temporal_001,temporal_002,temporal_ordering,temporal_ordering,correct,correct,False,True,True,0.3112781244591328,0.5
trace_00024,trace_00030,temporal_001,temporal_002,temporal_ordering,temporal_ordering,correct,correct,False,True,True,0.4649238511634639,0.6666666666666666
trace_00024,trace_00031,temporal_001,causal_001,temporal_ordering,causal_micro_world,correct,incorrect,False,False,False,0.4696226686166433,0.6666666666666666
trace_00024,trace_00032,temporal_001,causal_001,temporal_ordering,causal_micro_world,correct,incorrect,False,False,False,0.3658632937969324,0.5
trace_00024,trace_00033,temporal_001,causal_001,temporal_ordering,causal_micro_world,correct,correct,False,False,True,0.1057976721225089,0.25
trace_00024,trace_00034,temporal_001,causal_001,temporal_ordering,causal_micro_world,correct,incorrect,False,False,False,0.6548575458269756,0.8333333333333334
trace_00024,trace_00035,temporal_001,causal_001,temporal_ordering,causal_micro_world,correct,incorrect,False,False,False,0.4591479170272448,0.6666666666666666
trace_00024,trace_00036,temporal_001,causal_002,temporal_ordering,causal_micro_world,correct,incorrect,False,False,False,0.32501121082417717,0.5
trace_00024,trace_00037,temporal_001,causal_002,temporal_ordering,causal_micro_world,correct,incorrect,False,False,False,0.20565542005158913,0.33333333333333337
trace_00024,trace_00038,temporal_001,causal_002,temporal_ordering,causal_micro_world,correct,correct,False,False,True,0.20751874963942185,0.3333333333333333
trace_00024,trace_00039,temporal_001,causal_002,temporal_ordering,causal_micro_world,correct,correct,False,False,True,0.4696226686166433,0.6666666666666666
trace_00024,trace_00040,temporal_001,causal_002,temporal_ordering,causal_micro_world,correct,correct,False,False,True,0.1057976721225089,0.25
trace_00024,trace_00041,temporal_001,commonsense_001,temporal_ordering,commonsense_multihop,correct,incorrect,False,False,False,0.196722141745488,0.33333333333333337
trace_00024,trace_00042,temporal_001,commonsense_001,temporal_ordering,commonsense_multihop,correct,incorrect,False,False,False,0.014739610977485907,0.11904761904761904
trace_00024,trace_00043,temporal_001,commonsense_001,temporal_ordering,commonsense_multihop,correct,incorrect,False,False,False,0.19087450462110958,0.33333333333333337
trace_00024,trace_00044,temporal_001,commonsense_001,temporal_ordering,commonsense_multihop,correct,incorrect,False,False,False,0.20751874963942185,0.3333333333333333
trace_00024,trace_00045,temporal_001,commonsense_001,temporal_ordering,commonsense_multihop,correct,incorrect,False,False,False,0.20751874963942185,0.3333333333333333
trace_00024,trace_00046,temporal_001,commonsense_002,temporal_ordering,commonsense_multihop,correct,correct,False,False,True,0.1908745046211096,0.33333333333333337
trace_00024,trace_00047,temporal_001,commonsense_002,temporal_ordering,commonsense_multihop,correct,correct,False,False,True,0.1057976721225089,0.25
trace_00024,trace_00048,temporal_001,commonsense_002,temporal_ordering,commonsense_multihop,correct,incorrect,False,False,False,0.19672214174548802,0.33333333333333337
trace_00024,trace_00049,temporal_001,commonsense_002,temporal_ordering,commonsense_multihop,correct,correct,False,False,True,0.20751874963942185,0.3333333333333333
trace_00024,trace_00050,temporal_001,commonsense_002,temporal_ordering,commonsense_multihop,correct,uncertain,False,False,False,0.14461145779246612,0.3333333333333333
trace_00025,trace_00026,temporal_001,temporal_002,temporal_ordering,temporal_ordering,correct,correct,False,True,True,0.1908745046211096,0.33333333333333337
trace_00025,trace_00027,temporal_001,temporal_002,temporal_ordering,temporal_ordering,correct,correct,False,True,True,0.20751874963942185,0.3333333333333333
trace_00025,trace_00028,temporal_001,temporal_002,temporal_ordering,temporal_ordering,correct,correct,False,True,True,0.5954372523105549,0.6666666666666666
trace_00025,trace_00029,temporal_001,temporal_002,temporal_ordering,temporal_ordering,correct,correct,False,True,True,0.3333333333333333,0.3333333333333333
trace_00025,trace_00030,temporal_001,temporal_002,temporal_ordering,temporal_ordering,correct,correct,False,True,True,0.20008105534461507,0.33333333333333337
trace_00025,trace_00031,temporal_001,causal_001,temporal_ordering,causal_micro_world,correct,incorrect,False,False,False,0.6666666666666666,0.6666666666666666
trace_00025,trace_00032,temporal_001,causal_001,temporal_ordering,causal_micro_world,correct,incorrect,False,False,False,0.6666666666666666,0.6666666666666666
trace_00025,trace_00033,temporal_001,causal_001,temporal_ordering,causal_micro_world,correct,correct,False,False,True,0.13792538097003013,0.24999999999999997
trace_00025,trace_00034,temporal_001,causal_001,temporal_ordering,causal_micro_world,correct,incorrect,False,False,False,1.0,0.9999999999999999
trace_00025,trace_00035,temporal_001,causal_001,temporal_ordering,causal_micro_world,correct,incorrect,False,False,False,0.5954372523105549,0.6666666666666666
trace_00025,trace_00036,temporal_001,causal_002,temporal_ordering,causal_micro_world,correct,incorrect,False,False,False,0.3080790459672315,0.41666666666666663
trace_00025,trace_00037,temporal_001,causal_002,temporal_ordering,causal_micro_world,correct,incorrect,False,False,False,0.3810065216784586,0.4666666666666667
trace_00025,trace_00038,temporal_001,causal_002,temporal_ordering,causal_micro_world,correct,correct,False,False,True,0.3333333333333333,0.3333333333333333
trace_00025,trace_00039,temporal_001,causal_002,temporal_ordering,causal_micro_world,correct,correct,False,False,True,0.5408520829727551,0.6666666666666666
trace_00025,trace_00040,temporal_001,causal_002,temporal_ordering,causal_micro_world,correct,correct,False,False,True,0.13792538097003013,0.24999999999999997
trace_00025,trace_00041,temporal_001,commonsense_001,temporal_ordering,commonsense_multihop,correct,incorrect,False,False,False,0.30668415184038145,0.4666666666666667
trace_00025,trace_00042,temporal_001,commonsense_001,temporal_ordering,commonsense_multihop,correct,incorrect,False,False,False,0.2721363128162408,0.4285714285714286
trace_00025,trace_00043,temporal_001,commonsense_001,temporal_ordering,commonsense_multihop,correct,incorrect,False,False,False,0.30807904596723146,0.41666666666666663
trace_00025,trace_00044,temporal_001,commonsense_001,temporal_ordering,commonsense_multihop,correct,incorrect,False,False,False,0.3112781244591328,0.5
trace_00025,trace_00045,temporal_001,commonsense_001,temporal_ordering,commonsense_multihop,correct,incorrect,False,False,False,0.3112781244591328,0.5
trace_00025,trace_00046,temporal_001,commonsense_002,temporal_ordering,commonsense_multihop,correct,correct,False,False,True,0.020720839623908215,0.16666666666666666
trace_00025,trace_00047,temporal_001,commonsense_002,temporal_ordering,commonsense_multihop,correct,correct,False,False,True,0.13792538097003013,0.24999999999999997
trace_00025,trace_00048,temporal_001,commonsense_002,temporal_ordering,commonsense_multihop,correct,incorrect,False,False,False,0.30668415184038145,0.4666666666666667
trace_00025,trace_00049,temporal_001,commonsense_002,temporal_ordering,commonsense_multihop,correct,correct,False,False,True,0.3333333333333333,0.3333333333333333
trace_00025,trace_00050,temporal_001,commonsense_002,temporal_ordering,commonsense_multihop,correct,uncertain,False,False,False,0.20751874963942185,0.3333333333333333
trace_00026,trace_00027,temporal_002,temporal_002,temporal_ordering,temporal_ordering,correct,correct,True,True,True,0.020720839623908215,0.16666666666666666
trace_00026,trace_00028,temporal_002,temporal_002,temporal_ordering,temporal_ordering,correct,correct,True,True,True,0.5,0.5
trace_00026,trace_00029,temporal_002,temporal_002,temporal_ordering,temporal_ordering,correct,correct,True,True,True,0.1908745046211096,0.33333333333333337
trace_00026,trace_00030,temporal_002,temporal_002,temporal_ordering,temporal_ordering,correct,correct,True,True,True,0.01148240682601498,0.125
trace_00026,trace_00031,temporal_002,causal_001,temporal_ordering,causal_micro_world,correct,incorrect,False,False,False,0.5954372523105548,0.6666666666666667
trace_00026,trace_00032,temporal_002,causal_001,temporal_ordering,causal_micro_world,correct,incorrect,False,False,False,1.0,0.9999999999999999
trace_00026,trace_00033,temporal_002,causal_001,temporal_ordering,causal_micro_world,correct,correct,False,False,True,0.3112781244591328,0.5
trace_00026,trace_00034,temporal_002,causal_001,temporal_ordering,causal_micro_world,correct,incorrect,False,False,False,1.0,1.0
trace_00026,trace_00035,temporal_002,causal_001,temporal_ordering,causal_micro_world,correct,incorrect,False,False,False,0.5,0.5
trace_00026,trace_00036,temporal_002,causal_002,temporal_ordering,causal_micro_world,correct,incorrect,False,False,False,0.1556390622295664,0.25
trace_00026,trace_00037,temporal_002,causal_002,temporal_ordering,causal_micro_world,correct,incorrect,False,False,False,0.2519235740744792,0.4
trace_00026,trace_00038,temporal_002,causal_002,temporal_ordering,causal_micro_world,correct,correct,False,False,True,0.5954372523105549,0.6666666666666666
trace_00026,trace_00039,temporal_002,causal_002,temporal_ordering,causal_micro_world,correct,correct,False,False,True,0.42528358731335336,0.5
trace_00026,trace_00040,temporal_002,causal_002,temporal_ordering,causal_micro_world,correct,correct,False,False,True,0.3112781244591328,0.5
trace_00026,trace_00041,temporal_002,commonsense_001,temporal_ordering,commonsense_multihop,correct,incorrect,False,False,False,0.6979078010016792,0.8
trace_00026,trace_00042,temporal_002,commonsense_001,temporal_ordering,commonsense_multihop,correct,incorrect,False,False,False,0.5087256743873156,0.7142857142857142
trace_00026,trace_00043,temporal_002,commonsense_001,temporal_ordering,commonsense_multihop,correct,incorrect,False,False,False,0.6556390622295665,0.75
trace_00026,trace_00044,temporal_002,commonsense_001,temporal_ordering,commonsense_multihop,correct,incorrect,False,False,False,0.7295739585136223,0.8333333333333333
trace_00026,trace_00045,temporal_002,commonsense_001,temporal_ordering,commonsense_multihop,correct,incorrect,False,False,False,0.7295739585136223,0.8333333333333333
trace_00026,trace_00046,temporal_002,commonsense_002,temporal_ordering,commonsense_multihop,correct,correct,False,False,True,0.3112781244591328,0.5
trace_00026,trace_00047,temporal_002,commonsense_002,temporal_ordering,commonsense_multihop,correct,correct,False,False,True,0.3112781244591328,0.5
trace_00026,trace_00048,temporal_002,commonsense_002,temporal_ordering,commonsense_multihop,correct,incorrect,False,False,False,0.6979078010016792,0.8
trace_00026,trace_00049,temporal_002,commonsense_002,temporal_ordering,commonsense_multihop,correct,correct,False,False,True,0.5954372523105549,0.6666666666666666
trace_00026,trace_00050,temporal_002,commonsense_002,temporal_ordering,commonsense_multihop,correct,uncertain,False,False,False,0.32501121082417717,0.49999999999999994
trace_00027,trace_00028,temporal_002,temporal_002,temporal_ordering,temporal_ordering,correct,correct,True,True,True,0.5954372523105548,0.6666666666666666
trace_00027,trace_00029,temporal_002,temporal_002,temporal_ordering,temporal_ordering,correct,correct,True,True,True,0.20751874963942185,0.3333333333333333
trace_00027,trace_00030,temporal_002,temporal_002,temporal_ordering,temporal_ordering,correct,correct,True,True,True,0.062382379446441205,0.29166666666666663
trace_00027,trace_00031,temporal_002,causal_001,temporal_ordering,causal_micro_world,correct,incorrect,False,False,False,0.6666666666666666,0.6666666666666666
trace_00027,trace_00032,temporal_002,causal_001,temporal_ordering,causal_micro_world,correct,incorrect,False,False,False,1.0,0.9999999999999999
trace_00027,trace_00033,temporal_002,causal_001,temporal_ordering,causal_micro_world,correct,correct,False,False,True,0.32518928103806,0.5
trace_00027,trace_00034,temporal_002,causal_001,temporal_ordering,causal_micro_world,correct,incorrect,False,False,False,1.0,1.0
trace_00027,trace_00035,temporal_002,causal_001,temporal_ordering,causal_micro_world,correct,incorrect,False,False,False,0.5954372523105548,0.6666666666666666
trace_00027,trace_00036,temporal_002,causal_002,temporal_ordering,causal_micro_world,correct,incorrect,False,False,False,0.13792538097003013,0.24999999999999997
trace_00027,trace_00037,temporal_002,causal_002,temporal_ordering,causal_micro_world,correct,incorrect,False,False,False,0.236452797660028,0.3999999999999999
trace_00027,trace_00038,temporal_002,causal_002,temporal_ordering,causal_micro_world,correct,correct,False,False,True,0.6666666666666666,0.6666666666666666
trace_00027,trace_00039,temporal_002,causal_002,temporal_ordering,causal_micro_world,correct,correct,False,False,True,0.3333333333333333,0.3333333333333333
trace_00027,trace_00040,temporal_002,causal_002,temporal_ordering,causal_micro_world,correct,correct,False,False,True,0.32518928103806,0.5
trace_00027,trace_00041,temporal_002,commonsense_001,temporal_ordering,commonsense_multihop,correct,incorrect,False,False,False,0.6622817371734298,0.8
trace_00027,trace_00042,temporal_002,commonsense_001,temporal_ordering,commonsense_multihop,correct,incorrect,False,False,False,0.5180495027954102,0.7142857142857142
trace_00027,trace_00043,temporal_002,commonsense_001,temporal_ordering,commonsense_multihop,correct,incorrect,False,False,False,0.7126417936566767,0.75
trace_00027,trace_00044,temporal_002,commonsense_001,temporal_ordering,commonsense_multihop,correct,incorrect,False,False,False,0.6991966271302656,0.8333333333333333
trace_00027,trace_00045,temporal_002,commonsense_001,temporal_ordering,commonsense_multihop,correct,incorrect,False,False,False,0.6991966271302656,0.8333333333333333
trace_00027,trace_00046,temporal_002,commonsense_002,temporal_ordering,commonsense_multihop,correct,correct,False,False,True,0.32518928103806,0.5
trace_00027,trace_00047,temporal_002,commonsense_002,temporal_ordering,commonsense_multihop,correct,correct,False,False,True,0.32518928103806,0.5
trace_00027,trace_00048,temporal_002,commonsense_002,temporal_ordering,commonsense_multihop,correct,incorrect,False,False,False,0.6622817371734298,0.8
trace_00027,trace_00049,temporal_002,commonsense_002,temporal_ordering,commonsense_multihop,correct,correct,False,False,True,0.5408520829727551,0.6666666666666666
trace_00027,trace_00050,temporal_002,commonsense_002,temporal_ordering,commonsense_multihop,correct,uncertain,False,False,False,0.3112781244591328,0.49999999999999994
trace_00028,trace_00029,temporal_002,temporal_002,temporal_ordering,temporal_ordering,correct,correct,True,True,True,0.1908745046211096,0.33333333333333337
trace_00028,trace_00030,temporal_002,temporal_002,temporal_ordering,temporal_ordering,correct,correct,True,True,True,0.442519716341,0.5
trace_00028,trace_00031,temporal_002,causal_001,temporal_ordering,causal_micro_world,correct,incorrect,False,False,False,0.020720839623908215,0.16666666666666666
trace_00028,trace_00032,temporal_002,causal_001,temporal_ordering,causal_micro_world,correct,incorrect,False,False,False,0.42528358731335336,0.5
trace_00028,trace_00033,temporal_002,causal_001,temporal_ordering,causal_micro_world,correct,correct,False,False,True,0.3112781244591328,0.5
trace_00028,trace_00034,temporal_002,causal_001,temporal_ordering,causal_micro_world,correct,incorrect,False,False,False,0.3112781244591328,0.5
trace_00028,trace_00035,temporal_002,causal_001,temporal_ordering,causal_micro_world,correct,incorrect,False,False,False,0.0,0.0
trace_00028,trace_00036,temporal_002,causal_002,temporal_ordering,causal_micro_world,correct,incorrect,False,False,False,0.6556390622295665,0.75
trace_00028,trace_00037,temporal_002,causal_002,temporal_ordering,causal_micro_world,correct,incorrect,False,False,False,0.39581560200335836,0.6000000000000001
trace_00028,trace_00038,temporal_002,causal_002,temporal_ordering,causal_micro_world,correct,correct,False,False,True,0.5954372523105549,0.6666666666666666
trace_00028,trace_00039,temporal_002,causal_002,temporal_ordering,causal_micro_world,correct,correct,False,False,True,1.0,1.0
trace_00028,trace_00040,temporal_002,causal_002,temporal_ordering,causal_micro_world,correct,correct,False,False,True,0.3112781244591328,0.5
trace_00028,trace_00041,temporal_002,commonsense_001,temporal_ordering,commonsense_multihop,correct,incorrect,False,False,False,1.0,1.0
trace_00028,trace_00042,temporal_002,commonsense_001,temporal_ordering,commonsense_multihop,correct,incorrect,False,False,False,0.5087256743873156,0.7142857142857142
trace_00028,trace_00043,temporal_002,commonsense_001,temporal_ordering,commonsense_multihop,correct,incorrect,False,False,False,0.3112781244591328,0.5
trace_00028,trace_00044,temporal_002,commonsense_001,temporal_ordering,commonsense_multihop,correct,incorrect,False,False,False,0.7295739585136223,0.8333333333333333
trace_00028,trace_00045,temporal_002,commonsense_001,temporal_ordering,commonsense_multihop,correct,incorrect,False,False,False,0.7295739585136223,0.8333333333333333
trace_00028,trace_00046,temporal_002,commonsense_002,temporal_ordering,commonsense_multihop,correct,correct,False,False,True,0.6556390622295665,0.75
trace_00028,trace_00047,temporal_002,commonsense_002,temporal_ordering,commonsense_multihop,correct,correct,False,False,True,0.3112781244591328,0.5
trace_00028,trace_00048,temporal_002,commonsense_002,temporal_ordering,commonsense_multihop,correct,incorrect,False,False,False,0.6979078010016792,0.8
trace_00028,trace_00049,temporal_002,commonsense_002,temporal_ordering,commonsense_multihop,correct,correct,False,False,True,0.5954372523105549,0.6666666666666666
trace_00028,trace_00050,temporal_002,commonsense_002,temporal_ordering,commonsense_multihop,correct,uncertain,False,False,False,0.32501121082417717,0.5000000000000001
trace_00029,trace_00030,temporal_002,temporal_002,temporal_ordering,temporal_ordering,correct,correct,True,True,True,0.20008105534461507,0.33333333333333337
trace_00029,trace_00031,temporal_002,causal_001,temporal_ordering,causal_micro_world,correct,incorrect,False,False,False,0.20751874963942185,0.3333333333333333
trace_00029,trace_00032,temporal_002,causal_001,temporal_ordering,causal_micro_world,correct,incorrect,False,False,False,0.5408520829727551,0.6666666666666666
trace_00029,trace_00033,temporal_002,causal_001,temporal_ordering,causal_micro_world,correct,correct,False,False,True,0.13792538097003013,0.24999999999999997
trace_00029,trace_00034,temporal_002,causal_001,temporal_ordering,causal_micro_world,correct,incorrect,False,False,False,0.4591479170272448,0.6666666666666667
trace_00029,trace_00035,temporal_002,causal_001,temporal_ordering,causal_micro_world,correct,incorrect,False,False,False,0.1908745046211096,0.33333333333333337
trace_00029,trace_00036,temporal_002,causal_002,temporal_ordering,causal_micro_world,correct,incorrect,False,False,False,0.3080790459672315,0.41666666666666663
trace_00029,trace_00037,temporal_002,causal_002,temporal_ordering,causal_micro_world,correct,incorrect,False,False,False,0.1264907875651346,0.26666666666666666
trace_00029,trace_00038,temporal_002,causal_002,temporal_ordering,causal_micro_world,correct,correct,False,False,True,0.6666666666666666,0.6666666666666666
trace_00029,trace_00039,temporal_002,causal_002,temporal_ordering,causal_micro_world,correct,correct,False,False,True,0.5408520829727551,0.6666666666666666
trace_00029,trace_00040,temporal_002,causal_002,temporal_ordering,causal_micro_world,correct,correct,False,False,True,0.13792538097003013,0.24999999999999997
trace_00029,trace_00041,temporal_002,commonsense_001,temporal_ordering,commonsense_multihop,correct,incorrect,False,False,False,0.7454842658866759,0.8
trace_00029,trace_00042,temporal_002,commonsense_001,temporal_ordering,commonsense_multihop,correct,incorrect,False,False,False,0.3705065005495052,0.5714285714285714
trace_00029,trace_00043,temporal_002,commonsense_001,temporal_ordering,commonsense_multihop,correct,incorrect,False,False,False,0.42528358731335336,0.5
trace_00029,trace_00044,temporal_002,commonsense_001,temporal_ordering,commonsense_multihop,correct,incorrect,False,False,False,0.5408520829727551,0.6666666666666666
trace_00029,trace_00045,temporal_002,commonsense_001,temporal_ordering,commonsense_multihop,correct,incorrect,False,False,False,0.5408520829727551,0.6666666666666666
trace_00029,trace_00046,temporal_002,commonsense_002,temporal_ordering,commonsense_multihop,correct,correct,False,False,True,0.42528358731335336,0.5
trace_00029,trace_00047,temporal_002,commonsense_002,temporal_ordering,commonsense_multihop,correct,correct,False,False,True,0.13792538097003013,0.24999999999999997
trace_00029,trace_00048,temporal_002,commonsense_002,temporal_ordering,commonsense_multihop,correct,incorrect,False,False,False,0.490968531773352,0.5999999999999999
trace_00029,trace_00049,temporal_002,commonsense_002,temporal_ordering,commonsense_multihop,correct,correct,False,False,True,0.3333333333333333,0.3333333333333333
trace_00029,trace_00050,temporal_002,commonsense_002,temporal_ordering,commonsense_multihop,correct,uncertain,False,False,False,0.10375937481971093,0.16666666666666666
trace_00030,trace_00031,temporal_002,causal_001,temporal_ordering,causal_micro_world,correct,incorrect,False,False,False,0.5533632071836767,0.6666666666666667
trace_00030,trace_00032,temporal_002,causal_001,temporal_ordering,causal_micro_world,correct,incorrect,False,False,False,1.0,0.9999999999999999
trace_00030,trace_00033,temporal_002,causal_001,temporal_ordering,causal_micro_world,correct,correct,False,False,True,0.3189626904850149,0.5
trace_00030,trace_00034,temporal_002,causal_001,temporal_ordering,causal_micro_world,correct,incorrect,False,False,False,1.0,1.0
trace_00030,trace_00035,temporal_002,causal_001,temporal_ordering,causal_micro_world,correct,incorrect,False,False,False,0.442519716341,0.5
trace_00030,trace_00036,temporal_002,causal_002,temporal_ordering,causal_micro_world,correct,incorrect,False,False,False,0.19134744173711385,0.375
trace_00030,trace_00037,temporal_002,causal_002,temporal_ordering,causal_micro_world,correct,incorrect,False,False,False,0.28318340147092247,0.42500000000000004
trace_00030,trace_00038,temporal_002,causal_002,temporal_ordering,causal_micro_world,correct,correct,False,False,True,0.5533632071836767,0.6666666666666666
trace_00030,trace_00039,temporal_002,causal_002,temporal_ordering,causal_micro_world,correct,correct,False,False,True,0.5090191722627645,0.625
trace_00030,trace_00040,temporal_002,causal_002,temporal_ordering,causal_micro_world,correct,correct,False,False,True,0.3189626904850149,0.5
trace_00030,trace_00041,temporal_002,commonsense_001,temporal_ordering,commonsense_multihop,correct,incorrect,False,False,False,0.7320179243102061,0.8
trace_00030,trace_00042,temporal_002,commonsense_001,temporal_ordering,commonsense_multihop,correct,incorrect,False,False,False,0.513863733576232,0.7142857142857142
trace_00030,trace_00043,temporal_002,commonsense_001,temporal_ordering,commonsense_multihop,correct,incorrect,False,False,False,0.6223847512520989,0.75
trace_00030,trace_00044,temporal_002,commonsense_001,temporal_ordering,commonsense_multihop,correct,incorrect,False,False,False,0.7588251807738877,0.8333333333333333
trace_00030,trace_00045,temporal_002,commonsense_001,temporal_ordering,commonsense_multihop,correct,incorrect,False,False,False,0.7588251807738877,0.8333333333333333
trace_00030,trace_00046,temporal_002,commonsense_002,temporal_ordering,commonsense_multihop,correct,correct,False,False,True,0.3189626904850149,0.5
trace_00030,trace_00047,temporal_002,commonsense_002,temporal_ordering,commonsense_multihop,correct,correct,False,False,True,0.3189626904850149,0.5
trace_00030,trace_00048,temporal_002,commonsense_002,temporal_ordering,commonsense_multihop,correct,incorrect,False,False,False,0.7320179243102061,0.8
trace_00030,trace_00049,temporal_002,commonsense_002,temporal_ordering,commonsense_multihop,correct,correct,False,False,True,0.6467178481609384,0.6666666666666666
trace_00030,trace_00050,temporal_002,commonsense_002,temporal_ordering,commonsense_multihop,correct,uncertain,False,False,False,0.3528165185505145,0.49999999999999994
trace_00031,trace_00032,causal_001,causal_001,causal_micro_world,causal_micro_world,incorrect,incorrect,True,True,True,0.3333333333333333,0.3333333333333333
trace_00031,trace_00033,causal_001,causal_001,causal_micro_world,causal_micro_world,incorrect,correct,True,True,False,0.32518928103806,0.5
trace_00031,trace_00034,causal_001,causal_001,causal_micro_world,causal_micro_world,incorrect,incorrect,True,True,True,0.1908745046211096,0.33333333333333337
trace_00031,trace_00035,causal_001,causal_001,causal_micro_world,causal_micro_world,incorrect,incorrect,True,True,True,0.020720839623908215,0.16666666666666666
trace_00031,trace_00036,causal_001,causal_002,causal_micro_world,causal_micro_world,incorrect,incorrect,False,True,True,0.7126417936566767,0.75
trace_00031,trace_00037,causal_001,causal_002,causal_micro_world,causal_micro_world,incorrect,incorrect,False,True,True,0.4077660030601058,0.6
trace_00031,trace_00038,causal_001,causal_002,causal_micro_world,causal_micro_world,incorrect,correct,False,True,False,0.6666666666666666,0.6666666666666666
trace_00031,trace_00039,causal_001,causal_002,causal_micro_world,causal_micro_world,incorrect,correct,False,True,False,1.0,1.0
trace_00031,trace_00040,causal_001,causal_002,causal_micro_world,causal_micro_world,incorrect,correct,False,True,False,0.32518928103806,0.5
trace_00031,trace_00041,causal_001,commonsense_001,causal_micro_world,commonsense_multihop,incorrect,incorrect,False,False,True,1.0,1.0
trace_00031,trace_00042,causal_001,commonsense_001,causal_micro_world,commonsense_multihop,incorrect,incorrect,False,False,True,0.5180495027954102,0.7142857142857142
trace_00031,trace_00043,causal_001,commonsense_001,causal_micro_world,commonsense_multihop,incorrect,incorrect,False,False,True,0.32518928103806,0.5
trace_00031,trace_00044,causal_001,commonsense_001,causal_micro_world,commonsense_multihop,incorrect,incorrect,False,False,True,0.6991966271302656,0.8333333333333333
trace_00031,trace_00045,causal_001,commonsense_001,causal_micro_world,commonsense_multihop,incorrect,incorrect,False,False,True,0.6991966271302656,0.8333333333333333
trace_00031,trace_00046,causal_001,commonsense_002,causal_micro_world,commonsense_multihop,incorrect,correct,False,False,False,0.7126417936566767,0.75
trace_00031,trace_00047,causal_001,commonsense_002,causal_micro_world,commonsense_multihop,incorrect,correct,False,False,False,0.32518928103806,0.5
trace_00031,trace_00048,causal_001,commonsense_002,causal_micro_world,commonsense_multihop,incorrect,incorrect,False,False,True,0.6622817371734298,0.8
trace_00031,trace_00049,causal_001,commonsense_002,causal_micro_world,commonsense_multihop,incorrect,correct,False,False,False,0.5408520829727551,0.6666666666666666
trace_00031,trace_00050,causal_001,commonsense_002,causal_micro_world,commonsense_multihop,incorrect,uncertain,False,False,False,0.3112781244591328,0.49999999999999994
trace_00032,trace_00033,causal_001,causal_001,causal_micro_world,causal_micro_world,incorrect,correct,True,True,False,0.32518928103806,0.5
trace_00032,trace_00034,causal_001,causal_001,causal_micro_world,causal_micro_world,incorrect,incorrect,True,True,True,0.1908745046211096,0.33333333333333337
trace_00032,trace_00035,causal_001,causal_001,causal_micro_world,causal_micro_world,incorrect,incorrect,True,True,True,0.42528358731335336,0.5
trace_00032,trace_00036,causal_001,causal_002,causal_micro_world,causal_micro_world,incorrect,incorrect,False,True,True,1.0,0.9999999999999999
trace_00032,trace_00037,causal_001,causal_002,causal_micro_world,causal_micro_world,incorrect,incorrect,False,True,True,0.6622817371734298,0.7999999999999999
trace_00032,trace_00038,causal_001,causal_002,causal_micro_world,causal_micro_world,incorrect,correct,False,True,False,0.6666666666666666,0.6666666666666666
trace_00032,trace_00039,causal_001,causal_002,causal_micro_world,causal_micro_world,incorrect,correct,False,True,False,1.0,0.9999999999999999
trace_00032,trace_00040,causal_001,causal_002,causal_micro_world,causal_micro_world,incorrect,correct,False,True,False,0.32518928103806,0.5
trace_00032,trace_00041,causal_001,commonsense_001,causal_micro_world,commonsense_multihop,incorrect,incorrect,False,False,True,0.5611998859537054,0.6666666666666666
trace_00032,trace_00042,causal_001,commonsense_001,causal_micro_world,commonsense_multihop,incorrect,incorrect,False,False,True,0.41967931506214573,0.5714285714285714
trace_00032,trace_00043,causal_001,commonsense_001,causal_micro_world,commonsense_multihop,incorrect,incorrect,False,False,True,0.20798473969193812,0.41666666666666663
trace_00032,trace_00044,causal_001,commonsense_001,causal_micro_world,commonsense_multihop,incorrect,incorrect,False,False,True,0.24004871010302092,0.5
trace_00032,trace_00045,causal_001,commonsense_001,causal_micro_world,commonsense_multihop,incorrect,incorrect,False,False,True,0.24004871010302092,0.5
trace_00032,trace_00046,causal_001,commonsense_002,causal_micro_world,commonsense_multihop,incorrect,correct,False,False,False,0.5954372523105548,0.6666666666666666
trace_00032,trace_00047,causal_001,commonsense_002,causal_micro_world,commonsense_multihop,incorrect,correct,False,False,False,0.32518928103806,0.5
trace_00032,trace_00048,causal_001,commonsense_002,causal_micro_world,commonsense_multihop,incorrect,incorrect,False,False,True,0.2234816231271352,0.4666666666666667
trace_00032,trace_00049,causal_001,commonsense_002,causal_micro_world,commonsense_multihop,incorrect,correct,False,False,False,0.20751874963942185,0.3333333333333333
trace_00032,trace_00050,causal_001,commonsense_002,causal_micro_world,commonsense_multihop,incorrect,uncertain,False,False,False,0.3112781244591328,0.49999999999999994
trace_00033,trace_00034,causal_001,causal_001,causal_micro_world,causal_micro_world,correct,incorrect,True,True,False,0.5487949406953987,0.75
trace_00033,trace_00035,causal_001,causal_001,causal_micro_world,causal_micro_world,correct,incorrect,True,True,False,0.3112781244591328,0.5
trace_00033,trace_00036,causal_001,causal_002,causal_micro_world,causal_micro_world,correct,incorrect,False,True,False,0.40563906222956636,0.5
trace_00033,trace_00037,causal_001,causal_002,causal_micro_world,causal_micro_world,correct,incorrect,False,True,False,0.24161387653786542,0.35
trace_00033,trace_00038,causal_001,causal_002,causal_micro_world,causal_micro_world,correct,correct,False,True,True,0.42528358731335336,0.4999999999999999
trace_00033,trace_00039,causal_001,causal_002,causal_micro_world,causal_micro_world,correct,correct,False,True,True,0.6125474873813833,0.75
trace_00033,trace_00040,causal_001,causal_002,causal_micro_world,causal_micro_world,correct,correct,False,True,True,0.0,0.0
trace_00033,trace_00041,causal_001,commonsense_001,causal_micro_world,commonsense_multihop,correct,incorrect,False,False,False,0.40556594108227295,0.55
trace_00033,trace_00042,causal_001,commonsense_001,causal_micro_world,commonsense_multihop,correct,incorrect,False,False,False,0.17573813336525584,0.32142857142857145
trace_00033,trace_00043,causal_001,commonsense_001,causal_micro_world,commonsense_multihop,correct,incorrect,False,False,False,0.1556390622295664,0.25
trace_00033,trace_00044,causal_001,commonsense_001,causal_micro_world,commonsense_multihop,correct,incorrect,False,False,False,0.20798473969193815,0.4166666666666667
trace_00033,trace_00045,causal_001,commonsense_001,causal_micro_world,commonsense_multihop,correct,incorrect,False,False,False,0.20798473969193815,0.4166666666666667
trace_00033,trace_00046,causal_001,commonsense_002,causal_micro_world,commonsense_multihop,correct,correct,False,False,True,0.1556390622295664,0.25
trace_00033,trace_00047,causal_001,commonsense_002,causal_micro_world,commonsense_multihop,correct,correct,False,False,True,0.0,0.0
trace_00033,trace_00048,causal_001,commonsense_002,causal_micro_world,commonsense_multihop,correct,incorrect,False,False,False,0.18257382761867297,0.35
trace_00033,trace_00049,causal_001,commonsense_002,causal_micro_world,commonsense_multihop,correct,correct,False,False,True,0.1379253809700301,0.24999999999999997
trace_00033,trace_00050,causal_001,commonsense_002,causal_micro_world,commonsense_multihop,correct,uncertain,False,False,False,0.020720839623908218,0.16666666666666666
trace_00034,trace_00035,causal_001,causal_001,causal_micro_world,causal_micro_world,incorrect,incorrect,True,True,True,0.3112781244591328,0.5
trace_00034,trace_00036,causal_001,causal_002,causal_micro_world,causal_micro_world,incorrect,incorrect,False,True,True,1.0,1.0
trace_00034,trace_00037,causal_001,causal_002,causal_micro_world,causal_micro_world,incorrect,incorrect,False,True,True,0.6099865470109875,0.8
trace_00034,trace_00038,causal_001,causal_002,causal_micro_world,causal_micro_world,incorrect,correct,False,True,False,1.0,0.9999999999999999
trace_00034,trace_00039,causal_001,causal_002,causal_micro_world,causal_micro_world,incorrect,correct,False,True,False,1.0,1.0
trace_00034,trace_00040,causal_001,causal_002,causal_micro_world,causal_micro_world,incorrect,correct,False,True,False,0.5487949406953987,0.75
trace_00034,trace_00041,causal_001,commonsense_001,causal_micro_world,commonsense_multihop,incorrect,incorrect,False,False,True,1.0,1.0
trace_00034,trace_00042,causal_001,commonsense_001,causal_micro_world,commonsense_multihop,incorrect,incorrect,False,False,True,0.6893917467430877,0.8571428571428572
trace_00034,trace_00043,causal_001,commonsense_001,causal_micro_world,commonsense_multihop,incorrect,incorrect,False,False,True,0.5487949406953987,0.75
trace_00034,trace_00044,causal_001,commonsense_001,causal_micro_world,commonsense_multihop,incorrect,incorrect,False,False,True,0.6548575458269756,0.8333333333333333
trace_00034,trace_00045,causal_001,commonsense_001,causal_micro_world,commonsense_multihop,incorrect,incorrect,False,False,True,0.6548575458269756,0.8333333333333333
trace_00034,trace_00046,causal_001,commonsense_002,causal_micro_world,commonsense_multihop,incorrect,correct,False,False,False,1.0,1.0
trace_00034,trace_00047,causal_001,commonsense_002,causal_micro_world,commonsense_multihop,incorrect,correct,False,False,False,0.5487949406953987,0.75
trace_00034,trace_00048,causal_001,commonsense_002,causal_micro_world,commonsense_multihop,incorrect,incorrect,False,False,True,0.6099865470109875,0.8
trace_00034,trace_00049,causal_001,commonsense_002,causal_micro_world,commonsense_multihop,incorrect,correct,False,False,False,0.4591479170272448,0.6666666666666666
trace_00034,trace_00050,causal_001,commonsense_002,causal_micro_world,commonsense_multihop,incorrect,uncertain,False,False,False,0.4591479170272448,0.6666666666666667
trace_00035,trace_00036,causal_001,causal_002,causal_micro_world,causal_micro_world,incorrect,incorrect,False,True,True,0.6556390622295665,0.75
trace_00035,trace_00037,causal_001,causal_002,causal_micro_world,causal_micro_world,incorrect,incorrect,False,True,True,0.39581560200335836,0.6000000000000001
trace_00035,trace_00038,causal_001,causal_002,causal_micro_world,causal_micro_world,incorrect,correct,False,True,False,0.5954372523105549,0.6666666666666666
trace_00035,trace_00039,causal_001,causal_002,causal_micro_world,causal_micro_world,incorrect,correct,False,True,False,1.0,1.0
trace_00035,trace_00040,causal_001,causal_002,causal_micro_world,causal_micro_world,incorrect,correct,False,True,False,0.3112781244591328,0.5
trace_00035,trace_00041,causal_001,commonsense_001,causal_micro_world,commonsense_multihop,incorrect,incorrect,False,False,True,1.0,1.0
trace_00035,trace_00042,causal_001,commonsense_001,causal_micro_world,commonsense_multihop,incorrect,incorrect,False,False,True,0.5087256743873156,0.7142857142857142
trace_00035,trace_00043,causal_001,commonsense_001,causal_micro_world,commonsense_multihop,incorrect,incorrect,False,False,True,0.3112781244591328,0.5
trace_00035,trace_00044,causal_001,commonsense_001,causal_micro_world,commonsense_multihop,incorrect,incorrect,False,False,True,0.7295739585136223,0.8333333333333333
trace_00035,trace_00045,causal_001,commonsense_001,causal_micro_world,commonsense_multihop,incorrect,incorrect,False,False,True,0.7295739585136223,0.8333333333333333
trace_00035,trace_00046,causal_001,commonsense_002,causal_micro_world,commonsense_multihop,incorrect,correct,False,False,False,0.6556390622295665,0.75
trace_00035,trace_00047,causal_001,commonsense_002,causal_micro_world,commonsense_multihop,incorrect,correct,False,False,False,0.3112781244591328,0.5
trace_00035,trace_00048,causal_001,commonsense_002,causal_micro_world,commonsense_multihop,incorrect,incorrect,False,False,True,0.6979078010016792,0.8
trace_00035,trace_00049,causal_001,commonsense_002,causal_micro_world,commonsense_multihop,incorrect,correct,False,False,False,0.5954372523105549,0.6666666666666666
trace_00035,trace_00050,causal_001,commonsense_002,causal_micro_world,commonsense_multihop,incorrect,uncertain,False,False,False,0.32501121082417717,0.5000000000000001
trace_00036,trace_00037,causal_002,causal_002,causal_micro_world,causal_micro_world,incorrect,incorrect,True,True,True,0.10803154614560012,0.19999999999999998
trace_00036,trace_00038,causal_002,causal_002,causal_micro_world,causal_micro_world,incorrect,correct,True,True,False,0.42528358731335336,0.4999999999999999
trace_00036,trace_00039,causal_002,causal_002,causal_micro_world,causal_micro_world,incorrect,correct,True,True,False,0.13792538097003013,0.24999999999999997
trace_00036,trace_00040,causal_002,causal_002,causal_micro_world,causal_micro_world,incorrect,correct,True,True,False,0.40563906222956636,0.5
trace_00036,trace_00041,causal_002,commonsense_001,causal_micro_world,commonsense_multihop,incorrect,incorrect,False,False,True,0.47491568753807917,0.6
trace_00036,trace_00042,causal_002,commonsense_001,causal_micro_world,commonsense_multihop,incorrect,incorrect,False,False,True,0.3016103759377366,0.46428571428571425
trace_00036,trace_00043,causal_002,commonsense_001,causal_micro_world,commonsense_multihop,incorrect,incorrect,False,False,True,0.75,0.75
trace_00036,trace_00044,causal_002,commonsense_001,causal_micro_world,commonsense_multihop,incorrect,incorrect,False,False,True,0.7295739585136223,0.8333333333333333
trace_00036,trace_00045,causal_002,commonsense_001,causal_micro_world,commonsense_multihop,incorrect,incorrect,False,False,True,0.7295739585136223,0.8333333333333333
trace_00036,trace_00046,causal_002,commonsense_002,causal_micro_world,commonsense_multihop,incorrect,correct,False,False,False,0.40563906222956636,0.5
trace_00036,trace_00047,causal_002,commonsense_002,causal_micro_world,commonsense_multihop,incorrect,correct,False,False,False,0.40563906222956636,0.5
trace_00036,trace_00048,causal_002,commonsense_002,causal_micro_world,commonsense_multihop,incorrect,incorrect,False,False,True,0.6979078010016792,0.8
trace_00036,trace_00049,causal_002,commonsense_002,causal_micro_world,commonsense_multihop,incorrect,correct,False,False,False,0.5954372523105549,0.6666666666666666
trace_00036,trace_00050,causal_002,commonsense_002,causal_micro_world,commonsense_multihop,incorrect,uncertain,False,False,False,0.3931558784658322,0.49999999999999994
trace_00037,trace_00038,causal_002,causal_002,causal_micro_world,causal_micro_world,incorrect,correct,True,True,False,0.490968531773352,0.6
trace_00037,trace_00039,causal_002,causal_002,causal_micro_world,causal_micro_world,incorrect,correct,True,True,False,0.236452797660028,0.3999999999999999
trace_00037,trace_00040,causal_002,causal_002,causal_micro_world,causal_micro_world,incorrect,correct,True,True,False,0.24161387653786542,0.35
trace_00037,trace_00041,causal_002,commonsense_001,causal_micro_world,commonsense_multihop,incorrect,incorrect,False,False,True,0.5245112497836532,0.6000000000000001
trace_00037,trace_00042,causal_002,commonsense_001,causal_micro_world,commonsense_multihop,incorrect,incorrect,False,False,True,0.2009861938601223,0.37142857142857144
trace_00037,trace_00043,causal_002,commonsense_001,causal_micro_world,commonsense_multihop,incorrect,incorrect,False,False,True,0.5540157730728001,0.6000000000000001
trace_00037,trace_00044,causal_002,commonsense_001,causal_micro_world,commonsense_multihop,incorrect,incorrect,False,False,True,0.5701331642598065,0.6666666666666666
trace_00037,trace_00045,causal_002,commonsense_001,causal_micro_world,commonsense_multihop,incorrect,incorrect,False,False,True,0.5701331642598065,0.6666666666666666
trace_00037,trace_00046,causal_002,commonsense_002,causal_micro_world,commonsense_multihop,incorrect,correct,False,False,False,0.4646059900014654,0.55
trace_00037,trace_00047,causal_002,commonsense_002,causal_micro_world,commonsense_multihop,incorrect,correct,False,False,False,0.24161387653786542,0.35
trace_00037,trace_00048,causal_002,commonsense_002,causal_micro_world,commonsense_multihop,incorrect,incorrect,False,False,True,0.5245112497836532,0.6000000000000001
trace_00037,trace_00049,causal_002,commonsense_002,causal_micro_world,commonsense_multihop,incorrect,correct,False,False,False,0.3810065216784586,0.4666666666666667
trace_00037,trace_00050,causal_002,commonsense_002,causal_micro_world,commonsense_multihop,incorrect,uncertain,False,False,False,0.19876764957434986,0.3
trace_00038,trace_00039,causal_002,causal_002,causal_micro_world,causal_micro_world,correct,correct,True,True,True,0.6666666666666666,0.6666666666666666
trace_00038,trace_00040,causal_002,causal_002,causal_micro_world,causal_micro_world,correct,correct,True,True,True,0.42528358731335336,0.4999999999999999
trace_00038,trace_00041,causal_002,commonsense_001,causal_micro_world,commonsense_multihop,correct,incorrect,False,False,False,0.30668415184038145,0.4666666666666667
trace_00038,trace_00042,causal_002,commonsense_001,causal_micro_world,commonsense_multihop,correct,incorrect,False,False,False,0.17376612508297634,0.2857142857142857
trace_00038,trace_00043,causal_002,commonsense_001,causal_micro_world,commonsense_multihop,correct,incorrect,False,False,False,0.30807904596723146,0.41666666666666663
trace_00038,trace_00044,causal_002,commonsense_001,causal_micro_world,commonsense_multihop,correct,incorrect,False,False,False,0.5408520829727551,0.6666666666666666
trace_00038,trace_00045,causal_002,commonsense_001,causal_micro_world,commonsense_multihop,correct,incorrect,False,False,False,0.5408520829727551,0.6666666666666666
trace_00038,trace_00046,causal_002,commonsense_002,causal_micro_world,commonsense_multihop,correct,correct,False,False,True,0.30807904596723146,0.41666666666666663
trace_00038,trace_00047,causal_002,commonsense_002,causal_micro_world,commonsense_multihop,correct,correct,False,False,True,0.42528358731335336,0.4999999999999999
trace_00038,trace_00048,causal_002,commonsense_002,causal_micro_world,commonsense_multihop,correct,incorrect,False,False,False,0.5611998859537054,0.6666666666666666
trace_00038,trace_00049,causal_002,commonsense_002,causal_micro_world,commonsense_multihop,correct,correct,False,False,True,0.6666666666666666,0.6666666666666666
trace_00038,trace_00050,causal_002,commonsense_002,causal_micro_world,commonsense_multihop,correct,uncertain,False,False,False,0.5408520829727552,0.6666666666666666
trace_00039,trace_00040,causal_002,causal_002,causal_micro_world,causal_micro_world,correct,correct,True,True,True,0.6125474873813833,0.75
trace_00039,trace_00041,causal_002,commonsense_001,causal_micro_world,commonsense_multihop,correct,incorrect,False,False,False,0.40776600306010574,0.5999999999999999
trace_00039,trace_00042,causal_002,commonsense_001,causal_micro_world,commonsense_multihop,correct,incorrect,False,False,False,0.41967931506214573,0.5714285714285714
trace_00039,trace_00043,causal_002,commonsense_001,causal_micro_world,commonsense_multihop,correct,incorrect,False,False,False,1.0,1.0
trace_00039,trace_00044,causal_002,commonsense_001,causal_micro_world,commonsense_multihop,correct,incorrect,False,False,False,0.6991966271302656,0.8333333333333333
trace_00039,trace_00045,causal_002,commonsense_001,causal_micro_world,commonsense_multihop,correct,incorrect,False,False,False,0.6991966271302656,0.8333333333333333
trace_00039,trace_00046,causal_002,commonsense_002,causal_micro_world,commonsense_multihop,correct,correct,False,False,True,0.6125474873813833,0.75
trace_00039,trace_00047,causal_002,commonsense_002,causal_micro_world,commonsense_multihop,correct,correct,False,False,True,0.6125474873813833,0.75
trace_00039,trace_00048,causal_002,commonsense_002,causal_micro_world,commonsense_multihop,correct,incorrect,False,False,False,0.6622817371734298,0.8
trace_00039,trace_00049,causal_002,commonsense_002,causal_micro_world,commonsense_multihop,correct,correct,False,False,True,0.5408520829727551,0.6666666666666666
trace_00039,trace_00050,causal_002,commonsense_002,causal_micro_world,commonsense_multihop,correct,uncertain,False,False,False,0.5408520829727551,0.6666666666666666
trace_00040,trace_00041,causal_002,commonsense_001,causal_micro_world,commonsense_multihop,correct,incorrect,False,False,False,0.40556594108227295,0.55
trace_00040,trace_00042,causal_002,commonsense_001,causal_micro_world,commonsense_multihop,correct,incorrect,False,False,False,0.17573813336525584,0.32142857142857145
trace_00040,trace_00043,causal_002,commonsense_001,causal_micro_world,commonsense_multihop,correct,incorrect,False,False,False,0.1556390622295664,0.25
trace_00040,trace_00044,causal_002,commonsense_001,causal_micro_world,commonsense_multihop,correct,incorrect,False,False,False,0.20798473969193815,0.4166666666666667
trace_00040,trace_00045,causal_002,commonsense_001,causal_micro_world,commonsense_multihop,correct,incorrect,False,False,False,0.20798473969193815,0.4166666666666667
trace_00040,trace_00046,causal_002,commonsense_002,causal_micro_world,commonsense_multihop,correct,correct,False,False,True,0.1556390622295664,0.25
trace_00040,trace_00047,causal_002,commonsense_002,causal_micro_world,commonsense_multihop,correct,correct,False,False,True,0.0,0.0
trace_00040,trace_00048,causal_002,commonsense_002,causal_micro_world,commonsense_multihop,correct,incorrect,False,False,False,0.18257382761867297,0.35
trace_00040,trace_00049,causal_002,commonsense_002,causal_micro_world,commonsense_multihop,correct,correct,False,False,True,0.1379253809700301,0.24999999999999997
trace_00040,trace_00050,causal_002,commonsense_002,causal_micro_world,commonsense_multihop,correct,uncertain,False,False,False,0.020720839623908218,0.16666666666666666
trace_00041,trace_00042,commonsense_001,commonsense_001,commonsense_multihop,commonsense_multihop,incorrect,incorrect,True,True,True,0.1929047603920243,0.37142857142857144
trace_00041,trace_00043,commonsense_001,commonsense_001,commonsense_multihop,commonsense_multihop,incorrect,incorrect,True,True,True,0.45328338368767396,0.5
trace_00041,trace_00044,commonsense_001,commonsense_001,commonsense_multihop,commonsense_multihop,incorrect,incorrect,True,True,True,0.18569390144343495,0.23333333333333334
trace_00041,trace_00045,commonsense_001,commonsense_001,commonsense_multihop,commonsense_multihop,incorrect,incorrect,True,True,True,0.18569390144343495,0.23333333333333334
trace_00041,trace_00046,commonsense_001,commonsense_002,commonsense_multihop,commonsense_multihop,incorrect,correct,False,True,False,0.23029127022407392,0.3
trace_00041,trace_00047,commonsense_001,commonsense_002,commonsense_multihop,commonsense_multihop,incorrect,correct,False,True,False,0.40556594108227295,0.55
trace_00041,trace_00048,commonsense_001,commonsense_002,commonsense_multihop,commonsense_multihop,incorrect,incorrect,False,True,True,0.2,0.2
trace_00041,trace_00049,commonsense_001,commonsense_002,commonsense_multihop,commonsense_multihop,incorrect,correct,False,True,False,0.30668415184038145,0.4666666666666667
trace_00041,trace_00050,commonsense_001,commonsense_002,commonsense_multihop,commonsense_multihop,incorrect,uncertain,False,True,False,0.4559236910714617,0.6333333333333333
trace_00042,trace_00043,commonsense_001,commonsense_001,commonsense_multihop,commonsense_multihop,incorrect,incorrect,True,True,True,0.2569811892423542,0.42857142857142855
trace_00042,trace_00044,commonsense_001,commonsense_001,commonsense_multihop,commonsense_multihop,incorrect,incorrect,True,True,True,0.27213631281624073,0.42857142857142855
trace_00042,trace_00045,commonsense_001,commonsense_001,commonsense_multihop,commonsense_multihop,incorrect,incorrect,True,True,True,0.27213631281624073,0.42857142857142855
trace_00042,trace_00046,commonsense_001,commonsense_002,commonsense_multihop,commonsense_multihop,incorrect,correct,False,True,False,0.2569811892423542,0.42857142857142855
trace_00042,trace_00047,commonsense_001,commonsense_002,commonsense_multihop,commonsense_multihop,incorrect,correct,False,True,False,0.17573813336525584,0.32142857142857145
trace_00042,trace_00048,commonsense_001,commonsense_002,commonsense_multihop,commonsense_multihop,incorrect,incorrect,False,True,True,0.26230015779438265,0.4285714285714286
trace_00042,trace_00049,commonsense_001,commonsense_002,commonsense_multihop,commonsense_multihop,incorrect,correct,False,True,False,0.2721363128162408,0.4285714285714286
trace_00042,trace_00050,commonsense_001,commonsense_002,commonsense_multihop,commonsense_multihop,incorrect,uncertain,False,True,False,0.21147998644401478,0.40476190476190477
trace_00043,trace_00044,commonsense_001,commonsense_001,commonsense_multihop,commonsense_multihop,incorrect,incorrect,True,True,True,0.2230022134686308,0.3333333333333333
trace_00043,trace_00045,commonsense_001,commonsense_001,commonsense_multihop,commonsense_multihop,incorrect,incorrect,True,True,True,0.2230022134686308,0.3333333333333333
trace_00043,trace_00046,commonsense_001,commonsense_002,commonsense_multihop,commonsense_multihop,incorrect,correct,False,True,False,0.25,0.25
trace_00043,trace_00047,commonsense_001,commonsense_002,commonsense_multihop,commonsense_multihop,incorrect,correct,False,True,False,0.1556390622295664,0.25
trace_00043,trace_00048,commonsense_001,commonsense_002,commonsense_multihop,commonsense_multihop,incorrect,incorrect,False,True,True,0.23029127022407392,0.3
trace_00043,trace_00049,commonsense_001,commonsense_002,commonsense_multihop,commonsense_multihop,incorrect,correct,False,True,False,0.30807904596723146,0.41666666666666663
trace_00043,trace_00050,commonsense_001,commonsense_002,commonsense_multihop,commonsense_multihop,incorrect,uncertain,False,True,False,0.23993437832557646,0.41666666666666663
trace_00044,trace_00045,commonsense_001,commonsense_001,commonsense_multihop,commonsense_multihop,incorrect,incorrect,True,True,True,0.0,0.0
trace_00044,trace_00046,commonsense_001,commonsense_002,commonsense_multihop,commonsense_multihop,incorrect,correct,False,True,False,0.2230022134686308,0.3333333333333333
trace_00044,trace_00047,commonsense_001,commonsense_002,commonsense_multihop,commonsense_multihop,incorrect,correct,False,True,False,0.20798473969193815,0.4166666666666667
trace_00044,trace_00048,commonsense_001,commonsense_002,commonsense_multihop,commonsense_multihop,incorrect,incorrect,False,True,True,0.003455029339326253,0.06666666666666668
trace_00044,trace_00049,commonsense_001,commonsense_002,commonsense_multihop,commonsense_multihop,incorrect,correct,False,True,False,0.08170416594551039,0.3333333333333333
trace_00044,trace_00050,commonsense_001,commonsense_002,commonsense_multihop,commonsense_multihop,incorrect,uncertain,False,True,False,0.24004871010302092,0.5
trace_00045,trace_00046,commonsense_001,commonsense_002,commonsense_multihop,commonsense_multihop,incorrect,correct,False,True,False,0.2230022134686308,0.3333333333333333
trace_00045,trace_00047,commonsense_001,commonsense_002,commonsense_multihop,commonsense_multihop,incorrect,correct,False,True,False,0.20798473969193815,0.4166666666666667
trace_00045,trace_00048,commonsense_001,commonsense_002,commonsense_multihop,commonsense_multihop,incorrect,incorrect,False,True,True,0.003455029339326253,0.06666666666666668
trace_00045,trace_00049,commonsense_001,commonsense_002,commonsense_multihop,commonsense_multihop,incorrect,correct,False,True,False,0.08170416594551039,0.3333333333333333
trace_00045,trace_00050,commonsense_001,commonsense_002,commonsense_multihop,commonsense_multihop,incorrect,uncertain,False,True,False,0.24004871010302092,0.5
trace_00046,trace_00047,commonsense_002,commonsense_002,commonsense_multihop,commonsense_multihop,correct,correct,True,True,True,0.1556390622295664,0.25
trace_00046,trace_00048,commonsense_002,commonsense_002,commonsense_multihop,commonsense_multihop,correct,incorrect,True,True,False,0.23029127022407392,0.3
trace_00046,trace_00049,commonsense_002,commonsense_002,commonsense_multihop,commonsense_multihop,correct,correct,True,True,True,0.30807904596723146,0.41666666666666663
trace_00046,trace_00050,commonsense_002,commonsense_002,commonsense_multihop,commonsense_multihop,correct,uncertain,True,True,False,0.23993437832557646,0.4166666666666667
trace_00047,trace_00048,commonsense_002,commonsense_002,commonsense_multihop,commonsense_multihop,correct,incorrect,True,True,False,0.18257382761867297,0.35
trace_00047,trace_00049,commonsense_002,commonsense_002,commonsense_multihop,commonsense_multihop,correct,correct,True,True,True,0.1379253809700301,0.24999999999999997
trace_00047,trace_00050,commonsense_002,commonsense_002,commonsense_multihop,commonsense_multihop,correct,uncertain,True,True,False,0.020720839623908218,0.16666666666666666
trace_00048,trace_00049,commonsense_002,commonsense_002,commonsense_multihop,commonsense_multihop,incorrect,correct,True,True,False,0.05216841772705745,0.2666666666666666
trace_00048,trace_00050,commonsense_002,commonsense_002,commonsense_multihop,commonsense_multihop,incorrect,uncertain,True,True,False,0.20140795695813762,0.4333333333333333
trace_00049,trace_00050,commonsense_002,commonsense_002,commonsense_multihop,commonsense_multihop,correct,uncertain,True,True,False,0.10375937481971093,0.16666666666666666
