left_trace_id,right_trace_id,left_prompt_id,right_prompt_id,left_family,right_family,left_outcome,right_outcome,same_prompt,same_family,same_outcome,js_divergence,tv_distance
trace_00001,trace_00002,arith_001,arith_001,arithmetic,arithmetic,correct,correct,True,True,True,0.020720839623908215,0.16666666666666666
trace_00001,trace_00003,arith_001,arith_001,arithmetic,arithmetic,correct,correct,True,True,True,0.42528358731335336,0.49999999999999994
trace_00001,trace_00004,arith_001,arith_001,arithmetic,arithmetic,correct,correct,True,True,True,0.42528358731335336,0.49999999999999994
trace_00001,trace_00005,arith_001,arith_001,arithmetic,arithmetic,correct,correct,True,True,True,0.42528358731335336,0.49999999999999994
trace_00001,trace_00006,arith_001,arith_002,arithmetic,arithmetic,correct,correct,False,True,True,0.42528358731335336,0.49999999999999994
trace_00001,trace_00007,arith_001,arith_002,arithmetic,arithmetic,correct,incorrect,False,True,False,0.20751874963942185,0.3333333333333333
trace_00001,trace_00008,arith_001,arith_002,arithmetic,arithmetic,correct,correct,False,True,True,0.20798473969193815,0.41666666666666663
trace_00001,trace_00009,arith_001,arith_002,arithmetic,arithmetic,correct,correct,False,True,True,0.42528358731335336,0.49999999999999994
trace_00001,trace_00010,arith_001,arith_002,arithmetic,arithmetic,correct,incorrect,False,True,False,0.1908745046211096,0.33333333333333337
trace_00001,trace_00011,arith_001,arith_003,arithmetic,arithmetic,correct,correct,False,True,True,0.42528358731335336,0.49999999999999994
trace_00001,trace_00012,arith_001,arith_003,arithmetic,arithmetic,correct,correct,False,True,True,0.42528358731335336,0.49999999999999994
trace_00001,trace_00013,arith_001,arith_003,arithmetic,arithmetic,correct,correct,False,True,True,0.6125474873813833,0.75
trace_00001,trace_00014,arith_001,arith_003,arithmetic,arithmetic,correct,correct,False,True,True,0.42528358731335336,0.49999999999999994
trace_00001,trace_00015,arith_001,arith_003,arithmetic,arithmetic,correct,correct,False,True,True,0.471199260297047,0.5714285714285714
trace_00001,trace_00016,arith_001,arith_004,arithmetic,arithmetic,correct,incorrect,False,True,False,0.4077660030601058,0.6
trace_00001,trace_00017,arith_001,arith_004,arithmetic,arithmetic,correct,correct,False,True,True,0.5408520829727551,0.6666666666666666
trace_00001,trace_00018,arith_001,arith_004,arithmetic,arithmetic,correct,incorrect,False,True,False,0.42528358731335336,0.49999999999999994
trace_00001,trace_00019,arith_001,arith_004,arithmetic,arithmetic,correct,correct,False,True,True,0.42528358731335336,0.49999999999999994
trace_00001,trace_00020,arith_001,arith_004,arithmetic,arithmetic,correct,correct,False,True,True,0.1908745046211096,0.33333333333333337
trace_00001,trace_00021,arith_001,logic_001,arithmetic,symbolic_logic,correct,incorrect,False,False,False,0.5954372523105548,0.6666666666666667
trace_00001,trace_00022,arith_001,logic_001,arithmetic,symbolic_logic,correct,correct,False,False,True,0.6666666666666666,0.6666666666666666
trace_00001,trace_00023,arith_001,logic_001,arithmetic,symbolic_logic,correct,incorrect,False,False,False,0.5408520829727551,0.6666666666666666
trace_00001,trace_00024,arith_001,logic_001,arithmetic,symbolic_logic,correct,incorrect,False,False,False,0.6666666666666666,0.6666666666666666
trace_00001,trace_00025,arith_001,logic_001,arithmetic,symbolic_logic,correct,correct,False,False,True,0.7126417936566767,0.75
trace_00001,trace_00026,arith_001,logic_002,arithmetic,symbolic_logic,correct,incorrect,False,False,False,0.7126417936566767,0.75
trace_00001,trace_00027,arith_001,logic_002,arithmetic,symbolic_logic,correct,incorrect,False,False,False,0.32518928103806,0.49999999999999994
trace_00001,trace_00028,arith_001,logic_002,arithmetic,symbolic_logic,correct,correct,False,False,True,0.6666666666666666,0.6666666666666666
trace_00001,trace_00029,arith_001,logic_002,arithmetic,symbolic_logic,correct,correct,False,False,True,0.6666666666666666,0.6666666666666666
trace_00001,trace_00030,arith_001,logic_002,arithmetic,symbolic_logic,correct,incorrect,False,False,False,0.32518928103806,0.49999999999999994
trace_00001,trace_00031,arith_001,logic_003,arithmetic,symbolic_logic,correct,incorrect,False,False,False,0.5408520829727551,0.6666666666666666
trace_00001,trace_00032,arith_001,logic_003,arithmetic,symbolic_logic,correct,incorrect,False,False,False,0.6666666666666666,0.6666666666666666
trace_00001,trace_00033,arith_001,logic_003,arithmetic,symbolic_logic,correct,incorrect,False,False,False,0.7126417936566767,0.75
trace_00001,trace_00034,arith_001,logic_003,arithmetic,symbolic_logic,correct,incorrect,False,False,False,0.5954372523105548,0.6666666666666667
trace_00001,trace_00035,arith_001,logic_003,arithmetic,symbolic_logic,correct,correct,False,False,True,0.6666666666666666,0.6666666666666666
trace_00001,trace_00036,arith_001,logic_004,arithmetic,symbolic_logic,correct,correct,False,False,True,0.6666666666666666,0.6666666666666666
trace_00001,trace_00037,arith_001,logic_004,arithmetic,symbolic_logic,correct,correct,False,False,True,0.20751874963942185,0.3333333333333333
trace_00001,trace_00038,arith_001,logic_004,arithmetic,symbolic_logic,correct,correct,False,False,True,0.5954372523105548,0.6666666666666667
trace_00001,trace_00039,arith_001,logic_004,arithmetic,symbolic_logic,correct,correct,False,False,True,0.020720839623908215,0.16666666666666666
trace_00001,trace_00040,arith_001,logic_004,arithmetic,symbolic_logic,correct,incorrect,False,False,False,0.42528358731335336,0.49999999999999994
trace_00001,trace_00041,arith_001,temporal_001,arithmetic,temporal_ordering,correct,incorrect,False,False,False,0.2721363128162408,0.42857142857142855
trace_00001,trace_00042,arith_001,temporal_001,arithmetic,temporal_ordering,correct,incorrect,False,False,False,0.020720839623908215,0.16666666666666666
trace_00001,trace_00043,arith_001,temporal_001,arithmetic,temporal_ordering,correct,correct,False,False,True,0.7126417936566767,0.75
trace_00001,trace_00044,arith_001,temporal_001,arithmetic,temporal_ordering,correct,incorrect,False,False,False,0.6125474873813833,0.75
trace_00001,trace_00045,arith_001,temporal_001,arithmetic,temporal_ordering,correct,incorrect,False,False,False,0.2721363128162408,0.42857142857142855
trace_00001,trace_00046,arith_001,temporal_002,arithmetic,temporal_ordering,correct,incorrect,False,False,False,0.7126417936566767,0.75
trace_00001,trace_00047,arith_001,temporal_002,arithmetic,temporal_ordering,correct,correct,False,False,True,1.0,1.0
trace_00001,trace_00048,arith_001,temporal_002,arithmetic,temporal_ordering,correct,correct,False,False,True,0.6666666666666666,0.6666666666666666
trace_00001,trace_00049,arith_001,temporal_002,arithmetic,temporal_ordering,correct,correct,False,False,True,0.6666666666666666,0.6666666666666666
trace_00001,trace_00050,arith_001,temporal_002,arithmetic,temporal_ordering,correct,correct,False,False,True,0.5954372523105548,0.6666666666666667
trace_00001,trace_00051,arith_001,temporal_003,arithmetic,temporal_ordering,correct,correct,False,False,True,0.2978039929652123,0.4666666666666667
trace_00001,trace_00052,arith_001,temporal_003,arithmetic,temporal_ordering,correct,incorrect,False,False,False,0.6666666666666666,0.6666666666666666
trace_00001,trace_00053,arith_001,temporal_003,arithmetic,temporal_ordering,correct,incorrect,False,False,False,0.5408520829727551,0.6666666666666666
trace_00001,trace_00054,arith_001,temporal_003,arithmetic,temporal_ordering,correct,correct,False,False,True,0.4591479170272448,0.6666666666666667
trace_00001,trace_00055,arith_001,temporal_003,arithmetic,temporal_ordering,correct,correct,False,False,True,0.6125474873813833,0.75
trace_00001,trace_00056,arith_001,temporal_004,arithmetic,temporal_ordering,correct,incorrect,False,False,False,0.5954372523105548,0.6666666666666667
trace_00001,trace_00057,arith_001,temporal_004,arithmetic,temporal_ordering,correct,incorrect,False,False,False,0.5954372523105548,0.6666666666666667
trace_00001,trace_00058,arith_001,temporal_004,arithmetic,temporal_ordering,correct,incorrect,False,False,False,0.5954372523105548,0.6666666666666667
trace_00001,trace_00059,arith_001,temporal_004,arithmetic,temporal_ordering,correct,incorrect,False,False,False,0.5954372523105548,0.6666666666666667
trace_00001,trace_00060,arith_001,temporal_004,arithmetic,temporal_ordering,correct,incorrect,False,False,False,0.5954372523105548,0.6666666666666667
trace_00001,trace_00061,arith_001,causal_001,arithmetic,causal_micro_world,correct,incorrect,False,False,False,0.20751874963942185,0.3333333333333333
trace_00001,trace_00062,arith_001,causal_001,arithmetic,causal_micro_world,correct,correct,False,False,True,0.5408520829727551,0.6666666666666666
trace_00001,trace_00063,arith_001,causal_001,arithmetic,causal_micro_world,correct,uncertain,False,False,False,0.7704260414863775,0.8333333333333333
trace_00001,trace_00064,arith_001,causal_001,arithmetic,causal_micro_world,correct,incorrect,False,False,False,0.5954372523105548,0.6666666666666667
trace_00001,trace_00065,arith_001,causal_001,arithmetic,causal_micro_world,correct,incorrect,False,False,False,1.0,1.0
trace_00001,trace_00066,arith_001,causal_002,arithmetic,causal_micro_world,correct,correct,False,False,True,0.6467178481609384,0.6666666666666667
trace_00001,trace_00067,arith_001,causal_002,arithmetic,causal_micro_world,correct,incorrect,False,False,False,1.0,1.0
trace_00001,trace_00068,arith_001,causal_002,arithmetic,causal_micro_world,correct,correct,False,False,True,0.7126417936566767,0.75
trace_00001,trace_00069,arith_001,causal_002,arithmetic,causal_micro_world,correct,correct,False,False,True,0.20798473969193815,0.41666666666666663
trace_00001,trace_00070,arith_001,causal_002,arithmetic,causal_micro_world,correct,correct,False,False,True,0.5954372523105548,0.6666666666666667
trace_00001,trace_00071,arith_001,causal_003,arithmetic,causal_micro_world,correct,incorrect,False,False,False,1.0,1.0
trace_00001,trace_00072,arith_001,causal_003,arithmetic,causal_micro_world,correct,correct,False,False,True,1.0,1.0
trace_00001,trace_00073,arith_001,causal_003,arithmetic,causal_micro_world,correct,correct,False,False,True,0.5408520829727551,0.6666666666666666
trace_00001,trace_00074,arith_001,causal_003,arithmetic,causal_micro_world,correct,incorrect,False,False,False,0.6125474873813833,0.75
trace_00001,trace_00075,arith_001,causal_003,arithmetic,causal_micro_world,correct,correct,False,False,True,0.5408520829727551,0.6666666666666666
trace_00001,trace_00076,arith_001,causal_004,arithmetic,causal_micro_world,correct,correct,False,False,True,0.5408520829727551,0.6666666666666666
trace_00001,trace_00077,arith_001,causal_004,arithmetic,causal_micro_world,correct,correct,False,False,True,0.5408520829727551,0.6666666666666666
trace_00001,trace_00078,arith_001,causal_004,arithmetic,causal_micro_world,correct,correct,False,False,True,0.4077660030601058,0.6
trace_00001,trace_00079,arith_001,causal_004,arithmetic,causal_micro_world,correct,correct,False,False,True,0.42528358731335336,0.49999999999999994
trace_00001,trace_00080,arith_001,causal_004,arithmetic,causal_micro_world,correct,correct,False,False,True,0.5408520829727551,0.6666666666666666
trace_00001,trace_00081,arith_001,commonsense_001,arithmetic,commonsense_multihop,correct,incorrect,False,False,False,0.42528358731335336,0.49999999999999994
trace_00001,trace_00082,arith_001,commonsense_001,arithmetic,commonsense_multihop,correct,correct,False,False,True,0.32518928103806,0.49999999999999994
trace_00001,trace_00083,arith_001,commonsense_001,arithmetic,commonsense_multihop,correct,correct,False,False,True,0.09195025398002007,0.16666666666666663
trace_00001,trace_00084,arith_001,commonsense_001,arithmetic,commonsense_multihop,correct,incorrect,False,False,False,0.5408520829727551,0.6666666666666666
trace_00001,trace_00085,arith_001,commonsense_001,arithmetic,commonsense_multihop,correct,incorrect,False,False,False,0.236452797660028,0.39999999999999997
trace_00001,trace_00086,arith_001,commonsense_002,arithmetic,commonsense_multihop,correct,correct,False,False,True,0.20798473969193815,0.41666666666666663
trace_00001,trace_00087,arith_001,commonsense_002,arithmetic,commonsense_multihop,correct,correct,False,False,True,0.32518928103806,0.49999999999999994
trace_00001,trace_00088,arith_001,commonsense_002,arithmetic,commonsense_multihop,correct,correct,False,False,True,0.32518928103806,0.49999999999999994
trace_00001,trace_00089,arith_001,commonsense_002,arithmetic,commonsense_multihop,correct,incorrect,False,False,False,0.7126417936566767,0.75
trace_00001,trace_00090,arith_001,commonsense_002,arithmetic,commonsense_multihop,correct,correct,False,False,True,0.4077660030601058,0.6
trace_00001,trace_00091,arith_001,commonsense_003,arithmetic,commonsense_multihop,correct,incorrect,False,False,False,0.42528358731335336,0.49999999999999994
trace_00001,trace_00092,arith_001,commonsense_003,arithmetic,commonsense_multihop,correct,correct,False,False,True,0.20751874963942185,0.3333333333333333
trace_00001,trace_00093,arith_001,commonsense_003,arithmetic,commonsense_multihop,correct,incorrect,False,False,False,0.5408520829727551,0.6666666666666666
trace_00001,trace_00094,arith_001,commonsense_003,arithmetic,commonsense_multihop,correct,incorrect,False,False,False,0.29343569632187677,0.3333333333333333
trace_00001,trace_00095,arith_001,commonsense_003,arithmetic,commonsense_multihop,correct,incorrect,False,False,False,0.20751874963942185,0.3333333333333333
trace_00001,trace_00096,arith_001,commonsense_004,arithmetic,commonsense_multihop,correct,incorrect,False,False,False,0.20798473969193815,0.41666666666666663
trace_00001,trace_00097,arith_001,commonsense_004,arithmetic,commonsense_multihop,correct,incorrect,False,False,False,0.08170416594551039,0.3333333333333333
trace_00001,trace_00098,arith_001,commonsense_004,arithmetic,commonsense_multihop,correct,incorrect,False,False,False,0.5954372523105548,0.6666666666666667
trace_00001,trace_00099,arith_001,commonsense_004,arithmetic,commonsense_multihop,correct,incorrect,False,False,False,0.2983666623176937,0.5238095238095237
trace_00001,trace_00100,arith_001,commonsense_004,arithmetic,commonsense_multihop,correct,incorrect,False,False,False,0.20798473969193815,0.41666666666666663
trace_00002,trace_00003,arith_001,arith_001,arithmetic,arithmetic,correct,correct,True,True,True,0.5,0.5
trace_00002,trace_00004,arith_001,arith_001,arithmetic,arithmetic,correct,correct,True,True,True,0.5,0.5
trace_00002,trace_00005,arith_001,arith_001,arithmetic,arithmetic,correct,correct,True,True,True,0.5,0.5
trace_00002,trace_00006,arith_001,arith_002,arithmetic,arithmetic,correct,correct,False,True,True,0.5,0.5
trace_00002,trace_00007,arith_001,arith_002,arithmetic,arithmetic,correct,incorrect,False,True,False,0.1908745046211096,0.33333333333333337
trace_00002,trace_00008,arith_001,arith_002,arithmetic,arithmetic,correct,correct,False,True,True,0.1556390622295664,0.25
trace_00002,trace_00009,arith_001,arith_002,arithmetic,arithmetic,correct,correct,False,True,True,0.5,0.5
trace_00002,trace_00010,arith_001,arith_002,arithmetic,arithmetic,correct,incorrect,False,True,False,0.3112781244591328,0.5
trace_00002,trace_00011,arith_001,arith_003,arithmetic,arithmetic,correct,correct,False,True,True,0.5,0.5
trace_00002,trace_00012,arith_001,arith_003,arithmetic,arithmetic,correct,correct,False,True,True,0.5,0.5
trace_00002,trace_00013,arith_001,arith_003,arithmetic,arithmetic,correct,correct,False,True,True,0.6556390622295665,0.75
trace_00002,trace_00014,arith_001,arith_003,arithmetic,arithmetic,correct,correct,False,True,True,0.5,0.5
trace_00002,trace_00015,arith_001,arith_003,arithmetic,arithmetic,correct,correct,False,True,True,0.537697968674856,0.5714285714285714
trace_00002,trace_00016,arith_001,arith_004,arithmetic,arithmetic,correct,incorrect,False,True,False,0.3958156020033583,0.6
trace_00002,trace_00017,arith_001,arith_004,arithmetic,arithmetic,correct,correct,False,True,True,0.5954372523105548,0.6666666666666666
trace_00002,trace_00018,arith_001,arith_004,arithmetic,arithmetic,correct,incorrect,False,True,False,0.5,0.5
trace_00002,trace_00019,arith_001,arith_004,arithmetic,arithmetic,correct,correct,False,True,True,0.5,0.5
trace_00002,trace_00020,arith_001,arith_004,arithmetic,arithmetic,correct,correct,False,True,True,0.3112781244591328,0.5
trace_00002,trace_00021,arith_001,logic_001,arithmetic,symbolic_logic,correct,incorrect,False,False,False,0.5,0.5
trace_00002,trace_00022,arith_001,logic_001,arithmetic,symbolic_logic,correct,correct,False,False,True,0.5954372523105549,0.6666666666666666
trace_00002,trace_00023,arith_001,logic_001,arithmetic,symbolic_logic,correct,incorrect,False,False,False,0.42528358731335336,0.5
trace_00002,trace_00024,arith_001,logic_001,arithmetic,symbolic_logic,correct,incorrect,False,False,False,0.5954372523105549,0.6666666666666666
trace_00002,trace_00025,arith_001,logic_001,arithmetic,symbolic_logic,correct,correct,False,False,True,0.6556390622295665,0.75
trace_00002,trace_00026,arith_001,logic_002,arithmetic,symbolic_logic,correct,incorrect,False,False,False,0.6556390622295665,0.75
trace_00002,trace_00027,arith_001,logic_002,arithmetic,symbolic_logic,correct,incorrect,False,False,False,0.3112781244591328,0.5
trace_00002,trace_00028,arith_001,logic_002,arithmetic,symbolic_logic,correct,correct,False,False,True,0.5954372523105549,0.6666666666666666
trace_00002,trace_00029,arith_001,logic_002,arithmetic,symbolic_logic,correct,correct,False,False,True,0.5954372523105549,0.6666666666666666
trace_00002,trace_00030,arith_001,logic_002,arithmetic,symbolic_logic,correct,incorrect,False,False,False,0.3112781244591328,0.5
trace_00002,trace_00031,arith_001,logic_003,arithmetic,symbolic_logic,correct,incorrect,False,False,False,0.42528358731335336,0.5
trace_00002,trace_00032,arith_001,logic_003,arithmetic,symbolic_logic,correct,incorrect,False,False,False,0.5954372523105548,0.6666666666666666
trace_00002,trace_00033,arith_001,logic_003,arithmetic,symbolic_logic,correct,incorrect,False,False,False,0.6556390622295665,0.75
trace_00002,trace_00034,arith_001,logic_003,arithmetic,symbolic_logic,correct,incorrect,False,False,False,0.5,0.5
trace_00002,trace_00035,arith_001,logic_003,arithmetic,symbolic_logic,correct,correct,False,False,True,0.5954372523105549,0.6666666666666666
trace_00002,trace_00036,arith_001,logic_004,arithmetic,symbolic_logic,correct,correct,False,False,True,0.5954372523105549,0.6666666666666667
trace_00002,trace_00037,arith_001,logic_004,arithmetic,symbolic_logic,correct,correct,False,False,True,0.1908745046211096,0.33333333333333337
trace_00002,trace_00038,arith_001,logic_004,arithmetic,symbolic_logic,correct,correct,False,False,True,0.5,0.5
trace_00002,trace_00039,arith_001,logic_004,arithmetic,symbolic_logic,correct,correct,False,False,True,0.0,0.0
trace_00002,trace_00040,arith_001,logic_004,arithmetic,symbolic_logic,correct,incorrect,False,False,False,0.5,0.5
trace_00002,trace_00041,arith_001,temporal_001,arithmetic,temporal_ordering,correct,incorrect,False,False,False,0.2569811892423542,0.42857142857142855
trace_00002,trace_00042,arith_001,temporal_001,arithmetic,temporal_ordering,correct,incorrect,False,False,False,0.0,0.0
trace_00002,trace_00043,arith_001,temporal_001,arithmetic,temporal_ordering,correct,correct,False,False,True,0.6556390622295665,0.75
trace_00002,trace_00044,arith_001,temporal_001,arithmetic,temporal_ordering,correct,incorrect,False,False,False,0.6556390622295665,0.75
trace_00002,trace_00045,arith_001,temporal_001,arithmetic,temporal_ordering,correct,incorrect,False,False,False,0.2569811892423542,0.42857142857142855
trace_00002,trace_00046,arith_001,temporal_002,arithmetic,temporal_ordering,correct,incorrect,False,False,False,0.6556390622295665,0.75
trace_00002,trace_00047,arith_001,temporal_002,arithmetic,temporal_ordering,correct,correct,False,False,True,1.0,1.0
trace_00002,trace_00048,arith_001,temporal_002,arithmetic,temporal_ordering,correct,correct,False,False,True,0.5954372523105548,0.6666666666666666
trace_00002,trace_00049,arith_001,temporal_002,arithmetic,temporal_ordering,correct,correct,False,False,True,0.5954372523105548,0.6666666666666666
trace_00002,trace_00050,arith_001,temporal_002,arithmetic,temporal_ordering,correct,correct,False,False,True,0.5,0.5
trace_00002,trace_00051,arith_001,temporal_003,arithmetic,temporal_ordering,correct,correct,False,False,True,0.2519235740744792,0.4
trace_00002,trace_00052,arith_001,temporal_003,arithmetic,temporal_ordering,correct,incorrect,False,False,False,0.5954372523105548,0.6666666666666666
trace_00002,trace_00053,arith_001,temporal_003,arithmetic,temporal_ordering,correct,incorrect,False,False,False,0.42528358731335336,0.5
trace_00002,trace_00054,arith_001,temporal_003,arithmetic,temporal_ordering,correct,correct,False,False,True,0.3112781244591328,0.5
trace_00002,trace_00055,arith_001,temporal_003,arithmetic,temporal_ordering,correct,correct,False,False,True,0.6556390622295665,0.75
trace_00002,trace_00056,arith_001,temporal_004,arithmetic,temporal_ordering,correct,incorrect,False,False,False,0.5,0.5
trace_00002,trace_00057,arith_001,temporal_004,arithmetic,temporal_ordering,correct,incorrect,False,False,False,0.5,0.5
trace_00002,trace_00058,arith_001,temporal_004,arithmetic,temporal_ordering,correct,incorrect,False,False,False,0.5,0.5
trace_00002,trace_00059,arith_001,temporal_004,arithmetic,temporal_ordering,correct,incorrect,False,False,False,0.5,0.5
trace_00002,trace_00060,arith_001,temporal_004,arithmetic,temporal_ordering,correct,incorrect,False,False,False,0.5,0.5
trace_00002,trace_00061,arith_001,causal_001,arithmetic,causal_micro_world,correct,incorrect,False,False,False,0.1908745046211096,0.33333333333333337
trace_00002,trace_00062,arith_001,causal_001,arithmetic,causal_micro_world,correct,correct,False,False,True,0.5954372523105548,0.6666666666666666
trace_00002,trace_00063,arith_001,causal_001,arithmetic,causal_micro_world,correct,uncertain,False,False,False,0.7295739585136223,0.8333333333333333
trace_00002,trace_00064,arith_001,causal_001,arithmetic,causal_micro_world,correct,incorrect,False,False,False,0.5,0.5
trace_00002,trace_00065,arith_001,causal_001,arithmetic,causal_micro_world,correct,incorrect,False,False,False,1.0,1.0
trace_00002,trace_00066,arith_001,causal_002,arithmetic,causal_micro_world,correct,correct,False,False,True,0.5689626904850149,0.625
trace_00002,trace_00067,arith_001,causal_002,arithmetic,causal_micro_world,correct,incorrect,False,False,False,1.0,1.0
trace_00002,trace_00068,arith_001,causal_002,arithmetic,causal_micro_world,correct,correct,False,False,True,0.6556390622295665,0.75
trace_00002,trace_00069,arith_001,causal_002,arithmetic,causal_micro_world,correct,correct,False,False,True,0.1556390622295664,0.25
trace_00002,trace_00070,arith_001,causal_002,arithmetic,causal_micro_world,correct,correct,False,False,True,0.5,0.5
trace_00002,trace_00071,arith_001,causal_003,arithmetic,causal_micro_world,correct,incorrect,False,False,False,1.0,1.0
trace_00002,trace_00072,arith_001,causal_003,arithmetic,causal_micro_world,correct,correct,False,False,True,1.0,0.9999999999999999
trace_00002,trace_00073,arith_001,causal_003,arithmetic,causal_micro_world,correct,correct,False,False,True,0.5954372523105548,0.6666666666666666
trace_00002,trace_00074,arith_001,causal_003,arithmetic,causal_micro_world,correct,incorrect,False,False,False,0.6556390622295665,0.75
trace_00002,trace_00075,arith_001,causal_003,arithmetic,causal_micro_world,correct,correct,False,False,True,0.5954372523105548,0.6666666666666666
trace_00002,trace_00076,arith_001,causal_004,arithmetic,causal_micro_world,correct,correct,False,False,True,0.5954372523105548,0.6666666666666666
trace_00002,trace_00077,arith_001,causal_004,arithmetic,causal_micro_world,correct,correct,False,False,True,0.5954372523105548,0.6666666666666666
trace_00002,trace_00078,arith_001,causal_004,arithmetic,causal_micro_world,correct,correct,False,False,True,0.39581560200335836,0.6000000000000001
trace_00002,trace_00079,arith_001,causal_004,arithmetic,causal_micro_world,correct,correct,False,False,True,0.5,0.5
trace_00002,trace_00080,arith_001,causal_004,arithmetic,causal_micro_world,correct,correct,False,False,True,0.5954372523105548,0.6666666666666666
trace_00002,trace_00081,arith_001,commonsense_001,arithmetic,commonsense_multihop,correct,incorrect,False,False,False,0.5,0.5
trace_00002,trace_00082,arith_001,commonsense_001,arithmetic,commonsense_multihop,correct,correct,False,False,True,0.3112781244591328,0.5
trace_00002,trace_00083,arith_001,commonsense_001,arithmetic,commonsense_multihop,correct,correct,False,False,True,0.0954372523105548,0.16666666666666669
trace_00002,trace_00084,arith_001,commonsense_001,arithmetic,commonsense_multihop,correct,incorrect,False,False,False,0.5954372523105548,0.6666666666666667
trace_00002,trace_00085,arith_001,commonsense_001,arithmetic,commonsense_multihop,correct,incorrect,False,False,False,0.2519235740744792,0.39999999999999997
trace_00002,trace_00086,arith_001,commonsense_002,arithmetic,commonsense_multihop,correct,correct,False,False,True,0.1556390622295664,0.25
trace_00002,trace_00087,arith_001,commonsense_002,arithmetic,commonsense_multihop,correct,correct,False,False,True,0.3112781244591328,0.5
trace_00002,trace_00088,arith_001,commonsense_002,arithmetic,commonsense_multihop,correct,correct,False,False,True,0.3112781244591328,0.5
trace_00002,trace_00089,arith_001,commonsense_002,arithmetic,commonsense_multihop,correct,incorrect,False,False,False,0.6556390622295665,0.75
trace_00002,trace_00090,arith_001,commonsense_002,arithmetic,commonsense_multihop,correct,correct,False,False,True,0.3958156020033583,0.6
trace_00002,trace_00091,arith_001,commonsense_003,arithmetic,commonsense_multihop,correct,incorrect,False,False,False,0.5,0.5
trace_00002,trace_00092,arith_001,commonsense_003,arithmetic,commonsense_multihop,correct,correct,False,False,True,0.1908745046211096,0.33333333333333337
trace_00002,trace_00093,arith_001,commonsense_003,arithmetic,commonsense_multihop,correct,incorrect,False,False,False,0.5954372523105548,0.6666666666666666
trace_00002,trace_00094,arith_001,commonsense_003,arithmetic,commonsense_multihop,correct,incorrect,False,False,False,0.3931558784658321,0.5
trace_00002,trace_00095,arith_001,commonsense_003,arithmetic,commonsense_multihop,correct,incorrect,False,False,False,0.1908745046211096,0.33333333333333337
trace_00002,trace_00096,arith_001,commonsense_004,arithmetic,commonsense_multihop,correct,incorrect,False,False,False,0.1556390622295664,0.25
trace_00002,trace_00097,arith_001,commonsense_004,arithmetic,commonsense_multihop,correct,incorrect,False,False,False,0.020720839623908215,0.16666666666666666
trace_00002,trace_00098,arith_001,commonsense_004,arithmetic,commonsense_multihop,correct,incorrect,False,False,False,0.5,0.5
trace_00002,trace_00099,arith_001,commonsense_004,arithmetic,commonsense_multihop,correct,incorrect,False,False,False,0.22036732006063825,0.3571428571428571
trace_00002,trace_00100,arith_001,commonsense_004,arithmetic,commonsense_multihop,correct,incorrect,False,False,False,0.1556390622295664,0.25
trace_00003,trace_00004,arith_001,arith_001,arithmetic,arithmetic,correct,correct,True,True,True,0.0,0.0
trace_00003,trace_00005,arith_001,arith_001,arithmetic,arithmetic,correct,correct,True,True,True,0.0,0.0
trace_00003,trace_00006,arith_001,arith_002,arithmetic,arithmetic,correct,correct,False,True,True,0.0,0.0
trace_00003,trace_00007,arith_001,arith_002,arithmetic,arithmetic,correct,incorrect,False,True,False,0.5954372523105548,0.6666666666666666
trace_00003,trace_00008,arith_001,arith_002,arithmetic,arithmetic,correct,correct,False,True,True,0.3112781244591328,0.5
trace_00003,trace_00009,arith_001,arith_002,arithmetic,arithmetic,correct,correct,False,True,True,0.0,0.0
trace_00003,trace_00010,arith_001,arith_002,arithmetic,arithmetic,correct,incorrect,False,True,False,0.3112781244591328,0.5
trace_00003,trace_00011,arith_001,arith_003,arithmetic,arithmetic,correct,correct,False,True,True,0.0,0.0
trace_00003,trace_00012,arith_001,arith_003,arithmetic,arithmetic,correct,correct,False,True,True,0.0,0.0
trace_00003,trace_00013,arith_001,arith_003,arithmetic,arithmetic,correct,correct,False,True,True,0.1556390622295664,0.25
trace_00003,trace_00014,arith_001,arith_003,arithmetic,arithmetic,correct,correct,False,True,True,0.0,0.0
trace_00003,trace_00015,arith_001,arith_003,arithmetic,arithmetic,correct,correct,False,True,True,0.003702451541836349,0.07142857142857142
trace_00003,trace_00016,arith_001,arith_004,arithmetic,arithmetic,correct,incorrect,False,True,False,0.6979078010016793,0.8
trace_00003,trace_00017,arith_001,arith_004,arithmetic,arithmetic,correct,correct,False,True,True,0.1908745046211096,0.33333333333333337
trace_00003,trace_00018,arith_001,arith_004,arithmetic,arithmetic,correct,incorrect,False,True,False,0.0,0.0
trace_00003,trace_00019,arith_001,arith_004,arithmetic,arithmetic,correct,correct,False,True,True,0.1556390622295664,0.25
trace_00003,trace_00020,arith_001,arith_004,arithmetic,arithmetic,correct,correct,False,True,True,0.3112781244591328,0.5
trace_00003,trace_00021,arith_001,logic_001,arithmetic,symbolic_logic,correct,incorrect,False,False,False,1.0,1.0
trace_00003,trace_00022,arith_001,logic_001,arithmetic,symbolic_logic,correct,correct,False,False,True,1.0,0.9999999999999999
trace_00003,trace_00023,arith_001,logic_001,arithmetic,symbolic_logic,correct,incorrect,False,False,False,1.0,0.9999999999999999
trace_00003,trace_00024,arith_001,logic_001,arithmetic,symbolic_logic,correct,incorrect,False,False,False,1.0,0.9999999999999999
trace_00003,trace_00025,arith_001,logic_001,arithmetic,symbolic_logic,correct,correct,False,False,True,0.6556390622295665,0.75
trace_00003,trace_00026,arith_001,logic_002,arithmetic,symbolic_logic,correct,incorrect,False,False,False,1.0,1.0
trace_00003,trace_00027,arith_001,logic_002,arithmetic,symbolic_logic,correct,incorrect,False,False,False,0.6556390622295665,0.75
trace_00003,trace_00028,arith_001,logic_002,arithmetic,symbolic_logic,correct,correct,False,False,True,1.0,0.9999999999999999
trace_00003,trace_00029,arith_001,logic_002,arithmetic,symbolic_logic,correct,correct,False,False,True,1.0,0.9999999999999999
trace_00003,trace_00030,arith_001,logic_002,arithmetic,symbolic_logic,correct,incorrect,False,False,False,0.6556390622295665,0.75
trace_00003,trace_00031,arith_001,logic_003,arithmetic,symbolic_logic,correct,incorrect,False,False,False,1.0,0.9999999999999999
trace_00003,trace_00032,arith_001,logic_003,arithmetic,symbolic_logic,correct,incorrect,False,False,False,1.0,1.0
trace_00003,trace_00033,arith_001,logic_003,arithmetic,symbolic_logic,correct,incorrect,False,False,False,1.0,1.0
trace_00003,trace_00034,arith_001,logic_003,arithmetic,symbolic_logic,correct,incorrect,False,False,False,1.0,1.0
trace_00003,trace_00035,arith_001,logic_003,arithmetic,symbolic_logic,correct,correct,False,False,True,1.0,0.9999999999999999
trace_00003,trace_00036,arith_001,logic_004,arithmetic,symbolic_logic,correct,correct,False,False,True,0.7295739585136223,0.8333333333333334
trace_00003,trace_00037,arith_001,logic_004,arithmetic,symbolic_logic,correct,correct,False,False,True,0.5954372523105548,0.6666666666666666
trace_00003,trace_00038,arith_001,logic_004,arithmetic,symbolic_logic,correct,correct,False,False,True,1.0,1.0
trace_00003,trace_00039,arith_001,logic_004,arithmetic,symbolic_logic,correct,correct,False,False,True,0.5,0.5
trace_00003,trace_00040,arith_001,logic_004,arithmetic,symbolic_logic,correct,incorrect,False,False,False,0.5,0.5
trace_00003,trace_00041,arith_001,temporal_001,arithmetic,temporal_ordering,correct,incorrect,False,False,False,0.6284905946211771,0.7142857142857144
trace_00003,trace_00042,arith_001,temporal_001,arithmetic,temporal_ordering,correct,incorrect,False,False,False,0.5,0.5
trace_00003,trace_00043,arith_001,temporal_001,arithmetic,temporal_ordering,correct,correct,False,False,True,0.6556390622295665,0.75
trace_00003,trace_00044,arith_001,temporal_001,arithmetic,temporal_ordering,correct,incorrect,False,False,False,0.3112781244591328,0.5
trace_00003,trace_00045,arith_001,temporal_001,arithmetic,temporal_ordering,correct,incorrect,False,False,False,0.6284905946211771,0.7142857142857144
trace_00003,trace_00046,arith_001,temporal_002,arithmetic,temporal_ordering,correct,incorrect,False,False,False,0.7743974703476993,0.875
trace_00003,trace_00047,arith_001,temporal_002,arithmetic,temporal_ordering,correct,correct,False,False,True,0.5,0.5
trace_00003,trace_00048,arith_001,temporal_002,arithmetic,temporal_ordering,correct,correct,False,False,True,0.42528358731335336,0.5
trace_00003,trace_00049,arith_001,temporal_002,arithmetic,temporal_ordering,correct,correct,False,False,True,0.7295739585136224,0.8333333333333334
trace_00003,trace_00050,arith_001,temporal_002,arithmetic,temporal_ordering,correct,correct,False,False,True,0.5,0.5
trace_00003,trace_00051,arith_001,temporal_003,arithmetic,temporal_ordering,correct,correct,False,False,True,0.6979078010016793,0.8
trace_00003,trace_00052,arith_001,temporal_003,arithmetic,temporal_ordering,correct,incorrect,False,False,False,1.0,0.9999999999999999
trace_00003,trace_00053,arith_001,temporal_003,arithmetic,temporal_ordering,correct,incorrect,False,False,False,1.0,1.0
trace_00003,trace_00054,arith_001,temporal_003,arithmetic,temporal_ordering,correct,correct,False,False,True,1.0,1.0
trace_00003,trace_00055,arith_001,temporal_003,arithmetic,temporal_ordering,correct,correct,False,False,True,0.6556390622295665,0.75
trace_00003,trace_00056,arith_001,temporal_004,arithmetic,temporal_ordering,correct,incorrect,False,False,False,1.0,1.0
trace_00003,trace_00057,arith_001,temporal_004,arithmetic,temporal_ordering,correct,incorrect,False,False,False,1.0,1.0
trace_00003,trace_00058,arith_001,temporal_004,arithmetic,temporal_ordering,correct,incorrect,False,False,False,1.0,1.0
trace_00003,trace_00059,arith_001,temporal_004,arithmetic,temporal_ordering,correct,incorrect,False,False,False,1.0,1.0
trace_00003,trace_00060,arith_001,temporal_004,arithmetic,temporal_ordering,correct,incorrect,False,False,False,1.0,1.0
trace_00003,trace_00061,arith_001,causal_001,arithmetic,causal_micro_world,correct,incorrect,False,False,False,0.1908745046211096,0.33333333333333337
trace_00003,trace_00062,arith_001,causal_001,arithmetic,causal_micro_world,correct,correct,False,False,True,0.020720839623908215,0.16666666666666666
trace_00003,trace_00063,arith_001,causal_001,arithmetic,causal_micro_world,correct,uncertain,False,False,False,0.5,0.5
trace_00003,trace_00064,arith_001,causal_001,arithmetic,causal_micro_world,correct,incorrect,False,False,False,0.5,0.5
trace_00003,trace_00065,arith_001,causal_001,arithmetic,causal_micro_world,correct,incorrect,False,False,False,0.3112781244591328,0.5
trace_00003,trace_00066,arith_001,causal_002,arithmetic,causal_micro_world,correct,correct,False,False,True,0.5689626904850149,0.625
trace_00003,trace_00067,arith_001,causal_002,arithmetic,causal_micro_world,correct,incorrect,False,False,False,0.45328338368767396,0.5
trace_00003,trace_00068,arith_001,causal_002,arithmetic,causal_micro_world,correct,correct,False,False,True,0.5,0.5
trace_00003,trace_00069,arith_001,causal_002,arithmetic,causal_micro_world,correct,correct,False,False,True,0.3112781244591328,0.5
trace_00003,trace_00070,arith_001,causal_002,arithmetic,causal_micro_world,correct,correct,False,False,True,1.0,1.0
trace_00003,trace_00071,arith_001,causal_003,arithmetic,causal_micro_world,correct,incorrect,False,False,False,0.6556390622295665,0.75
trace_00003,trace_00072,arith_001,causal_003,arithmetic,causal_micro_world,correct,correct,False,False,True,0.5954372523105549,0.6666666666666666
trace_00003,trace_00073,arith_001,causal_003,arithmetic,causal_micro_world,correct,correct,False,False,True,0.1908745046211096,0.33333333333333337
trace_00003,trace_00074,arith_001,causal_003,arithmetic,causal_micro_world,correct,incorrect,False,False,False,0.3112781244591328,0.5
trace_00003,trace_00075,arith_001,causal_003,arithmetic,causal_micro_world,correct,correct,False,False,True,0.1908745046211096,0.33333333333333337
trace_00003,trace_00076,arith_001,causal_004,arithmetic,causal_micro_world,correct,correct,False,False,True,0.020720839623908215,0.16666666666666666
trace_00003,trace_00077,arith_001,causal_004,arithmetic,causal_micro_world,correct,correct,False,False,True,0.020720839623908215,0.16666666666666666
trace_00003,trace_00078,arith_001,causal_004,arithmetic,causal_micro_world,correct,correct,False,False,True,0.2519235740744792,0.4
trace_00003,trace_00079,arith_001,causal_004,arithmetic,causal_micro_world,correct,correct,False,False,True,0.0,0.0
trace_00003,trace_00080,arith_001,causal_004,arithmetic,causal_micro_world,correct,correct,False,False,True,0.020720839623908215,0.16666666666666666
trace_00003,trace_00081,arith_001,commonsense_001,arithmetic,commonsense_multihop,correct,incorrect,False,False,False,0.5,0.5
trace_00003,trace_00082,arith_001,commonsense_001,arithmetic,commonsense_multihop,correct,correct,False,False,True,0.4300365325772657,0.625
trace_00003,trace_00083,arith_001,commonsense_001,arithmetic,commonsense_multihop,correct,correct,False,False,True,0.5,0.5
trace_00003,trace_00084,arith_001,commonsense_001,arithmetic,commonsense_multihop,correct,incorrect,False,False,False,0.32501121082417717,0.5
trace_00003,trace_00085,arith_001,commonsense_001,arithmetic,commonsense_multihop,correct,incorrect,False,False,False,0.2519235740744792,0.39999999999999997
trace_00003,trace_00086,arith_001,commonsense_002,arithmetic,commonsense_multihop,correct,correct,False,False,True,0.6556390622295665,0.75
trace_00003,trace_00087,arith_001,commonsense_002,arithmetic,commonsense_multihop,correct,correct,False,False,True,0.6556390622295665,0.75
trace_00003,trace_00088,arith_001,commonsense_002,arithmetic,commonsense_multihop,correct,correct,False,False,True,0.6556390622295665,0.75
trace_00003,trace_00089,arith_001,commonsense_002,arithmetic,commonsense_multihop,correct,incorrect,False,False,False,0.6556390622295665,0.75
trace_00003,trace_00090,arith_001,commonsense_002,arithmetic,commonsense_multihop,correct,correct,False,False,True,0.3958156020033583,0.6
trace_00003,trace_00091,arith_001,commonsense_003,arithmetic,commonsense_multihop,correct,incorrect,False,False,False,0.5,0.5
trace_00003,trace_00092,arith_001,commonsense_003,arithmetic,commonsense_multihop,correct,correct,False,False,True,0.5954372523105548,0.6666666666666666
trace_00003,trace_00093,arith_001,commonsense_003,arithmetic,commonsense_multihop,correct,incorrect,False,False,False,0.5954372523105548,0.6666666666666666
trace_00003,trace_00094,arith_001,commonsense_003,arithmetic,commonsense_multihop,correct,incorrect,False,False,False,0.3931558784658321,0.5
trace_00003,trace_00095,arith_001,commonsense_003,arithmetic,commonsense_multihop,correct,incorrect,False,False,False,0.5954372523105548,0.6666666666666666
trace_00003,trace_00096,arith_001,commonsense_004,arithmetic,commonsense_multihop,correct,incorrect,False,False,False,0.3112781244591328,0.5
trace_00003,trace_00097,arith_001,commonsense_004,arithmetic,commonsense_multihop,correct,incorrect,False,False,False,0.5954372523105548,0.6666666666666666
trace_00003,trace_00098,arith_001,commonsense_004,arithmetic,commonsense_multihop,correct,incorrect,False,False,False,1.0,1.0
trace_00003,trace_00099,arith_001,commonsense_004,arithmetic,commonsense_multihop,correct,incorrect,False,False,False,0.5087256743873156,0.7142857142857143
trace_00003,trace_00100,arith_001,commonsense_004,arithmetic,commonsense_multihop,correct,incorrect,False,False,False,0.3112781244591328,0.5
trace_00004,trace_00005,arith_001,arith_001,arithmetic,arithmetic,correct,correct,True,True,True,0.0,0.0
trace_00004,trace_00006,arith_001,arith_002,arithmetic,arithmetic,correct,correct,False,True,True,0.0,0.0
trace_00004,trace_00007,arith_001,arith_002,arithmetic,arithmetic,correct,incorrect,False,True,False,0.5954372523105548,0.6666666666666666
trace_00004,trace_00008,arith_001,arith_002,arithmetic,arithmetic,correct,correct,False,True,True,0.3112781244591328,0.5
trace_00004,trace_00009,arith_001,arith_002,arithmetic,arithmetic,correct,correct,False,True,True,0.0,0.0
trace_00004,trace_00010,arith_001,arith_002,arithmetic,arithmetic,correct,incorrect,False,True,False,0.3112781244591328,0.5
trace_00004,trace_00011,arith_001,arith_003,arithmetic,arithmetic,correct,correct,False,True,True,0.0,0.0
trace_00004,trace_00012,arith_001,arith_003,arithmetic,arithmetic,correct,correct,False,True,True,0.0,0.0
trace_00004,trace_00013,arith_001,arith_003,arithmetic,arithmetic,correct,correct,False,True,True,0.1556390622295664,0.25
trace_00004,trace_00014,arith_001,arith_003,arithmetic,arithmetic,correct,correct,False,True,True,0.0,0.0
trace_00004,trace_00015,arith_001,arith_003,arithmetic,arithmetic,correct,correct,False,True,True,0.003702451541836349,0.07142857142857142
trace_00004,trace_00016,arith_001,arith_004,arithmetic,arithmetic,correct,incorrect,False,True,False,0.6979078010016793,0.8
trace_00004,trace_00017,arith_001,arith_004,arithmetic,arithmetic,correct,correct,False,True,True,0.1908745046211096,0.33333333333333337
trace_00004,trace_00018,arith_001,arith_004,arithmetic,arithmetic,correct,incorrect,False,True,False,0.0,0.0
trace_00004,trace_00019,arith_001,arith_004,arithmetic,arithmetic,correct,correct,False,True,True,0.1556390622295664,0.25
trace_00004,trace_00020,arith_001,arith_004,arithmetic,arithmetic,correct,correct,False,True,True,0.3112781244591328,0.5
trace_00004,trace_00021,arith_001,logic_001,arithmetic,symbolic_logic,correct,incorrect,False,False,False,1.0,1.0
trace_00004,trace_00022,arith_001,logic_001,arithmetic,symbolic_logic,correct,correct,False,False,True,1.0,0.9999999999999999
trace_00004,trace_00023,arith_001,logic_001,arithmetic,symbolic_logic,correct,incorrect,False,False,False,1.0,0.9999999999999999
trace_00004,trace_00024,arith_001,logic_001,arithmetic,symbolic_logic,correct,incorrect,False,False,False,1.0,0.9999999999999999
trace_00004,trace_00025,arith_001,logic_001,arithmetic,symbolic_logic,correct,correct,False,False,True,0.6556390622295665,0.75
trace_00004,trace_00026,arith_001,logic_002,arithmetic,symbolic_logic,correct,incorrect,False,False,False,1.0,1.0
trace_00004,trace_00027,arith_001,logic_002,arithmetic,symbolic_logic,correct,incorrect,False,False,False,0.6556390622295665,0.75
trace_00004,trace_00028,arith_001,logic_002,arithmetic,symbolic_logic,correct,correct,False,False,True,1.0,0.9999999999999999
trace_00004,trace_00029,arith_001,logic_002,arithmetic,symbolic_logic,correct,correct,False,False,True,1.0,0.9999999999999999
trace_00004,trace_00030,arith_001,logic_002,arithmetic,symbolic_logic,correct,incorrect,False,False,False,0.6556390622295665,0.75
trace_00004,trace_00031,arith_001,logic_003,arithmetic,symbolic_logic,correct,incorrect,False,False,False,1.0,0.9999999999999999
trace_00004,trace_00032,arith_001,logic_003,arithmetic,symbolic_logic,correct,incorrect,False,False,False,1.0,1.0
trace_00004,trace_00033,arith_001,logic_003,arithmetic,symbolic_logic,correct,incorrect,False,False,False,1.0,1.0
trace_00004,trace_00034,arith_001,logic_003,arithmetic,symbolic_logic,correct,incorrect,False,False,False,1.0,1.0
trace_00004,trace_00035,arith_001,logic_003,arithmetic,symbolic_logic,correct,correct,False,False,True,1.0,0.9999999999999999
trace_00004,trace_00036,arith_001,logic_004,arithmetic,symbolic_logic,correct,correct,False,False,True,0.7295739585136223,0.8333333333333334
trace_00004,trace_00037,arith_001,logic_004,arithmetic,symbolic_logic,correct,correct,False,False,True,0.5954372523105548,0.6666666666666666
trace_00004,trace_00038,arith_001,logic_004,arithmetic,symbolic_logic,correct,correct,False,False,True,1.0,1.0
trace_00004,trace_00039,arith_001,logic_004,arithmetic,symbolic_logic,correct,correct,False,False,True,0.5,0.5
trace_00004,trace_00040,arith_001,logic_004,arithmetic,symbolic_logic,correct,incorrect,False,False,False,0.5,0.5
trace_00004,trace_00041,arith_001,temporal_001,arithmetic,temporal_ordering,correct,incorrect,False,False,False,0.6284905946211771,0.7142857142857144
trace_00004,trace_00042,arith_001,temporal_001,arithmetic,temporal_ordering,correct,incorrect,False,False,False,0.5,0.5
trace_00004,trace_00043,arith_001,temporal_001,arithmetic,temporal_ordering,correct,correct,False,False,True,0.6556390622295665,0.75
trace_00004,trace_00044,arith_001,temporal_001,arithmetic,temporal_ordering,correct,incorrect,False,False,False,0.3112781244591328,0.5
trace_00004,trace_00045,arith_001,temporal_001,arithmetic,temporal_ordering,correct,incorrect,False,False,False,0.6284905946211771,0.7142857142857144
trace_00004,trace_00046,arith_001,temporal_002,arithmetic,temporal_ordering,correct,incorrect,False,False,False,0.7743974703476993,0.875
trace_00004,trace_00047,arith_001,temporal_002,arithmetic,temporal_ordering,correct,correct,False,False,True,0.5,0.5
trace_00004,trace_00048,arith_001,temporal_002,arithmetic,temporal_ordering,correct,correct,False,False,True,0.42528358731335336,0.5
trace_00004,trace_00049,arith_001,temporal_002,arithmetic,temporal_ordering,correct,correct,False,False,True,0.7295739585136224,0.8333333333333334
trace_00004,trace_00050,arith_001,temporal_002,arithmetic,temporal_ordering,correct,correct,False,False,True,0.5,0.5
trace_00004,trace_00051,arith_001,temporal_003,arithmetic,temporal_ordering,correct,correct,False,False,True,0.6979078010016793,0.8
trace_00004,trace_00052,arith_001,temporal_003,arithmetic,temporal_ordering,correct,incorrect,False,False,False,1.0,0.9999999999999999
trace_00004,trace_00053,arith_001,temporal_003,arithmetic,temporal_ordering,correct,incorrect,False,False,False,1.0,1.0
trace_00004,trace_00054,arith_001,temporal_003,arithmetic,temporal_ordering,correct,correct,False,False,True,1.0,1.0
trace_00004,trace_00055,arith_001,temporal_003,arithmetic,temporal_ordering,correct,correct,False,False,True,0.6556390622295665,0.75
trace_00004,trace_00056,arith_001,temporal_004,arithmetic,temporal_ordering,correct,incorrect,False,False,False,1.0,1.0
trace_00004,trace_00057,arith_001,temporal_004,arithmetic,temporal_ordering,correct,incorrect,False,False,False,1.0,1.0
trace_00004,trace_00058,arith_001,temporal_004,arithmetic,temporal_ordering,correct,incorrect,False,False,False,1.0,1.0
trace_00004,trace_00059,arith_001,temporal_004,arithmetic,temporal_ordering,correct,incorrect,False,False,False,1.0,1.0
trace_00004,trace_00060,arith_001,temporal_004,arithmetic,temporal_ordering,correct,incorrect,False,False,False,1.0,1.0
trace_00004,trace_00061,arith_001,causal_001,arithmetic,causal_micro_world,correct,incorrect,False,False,False,0.1908745046211096,0.33333333333333337
trace_00004,trace_00062,arith_001,causal_001,arithmetic,causal_micro_world,correct,correct,False,False,True,0.020720839623908215,0.16666666666666666
trace_00004,trace_00063,arith_001,causal_001,arithmetic,causal_micro_world,correct,uncertain,False,False,False,0.5,0.5
trace_00004,trace_00064,arith_001,causal_001,arithmetic,causal_micro_world,correct,incorrect,False,False,False,0.5,0.5
trace_00004,trace_00065,arith_001,causal_001,arithmetic,causal_micro_world,correct,incorrect,False,False,False,0.3112781244591328,0.5
trace_00004,trace_00066,arith_001,causal_002,arithmetic,causal_micro_world,correct,correct,False,False,True,0.5689626904850149,0.625
trace_00004,trace_00067,arith_001,causal_002,arithmetic,causal_micro_world,correct,incorrect,False,False,False,0.45328338368767396,0.5
trace_00004,trace_00068,arith_001,causal_002,arithmetic,causal_micro_world,correct,correct,False,False,True,0.5,0.5
trace_00004,trace_00069,arith_001,causal_002,arithmetic,causal_micro_world,correct,correct,False,False,True,0.3112781244591328,0.5
trace_00004,trace_00070,arith_001,causal_002,arithmetic,causal_micro_world,correct,correct,False,False,True,1.0,1.0
trace_00004,trace_00071,arith_001,causal_003,arithmetic,causal_micro_world,correct,incorrect,False,False,False,0.6556390622295665,0.75
trace_00004,trace_00072,arith_001,causal_003,arithmetic,causal_micro_world,correct,correct,False,False,True,0.5954372523105549,0.6666666666666666
trace_00004,trace_00073,arith_001,causal_003,arithmetic,causal_micro_world,correct,correct,False,False,True,0.1908745046211096,0.33333333333333337
trace_00004,trace_00074,arith_001,causal_003,arithmetic,causal_micro_world,correct,incorrect,False,False,False,0.3112781244591328,0.5
trace_00004,trace_00075,arith_001,causal_003,arithmetic,causal_micro_world,correct,correct,False,False,True,0.1908745046211096,0.33333333333333337
trace_00004,trace_00076,arith_001,causal_004,arithmetic,causal_micro_world,correct,correct,False,False,True,0.020720839623908215,0.16666666666666666
trace_00004,trace_00077,arith_001,causal_004,arithmetic,causal_micro_world,correct,correct,False,False,True,0.020720839623908215,0.16666666666666666
trace_00004,trace_00078,arith_001,causal_004,arithmetic,causal_micro_world,correct,correct,False,False,True,0.2519235740744792,0.4
trace_00004,trace_00079,arith_001,causal_004,arithmetic,causal_micro_world,correct,correct,False,False,True,0.0,0.0
trace_00004,trace_00080,arith_001,causal_004,arithmetic,causal_micro_world,correct,correct,False,False,True,0.020720839623908215,0.16666666666666666
trace_00004,trace_00081,arith_001,commonsense_001,arithmetic,commonsense_multihop,correct,incorrect,False,False,False,0.5,0.5
trace_00004,trace_00082,arith_001,commonsense_001,arithmetic,commonsense_multihop,correct,correct,False,False,True,0.4300365325772657,0.625
trace_00004,trace_00083,arith_001,commonsense_001,arithmetic,commonsense_multihop,correct,correct,False,False,True,0.5,0.5
trace_00004,trace_00084,arith_001,commonsense_001,arithmetic,commonsense_multihop,correct,incorrect,False,False,False,0.32501121082417717,0.5
trace_00004,trace_00085,arith_001,commonsense_001,arithmetic,commonsense_multihop,correct,incorrect,False,False,False,0.2519235740744792,0.39999999999999997
trace_00004,trace_00086,arith_001,commonsense_002,arithmetic,commonsense_multihop,correct,correct,False,False,True,0.6556390622295665,0.75
trace_00004,trace_00087,arith_001,commonsense_002,arithmetic,commonsense_multihop,correct,correct,False,False,True,0.6556390622295665,0.75
trace_00004,trace_00088,arith_001,commonsense_002,arithmetic,commonsense_multihop,correct,correct,False,False,True,0.6556390622295665,0.75
trace_00004,trace_00089,arith_001,commonsense_002,arithmetic,commonsense_multihop,correct,incorrect,False,False,False,0.6556390622295665,0.75
trace_00004,trace_00090,arith_001,commonsense_002,arithmetic,commonsense_multihop,correct,correct,False,False,True,0.3958156020033583,0.6
trace_00004,trace_00091,arith_001,commonsense_003,arithmetic,commonsense_multihop,correct,incorrect,False,False,False,0.5,0.5
trace_00004,trace_00092,arith_001,commonsense_003,arithmetic,commonsense_multihop,correct,correct,False,False,True,0.5954372523105548,0.6666666666666666
trace_00004,trace_00093,arith_001,commonsense_003,arithmetic,commonsense_multihop,correct,incorrect,False,False,False,0.5954372523105548,0.6666666666666666
trace_00004,trace_00094,arith_001,commonsense_003,arithmetic,commonsense_multihop,correct,incorrect,False,False,False,0.3931558784658321,0.5
trace_00004,trace_00095,arith_001,commonsense_003,arithmetic,commonsense_multihop,correct,incorrect,False,False,False,0.5954372523105548,0.6666666666666666
trace_00004,trace_00096,arith_001,commonsense_004,arithmetic,commonsense_multihop,correct,incorrect,False,False,False,0.3112781244591328,0.5
trace_00004,trace_00097,arith_001,commonsense_004,arithmetic,commonsense_multihop,correct,incorrect,False,False,False,0.5954372523105548,0.6666666666666666
trace_00004,trace_00098,arith_001,commonsense_004,arithmetic,commonsense_multihop,correct,incorrect,False,False,False,1.0,1.0
trace_00004,trace_00099,arith_001,commonsense_004,arithmetic,commonsense_multihop,correct,incorrect,False,False,False,0.5087256743873156,0.7142857142857143
trace_00004,trace_00100,arith_001,commonsense_004,arithmetic,commonsense_multihop,correct,incorrect,False,False,False,0.3112781244591328,0.5
trace_00005,trace_00006,arith_001,arith_002,arithmetic,arithmetic,correct,correct,False,True,True,0.0,0.0
trace_00005,trace_00007,arith_001,arith_002,arithmetic,arithmetic,correct,incorrect,False,True,False,0.5954372523105548,0.6666666666666666
trace_00005,trace_00008,arith_001,arith_002,arithmetic,arithmetic,correct,correct,False,True,True,0.3112781244591328,0.5
trace_00005,trace_00009,arith_001,arith_002,arithmetic,arithmetic,correct,correct,False,True,True,0.0,0.0
trace_00005,trace_00010,arith_001,arith_002,arithmetic,arithmetic,correct,incorrect,False,True,False,0.3112781244591328,0.5
trace_00005,trace_00011,arith_001,arith_003,arithmetic,arithmetic,correct,correct,False,True,True,0.0,0.0
trace_00005,trace_00012,arith_001,arith_003,arithmetic,arithmetic,correct,correct,False,True,True,0.0,0.0
trace_00005,trace_00013,arith_001,arith_003,arithmetic,arithmetic,correct,correct,False,True,True,0.1556390622295664,0.25
trace_00005,trace_00014,arith_001,arith_003,arithmetic,arithmetic,correct,correct,False,True,True,0.0,0.0
trace_00005,trace_00015,arith_001,arith_003,arithmetic,arithmetic,correct,correct,False,True,True,0.003702451541836349,0.07142857142857142
trace_00005,trace_00016,arith_001,arith_004,arithmetic,arithmetic,correct,incorrect,False,True,False,0.6979078010016793,0.8
trace_00005,trace_00017,arith_001,arith_004,arithmetic,arithmetic,correct,correct,False,True,True,0.1908745046211096,0.33333333333333337
trace_00005,trace_00018,arith_001,arith_004,arithmetic,arithmetic,correct,incorrect,False,True,False,0.0,0.0
trace_00005,trace_00019,arith_001,arith_004,arithmetic,arithmetic,correct,correct,False,True,True,0.1556390622295664,0.25
trace_00005,trace_00020,arith_001,arith_004,arithmetic,arithmetic,correct,correct,False,True,True,0.3112781244591328,0.5
trace_00005,trace_00021,arith_001,logic_001,arithmetic,symbolic_logic,correct,incorrect,False,False,False,1.0,1.0
trace_00005,trace_00022,arith_001,logic_001,arithmetic,symbolic_logic,correct,correct,False,False,True,1.0,0.9999999999999999
trace_00005,trace_00023,arith_001,logic_001,arithmetic,symbolic_logic,correct,incorrect,False,False,False,1.0,0.9999999999999999
trace_00005,trace_00024,arith_001,logic_001,arithmetic,symbolic_logic,correct,incorrect,False,False,False,1.0,0.9999999999999999
trace_00005,trace_00025,arith_001,logic_001,arithmetic,symbolic_logic,correct,correct,False,False,True,0.6556390622295665,0.75
trace_00005,trace_00026,arith_001,logic_002,arithmetic,symbolic_logic,correct,incorrect,False,False,False,1.0,1.0
trace_00005,trace_00027,arith_001,logic_002,arithmetic,symbolic_logic,correct,incorrect,False,False,False,0.6556390622295665,0.75
trace_00005,trace_00028,arith_001,logic_002,arithmetic,symbolic_logic,correct,correct,False,False,True,1.0,0.9999999999999999
trace_00005,trace_00029,arith_001,logic_002,arithmetic,symbolic_logic,correct,correct,False,False,True,1.0,0.9999999999999999
trace_00005,trace_00030,arith_001,logic_002,arithmetic,symbolic_logic,correct,incorrect,False,False,False,0.6556390622295665,0.75
trace_00005,trace_00031,arith_001,logic_003,arithmetic,symbolic_logic,correct,incorrect,False,False,False,1.0,0.9999999999999999
trace_00005,trace_00032,arith_001,logic_003,arithmetic,symbolic_logic,correct,incorrect,False,False,False,1.0,1.0
trace_00005,trace_00033,arith_001,logic_003,arithmetic,symbolic_logic,correct,incorrect,False,False,False,1.0,1.0
trace_00005,trace_00034,arith_001,logic_003,arithmetic,symbolic_logic,correct,incorrect,False,False,False,1.0,1.0
trace_00005,trace_00035,arith_001,logic_003,arithmetic,symbolic_logic,correct,correct,False,False,True,1.0,0.9999999999999999
trace_00005,trace_00036,arith_001,logic_004,arithmetic,symbolic_logic,correct,correct,False,False,True,0.7295739585136223,0.8333333333333334
trace_00005,trace_00037,arith_001,logic_004,arithmetic,symbolic_logic,correct,correct,False,False,True,0.5954372523105548,0.6666666666666666
trace_00005,trace_00038,arith_001,logic_004,arithmetic,symbolic_logic,correct,correct,False,False,True,1.0,1.0
trace_00005,trace_00039,arith_001,logic_004,arithmetic,symbolic_logic,correct,correct,False,False,True,0.5,0.5
trace_00005,trace_00040,arith_001,logic_004,arithmetic,symbolic_logic,correct,incorrect,False,False,False,0.5,0.5
trace_00005,trace_00041,arith_001,temporal_001,arithmetic,temporal_ordering,correct,incorrect,False,False,False,0.6284905946211771,0.7142857142857144
trace_00005,trace_00042,arith_001,temporal_001,arithmetic,temporal_ordering,correct,incorrect,False,False,False,0.5,0.5
trace_00005,trace_00043,arith_001,temporal_001,arithmetic,temporal_ordering,correct,correct,False,False,True,0.6556390622295665,0.75
trace_00005,trace_00044,arith_001,temporal_001,arithmetic,temporal_ordering,correct,incorrect,False,False,False,0.3112781244591328,0.5
trace_00005,trace_00045,arith_001,temporal_001,arithmetic,temporal_ordering,correct,incorrect,False,False,False,0.6284905946211771,0.7142857142857144
trace_00005,trace_00046,arith_001,temporal_002,arithmetic,temporal_ordering,correct,incorrect,False,False,False,0.7743974703476993,0.875
trace_00005,trace_00047,arith_001,temporal_002,arithmetic,temporal_ordering,correct,correct,False,False,True,0.5,0.5
trace_00005,trace_00048,arith_001,temporal_002,arithmetic,temporal_ordering,correct,correct,False,False,True,0.42528358731335336,0.5
trace_00005,trace_00049,arith_001,temporal_002,arithmetic,temporal_ordering,correct,correct,False,False,True,0.7295739585136224,0.8333333333333334
trace_00005,trace_00050,arith_001,temporal_002,arithmetic,temporal_ordering,correct,correct,False,False,True,0.5,0.5
trace_00005,trace_00051,arith_001,temporal_003,arithmetic,temporal_ordering,correct,correct,False,False,True,0.6979078010016793,0.8
trace_00005,trace_00052,arith_001,temporal_003,arithmetic,temporal_ordering,correct,incorrect,False,False,False,1.0,0.9999999999999999
trace_00005,trace_00053,arith_001,temporal_003,arithmetic,temporal_ordering,correct,incorrect,False,False,False,1.0,1.0
trace_00005,trace_00054,arith_001,temporal_003,arithmetic,temporal_ordering,correct,correct,False,False,True,1.0,1.0
trace_00005,trace_00055,arith_001,temporal_003,arithmetic,temporal_ordering,correct,correct,False,False,True,0.6556390622295665,0.75
trace_00005,trace_00056,arith_001,temporal_004,arithmetic,temporal_ordering,correct,incorrect,False,False,False,1.0,1.0
trace_00005,trace_00057,arith_001,temporal_004,arithmetic,temporal_ordering,correct,incorrect,False,False,False,1.0,1.0
trace_00005,trace_00058,arith_001,temporal_004,arithmetic,temporal_ordering,correct,incorrect,False,False,False,1.0,1.0
trace_00005,trace_00059,arith_001,temporal_004,arithmetic,temporal_ordering,correct,incorrect,False,False,False,1.0,1.0
trace_00005,trace_00060,arith_001,temporal_004,arithmetic,temporal_ordering,correct,incorrect,False,False,False,1.0,1.0
trace_00005,trace_00061,arith_001,causal_001,arithmetic,causal_micro_world,correct,incorrect,False,False,False,0.1908745046211096,0.33333333333333337
trace_00005,trace_00062,arith_001,causal_001,arithmetic,causal_micro_world,correct,correct,False,False,True,0.020720839623908215,0.16666666666666666
trace_00005,trace_00063,arith_001,causal_001,arithmetic,causal_micro_world,correct,uncertain,False,False,False,0.5,0.5
trace_00005,trace_00064,arith_001,causal_001,arithmetic,causal_micro_world,correct,incorrect,False,False,False,0.5,0.5
trace_00005,trace_00065,arith_001,causal_001,arithmetic,causal_micro_world,correct,incorrect,False,False,False,0.3112781244591328,0.5
trace_00005,trace_00066,arith_001,causal_002,arithmetic,causal_micro_world,correct,correct,False,False,True,0.5689626904850149,0.625
trace_00005,trace_00067,arith_001,causal_002,arithmetic,causal_micro_world,correct,incorrect,False,False,False,0.45328338368767396,0.5
trace_00005,trace_00068,arith_001,causal_002,arithmetic,causal_micro_world,correct,correct,False,False,True,0.5,0.5
trace_00005,trace_00069,arith_001,causal_002,arithmetic,causal_micro_world,correct,correct,False,False,True,0.3112781244591328,0.5
trace_00005,trace_00070,arith_001,causal_002,arithmetic,causal_micro_world,correct,correct,False,False,True,1.0,1.0
trace_00005,trace_00071,arith_001,causal_003,arithmetic,causal_micro_world,correct,incorrect,False,False,False,0.6556390622295665,0.75
trace_00005,trace_00072,arith_001,causal_003,arithmetic,causal_micro_world,correct,correct,False,False,True,0.5954372523105549,0.6666666666666666
trace_00005,trace_00073,arith_001,causal_003,arithmetic,causal_micro_world,correct,correct,False,False,True,0.1908745046211096,0.33333333333333337
trace_00005,trace_00074,arith_001,causal_003,arithmetic,causal_micro_world,correct,incorrect,False,False,False,0.3112781244591328,0.5
trace_00005,trace_00075,arith_001,causal_003,arithmetic,causal_micro_world,correct,correct,False,False,True,0.1908745046211096,0.33333333333333337
trace_00005,trace_00076,arith_001,causal_004,arithmetic,causal_micro_world,correct,correct,False,False,True,0.020720839623908215,0.16666666666666666
trace_00005,trace_00077,arith_001,causal_004,arithmetic,causal_micro_world,correct,correct,False,False,True,0.020720839623908215,0.16666666666666666
trace_00005,trace_00078,arith_001,causal_004,arithmetic,causal_micro_world,correct,correct,False,False,True,0.2519235740744792,0.4
trace_00005,trace_00079,arith_001,causal_004,arithmetic,causal_micro_world,correct,correct,False,False,True,0.0,0.0
trace_00005,trace_00080,arith_001,causal_004,arithmetic,causal_micro_world,correct,correct,False,False,True,0.020720839623908215,0.16666666666666666
trace_00005,trace_00081,arith_001,commonsense_001,arithmetic,commonsense_multihop,correct,incorrect,False,False,False,0.5,0.5
trace_00005,trace_00082,arith_001,commonsense_001,arithmetic,commonsense_multihop,correct,correct,False,False,True,0.4300365325772657,0.625
trace_00005,trace_00083,arith_001,commonsense_001,arithmetic,commonsense_multihop,correct,correct,False,False,True,0.5,0.5
trace_00005,trace_00084,arith_001,commonsense_001,arithmetic,commonsense_multihop,correct,incorrect,False,False,False,0.32501121082417717,0.5
trace_00005,trace_00085,arith_001,commonsense_001,arithmetic,commonsense_multihop,correct,incorrect,False,False,False,0.2519235740744792,0.39999999999999997
trace_00005,trace_00086,arith_001,commonsense_002,arithmetic,commonsense_multihop,correct,correct,False,False,True,0.6556390622295665,0.75
trace_00005,trace_00087,arith_001,commonsense_002,arithmetic,commonsense_multihop,correct,correct,False,False,True,0.6556390622295665,0.75
trace_00005,trace_00088,arith_001,commonsense_002,arithmetic,commonsense_multihop,correct,correct,False,False,True,0.6556390622295665,0.75
trace_00005,trace_00089,arith_001,commonsense_002,arithmetic,commonsense_multihop,correct,incorrect,False,False,False,0.6556390622295665,0.75
trace_00005,trace_00090,arith_001,commonsense_002,arithmetic,commonsense_multihop,correct,correct,False,False,True,0.3958156020033583,0.6
trace_00005,trace_00091,arith_001,commonsense_003,arithmetic,commonsense_multihop,correct,incorrect,False,False,False,0.5,0.5
trace_00005,trace_00092,arith_001,commonsense_003,arithmetic,commonsense_multihop,correct,correct,False,False,True,0.5954372523105548,0.6666666666666666
trace_00005,trace_00093,arith_001,commonsense_003,arithmetic,commonsense_multihop,correct,incorrect,False,False,False,0.5954372523105548,0.6666666666666666
trace_00005,trace_00094,arith_001,commonsense_003,arithmetic,commonsense_multihop,correct,incorrect,False,False,False,0.3931558784658321,0.5
trace_00005,trace_00095,arith_001,commonsense_003,arithmetic,commonsense_multihop,correct,incorrect,False,False,False,0.5954372523105548,0.6666666666666666
trace_00005,trace_00096,arith_001,commonsense_004,arithmetic,commonsense_multihop,correct,incorrect,False,False,False,0.3112781244591328,0.5
trace_00005,trace_00097,arith_001,commonsense_004,arithmetic,commonsense_multihop,correct,incorrect,False,False,False,0.5954372523105548,0.6666666666666666
trace_00005,trace_00098,arith_001,commonsense_004,arithmetic,commonsense_multihop,correct,incorrect,False,False,False,1.0,1.0
trace_00005,trace_00099,arith_001,commonsense_004,arithmetic,commonsense_multihop,correct,incorrect,False,False,False,0.5087256743873156,0.7142857142857143
trace_00005,trace_00100,arith_001,commonsense_004,arithmetic,commonsense_multihop,correct,incorrect,False,False,False,0.3112781244591328,0.5
trace_00006,trace_00007,arith_002,arith_002,arithmetic,arithmetic,correct,incorrect,True,True,False,0.5954372523105548,0.6666666666666666
trace_00006,trace_00008,arith_002,arith_002,arithmetic,arithmetic,correct,correct,True,True,True,0.3112781244591328,0.5
trace_00006,trace_00009,arith_002,arith_002,arithmetic,arithmetic,correct,correct,True,True,True,0.0,0.0
trace_00006,trace_00010,arith_002,arith_002,arithmetic,arithmetic,correct,incorrect,True,True,False,0.3112781244591328,0.5
trace_00006,trace_00011,arith_002,arith_003,arithmetic,arithmetic,correct,correct,False,True,True,0.0,0.0
trace_00006,trace_00012,arith_002,arith_003,arithmetic,arithmetic,correct,correct,False,True,True,0.0,0.0
trace_00006,trace_00013,arith_002,arith_003,arithmetic,arithmetic,correct,correct,False,True,True,0.1556390622295664,0.25
trace_00006,trace_00014,arith_002,arith_003,arithmetic,arithmetic,correct,correct,False,True,True,0.0,0.0
trace_00006,trace_00015,arith_002,arith_003,arithmetic,arithmetic,correct,correct,False,True,True,0.003702451541836349,0.07142857142857142
trace_00006,trace_00016,arith_002,arith_004,arithmetic,arithmetic,correct,incorrect,False,True,False,0.6979078010016793,0.8
trace_00006,trace_00017,arith_002,arith_004,arithmetic,arithmetic,correct,correct,False,True,True,0.1908745046211096,0.33333333333333337
trace_00006,trace_00018,arith_002,arith_004,arithmetic,arithmetic,correct,incorrect,False,True,False,0.0,0.0
trace_00006,trace_00019,arith_002,arith_004,arithmetic,arithmetic,correct,correct,False,True,True,0.1556390622295664,0.25
trace_00006,trace_00020,arith_002,arith_004,arithmetic,arithmetic,correct,correct,False,True,True,0.3112781244591328,0.5
trace_00006,trace_00021,arith_002,logic_001,arithmetic,symbolic_logic,correct,incorrect,False,False,False,1.0,1.0
trace_00006,trace_00022,arith_002,logic_001,arithmetic,symbolic_logic,correct,correct,False,False,True,1.0,0.9999999999999999
trace_00006,trace_00023,arith_002,logic_001,arithmetic,symbolic_logic,correct,incorrect,False,False,False,1.0,0.9999999999999999
trace_00006,trace_00024,arith_002,logic_001,arithmetic,symbolic_logic,correct,incorrect,False,False,False,1.0,0.9999999999999999
trace_00006,trace_00025,arith_002,logic_001,arithmetic,symbolic_logic,correct,correct,False,False,True,0.6556390622295665,0.75
trace_00006,trace_00026,arith_002,logic_002,arithmetic,symbolic_logic,correct,incorrect,False,False,False,1.0,1.0
trace_00006,trace_00027,arith_002,logic_002,arithmetic,symbolic_logic,correct,incorrect,False,False,False,0.6556390622295665,0.75
trace_00006,trace_00028,arith_002,logic_002,arithmetic,symbolic_logic,correct,correct,False,False,True,1.0,0.9999999999999999
trace_00006,trace_00029,arith_002,logic_002,arithmetic,symbolic_logic,correct,correct,False,False,True,1.0,0.9999999999999999
trace_00006,trace_00030,arith_002,logic_002,arithmetic,symbolic_logic,correct,incorrect,False,False,False,0.6556390622295665,0.75
trace_00006,trace_00031,arith_002,logic_003,arithmetic,symbolic_logic,correct,incorrect,False,False,False,1.0,0.9999999999999999
trace_00006,trace_00032,arith_002,logic_003,arithmetic,symbolic_logic,correct,incorrect,False,False,False,1.0,1.0
trace_00006,trace_00033,arith_002,logic_003,arithmetic,symbolic_logic,correct,incorrect,False,False,False,1.0,1.0
trace_00006,trace_00034,arith_002,logic_003,arithmetic,symbolic_logic,correct,incorrect,False,False,False,1.0,1.0
trace_00006,trace_00035,arith_002,logic_003,arithmetic,symbolic_logic,correct,correct,False,False,True,1.0,0.9999999999999999
trace_00006,trace_00036,arith_002,logic_004,arithmetic,symbolic_logic,correct,correct,False,False,True,0.7295739585136223,0.8333333333333334
trace_00006,trace_00037,arith_002,logic_004,arithmetic,symbolic_logic,correct,correct,False,False,True,0.5954372523105548,0.6666666666666666
trace_00006,trace_00038,arith_002,logic_004,arithmetic,symbolic_logic,correct,correct,False,False,True,1.0,1.0
trace_00006,trace_00039,arith_002,logic_004,arithmetic,symbolic_logic,correct,correct,False,False,True,0.5,0.5
trace_00006,trace_00040,arith_002,logic_004,arithmetic,symbolic_logic,correct,incorrect,False,False,False,0.5,0.5
trace_00006,trace_00041,arith_002,temporal_001,arithmetic,temporal_ordering,correct,incorrect,False,False,False,0.6284905946211771,0.7142857142857144
trace_00006,trace_00042,arith_002,temporal_001,arithmetic,temporal_ordering,correct,incorrect,False,False,False,0.5,0.5
trace_00006,trace_00043,arith_002,temporal_001,arithmetic,temporal_ordering,correct,correct,False,False,True,0.6556390622295665,0.75
trace_00006,trace_00044,arith_002,temporal_001,arithmetic,temporal_ordering,correct,incorrect,False,False,False,0.3112781244591328,0.5
trace_00006,trace_00045,arith_002,temporal_001,arithmetic,temporal_ordering,correct,incorrect,False,False,False,0.6284905946211771,0.7142857142857144
trace_00006,trace_00046,arith_002,temporal_002,arithmetic,temporal_ordering,correct,incorrect,False,False,False,0.7743974703476993,0.875
trace_00006,trace_00047,arith_002,temporal_002,arithmetic,temporal_ordering,correct,correct,False,False,True,0.5,0.5
trace_00006,trace_00048,arith_002,temporal_002,arithmetic,temporal_ordering,correct,correct,False,False,True,0.42528358731335336,0.5
trace_00006,trace_00049,arith_002,temporal_002,arithmetic,temporal_ordering,correct,correct,False,False,True,0.7295739585136224,0.8333333333333334
trace_00006,trace_00050,arith_002,temporal_002,arithmetic,temporal_ordering,correct,correct,False,False,True,0.5,0.5
trace_00006,trace_00051,arith_002,temporal_003,arithmetic,temporal_ordering,correct,correct,False,False,True,0.6979078010016793,0.8
trace_00006,trace_00052,arith_002,temporal_003,arithmetic,temporal_ordering,correct,incorrect,False,False,False,1.0,0.9999999999999999
trace_00006,trace_00053,arith_002,temporal_003,arithmetic,temporal_ordering,correct,incorrect,False,False,False,1.0,1.0
trace_00006,trace_00054,arith_002,temporal_003,arithmetic,temporal_ordering,correct,correct,False,False,True,1.0,1.0
trace_00006,trace_00055,arith_002,temporal_003,arithmetic,temporal_ordering,correct,correct,False,False,True,0.6556390622295665,0.75
trace_00006,trace_00056,arith_002,temporal_004,arithmetic,temporal_ordering,correct,incorrect,False,False,False,1.0,1.0
trace_00006,trace_00057,arith_002,temporal_004,arithmetic,temporal_ordering,correct,incorrect,False,False,False,1.0,1.0
trace_00006,trace_00058,arith_002,temporal_004,arithmetic,temporal_ordering,correct,incorrect,False,False,False,1.0,1.0
trace_00006,trace_00059,arith_002,temporal_004,arithmetic,temporal_ordering,correct,incorrect,False,False,False,1.0,1.0
trace_00006,trace_00060,arith_002,temporal_004,arithmetic,temporal_ordering,correct,incorrect,False,False,False,1.0,1.0
trace_00006,trace_00061,arith_002,causal_001,arithmetic,causal_micro_world,correct,incorrect,False,False,False,0.1908745046211096,0.33333333333333337
trace_00006,trace_00062,arith_002,causal_001,arithmetic,causal_micro_world,correct,correct,False,False,True,0.020720839623908215,0.16666666666666666
trace_00006,trace_00063,arith_002,causal_001,arithmetic,causal_micro_world,correct,uncertain,False,False,False,0.5,0.5
trace_00006,trace_00064,arith_002,causal_001,arithmetic,causal_micro_world,correct,incorrect,False,False,False,0.5,0.5
trace_00006,trace_00065,arith_002,causal_001,arithmetic,causal_micro_world,correct,incorrect,False,False,False,0.3112781244591328,0.5
trace_00006,trace_00066,arith_002,causal_002,arithmetic,causal_micro_world,correct,correct,False,False,True,0.5689626904850149,0.625
trace_00006,trace_00067,arith_002,causal_002,arithmetic,causal_micro_world,correct,incorrect,False,False,False,0.45328338368767396,0.5
trace_00006,trace_00068,arith_002,causal_002,arithmetic,causal_micro_world,correct,correct,False,False,True,0.5,0.5
trace_00006,trace_00069,arith_002,causal_002,arithmetic,causal_micro_world,correct,correct,False,False,True,0.3112781244591328,0.5
trace_00006,trace_00070,arith_002,causal_002,arithmetic,causal_micro_world,correct,correct,False,False,True,1.0,1.0
trace_00006,trace_00071,arith_002,causal_003,arithmetic,causal_micro_world,correct,incorrect,False,False,False,0.6556390622295665,0.75
trace_00006,trace_00072,arith_002,causal_003,arithmetic,causal_micro_world,correct,correct,False,False,True,0.5954372523105549,0.6666666666666666
trace_00006,trace_00073,arith_002,causal_003,arithmetic,causal_micro_world,correct,correct,False,False,True,0.1908745046211096,0.33333333333333337
trace_00006,trace_00074,arith_002,causal_003,arithmetic,causal_micro_world,correct,incorrect,False,False,False,0.3112781244591328,0.5
trace_00006,trace_00075,arith_002,causal_003,arithmetic,causal_micro_world,correct,correct,False,False,True,0.1908745046211096,0.33333333333333337
trace_00006,trace_00076,arith_002,causal_004,arithmetic,causal_micro_world,correct,correct,False,False,True,0.020720839623908215,0.16666666666666666
trace_00006,trace_00077,arith_002,causal_004,arithmetic,causal_micro_world,correct,correct,False,False,True,0.020720839623908215,0.16666666666666666
trace_00006,trace_00078,arith_002,causal_004,arithmetic,causal_micro_world,correct,correct,False,False,True,0.2519235740744792,0.4
trace_00006,trace_00079,arith_002,causal_004,arithmetic,causal_micro_world,correct,correct,False,False,True,0.0,0.0
trace_00006,trace_00080,arith_002,causal_004,arithmetic,causal_micro_world,correct,correct,False,False,True,0.020720839623908215,0.16666666666666666
trace_00006,trace_00081,arith_002,commonsense_001,arithmetic,commonsense_multihop,correct,incorrect,False,False,False,0.5,0.5
trace_00006,trace_00082,arith_002,commonsense_001,arithmetic,commonsense_multihop,correct,correct,False,False,True,0.4300365325772657,0.625
trace_00006,trace_00083,arith_002,commonsense_001,arithmetic,commonsense_multihop,correct,correct,False,False,True,0.5,0.5
trace_00006,trace_00084,arith_002,commonsense_001,arithmetic,commonsense_multihop,correct,incorrect,False,False,False,0.32501121082417717,0.5
trace_00006,trace_00085,arith_002,commonsense_001,arithmetic,commonsense_multihop,correct,incorrect,False,False,False,0.2519235740744792,0.39999999999999997
trace_00006,trace_00086,arith_002,commonsense_002,arithmetic,commonsense_multihop,correct,correct,False,False,True,0.6556390622295665,0.75
trace_00006,trace_00087,arith_002,commonsense_002,arithmetic,commonsense_multihop,correct,correct,False,False,True,0.6556390622295665,0.75
trace_00006,trace_00088,arith_002,commonsense_002,arithmetic,commonsense_multihop,correct,correct,False,False,True,0.6556390622295665,0.75
trace_00006,trace_00089,arith_002,commonsense_002,arithmetic,commonsense_multihop,correct,incorrect,False,False,False,0.6556390622295665,0.75
trace_00006,trace_00090,arith_002,commonsense_002,arithmetic,commonsense_multihop,correct,correct,False,False,True,0.3958156020033583,0.6
trace_00006,trace_00091,arith_002,commonsense_003,arithmetic,commonsense_multihop,correct,incorrect,False,False,False,0.5,0.5
trace_00006,trace_00092,arith_002,commonsense_003,arithmetic,commonsense_multihop,correct,correct,False,False,True,0.5954372523105548,0.6666666666666666
trace_00006,trace_00093,arith_002,commonsense_003,arithmetic,commonsense_multihop,correct,incorrect,False,False,False,0.5954372523105548,0.6666666666666666
trace_00006,trace_00094,arith_002,commonsense_003,arithmetic,commonsense_multihop,correct,incorrect,False,False,False,0.3931558784658321,0.5
trace_00006,trace_00095,arith_002,commonsense_003,arithmetic,commonsense_multihop,correct,incorrect,False,False,False,0.5954372523105548,0.6666666666666666
trace_00006,trace_00096,arith_002,commonsense_004,arithmetic,commonsense_multihop,correct,incorrect,False,False,False,0.3112781244591328,0.5
trace_00006,trace_00097,arith_002,commonsense_004,arithmetic,commonsense_multihop,correct,incorrect,False,False,False,0.5954372523105548,0.6666666666666666
trace_00006,trace_00098,arith_002,commonsense_004,arithmetic,commonsense_multihop,correct,incorrect,False,False,False,1.0,1.0
trace_00006,trace_00099,arith_002,commonsense_004,arithmetic,commonsense_multihop,correct,incorrect,False,False,False,0.5087256743873156,0.7142857142857143
trace_00006,trace_00100,arith_002,commonsense_004,arithmetic,commonsense_multihop,correct,incorrect,False,False,False,0.3112781244591328,0.5
trace_00007,trace_00008,arith_002,arith_002,arithmetic,arithmetic,incorrect,correct,True,True,False,0.3080790459672315,0.41666666666666663
trace_00007,trace_00009,arith_002,arith_002,arithmetic,arithmetic,incorrect,correct,True,True,False,0.5954372523105548,0.6666666666666666
trace_00007,trace_00010,arith_002,arith_002,arithmetic,arithmetic,incorrect,incorrect,True,True,True,0.4591479170272448,0.6666666666666667
trace_00007,trace_00011,arith_002,arith_003,arithmetic,arithmetic,incorrect,correct,False,True,False,0.5954372523105548,0.6666666666666666
trace_00007,trace_00012,arith_002,arith_003,arithmetic,arithmetic,incorrect,correct,False,True,False,0.5954372523105548,0.6666666666666666
trace_00007,trace_00013,arith_002,arith_003,arithmetic,arithmetic,incorrect,correct,False,True,False,0.42528358731335336,0.4999999999999999
trace_00007,trace_00014,arith_002,arith_003,arithmetic,arithmetic,incorrect,correct,False,True,False,0.5954372523105548,0.6666666666666666
trace_00007,trace_00015,arith_002,arith_003,arithmetic,arithmetic,incorrect,correct,False,True,False,0.6233526063662866,0.6666666666666665
trace_00007,trace_00016,arith_002,arith_004,arithmetic,arithmetic,incorrect,incorrect,False,True,True,0.05216841772705745,0.2666666666666666
trace_00007,trace_00017,arith_002,arith_004,arithmetic,arithmetic,incorrect,correct,False,True,False,0.3333333333333333,0.3333333333333333
trace_00007,trace_00018,arith_002,arith_004,arithmetic,arithmetic,incorrect,incorrect,False,True,True,0.5954372523105548,0.6666666666666666
trace_00007,trace_00019,arith_002,arith_004,arithmetic,arithmetic,incorrect,correct,False,True,False,0.30807904596723146,0.41666666666666663
trace_00007,trace_00020,arith_002,arith_004,arithmetic,arithmetic,incorrect,correct,False,True,False,0.4591479170272448,0.6666666666666667
trace_00007,trace_00021,arith_002,logic_001,arithmetic,symbolic_logic,incorrect,incorrect,False,False,True,0.5954372523105549,0.6666666666666666
trace_00007,trace_00022,arith_002,logic_001,arithmetic,symbolic_logic,incorrect,correct,False,False,False,0.3333333333333333,0.3333333333333333
trace_00007,trace_00023,arith_002,logic_001,arithmetic,symbolic_logic,incorrect,incorrect,False,False,True,0.5408520829727551,0.6666666666666666
trace_00007,trace_00024,arith_002,logic_001,arithmetic,symbolic_logic,incorrect,incorrect,False,False,True,0.3333333333333333,0.3333333333333333
trace_00007,trace_00025,arith_002,logic_001,arithmetic,symbolic_logic,incorrect,correct,False,False,False,0.42528358731335336,0.5
trace_00007,trace_00026,arith_002,logic_002,arithmetic,symbolic_logic,incorrect,incorrect,False,False,True,0.42528358731335336,0.5
trace_00007,trace_00027,arith_002,logic_002,arithmetic,symbolic_logic,incorrect,incorrect,False,False,True,0.13792538097003013,0.24999999999999997
trace_00007,trace_00028,arith_002,logic_002,arithmetic,symbolic_logic,incorrect,correct,False,False,False,0.3333333333333333,0.3333333333333333
trace_00007,trace_00029,arith_002,logic_002,arithmetic,symbolic_logic,incorrect,correct,False,False,False,0.3333333333333333,0.3333333333333333
trace_00007,trace_00030,arith_002,logic_002,arithmetic,symbolic_logic,incorrect,incorrect,False,False,True,0.13792538097003013,0.24999999999999997
trace_00007,trace_00031,arith_002,logic_003,arithmetic,symbolic_logic,incorrect,incorrect,False,False,True,0.5408520829727551,0.6666666666666666
trace_00007,trace_00032,arith_002,logic_003,arithmetic,symbolic_logic,incorrect,incorrect,False,False,True,0.6666666666666666,0.6666666666666666
trace_00007,trace_00033,arith_002,logic_003,arithmetic,symbolic_logic,incorrect,incorrect,False,False,True,0.42528358731335336,0.5
trace_00007,trace_00034,arith_002,logic_003,arithmetic,symbolic_logic,incorrect,incorrect,False,False,True,0.5954372523105549,0.6666666666666666
trace_00007,trace_00035,arith_002,logic_003,arithmetic,symbolic_logic,incorrect,correct,False,False,False,0.3333333333333333,0.3333333333333333
trace_00007,trace_00036,arith_002,logic_004,arithmetic,symbolic_logic,incorrect,correct,False,False,False,0.3333333333333333,0.3333333333333333
trace_00007,trace_00037,arith_002,logic_004,arithmetic,symbolic_logic,incorrect,correct,False,False,False,0.0,0.0
trace_00007,trace_00038,arith_002,logic_004,arithmetic,symbolic_logic,incorrect,correct,False,False,False,0.1908745046211096,0.33333333333333337
trace_00007,trace_00039,arith_002,logic_004,arithmetic,symbolic_logic,incorrect,correct,False,False,False,0.1908745046211096,0.33333333333333337
trace_00007,trace_00040,arith_002,logic_004,arithmetic,symbolic_logic,incorrect,incorrect,False,False,True,0.1908745046211096,0.33333333333333337
trace_00007,trace_00041,arith_002,temporal_001,arithmetic,temporal_ordering,incorrect,incorrect,False,False,True,0.0069498979327612745,0.09523809523809523
trace_00007,trace_00042,arith_002,temporal_001,arithmetic,temporal_ordering,incorrect,incorrect,False,False,True,0.1908745046211096,0.33333333333333337
trace_00007,trace_00043,arith_002,temporal_001,arithmetic,temporal_ordering,incorrect,correct,False,False,False,0.3080790459672315,0.41666666666666663
trace_00007,trace_00044,arith_002,temporal_001,arithmetic,temporal_ordering,incorrect,incorrect,False,False,True,0.3080790459672315,0.41666666666666663
trace_00007,trace_00045,arith_002,temporal_001,arithmetic,temporal_ordering,incorrect,incorrect,False,False,True,0.0069498979327612745,0.09523809523809523
trace_00007,trace_00046,arith_002,temporal_002,arithmetic,temporal_ordering,incorrect,incorrect,False,False,True,0.3593596418176151,0.41666666666666663
trace_00007,trace_00047,arith_002,temporal_002,arithmetic,temporal_ordering,incorrect,correct,False,False,False,0.5954372523105549,0.6666666666666666
trace_00007,trace_00048,arith_002,temporal_002,arithmetic,temporal_ordering,incorrect,correct,False,False,False,0.6666666666666666,0.6666666666666666
trace_00007,trace_00049,arith_002,temporal_002,arithmetic,temporal_ordering,incorrect,correct,False,False,False,0.26210391897722146,0.33333333333333337
trace_00007,trace_00050,arith_002,temporal_002,arithmetic,temporal_ordering,incorrect,correct,False,False,False,0.5954372523105549,0.6666666666666666
trace_00007,trace_00051,arith_002,temporal_003,arithmetic,temporal_ordering,incorrect,correct,False,False,False,0.016528777470241153,0.13333333333333336
trace_00007,trace_00052,arith_002,temporal_003,arithmetic,temporal_ordering,incorrect,incorrect,False,False,True,0.20751874963942185,0.3333333333333333
trace_00007,trace_00053,arith_002,temporal_003,arithmetic,temporal_ordering,incorrect,incorrect,False,False,True,0.20751874963942185,0.3333333333333333
trace_00007,trace_00054,arith_002,temporal_003,arithmetic,temporal_ordering,incorrect,correct,False,False,False,0.4591479170272448,0.6666666666666666
trace_00007,trace_00055,arith_002,temporal_003,arithmetic,temporal_ordering,incorrect,correct,False,False,False,0.3080790459672315,0.41666666666666663
trace_00007,trace_00056,arith_002,temporal_004,arithmetic,temporal_ordering,incorrect,incorrect,False,False,True,0.1908745046211096,0.33333333333333337
trace_00007,trace_00057,arith_002,temporal_004,arithmetic,temporal_ordering,incorrect,incorrect,False,False,True,0.1908745046211096,0.33333333333333337
trace_00007,trace_00058,arith_002,temporal_004,arithmetic,temporal_ordering,incorrect,incorrect,False,False,True,0.1908745046211096,0.33333333333333337
trace_00007,trace_00059,arith_002,temporal_004,arithmetic,temporal_ordering,incorrect,incorrect,False,False,True,0.1908745046211096,0.33333333333333337
trace_00007,trace_00060,arith_002,temporal_004,arithmetic,temporal_ordering,incorrect,incorrect,False,False,True,0.1908745046211096,0.33333333333333337
trace_00007,trace_00061,arith_002,causal_001,arithmetic,causal_micro_world,incorrect,incorrect,False,False,True,0.3333333333333333,0.3333333333333333
trace_00007,trace_00062,arith_002,causal_001,arithmetic,causal_micro_world,incorrect,correct,False,False,False,0.6666666666666666,0.6666666666666666
trace_00007,trace_00063,arith_002,causal_001,arithmetic,causal_micro_world,incorrect,uncertain,False,False,False,0.43709270815304424,0.5
trace_00007,trace_00064,arith_002,causal_001,arithmetic,causal_micro_world,incorrect,incorrect,False,False,True,0.5954372523105549,0.6666666666666666
trace_00007,trace_00065,arith_002,causal_001,arithmetic,causal_micro_world,incorrect,incorrect,False,False,True,1.0,0.9999999999999999
trace_00007,trace_00066,arith_002,causal_002,arithmetic,causal_micro_world,incorrect,correct,False,False,False,0.45299159185163,0.5416666666666666
trace_00007,trace_00067,arith_002,causal_002,arithmetic,causal_micro_world,incorrect,incorrect,False,False,True,0.6355222557917826,0.6666666666666666
trace_00007,trace_00068,arith_002,causal_002,arithmetic,causal_micro_world,incorrect,correct,False,False,False,0.42528358731335336,0.4999999999999999
trace_00007,trace_00069,arith_002,causal_002,arithmetic,causal_micro_world,incorrect,correct,False,False,False,0.3080790459672315,0.41666666666666663
trace_00007,trace_00070,arith_002,causal_002,arithmetic,causal_micro_world,incorrect,correct,False,False,False,0.1908745046211096,0.33333333333333337
trace_00007,trace_00071,arith_002,causal_003,arithmetic,causal_micro_world,incorrect,incorrect,False,False,True,0.7126417936566767,0.7499999999999999
trace_00007,trace_00072,arith_002,causal_003,arithmetic,causal_micro_world,incorrect,correct,False,False,False,0.6666666666666666,0.6666666666666666
trace_00007,trace_00073,arith_002,causal_003,arithmetic,causal_micro_world,incorrect,correct,False,False,False,0.6666666666666666,0.6666666666666666
trace_00007,trace_00074,arith_002,causal_003,arithmetic,causal_micro_world,incorrect,incorrect,False,False,True,0.42528358731335336,0.5
trace_00007,trace_00075,arith_002,causal_003,arithmetic,causal_micro_world,incorrect,correct,False,False,False,0.6666666666666666,0.6666666666666666
trace_00007,trace_00076,arith_002,causal_004,arithmetic,causal_micro_world,incorrect,correct,False,False,False,0.6666666666666666,0.6666666666666666
trace_00007,trace_00077,arith_002,causal_004,arithmetic,causal_micro_world,incorrect,correct,False,False,False,0.6666666666666666,0.6666666666666666
trace_00007,trace_00078,arith_002,causal_004,arithmetic,causal_micro_world,incorrect,correct,False,False,False,0.236452797660028,0.39999999999999997
trace_00007,trace_00079,arith_002,causal_004,arithmetic,causal_micro_world,incorrect,correct,False,False,False,0.5954372523105548,0.6666666666666666
trace_00007,trace_00080,arith_002,causal_004,arithmetic,causal_micro_world,incorrect,correct,False,False,False,0.6666666666666666,0.6666666666666666
trace_00007,trace_00081,arith_002,commonsense_001,arithmetic,commonsense_multihop,incorrect,incorrect,False,False,True,0.30807904596723146,0.41666666666666663
trace_00007,trace_00082,arith_002,commonsense_001,arithmetic,commonsense_multihop,incorrect,correct,False,False,False,0.0720014354742918,0.16666666666666666
trace_00007,trace_00083,arith_002,commonsense_001,arithmetic,commonsense_multihop,incorrect,correct,False,False,False,0.032529960463599066,0.16666666666666669
trace_00007,trace_00084,arith_002,commonsense_001,arithmetic,commonsense_multihop,incorrect,incorrect,False,False,True,0.3333333333333333,0.3333333333333333
trace_00007,trace_00085,arith_002,commonsense_001,arithmetic,commonsense_multihop,incorrect,incorrect,False,False,True,0.1264907875651346,0.26666666666666666
trace_00007,trace_00086,arith_002,commonsense_002,arithmetic,commonsense_multihop,incorrect,correct,False,False,False,0.020720839623908215,0.16666666666666666
trace_00007,trace_00087,arith_002,commonsense_002,arithmetic,commonsense_multihop,incorrect,correct,False,False,False,0.020720839623908215,0.16666666666666666
trace_00007,trace_00088,arith_002,commonsense_002,arithmetic,commonsense_multihop,incorrect,correct,False,False,False,0.13792538097003013,0.24999999999999997
trace_00007,trace_00089,arith_002,commonsense_002,arithmetic,commonsense_multihop,incorrect,incorrect,False,False,True,0.3080790459672315,0.41666666666666663
trace_00007,trace_00090,arith_002,commonsense_002,arithmetic,commonsense_multihop,incorrect,correct,False,False,False,0.236452797660028,0.39999999999999997
trace_00007,trace_00091,arith_002,commonsense_003,arithmetic,commonsense_multihop,incorrect,incorrect,False,False,True,0.1908745046211096,0.33333333333333337
trace_00007,trace_00092,arith_002,commonsense_003,arithmetic,commonsense_multihop,incorrect,correct,False,False,False,0.0,0.0
trace_00007,trace_00093,arith_002,commonsense_003,arithmetic,commonsense_multihop,incorrect,incorrect,False,False,True,0.3333333333333333,0.3333333333333333
trace_00007,trace_00094,arith_002,commonsense_003,arithmetic,commonsense_multihop,incorrect,incorrect,False,False,True,0.23029215520445234,0.41666666666666663
trace_00007,trace_00095,arith_002,commonsense_003,arithmetic,commonsense_multihop,incorrect,incorrect,False,False,True,0.0,0.0
trace_00007,trace_00096,arith_002,commonsense_004,arithmetic,commonsense_multihop,incorrect,incorrect,False,False,True,0.3080790459672315,0.41666666666666663
trace_00007,trace_00097,arith_002,commonsense_004,arithmetic,commonsense_multihop,incorrect,incorrect,False,False,True,0.20751874963942185,0.3333333333333333
trace_00007,trace_00098,arith_002,commonsense_004,arithmetic,commonsense_multihop,incorrect,incorrect,False,False,True,0.1908745046211096,0.33333333333333337
trace_00007,trace_00099,arith_002,commonsense_004,arithmetic,commonsense_multihop,incorrect,incorrect,False,False,True,0.360654826555287,0.5238095238095237
trace_00007,trace_00100,arith_002,commonsense_004,arithmetic,commonsense_multihop,incorrect,incorrect,False,False,True,0.3080790459672315,0.41666666666666663
trace_00008,trace_00009,arith_002,arith_002,arithmetic,arithmetic,correct,correct,True,True,True,0.3112781244591328,0.5
trace_00008,trace_00010,arith_002,arith_002,arithmetic,arithmetic,correct,incorrect,True,True,False,0.5487949406953987,0.75
trace_00008,trace_00011,arith_002,arith_003,arithmetic,arithmetic,correct,correct,False,True,True,0.3112781244591328,0.5
trace_00008,trace_00012,arith_002,arith_003,arithmetic,arithmetic,correct,correct,False,True,True,0.3112781244591328,0.5
trace_00008,trace_00013,arith_002,arith_003,arithmetic,arithmetic,correct,correct,False,True,True,0.40563906222956636,0.5
trace_00008,trace_00014,arith_002,arith_003,arithmetic,arithmetic,correct,correct,False,True,True,0.3112781244591328,0.5
trace_00008,trace_00015,arith_002,arith_003,arithmetic,arithmetic,correct,correct,False,True,True,0.31374948522715906,0.5
trace_00008,trace_00016,arith_002,arith_004,arithmetic,arithmetic,correct,incorrect,False,True,False,0.47491568753807917,0.6
trace_00008,trace_00017,arith_002,arith_004,arithmetic,arithmetic,correct,correct,False,True,True,0.42528358731335336,0.5
trace_00008,trace_00018,arith_002,arith_004,arithmetic,arithmetic,correct,incorrect,False,True,False,0.3112781244591328,0.5
trace_00008,trace_00019,arith_002,arith_004,arithmetic,arithmetic,correct,correct,False,True,True,0.40563906222956636,0.5
trace_00008,trace_00020,arith_002,arith_004,arithmetic,arithmetic,correct,correct,False,True,True,0.5487949406953987,0.75
trace_00008,trace_00021,arith_002,logic_001,arithmetic,symbolic_logic,correct,incorrect,False,False,False,0.5,0.5
trace_00008,trace_00022,arith_002,logic_001,arithmetic,symbolic_logic,correct,correct,False,False,True,0.5954372523105549,0.6666666666666666
trace_00008,trace_00023,arith_002,logic_001,arithmetic,symbolic_logic,correct,incorrect,False,False,False,0.42528358731335336,0.5
trace_00008,trace_00024,arith_002,logic_001,arithmetic,symbolic_logic,correct,incorrect,False,False,False,0.5954372523105549,0.6666666666666666
trace_00008,trace_00025,arith_002,logic_001,arithmetic,symbolic_logic,correct,correct,False,False,True,0.40563906222956636,0.5
trace_00008,trace_00026,arith_002,logic_002,arithmetic,symbolic_logic,correct,incorrect,False,False,False,0.6556390622295665,0.75
trace_00008,trace_00027,arith_002,logic_002,arithmetic,symbolic_logic,correct,incorrect,False,False,False,0.40563906222956636,0.5
trace_00008,trace_00028,arith_002,logic_002,arithmetic,symbolic_logic,correct,correct,False,False,True,0.5954372523105549,0.6666666666666666
trace_00008,trace_00029,arith_002,logic_002,arithmetic,symbolic_logic,correct,correct,False,False,True,0.5954372523105549,0.6666666666666666
trace_00008,trace_00030,arith_002,logic_002,arithmetic,symbolic_logic,correct,incorrect,False,False,False,0.40563906222956636,0.5
trace_00008,trace_00031,arith_002,logic_003,arithmetic,symbolic_logic,correct,incorrect,False,False,False,0.42528358731335336,0.5
trace_00008,trace_00032,arith_002,logic_003,arithmetic,symbolic_logic,correct,incorrect,False,False,False,0.5954372523105548,0.6666666666666666
trace_00008,trace_00033,arith_002,logic_003,arithmetic,symbolic_logic,correct,incorrect,False,False,False,0.6556390622295665,0.75
trace_00008,trace_00034,arith_002,logic_003,arithmetic,symbolic_logic,correct,incorrect,False,False,False,0.5,0.5
trace_00008,trace_00035,arith_002,logic_003,arithmetic,symbolic_logic,correct,correct,False,False,True,0.5954372523105549,0.6666666666666666
trace_00008,trace_00036,arith_002,logic_004,arithmetic,symbolic_logic,correct,correct,False,False,True,0.39315587846583216,0.49999999999999994
trace_00008,trace_00037,arith_002,logic_004,arithmetic,symbolic_logic,correct,correct,False,False,True,0.3080790459672315,0.41666666666666663
trace_00008,trace_00038,arith_002,logic_004,arithmetic,symbolic_logic,correct,correct,False,False,True,0.5,0.5
trace_00008,trace_00039,arith_002,logic_004,arithmetic,symbolic_logic,correct,correct,False,False,True,0.1556390622295664,0.25
trace_00008,trace_00040,arith_002,logic_004,arithmetic,symbolic_logic,correct,incorrect,False,False,False,0.6556390622295665,0.75
trace_00008,trace_00041,arith_002,temporal_001,arithmetic,temporal_ordering,correct,incorrect,False,False,False,0.3614928360546673,0.4642857142857143
trace_00008,trace_00042,arith_002,temporal_001,arithmetic,temporal_ordering,correct,incorrect,False,False,False,0.1556390622295664,0.25
trace_00008,trace_00043,arith_002,temporal_001,arithmetic,temporal_ordering,correct,correct,False,False,True,0.40563906222956636,0.5
trace_00008,trace_00044,arith_002,temporal_001,arithmetic,temporal_ordering,correct,incorrect,False,False,False,0.5,0.5
trace_00008,trace_00045,arith_002,temporal_001,arithmetic,temporal_ordering,correct,incorrect,False,False,False,0.3614928360546673,0.4642857142857143
trace_00008,trace_00046,arith_002,temporal_002,arithmetic,temporal_ordering,correct,incorrect,False,False,False,0.4834585933443496,0.625
trace_00008,trace_00047,arith_002,temporal_002,arithmetic,temporal_ordering,correct,correct,False,False,True,0.6556390622295665,0.75
trace_00008,trace_00048,arith_002,temporal_002,arithmetic,temporal_ordering,correct,correct,False,False,True,0.20798473969193812,0.41666666666666663
trace_00008,trace_00049,arith_002,temporal_002,arithmetic,temporal_ordering,correct,correct,False,False,True,0.3931558784658322,0.5
trace_00008,trace_00050,arith_002,temporal_002,arithmetic,temporal_ordering,correct,correct,False,False,True,0.1556390622295664,0.25
trace_00008,trace_00051,arith_002,temporal_003,arithmetic,temporal_ordering,correct,correct,False,False,True,0.3310236596092001,0.4
trace_00008,trace_00052,arith_002,temporal_003,arithmetic,temporal_ordering,correct,incorrect,False,False,False,0.5954372523105548,0.6666666666666666
trace_00008,trace_00053,arith_002,temporal_003,arithmetic,temporal_ordering,correct,incorrect,False,False,False,0.42528358731335336,0.49999999999999994
trace_00008,trace_00054,arith_002,temporal_003,arithmetic,temporal_ordering,correct,correct,False,False,True,0.3112781244591328,0.5
trace_00008,trace_00055,arith_002,temporal_003,arithmetic,temporal_ordering,correct,correct,False,False,True,0.75,0.75
trace_00008,trace_00056,arith_002,temporal_004,arithmetic,temporal_ordering,correct,incorrect,False,False,False,0.5,0.5
trace_00008,trace_00057,arith_002,temporal_004,arithmetic,temporal_ordering,correct,incorrect,False,False,False,0.5,0.5
trace_00008,trace_00058,arith_002,temporal_004,arithmetic,temporal_ordering,correct,incorrect,False,False,False,0.5,0.5
trace_00008,trace_00059,arith_002,temporal_004,arithmetic,temporal_ordering,correct,incorrect,False,False,False,0.5,0.5
trace_00008,trace_00060,arith_002,temporal_004,arithmetic,temporal_ordering,correct,incorrect,False,False,False,0.5,0.5
trace_00008,trace_00061,arith_002,causal_001,arithmetic,causal_micro_world,correct,incorrect,False,False,False,0.020720839623908215,0.16666666666666666
trace_00008,trace_00062,arith_002,causal_001,arithmetic,causal_micro_world,correct,correct,False,False,True,0.32518928103806,0.5
trace_00008,trace_00063,arith_002,causal_001,arithmetic,causal_micro_world,correct,uncertain,False,False,False,0.3852130207431888,0.5833333333333333
trace_00008,trace_00064,arith_002,causal_001,arithmetic,causal_micro_world,correct,incorrect,False,False,False,0.1556390622295664,0.25
trace_00008,trace_00065,arith_002,causal_001,arithmetic,causal_micro_world,correct,incorrect,False,False,False,0.5487949406953987,0.75
trace_00008,trace_00066,arith_002,causal_002,arithmetic,causal_micro_world,correct,correct,False,False,True,0.265540629717931,0.375
trace_00008,trace_00067,arith_002,causal_002,arithmetic,causal_micro_world,correct,incorrect,False,False,False,0.6285580545458729,0.75
trace_00008,trace_00068,arith_002,causal_002,arithmetic,causal_micro_world,correct,correct,False,False,True,0.3112781244591328,0.5
trace_00008,trace_00069,arith_002,causal_002,arithmetic,causal_micro_world,correct,correct,False,False,True,0.0,0.0
trace_00008,trace_00070,arith_002,causal_002,arithmetic,causal_micro_world,correct,correct,False,False,True,0.5,0.5
trace_00008,trace_00071,arith_002,causal_003,arithmetic,causal_micro_world,correct,incorrect,False,False,False,0.75,0.75
trace_00008,trace_00072,arith_002,causal_003,arithmetic,causal_micro_world,correct,correct,False,False,True,0.7126417936566767,0.75
trace_00008,trace_00073,arith_002,causal_003,arithmetic,causal_micro_world,correct,correct,False,False,True,0.42528358731335336,0.4999999999999999
trace_00008,trace_00074,arith_002,causal_003,arithmetic,causal_micro_world,correct,incorrect,False,False,False,0.5,0.5
trace_00008,trace_00075,arith_002,causal_003,arithmetic,causal_micro_world,correct,correct,False,False,True,0.42528358731335336,0.4999999999999999
trace_00008,trace_00076,arith_002,causal_004,arithmetic,causal_micro_world,correct,correct,False,False,True,0.32518928103806,0.5
trace_00008,trace_00077,arith_002,causal_004,arithmetic,causal_micro_world,correct,correct,False,False,True,0.32518928103806,0.5
trace_00008,trace_00078,arith_002,causal_004,arithmetic,causal_micro_world,correct,correct,False,False,True,0.16251379100314456,0.35
trace_00008,trace_00079,arith_002,causal_004,arithmetic,causal_micro_world,correct,correct,False,False,True,0.3112781244591328,0.5
trace_00008,trace_00080,arith_002,causal_004,arithmetic,causal_micro_world,correct,correct,False,False,True,0.32518928103806,0.5
trace_00008,trace_00081,arith_002,commonsense_001,arithmetic,commonsense_multihop,correct,incorrect,False,False,False,0.6556390622295665,0.75
trace_00008,trace_00082,arith_002,commonsense_001,arithmetic,commonsense_multihop,correct,correct,False,False,True,0.2334585933443496,0.375
trace_00008,trace_00083,arith_002,commonsense_001,arithmetic,commonsense_multihop,correct,correct,False,False,True,0.2510763145401212,0.41666666666666663
trace_00008,trace_00084,arith_002,commonsense_001,arithmetic,commonsense_multihop,correct,incorrect,False,False,False,0.510360419811954,0.5833333333333333
trace_00008,trace_00085,arith_002,commonsense_001,arithmetic,commonsense_multihop,correct,incorrect,False,False,False,0.16251379100314453,0.35000000000000003
trace_00008,trace_00086,arith_002,commonsense_002,arithmetic,commonsense_multihop,correct,correct,False,False,True,0.25,0.25
trace_00008,trace_00087,arith_002,commonsense_002,arithmetic,commonsense_multihop,correct,correct,False,False,True,0.40563906222956636,0.5
trace_00008,trace_00088,arith_002,commonsense_002,arithmetic,commonsense_multihop,correct,correct,False,False,True,0.40563906222956636,0.5
trace_00008,trace_00089,arith_002,commonsense_002,arithmetic,commonsense_multihop,correct,incorrect,False,False,False,0.40563906222956636,0.5
trace_00008,trace_00090,arith_002,commonsense_002,arithmetic,commonsense_multihop,correct,correct,False,False,True,0.2519235740744792,0.4
trace_00008,trace_00091,arith_002,commonsense_003,arithmetic,commonsense_multihop,correct,incorrect,False,False,False,0.6556390622295665,0.75
trace_00008,trace_00092,arith_002,commonsense_003,arithmetic,commonsense_multihop,correct,correct,False,False,True,0.3080790459672315,0.41666666666666663
trace_00008,trace_00093,arith_002,commonsense_003,arithmetic,commonsense_multihop,correct,incorrect,False,False,False,0.7126417936566767,0.7499999999999999
trace_00008,trace_00094,arith_002,commonsense_003,arithmetic,commonsense_multihop,correct,incorrect,False,False,False,0.5943609377704335,0.75
trace_00008,trace_00095,arith_002,commonsense_003,arithmetic,commonsense_multihop,correct,incorrect,False,False,False,0.3080790459672315,0.41666666666666663
trace_00008,trace_00096,arith_002,commonsense_004,arithmetic,commonsense_multihop,correct,incorrect,False,False,False,0.0,0.0
trace_00008,trace_00097,arith_002,commonsense_004,arithmetic,commonsense_multihop,correct,incorrect,False,False,False,0.13792538097003013,0.24999999999999997
trace_00008,trace_00098,arith_002,commonsense_004,arithmetic,commonsense_multihop,correct,incorrect,False,False,False,0.5,0.5
trace_00008,trace_00099,arith_002,commonsense_004,arithmetic,commonsense_multihop,correct,incorrect,False,False,False,0.09449507748815748,0.21428571428571427
trace_00008,trace_00100,arith_002,commonsense_004,arithmetic,commonsense_multihop,correct,incorrect,False,False,False,0.0,0.0
trace_00009,trace_00010,arith_002,arith_002,arithmetic,arithmetic,correct,incorrect,True,True,False,0.3112781244591328,0.5
trace_00009,trace_00011,arith_002,arith_003,arithmetic,arithmetic,correct,correct,False,True,True,0.0,0.0
trace_00009,trace_00012,arith_002,arith_003,arithmetic,arithmetic,correct,correct,False,True,True,0.0,0.0
trace_00009,trace_00013,arith_002,arith_003,arithmetic,arithmetic,correct,correct,False,True,True,0.1556390622295664,0.25
trace_00009,trace_00014,arith_002,arith_003,arithmetic,arithmetic,correct,correct,False,True,True,0.0,0.0
trace_00009,trace_00015,arith_002,arith_003,arithmetic,arithmetic,correct,correct,False,True,True,0.003702451541836349,0.07142857142857142
trace_00009,trace_00016,arith_002,arith_004,arithmetic,arithmetic,correct,incorrect,False,True,False,0.6979078010016793,0.8
trace_00009,trace_00017,arith_002,arith_004,arithmetic,arithmetic,correct,correct,False,True,True,0.1908745046211096,0.33333333333333337
trace_00009,trace_00018,arith_002,arith_004,arithmetic,arithmetic,correct,incorrect,False,True,False,0.0,0.0
trace_00009,trace_00019,arith_002,arith_004,arithmetic,arithmetic,correct,correct,False,True,True,0.1556390622295664,0.25
trace_00009,trace_00020,arith_002,arith_004,arithmetic,arithmetic,correct,correct,False,True,True,0.3112781244591328,0.5
trace_00009,trace_00021,arith_002,logic_001,arithmetic,symbolic_logic,correct,incorrect,False,False,False,1.0,1.0
trace_00009,trace_00022,arith_002,logic_001,arithmetic,symbolic_logic,correct,correct,False,False,True,1.0,0.9999999999999999
trace_00009,trace_00023,arith_002,logic_001,arithmetic,symbolic_logic,correct,incorrect,False,False,False,1.0,0.9999999999999999
trace_00009,trace_00024,arith_002,logic_001,arithmetic,symbolic_logic,correct,incorrect,False,False,False,1.0,0.9999999999999999
trace_00009,trace_00025,arith_002,logic_001,arithmetic,symbolic_logic,correct,correct,False,False,True,0.6556390622295665,0.75
trace_00009,trace_00026,arith_002,logic_002,arithmetic,symbolic_logic,correct,incorrect,False,False,False,1.0,1.0
trace_00009,trace_00027,arith_002,logic_002,arithmetic,symbolic_logic,correct,incorrect,False,False,False,0.6556390622295665,0.75
trace_00009,trace_00028,arith_002,logic_002,arithmetic,symbolic_logic,correct,correct,False,False,True,1.0,0.9999999999999999
trace_00009,trace_00029,arith_002,logic_002,arithmetic,symbolic_logic,correct,correct,False,False,True,1.0,0.9999999999999999
trace_00009,trace_00030,arith_002,logic_002,arithmetic,symbolic_logic,correct,incorrect,False,False,False,0.6556390622295665,0.75
trace_00009,trace_00031,arith_002,logic_003,arithmetic,symbolic_logic,correct,incorrect,False,False,False,1.0,0.9999999999999999
trace_00009,trace_00032,arith_002,logic_003,arithmetic,symbolic_logic,correct,incorrect,False,False,False,1.0,1.0
trace_00009,trace_00033,arith_002,logic_003,arithmetic,symbolic_logic,correct,incorrect,False,False,False,1.0,1.0
trace_00009,trace_00034,arith_002,logic_003,arithmetic,symbolic_logic,correct,incorrect,False,False,False,1.0,1.0
trace_00009,trace_00035,arith_002,logic_003,arithmetic,symbolic_logic,correct,correct,False,False,True,1.0,0.9999999999999999
trace_00009,trace_00036,arith_002,logic_004,arithmetic,symbolic_logic,correct,correct,False,False,True,0.7295739585136223,0.8333333333333334
trace_00009,trace_00037,arith_002,logic_004,arithmetic,symbolic_logic,correct,correct,False,False,True,0.5954372523105548,0.6666666666666666
trace_00009,trace_00038,arith_002,logic_004,arithmetic,symbolic_logic,correct,correct,False,False,True,1.0,1.0
trace_00009,trace_00039,arith_002,logic_004,arithmetic,symbolic_logic,correct,correct,False,False,True,0.5,0.5
trace_00009,trace_00040,arith_002,logic_004,arithmetic,symbolic_logic,correct,incorrect,False,False,False,0.5,0.5
trace_00009,trace_00041,arith_002,temporal_001,arithmetic,temporal_ordering,correct,incorrect,False,False,False,0.6284905946211771,0.7142857142857144
trace_00009,trace_00042,arith_002,temporal_001,arithmetic,temporal_ordering,correct,incorrect,False,False,False,0.5,0.5
trace_00009,trace_00043,arith_002,temporal_001,arithmetic,temporal_ordering,correct,correct,False,False,True,0.6556390622295665,0.75
trace_00009,trace_00044,arith_002,temporal_001,arithmetic,temporal_ordering,correct,incorrect,False,False,False,0.3112781244591328,0.5
trace_00009,trace_00045,arith_002,temporal_001,arithmetic,temporal_ordering,correct,incorrect,False,False,False,0.6284905946211771,0.7142857142857144
trace_00009,trace_00046,arith_002,temporal_002,arithmetic,temporal_ordering,correct,incorrect,False,False,False,0.7743974703476993,0.875
trace_00009,trace_00047,arith_002,temporal_002,arithmetic,temporal_ordering,correct,correct,False,False,True,0.5,0.5
trace_00009,trace_00048,arith_002,temporal_002,arithmetic,temporal_ordering,correct,correct,False,False,True,0.42528358731335336,0.5
trace_00009,trace_00049,arith_002,temporal_002,arithmetic,temporal_ordering,correct,correct,False,False,True,0.7295739585136224,0.8333333333333334
trace_00009,trace_00050,arith_002,temporal_002,arithmetic,temporal_ordering,correct,correct,False,False,True,0.5,0.5
trace_00009,trace_00051,arith_002,temporal_003,arithmetic,temporal_ordering,correct,correct,False,False,True,0.6979078010016793,0.8
trace_00009,trace_00052,arith_002,temporal_003,arithmetic,temporal_ordering,correct,incorrect,False,False,False,1.0,0.9999999999999999
trace_00009,trace_00053,arith_002,temporal_003,arithmetic,temporal_ordering,correct,incorrect,False,False,False,1.0,1.0
trace_00009,trace_00054,arith_002,temporal_003,arithmetic,temporal_ordering,correct,correct,False,False,True,1.0,1.0
trace_00009,trace_00055,arith_002,temporal_003,arithmetic,temporal_ordering,correct,correct,False,False,True,0.6556390622295665,0.75
trace_00009,trace_00056,arith_002,temporal_004,arithmetic,temporal_ordering,correct,incorrect,False,False,False,1.0,1.0
trace_00009,trace_00057,arith_002,temporal_004,arithmetic,temporal_ordering,correct,incorrect,False,False,False,1.0,1.0
trace_00009,trace_00058,arith_002,temporal_004,arithmetic,temporal_ordering,correct,incorrect,False,False,False,1.0,1.0
trace_00009,trace_00059,arith_002,temporal_004,arithmetic,temporal_ordering,correct,incorrect,False,False,False,1.0,1.0
trace_00009,trace_00060,arith_002,temporal_004,arithmetic,temporal_ordering,correct,incorrect,False,False,False,1.0,1.0
trace_00009,trace_00061,arith_002,causal_001,arithmetic,causal_micro_world,correct,incorrect,False,False,False,0.1908745046211096,0.33333333333333337
trace_00009,trace_00062,arith_002,causal_001,arithmetic,causal_micro_world,correct,correct,False,False,True,0.020720839623908215,0.16666666666666666
trace_00009,trace_00063,arith_002,causal_001,arithmetic,causal_micro_world,correct,uncertain,False,False,False,0.5,0.5
trace_00009,trace_00064,arith_002,causal_001,arithmetic,causal_micro_world,correct,incorrect,False,False,False,0.5,0.5
trace_00009,trace_00065,arith_002,causal_001,arithmetic,causal_micro_world,correct,incorrect,False,False,False,0.3112781244591328,0.5
trace_00009,trace_00066,arith_002,causal_002,arithmetic,causal_micro_world,correct,correct,False,False,True,0.5689626904850149,0.625
trace_00009,trace_00067,arith_002,causal_002,arithmetic,causal_micro_world,correct,incorrect,False,False,False,0.45328338368767396,0.5
trace_00009,trace_00068,arith_002,causal_002,arithmetic,causal_micro_world,correct,correct,False,False,True,0.5,0.5
trace_00009,trace_00069,arith_002,causal_002,arithmetic,causal_micro_world,correct,correct,False,False,True,0.3112781244591328,0.5
trace_00009,trace_00070,arith_002,causal_002,arithmetic,causal_micro_world,correct,correct,False,False,True,1.0,1.0
trace_00009,trace_00071,arith_002,causal_003,arithmetic,causal_micro_world,correct,incorrect,False,False,False,0.6556390622295665,0.75
trace_00009,trace_00072,arith_002,causal_003,arithmetic,causal_micro_world,correct,correct,False,False,True,0.5954372523105549,0.6666666666666666
trace_00009,trace_00073,arith_002,causal_003,arithmetic,causal_micro_world,correct,correct,False,False,True,0.1908745046211096,0.33333333333333337
trace_00009,trace_00074,arith_002,causal_003,arithmetic,causal_micro_world,correct,incorrect,False,False,False,0.3112781244591328,0.5
trace_00009,trace_00075,arith_002,causal_003,arithmetic,causal_micro_world,correct,correct,False,False,True,0.1908745046211096,0.33333333333333337
trace_00009,trace_00076,arith_002,causal_004,arithmetic,causal_micro_world,correct,correct,False,False,True,0.020720839623908215,0.16666666666666666
trace_00009,trace_00077,arith_002,causal_004,arithmetic,causal_micro_world,correct,correct,False,False,True,0.020720839623908215,0.16666666666666666
trace_00009,trace_00078,arith_002,causal_004,arithmetic,causal_micro_world,correct,correct,False,False,True,0.2519235740744792,0.4
trace_00009,trace_00079,arith_002,causal_004,arithmetic,causal_micro_world,correct,correct,False,False,True,0.0,0.0
trace_00009,trace_00080,arith_002,causal_004,arithmetic,causal_micro_world,correct,correct,False,False,True,0.020720839623908215,0.16666666666666666
trace_00009,trace_00081,arith_002,commonsense_001,arithmetic,commonsense_multihop,correct,incorrect,False,False,False,0.5,0.5
trace_00009,trace_00082,arith_002,commonsense_001,arithmetic,commonsense_multihop,correct,correct,False,False,True,0.4300365325772657,0.625
trace_00009,trace_00083,arith_002,commonsense_001,arithmetic,commonsense_multihop,correct,correct,False,False,True,0.5,0.5
trace_00009,trace_00084,arith_002,commonsense_001,arithmetic,commonsense_multihop,correct,incorrect,False,False,False,0.32501121082417717,0.5
trace_00009,trace_00085,arith_002,commonsense_001,arithmetic,commonsense_multihop,correct,incorrect,False,False,False,0.2519235740744792,0.39999999999999997
trace_00009,trace_00086,arith_002,commonsense_002,arithmetic,commonsense_multihop,correct,correct,False,False,True,0.6556390622295665,0.75
trace_00009,trace_00087,arith_002,commonsense_002,arithmetic,commonsense_multihop,correct,correct,False,False,True,0.6556390622295665,0.75
trace_00009,trace_00088,arith_002,commonsense_002,arithmetic,commonsense_multihop,correct,correct,False,False,True,0.6556390622295665,0.75
trace_00009,trace_00089,arith_002,commonsense_002,arithmetic,commonsense_multihop,correct,incorrect,False,False,False,0.6556390622295665,0.75
trace_00009,trace_00090,arith_002,commonsense_002,arithmetic,commonsense_multihop,correct,correct,False,False,True,0.3958156020033583,0.6
trace_00009,trace_00091,arith_002,commonsense_003,arithmetic,commonsense_multihop,correct,incorrect,False,False,False,0.5,0.5
trace_00009,trace_00092,arith_002,commonsense_003,arithmetic,commonsense_multihop,correct,correct,False,False,True,0.5954372523105548,0.6666666666666666
trace_00009,trace_00093,arith_002,commonsense_003,arithmetic,commonsense_multihop,correct,incorrect,False,False,False,0.5954372523105548,0.6666666666666666
trace_00009,trace_00094,arith_002,commonsense_003,arithmetic,commonsense_multihop,correct,incorrect,False,False,False,0.3931558784658321,0.5
trace_00009,trace_00095,arith_002,commonsense_003,arithmetic,commonsense_multihop,correct,incorrect,False,False,False,0.5954372523105548,0.6666666666666666
trace_00009,trace_00096,arith_002,commonsense_004,arithmetic,commonsense_multihop,correct,incorrect,False,False,False,0.3112781244591328,0.5
trace_00009,trace_00097,arith_002,commonsense_004,arithmetic,commonsense_multihop,correct,incorrect,False,False,False,0.5954372523105548,0.6666666666666666
trace_00009,trace_00098,arith_002,commonsense_004,arithmetic,commonsense_multihop,correct,incorrect,False,False,False,1.0,1.0
trace_00009,trace_00099,arith_002,commonsense_004,arithmetic,commonsense_multihop,correct,incorrect,False,False,False,0.5087256743873156,0.7142857142857143
trace_00009,trace_00100,arith_002,commonsense_004,arithmetic,commonsense_multihop,correct,incorrect,False,False,False,0.3112781244591328,0.5
trace_00010,trace_00011,arith_002,arith_003,arithmetic,arithmetic,incorrect,correct,False,True,False,0.3112781244591328,0.5
trace_00010,trace_00012,arith_002,arith_003,arithmetic,arithmetic,incorrect,correct,False,True,False,0.3112781244591328,0.5
trace_00010,trace_00013,arith_002,arith_003,arithmetic,arithmetic,incorrect,correct,False,True,False,0.5487949406953987,0.75
trace_00010,trace_00014,arith_002,arith_003,arithmetic,arithmetic,incorrect,correct,False,True,False,0.3112781244591328,0.5
trace_00010,trace_00015,arith_002,arith_003,arithmetic,arithmetic,incorrect,correct,False,True,False,0.37050650054950524,0.5714285714285714
trace_00010,trace_00016,arith_002,arith_004,arithmetic,arithmetic,incorrect,incorrect,False,True,True,0.6099865470109875,0.8
trace_00010,trace_00017,arith_002,arith_004,arithmetic,arithmetic,incorrect,correct,False,True,False,0.4591479170272448,0.6666666666666667
trace_00010,trace_00018,arith_002,arith_004,arithmetic,arithmetic,incorrect,incorrect,False,True,True,0.3112781244591328,0.5
trace_00010,trace_00019,arith_002,arith_004,arithmetic,arithmetic,incorrect,correct,False,True,False,0.3112781244591328,0.5
trace_00010,trace_00020,arith_002,arith_004,arithmetic,arithmetic,incorrect,correct,False,True,False,0.0,0.0
trace_00010,trace_00021,arith_002,logic_001,arithmetic,symbolic_logic,incorrect,incorrect,False,False,True,1.0,1.0
trace_00010,trace_00022,arith_002,logic_001,arithmetic,symbolic_logic,incorrect,correct,False,False,False,1.0,1.0
trace_00010,trace_00023,arith_002,logic_001,arithmetic,symbolic_logic,incorrect,incorrect,False,False,True,1.0,1.0
trace_00010,trace_00024,arith_002,logic_001,arithmetic,symbolic_logic,incorrect,incorrect,False,False,True,1.0,1.0
trace_00010,trace_00025,arith_002,logic_001,arithmetic,symbolic_logic,incorrect,correct,False,False,False,1.0,1.0
trace_00010,trace_00026,arith_002,logic_002,arithmetic,symbolic_logic,incorrect,incorrect,False,False,True,1.0,1.0
trace_00010,trace_00027,arith_002,logic_002,arithmetic,symbolic_logic,incorrect,incorrect,False,False,True,0.5487949406953987,0.75
trace_00010,trace_00028,arith_002,logic_002,arithmetic,symbolic_logic,incorrect,correct,False,False,False,1.0,1.0
trace_00010,trace_00029,arith_002,logic_002,arithmetic,symbolic_logic,incorrect,correct,False,False,False,1.0,1.0
trace_00010,trace_00030,arith_002,logic_002,arithmetic,symbolic_logic,incorrect,incorrect,False,False,True,0.5487949406953987,0.75
trace_00010,trace_00031,arith_002,logic_003,arithmetic,symbolic_logic,incorrect,incorrect,False,False,True,1.0,1.0
trace_00010,trace_00032,arith_002,logic_003,arithmetic,symbolic_logic,incorrect,incorrect,False,False,True,1.0,1.0
trace_00010,trace_00033,arith_002,logic_003,arithmetic,symbolic_logic,incorrect,incorrect,False,False,True,1.0,1.0
trace_00010,trace_00034,arith_002,logic_003,arithmetic,symbolic_logic,incorrect,incorrect,False,False,True,1.0,1.0
trace_00010,trace_00035,arith_002,logic_003,arithmetic,symbolic_logic,incorrect,correct,False,False,False,1.0,1.0
trace_00010,trace_00036,arith_002,logic_004,arithmetic,symbolic_logic,incorrect,correct,False,False,False,1.0,1.0
trace_00010,trace_00037,arith_002,logic_004,arithmetic,symbolic_logic,incorrect,correct,False,False,False,0.4591479170272448,0.6666666666666667
trace_00010,trace_00038,arith_002,logic_004,arithmetic,symbolic_logic,incorrect,correct,False,False,False,1.0,1.0
trace_00010,trace_00039,arith_002,logic_004,arithmetic,symbolic_logic,incorrect,correct,False,False,False,0.3112781244591328,0.5
trace_00010,trace_00040,arith_002,logic_004,arithmetic,symbolic_logic,incorrect,incorrect,False,False,True,0.3112781244591328,0.5
trace_00010,trace_00041,arith_002,temporal_001,arithmetic,temporal_ordering,incorrect,incorrect,False,False,True,0.5087256743873156,0.7142857142857142
trace_00010,trace_00042,arith_002,temporal_001,arithmetic,temporal_ordering,incorrect,incorrect,False,False,True,0.3112781244591328,0.5
trace_00010,trace_00043,arith_002,temporal_001,arithmetic,temporal_ordering,incorrect,correct,False,False,False,1.0,1.0
trace_00010,trace_00044,arith_002,temporal_001,arithmetic,temporal_ordering,incorrect,incorrect,False,False,True,0.5487949406953987,0.75
trace_00010,trace_00045,arith_002,temporal_001,arithmetic,temporal_ordering,incorrect,incorrect,False,False,True,0.5087256743873156,0.7142857142857142
trace_00010,trace_00046,arith_002,temporal_002,arithmetic,temporal_ordering,incorrect,incorrect,False,False,True,1.0,1.0
trace_00010,trace_00047,arith_002,temporal_002,arithmetic,temporal_ordering,incorrect,correct,False,False,False,1.0,1.0
trace_00010,trace_00048,arith_002,temporal_002,arithmetic,temporal_ordering,incorrect,correct,False,False,False,1.0,1.0
trace_00010,trace_00049,arith_002,temporal_002,arithmetic,temporal_ordering,incorrect,correct,False,False,False,1.0,1.0
trace_00010,trace_00050,arith_002,temporal_002,arithmetic,temporal_ordering,incorrect,correct,False,False,False,1.0,1.0
trace_00010,trace_00051,arith_002,temporal_003,arithmetic,temporal_ordering,incorrect,correct,False,False,False,0.6099865470109875,0.8
trace_00010,trace_00052,arith_002,temporal_003,arithmetic,temporal_ordering,incorrect,incorrect,False,False,True,1.0,1.0
trace_00010,trace_00053,arith_002,temporal_003,arithmetic,temporal_ordering,incorrect,incorrect,False,False,True,1.0,1.0
trace_00010,trace_00054,arith_002,temporal_003,arithmetic,temporal_ordering,incorrect,correct,False,False,False,1.0,1.0
trace_00010,trace_00055,arith_002,temporal_003,arithmetic,temporal_ordering,incorrect,correct,False,False,False,0.5487949406953987,0.75
trace_00010,trace_00056,arith_002,temporal_004,arithmetic,temporal_ordering,incorrect,incorrect,False,False,True,1.0,1.0
trace_00010,trace_00057,arith_002,temporal_004,arithmetic,temporal_ordering,incorrect,incorrect,False,False,True,1.0,1.0
trace_00010,trace_00058,arith_002,temporal_004,arithmetic,temporal_ordering,incorrect,incorrect,False,False,True,1.0,1.0
trace_00010,trace_00059,arith_002,temporal_004,arithmetic,temporal_ordering,incorrect,incorrect,False,False,True,1.0,1.0
trace_00010,trace_00060,arith_002,temporal_004,arithmetic,temporal_ordering,incorrect,incorrect,False,False,True,1.0,1.0
trace_00010,trace_00061,arith_002,causal_001,arithmetic,causal_micro_world,incorrect,incorrect,False,False,True,0.4591479170272448,0.6666666666666667
trace_00010,trace_00062,arith_002,causal_001,arithmetic,causal_micro_world,incorrect,correct,False,False,False,0.4591479170272448,0.6666666666666667
trace_00010,trace_00063,arith_002,causal_001,arithmetic,causal_micro_world,incorrect,uncertain,False,False,False,1.0,1.0
trace_00010,trace_00064,arith_002,causal_001,arithmetic,causal_micro_world,incorrect,incorrect,False,False,True,1.0,1.0
trace_00010,trace_00065,arith_002,causal_001,arithmetic,causal_micro_world,incorrect,incorrect,False,False,True,1.0,1.0
trace_00010,trace_00066,arith_002,causal_002,arithmetic,causal_micro_world,incorrect,correct,False,False,False,1.0,1.0
trace_00010,trace_00067,arith_002,causal_002,arithmetic,causal_micro_world,incorrect,incorrect,False,False,True,1.0,1.0
trace_00010,trace_00068,arith_002,causal_002,arithmetic,causal_micro_world,incorrect,correct,False,False,False,1.0,1.0
trace_00010,trace_00069,arith_002,causal_002,arithmetic,causal_micro_world,incorrect,correct,False,False,False,0.5487949406953987,0.75
trace_00010,trace_00070,arith_002,causal_002,arithmetic,causal_micro_world,incorrect,correct,False,False,False,1.0,1.0
trace_00010,trace_00071,arith_002,causal_003,arithmetic,causal_micro_world,incorrect,incorrect,False,False,True,1.0,1.0
trace_00010,trace_00072,arith_002,causal_003,arithmetic,causal_micro_world,incorrect,correct,False,False,False,1.0,1.0
trace_00010,trace_00073,arith_002,causal_003,arithmetic,causal_micro_world,incorrect,correct,False,False,False,0.4591479170272448,0.6666666666666667
trace_00010,trace_00074,arith_002,causal_003,arithmetic,causal_micro_world,incorrect,incorrect,False,False,True,0.5487949406953987,0.75
trace_00010,trace_00075,arith_002,causal_003,arithmetic,causal_micro_world,incorrect,correct,False,False,False,0.4591479170272448,0.6666666666666667
trace_00010,trace_00076,arith_002,causal_004,arithmetic,causal_micro_world,incorrect,correct,False,False,False,0.4591479170272448,0.6666666666666667
trace_00010,trace_00077,arith_002,causal_004,arithmetic,causal_micro_world,incorrect,correct,False,False,False,0.4591479170272448,0.6666666666666667
trace_00010,trace_00078,arith_002,causal_004,arithmetic,causal_micro_world,incorrect,correct,False,False,False,0.6099865470109875,0.8
trace_00010,trace_00079,arith_002,causal_004,arithmetic,causal_micro_world,incorrect,correct,False,False,False,0.3112781244591328,0.5
trace_00010,trace_00080,arith_002,causal_004,arithmetic,causal_micro_world,incorrect,correct,False,False,False,0.4591479170272448,0.6666666666666667
trace_00010,trace_00081,arith_002,commonsense_001,arithmetic,commonsense_multihop,incorrect,incorrect,False,False,True,0.3112781244591328,0.5
trace_00010,trace_00082,arith_002,commonsense_001,arithmetic,commonsense_multihop,incorrect,correct,False,False,False,0.5487949406953987,0.75
trace_00010,trace_00083,arith_002,commonsense_001,arithmetic,commonsense_multihop,incorrect,correct,False,False,False,0.3112781244591328,0.5
trace_00010,trace_00084,arith_002,commonsense_001,arithmetic,commonsense_multihop,incorrect,incorrect,False,False,True,0.4591479170272448,0.6666666666666667
trace_00010,trace_00085,arith_002,commonsense_001,arithmetic,commonsense_multihop,incorrect,incorrect,False,False,True,0.39581560200335836,0.6000000000000001
trace_00010,trace_00086,arith_002,commonsense_002,arithmetic,commonsense_multihop,incorrect,correct,False,False,False,0.5487949406953987,0.75
trace_00010,trace_00087,arith_002,commonsense_002,arithmetic,commonsense_multihop,incorrect,correct,False,False,False,0.5487949406953987,0.75
trace_00010,trace_00088,arith_002,commonsense_002,arithmetic,commonsense_multihop,incorrect,correct,False,False,False,0.5487949406953987,0.75
trace_00010,trace_00089,arith_002,commonsense_002,arithmetic,commonsense_multihop,incorrect,incorrect,False,False,True,1.0,1.0
trace_00010,trace_00090,arith_002,commonsense_002,arithmetic,commonsense_multihop,incorrect,correct,False,False,False,0.6099865470109875,0.8
trace_00010,trace_00091,arith_002,commonsense_003,arithmetic,commonsense_multihop,incorrect,incorrect,False,False,True,0.3112781244591328,0.5
trace_00010,trace_00092,arith_002,commonsense_003,arithmetic,commonsense_multihop,incorrect,correct,False,False,False,0.4591479170272448,0.6666666666666667
trace_00010,trace_00093,arith_002,commonsense_003,arithmetic,commonsense_multihop,incorrect,incorrect,False,False,True,0.4591479170272448,0.6666666666666667
trace_00010,trace_00094,arith_002,commonsense_003,arithmetic,commonsense_multihop,incorrect,incorrect,False,False,True,0.1379253809700299,0.25
trace_00010,trace_00095,arith_002,commonsense_003,arithmetic,commonsense_multihop,incorrect,incorrect,False,False,True,0.4591479170272448,0.6666666666666667
trace_00010,trace_00096,arith_002,commonsense_004,arithmetic,commonsense_multihop,incorrect,incorrect,False,False,True,0.5487949406953987,0.75
trace_00010,trace_00097,arith_002,commonsense_004,arithmetic,commonsense_multihop,incorrect,incorrect,False,False,True,0.4591479170272448,0.6666666666666667
trace_00010,trace_00098,arith_002,commonsense_004,arithmetic,commonsense_multihop,incorrect,incorrect,False,False,True,1.0,1.0
trace_00010,trace_00099,arith_002,commonsense_004,arithmetic,commonsense_multihop,incorrect,incorrect,False,False,True,0.6893917467430877,0.8571428571428571
trace_00010,trace_00100,arith_002,commonsense_004,arithmetic,commonsense_multihop,incorrect,incorrect,False,False,True,0.5487949406953987,0.75
trace_00011,trace_00012,arith_003,arith_003,arithmetic,arithmetic,correct,correct,True,True,True,0.0,0.0
trace_00011,trace_00013,arith_003,arith_003,arithmetic,arithmetic,correct,correct,True,True,True,0.1556390622295664,0.25
trace_00011,trace_00014,arith_003,arith_003,arithmetic,arithmetic,correct,correct,True,True,True,0.0,0.0
trace_00011,trace_00015,arith_003,arith_003,arithmetic,arithmetic,correct,correct,True,True,True,0.003702451541836349,0.07142857142857142
trace_00011,trace_00016,arith_003,arith_004,arithmetic,arithmetic,correct,incorrect,False,True,False,0.6979078010016793,0.8
trace_00011,trace_00017,arith_003,arith_004,arithmetic,arithmetic,correct,correct,False,True,True,0.1908745046211096,0.33333333333333337
trace_00011,trace_00018,arith_003,arith_004,arithmetic,arithmetic,correct,incorrect,False,True,False,0.0,0.0
trace_00011,trace_00019,arith_003,arith_004,arithmetic,arithmetic,correct,correct,False,True,True,0.1556390622295664,0.25
trace_00011,trace_00020,arith_003,arith_004,arithmetic,arithmetic,correct,correct,False,True,True,0.3112781244591328,0.5
trace_00011,trace_00021,arith_003,logic_001,arithmetic,symbolic_logic,correct,incorrect,False,False,False,1.0,1.0
trace_00011,trace_00022,arith_003,logic_001,arithmetic,symbolic_logic,correct,correct,False,False,True,1.0,0.9999999999999999
trace_00011,trace_00023,arith_003,logic_001,arithmetic,symbolic_logic,correct,incorrect,False,False,False,1.0,0.9999999999999999
trace_00011,trace_00024,arith_003,logic_001,arithmetic,symbolic_logic,correct,incorrect,False,False,False,1.0,0.9999999999999999
trace_00011,trace_00025,arith_003,logic_001,arithmetic,symbolic_logic,correct,correct,False,False,True,0.6556390622295665,0.75
trace_00011,trace_00026,arith_003,logic_002,arithmetic,symbolic_logic,correct,incorrect,False,False,False,1.0,1.0
trace_00011,trace_00027,arith_003,logic_002,arithmetic,symbolic_logic,correct,incorrect,False,False,False,0.6556390622295665,0.75
trace_00011,trace_00028,arith_003,logic_002,arithmetic,symbolic_logic,correct,correct,False,False,True,1.0,0.9999999999999999
trace_00011,trace_00029,arith_003,logic_002,arithmetic,symbolic_logic,correct,correct,False,False,True,1.0,0.9999999999999999
trace_00011,trace_00030,arith_003,logic_002,arithmetic,symbolic_logic,correct,incorrect,False,False,False,0.6556390622295665,0.75
trace_00011,trace_00031,arith_003,logic_003,arithmetic,symbolic_logic,correct,incorrect,False,False,False,1.0,0.9999999999999999
trace_00011,trace_00032,arith_003,logic_003,arithmetic,symbolic_logic,correct,incorrect,False,False,False,1.0,1.0
trace_00011,trace_00033,arith_003,logic_003,arithmetic,symbolic_logic,correct,incorrect,False,False,False,1.0,1.0
trace_00011,trace_00034,arith_003,logic_003,arithmetic,symbolic_logic,correct,incorrect,False,False,False,1.0,1.0
trace_00011,trace_00035,arith_003,logic_003,arithmetic,symbolic_logic,correct,correct,False,False,True,1.0,0.9999999999999999
trace_00011,trace_00036,arith_003,logic_004,arithmetic,symbolic_logic,correct,correct,False,False,True,0.7295739585136223,0.8333333333333334
trace_00011,trace_00037,arith_003,logic_004,arithmetic,symbolic_logic,correct,correct,False,False,True,0.5954372523105548,0.6666666666666666
trace_00011,trace_00038,arith_003,logic_004,arithmetic,symbolic_logic,correct,correct,False,False,True,1.0,1.0
trace_00011,trace_00039,arith_003,logic_004,arithmetic,symbolic_logic,correct,correct,False,False,True,0.5,0.5
trace_00011,trace_00040,arith_003,logic_004,arithmetic,symbolic_logic,correct,incorrect,False,False,False,0.5,0.5
trace_00011,trace_00041,arith_003,temporal_001,arithmetic,temporal_ordering,correct,incorrect,False,False,False,0.6284905946211771,0.7142857142857144
trace_00011,trace_00042,arith_003,temporal_001,arithmetic,temporal_ordering,correct,incorrect,False,False,False,0.5,0.5
trace_00011,trace_00043,arith_003,temporal_001,arithmetic,temporal_ordering,correct,correct,False,False,True,0.6556390622295665,0.75
trace_00011,trace_00044,arith_003,temporal_001,arithmetic,temporal_ordering,correct,incorrect,False,False,False,0.3112781244591328,0.5
trace_00011,trace_00045,arith_003,temporal_001,arithmetic,temporal_ordering,correct,incorrect,False,False,False,0.6284905946211771,0.7142857142857144
trace_00011,trace_00046,arith_003,temporal_002,arithmetic,temporal_ordering,correct,incorrect,False,False,False,0.7743974703476993,0.875
trace_00011,trace_00047,arith_003,temporal_002,arithmetic,temporal_ordering,correct,correct,False,False,True,0.5,0.5
trace_00011,trace_00048,arith_003,temporal_002,arithmetic,temporal_ordering,correct,correct,False,False,True,0.42528358731335336,0.5
trace_00011,trace_00049,arith_003,temporal_002,arithmetic,temporal_ordering,correct,correct,False,False,True,0.7295739585136224,0.8333333333333334
trace_00011,trace_00050,arith_003,temporal_002,arithmetic,temporal_ordering,correct,correct,False,False,True,0.5,0.5
trace_00011,trace_00051,arith_003,temporal_003,arithmetic,temporal_ordering,correct,correct,False,False,True,0.6979078010016793,0.8
trace_00011,trace_00052,arith_003,temporal_003,arithmetic,temporal_ordering,correct,incorrect,False,False,False,1.0,0.9999999999999999
trace_00011,trace_00053,arith_003,temporal_003,arithmetic,temporal_ordering,correct,incorrect,False,False,False,1.0,1.0
trace_00011,trace_00054,arith_003,temporal_003,arithmetic,temporal_ordering,correct,correct,False,False,True,1.0,1.0
trace_00011,trace_00055,arith_003,temporal_003,arithmetic,temporal_ordering,correct,correct,False,False,True,0.6556390622295665,0.75
trace_00011,trace_00056,arith_003,temporal_004,arithmetic,temporal_ordering,correct,incorrect,False,False,False,1.0,1.0
trace_00011,trace_00057,arith_003,temporal_004,arithmetic,temporal_ordering,correct,incorrect,False,False,False,1.0,1.0
trace_00011,trace_00058,arith_003,temporal_004,arithmetic,temporal_ordering,correct,incorrect,False,False,False,1.0,1.0
trace_00011,trace_00059,arith_003,temporal_004,arithmetic,temporal_ordering,correct,incorrect,False,False,False,1.0,1.0
trace_00011,trace_00060,arith_003,temporal_004,arithmetic,temporal_ordering,correct,incorrect,False,False,False,1.0,1.0
trace_00011,trace_00061,arith_003,causal_001,arithmetic,causal_micro_world,correct,incorrect,False,False,False,0.1908745046211096,0.33333333333333337
trace_00011,trace_00062,arith_003,causal_001,arithmetic,causal_micro_world,correct,correct,False,False,True,0.020720839623908215,0.16666666666666666
trace_00011,trace_00063,arith_003,causal_001,arithmetic,causal_micro_world,correct,uncertain,False,False,False,0.5,0.5
trace_00011,trace_00064,arith_003,causal_001,arithmetic,causal_micro_world,correct,incorrect,False,False,False,0.5,0.5
trace_00011,trace_00065,arith_003,causal_001,arithmetic,causal_micro_world,correct,incorrect,False,False,False,0.3112781244591328,0.5
trace_00011,trace_00066,arith_003,causal_002,arithmetic,causal_micro_world,correct,correct,False,False,True,0.5689626904850149,0.625
trace_00011,trace_00067,arith_003,causal_002,arithmetic,causal_micro_world,correct,incorrect,False,False,False,0.45328338368767396,0.5
trace_00011,trace_00068,arith_003,causal_002,arithmetic,causal_micro_world,correct,correct,False,False,True,0.5,0.5
trace_00011,trace_00069,arith_003,causal_002,arithmetic,causal_micro_world,correct,correct,False,False,True,0.3112781244591328,0.5
trace_00011,trace_00070,arith_003,causal_002,arithmetic,causal_micro_world,correct,correct,False,False,True,1.0,1.0
trace_00011,trace_00071,arith_003,causal_003,arithmetic,causal_micro_world,correct,incorrect,False,False,False,0.6556390622295665,0.75
trace_00011,trace_00072,arith_003,causal_003,arithmetic,causal_micro_world,correct,correct,False,False,True,0.5954372523105549,0.6666666666666666
trace_00011,trace_00073,arith_003,causal_003,arithmetic,causal_micro_world,correct,correct,False,False,True,0.1908745046211096,0.33333333333333337
trace_00011,trace_00074,arith_003,causal_003,arithmetic,causal_micro_world,correct,incorrect,False,False,False,0.3112781244591328,0.5
trace_00011,trace_00075,arith_003,causal_003,arithmetic,causal_micro_world,correct,correct,False,False,True,0.1908745046211096,0.33333333333333337
trace_00011,trace_00076,arith_003,causal_004,arithmetic,causal_micro_world,correct,correct,False,False,True,0.020720839623908215,0.16666666666666666
trace_00011,trace_00077,arith_003,causal_004,arithmetic,causal_micro_world,correct,correct,False,False,True,0.020720839623908215,0.16666666666666666
trace_00011,trace_00078,arith_003,causal_004,arithmetic,causal_micro_world,correct,correct,False,False,True,0.2519235740744792,0.4
trace_00011,trace_00079,arith_003,causal_004,arithmetic,causal_micro_world,correct,correct,False,False,True,0.0,0.0
trace_00011,trace_00080,arith_003,causal_004,arithmetic,causal_micro_world,correct,correct,False,False,True,0.020720839623908215,0.16666666666666666
trace_00011,trace_00081,arith_003,commonsense_001,arithmetic,commonsense_multihop,correct,incorrect,False,False,False,0.5,0.5
trace_00011,trace_00082,arith_003,commonsense_001,arithmetic,commonsense_multihop,correct,correct,False,False,True,0.4300365325772657,0.625
trace_00011,trace_00083,arith_003,commonsense_001,arithmetic,commonsense_multihop,correct,correct,False,False,True,0.5,0.5
trace_00011,trace_00084,arith_003,commonsense_001,arithmetic,commonsense_multihop,correct,incorrect,False,False,False,0.32501121082417717,0.5
trace_00011,trace_00085,arith_003,commonsense_001,arithmetic,commonsense_multihop,correct,incorrect,False,False,False,0.2519235740744792,0.39999999999999997
trace_00011,trace_00086,arith_003,commonsense_002,arithmetic,commonsense_multihop,correct,correct,False,False,True,0.6556390622295665,0.75
trace_00011,trace_00087,arith_003,commonsense_002,arithmetic,commonsense_multihop,correct,correct,False,False,True,0.6556390622295665,0.75
trace_00011,trace_00088,arith_003,commonsense_002,arithmetic,commonsense_multihop,correct,correct,False,False,True,0.6556390622295665,0.75
trace_00011,trace_00089,arith_003,commonsense_002,arithmetic,commonsense_multihop,correct,incorrect,False,False,False,0.6556390622295665,0.75
trace_00011,trace_00090,arith_003,commonsense_002,arithmetic,commonsense_multihop,correct,correct,False,False,True,0.3958156020033583,0.6
trace_00011,trace_00091,arith_003,commonsense_003,arithmetic,commonsense_multihop,correct,incorrect,False,False,False,0.5,0.5
trace_00011,trace_00092,arith_003,commonsense_003,arithmetic,commonsense_multihop,correct,correct,False,False,True,0.5954372523105548,0.6666666666666666
trace_00011,trace_00093,arith_003,commonsense_003,arithmetic,commonsense_multihop,correct,incorrect,False,False,False,0.5954372523105548,0.6666666666666666
trace_00011,trace_00094,arith_003,commonsense_003,arithmetic,commonsense_multihop,correct,incorrect,False,False,False,0.3931558784658321,0.5
trace_00011,trace_00095,arith_003,commonsense_003,arithmetic,commonsense_multihop,correct,incorrect,False,False,False,0.5954372523105548,0.6666666666666666
trace_00011,trace_00096,arith_003,commonsense_004,arithmetic,commonsense_multihop,correct,incorrect,False,False,False,0.3112781244591328,0.5
trace_00011,trace_00097,arith_003,commonsense_004,arithmetic,commonsense_multihop,correct,incorrect,False,False,False,0.5954372523105548,0.6666666666666666
trace_00011,trace_00098,arith_003,commonsense_004,arithmetic,commonsense_multihop,correct,incorrect,False,False,False,1.0,1.0
trace_00011,trace_00099,arith_003,commonsense_004,arithmetic,commonsense_multihop,correct,incorrect,False,False,False,0.5087256743873156,0.7142857142857143
trace_00011,trace_00100,arith_003,commonsense_004,arithmetic,commonsense_multihop,correct,incorrect,False,False,False,0.3112781244591328,0.5
trace_00012,trace_00013,arith_003,arith_003,arithmetic,arithmetic,correct,correct,True,True,True,0.1556390622295664,0.25
trace_00012,trace_00014,arith_003,arith_003,arithmetic,arithmetic,correct,correct,True,True,True,0.0,0.0
trace_00012,trace_00015,arith_003,arith_003,arithmetic,arithmetic,correct,correct,True,True,True,0.003702451541836349,0.07142857142857142
trace_00012,trace_00016,arith_003,arith_004,arithmetic,arithmetic,correct,incorrect,False,True,False,0.6979078010016793,0.8
trace_00012,trace_00017,arith_003,arith_004,arithmetic,arithmetic,correct,correct,False,True,True,0.1908745046211096,0.33333333333333337
trace_00012,trace_00018,arith_003,arith_004,arithmetic,arithmetic,correct,incorrect,False,True,False,0.0,0.0
trace_00012,trace_00019,arith_003,arith_004,arithmetic,arithmetic,correct,correct,False,True,True,0.1556390622295664,0.25
trace_00012,trace_00020,arith_003,arith_004,arithmetic,arithmetic,correct,correct,False,True,True,0.3112781244591328,0.5
trace_00012,trace_00021,arith_003,logic_001,arithmetic,symbolic_logic,correct,incorrect,False,False,False,1.0,1.0
trace_00012,trace_00022,arith_003,logic_001,arithmetic,symbolic_logic,correct,correct,False,False,True,1.0,0.9999999999999999
trace_00012,trace_00023,arith_003,logic_001,arithmetic,symbolic_logic,correct,incorrect,False,False,False,1.0,0.9999999999999999
trace_00012,trace_00024,arith_003,logic_001,arithmetic,symbolic_logic,correct,incorrect,False,False,False,1.0,0.9999999999999999
trace_00012,trace_00025,arith_003,logic_001,arithmetic,symbolic_logic,correct,correct,False,False,True,0.6556390622295665,0.75
trace_00012,trace_00026,arith_003,logic_002,arithmetic,symbolic_logic,correct,incorrect,False,False,False,1.0,1.0
trace_00012,trace_00027,arith_003,logic_002,arithmetic,symbolic_logic,correct,incorrect,False,False,False,0.6556390622295665,0.75
trace_00012,trace_00028,arith_003,logic_002,arithmetic,symbolic_logic,correct,correct,False,False,True,1.0,0.9999999999999999
trace_00012,trace_00029,arith_003,logic_002,arithmetic,symbolic_logic,correct,correct,False,False,True,1.0,0.9999999999999999
trace_00012,trace_00030,arith_003,logic_002,arithmetic,symbolic_logic,correct,incorrect,False,False,False,0.6556390622295665,0.75
trace_00012,trace_00031,arith_003,logic_003,arithmetic,symbolic_logic,correct,incorrect,False,False,False,1.0,0.9999999999999999
trace_00012,trace_00032,arith_003,logic_003,arithmetic,symbolic_logic,correct,incorrect,False,False,False,1.0,1.0
trace_00012,trace_00033,arith_003,logic_003,arithmetic,symbolic_logic,correct,incorrect,False,False,False,1.0,1.0
trace_00012,trace_00034,arith_003,logic_003,arithmetic,symbolic_logic,correct,incorrect,False,False,False,1.0,1.0
trace_00012,trace_00035,arith_003,logic_003,arithmetic,symbolic_logic,correct,correct,False,False,True,1.0,0.9999999999999999
trace_00012,trace_00036,arith_003,logic_004,arithmetic,symbolic_logic,correct,correct,False,False,True,0.7295739585136223,0.8333333333333334
trace_00012,trace_00037,arith_003,logic_004,arithmetic,symbolic_logic,correct,correct,False,False,True,0.5954372523105548,0.6666666666666666
trace_00012,trace_00038,arith_003,logic_004,arithmetic,symbolic_logic,correct,correct,False,False,True,1.0,1.0
trace_00012,trace_00039,arith_003,logic_004,arithmetic,symbolic_logic,correct,correct,False,False,True,0.5,0.5
trace_00012,trace_00040,arith_003,logic_004,arithmetic,symbolic_logic,correct,incorrect,False,False,False,0.5,0.5
trace_00012,trace_00041,arith_003,temporal_001,arithmetic,temporal_ordering,correct,incorrect,False,False,False,0.6284905946211771,0.7142857142857144
trace_00012,trace_00042,arith_003,temporal_001,arithmetic,temporal_ordering,correct,incorrect,False,False,False,0.5,0.5
trace_00012,trace_00043,arith_003,temporal_001,arithmetic,temporal_ordering,correct,correct,False,False,True,0.6556390622295665,0.75
trace_00012,trace_00044,arith_003,temporal_001,arithmetic,temporal_ordering,correct,incorrect,False,False,False,0.3112781244591328,0.5
trace_00012,trace_00045,arith_003,temporal_001,arithmetic,temporal_ordering,correct,incorrect,False,False,False,0.6284905946211771,0.7142857142857144
trace_00012,trace_00046,arith_003,temporal_002,arithmetic,temporal_ordering,correct,incorrect,False,False,False,0.7743974703476993,0.875
trace_00012,trace_00047,arith_003,temporal_002,arithmetic,temporal_ordering,correct,correct,False,False,True,0.5,0.5
trace_00012,trace_00048,arith_003,temporal_002,arithmetic,temporal_ordering,correct,correct,False,False,True,0.42528358731335336,0.5
trace_00012,trace_00049,arith_003,temporal_002,arithmetic,temporal_ordering,correct,correct,False,False,True,0.7295739585136224,0.8333333333333334
trace_00012,trace_00050,arith_003,temporal_002,arithmetic,temporal_ordering,correct,correct,False,False,True,0.5,0.5
trace_00012,trace_00051,arith_003,temporal_003,arithmetic,temporal_ordering,correct,correct,False,False,True,0.6979078010016793,0.8
trace_00012,trace_00052,arith_003,temporal_003,arithmetic,temporal_ordering,correct,incorrect,False,False,False,1.0,0.9999999999999999
trace_00012,trace_00053,arith_003,temporal_003,arithmetic,temporal_ordering,correct,incorrect,False,False,False,1.0,1.0
trace_00012,trace_00054,arith_003,temporal_003,arithmetic,temporal_ordering,correct,correct,False,False,True,1.0,1.0
trace_00012,trace_00055,arith_003,temporal_003,arithmetic,temporal_ordering,correct,correct,False,False,True,0.6556390622295665,0.75
trace_00012,trace_00056,arith_003,temporal_004,arithmetic,temporal_ordering,correct,incorrect,False,False,False,1.0,1.0
trace_00012,trace_00057,arith_003,temporal_004,arithmetic,temporal_ordering,correct,incorrect,False,False,False,1.0,1.0
trace_00012,trace_00058,arith_003,temporal_004,arithmetic,temporal_ordering,correct,incorrect,False,False,False,1.0,1.0
trace_00012,trace_00059,arith_003,temporal_004,arithmetic,temporal_ordering,correct,incorrect,False,False,False,1.0,1.0
trace_00012,trace_00060,arith_003,temporal_004,arithmetic,temporal_ordering,correct,incorrect,False,False,False,1.0,1.0
trace_00012,trace_00061,arith_003,causal_001,arithmetic,causal_micro_world,correct,incorrect,False,False,False,0.1908745046211096,0.33333333333333337
trace_00012,trace_00062,arith_003,causal_001,arithmetic,causal_micro_world,correct,correct,False,False,True,0.020720839623908215,0.16666666666666666
trace_00012,trace_00063,arith_003,causal_001,arithmetic,causal_micro_world,correct,uncertain,False,False,False,0.5,0.5
trace_00012,trace_00064,arith_003,causal_001,arithmetic,causal_micro_world,correct,incorrect,False,False,False,0.5,0.5
trace_00012,trace_00065,arith_003,causal_001,arithmetic,causal_micro_world,correct,incorrect,False,False,False,0.3112781244591328,0.5
trace_00012,trace_00066,arith_003,causal_002,arithmetic,causal_micro_world,correct,correct,False,False,True,0.5689626904850149,0.625
trace_00012,trace_00067,arith_003,causal_002,arithmetic,causal_micro_world,correct,incorrect,False,False,False,0.45328338368767396,0.5
trace_00012,trace_00068,arith_003,causal_002,arithmetic,causal_micro_world,correct,correct,False,False,True,0.5,0.5
trace_00012,trace_00069,arith_003,causal_002,arithmetic,causal_micro_world,correct,correct,False,False,True,0.3112781244591328,0.5
trace_00012,trace_00070,arith_003,causal_002,arithmetic,causal_micro_world,correct,correct,False,False,True,1.0,1.0
trace_00012,trace_00071,arith_003,causal_003,arithmetic,causal_micro_world,correct,incorrect,False,False,False,0.6556390622295665,0.75
trace_00012,trace_00072,arith_003,causal_003,arithmetic,causal_micro_world,correct,correct,False,False,True,0.5954372523105549,0.6666666666666666
trace_00012,trace_00073,arith_003,causal_003,arithmetic,causal_micro_world,correct,correct,False,False,True,0.1908745046211096,0.33333333333333337
trace_00012,trace_00074,arith_003,causal_003,arithmetic,causal_micro_world,correct,incorrect,False,False,False,0.3112781244591328,0.5
trace_00012,trace_00075,arith_003,causal_003,arithmetic,causal_micro_world,correct,correct,False,False,True,0.1908745046211096,0.33333333333333337
trace_00012,trace_00076,arith_003,causal_004,arithmetic,causal_micro_world,correct,correct,False,False,True,0.020720839623908215,0.16666666666666666
trace_00012,trace_00077,arith_003,causal_004,arithmetic,causal_micro_world,correct,correct,False,False,True,0.020720839623908215,0.16666666666666666
trace_00012,trace_00078,arith_003,causal_004,arithmetic,causal_micro_world,correct,correct,False,False,True,0.2519235740744792,0.4
trace_00012,trace_00079,arith_003,causal_004,arithmetic,causal_micro_world,correct,correct,False,False,True,0.0,0.0
trace_00012,trace_00080,arith_003,causal_004,arithmetic,causal_micro_world,correct,correct,False,False,True,0.020720839623908215,0.16666666666666666
trace_00012,trace_00081,arith_003,commonsense_001,arithmetic,commonsense_multihop,correct,incorrect,False,False,False,0.5,0.5
trace_00012,trace_00082,arith_003,commonsense_001,arithmetic,commonsense_multihop,correct,correct,False,False,True,0.4300365325772657,0.625
trace_00012,trace_00083,arith_003,commonsense_001,arithmetic,commonsense_multihop,correct,correct,False,False,True,0.5,0.5
trace_00012,trace_00084,arith_003,commonsense_001,arithmetic,commonsense_multihop,correct,incorrect,False,False,False,0.32501121082417717,0.5
trace_00012,trace_00085,arith_003,commonsense_001,arithmetic,commonsense_multihop,correct,incorrect,False,False,False,0.2519235740744792,0.39999999999999997
trace_00012,trace_00086,arith_003,commonsense_002,arithmetic,commonsense_multihop,correct,correct,False,False,True,0.6556390622295665,0.75
trace_00012,trace_00087,arith_003,commonsense_002,arithmetic,commonsense_multihop,correct,correct,False,False,True,0.6556390622295665,0.75
trace_00012,trace_00088,arith_003,commonsense_002,arithmetic,commonsense_multihop,correct,correct,False,False,True,0.6556390622295665,0.75
trace_00012,trace_00089,arith_003,commonsense_002,arithmetic,commonsense_multihop,correct,incorrect,False,False,False,0.6556390622295665,0.75
trace_00012,trace_00090,arith_003,commonsense_002,arithmetic,commonsense_multihop,correct,correct,False,False,True,0.3958156020033583,0.6
trace_00012,trace_00091,arith_003,commonsense_003,arithmetic,commonsense_multihop,correct,incorrect,False,False,False,0.5,0.5
trace_00012,trace_00092,arith_003,commonsense_003,arithmetic,commonsense_multihop,correct,correct,False,False,True,0.5954372523105548,0.6666666666666666
trace_00012,trace_00093,arith_003,commonsense_003,arithmetic,commonsense_multihop,correct,incorrect,False,False,False,0.5954372523105548,0.6666666666666666
trace_00012,trace_00094,arith_003,commonsense_003,arithmetic,commonsense_multihop,correct,incorrect,False,False,False,0.3931558784658321,0.5
trace_00012,trace_00095,arith_003,commonsense_003,arithmetic,commonsense_multihop,correct,incorrect,False,False,False,0.5954372523105548,0.6666666666666666
trace_00012,trace_00096,arith_003,commonsense_004,arithmetic,commonsense_multihop,correct,incorrect,False,False,False,0.3112781244591328,0.5
trace_00012,trace_00097,arith_003,commonsense_004,arithmetic,commonsense_multihop,correct,incorrect,False,False,False,0.5954372523105548,0.6666666666666666
trace_00012,trace_00098,arith_003,commonsense_004,arithmetic,commonsense_multihop,correct,incorrect,False,False,False,1.0,1.0
trace_00012,trace_00099,arith_003,commonsense_004,arithmetic,commonsense_multihop,correct,incorrect,False,False,False,0.5087256743873156,0.7142857142857143
trace_00012,trace_00100,arith_003,commonsense_004,arithmetic,commonsense_multihop,correct,incorrect,False,False,False,0.3112781244591328,0.5
trace_00013,trace_00014,arith_003,arith_003,arithmetic,arithmetic,correct,correct,True,True,True,0.1556390622295664,0.25
trace_00013,trace_00015,arith_003,arith_003,arithmetic,arithmetic,correct,correct,True,True,True,0.14386897764606926,0.24999999999999997
trace_00013,trace_00016,arith_003,arith_004,arithmetic,arithmetic,correct,incorrect,False,True,False,0.40556594108227295,0.55
trace_00013,trace_00017,arith_003,arith_004,arithmetic,arithmetic,correct,correct,False,True,True,0.020720839623908215,0.16666666666666666
trace_00013,trace_00018,arith_003,arith_004,arithmetic,arithmetic,correct,incorrect,False,True,False,0.1556390622295664,0.25
trace_00013,trace_00019,arith_003,arith_004,arithmetic,arithmetic,correct,correct,False,True,True,0.06127812445913278,0.25
trace_00013,trace_00020,arith_003,arith_004,arithmetic,arithmetic,correct,correct,False,True,True,0.5487949406953987,0.75
trace_00013,trace_00021,arith_003,logic_001,arithmetic,symbolic_logic,correct,incorrect,False,False,False,1.0,1.0
trace_00013,trace_00022,arith_003,logic_001,arithmetic,symbolic_logic,correct,correct,False,False,True,0.7126417936566767,0.7499999999999999
trace_00013,trace_00023,arith_003,logic_001,arithmetic,symbolic_logic,correct,incorrect,False,False,False,1.0,0.9999999999999999
trace_00013,trace_00024,arith_003,logic_001,arithmetic,symbolic_logic,correct,incorrect,False,False,False,0.7126417936566767,0.7499999999999999
trace_00013,trace_00025,arith_003,logic_001,arithmetic,symbolic_logic,correct,correct,False,False,True,0.40563906222956636,0.5
trace_00013,trace_00026,arith_003,logic_002,arithmetic,symbolic_logic,correct,incorrect,False,False,False,0.75,0.75
trace_00013,trace_00027,arith_003,logic_002,arithmetic,symbolic_logic,correct,incorrect,False,False,False,0.5,0.5
trace_00013,trace_00028,arith_003,logic_002,arithmetic,symbolic_logic,correct,correct,False,False,True,0.7126417936566767,0.7499999999999999
trace_00013,trace_00029,arith_003,logic_002,arithmetic,symbolic_logic,correct,correct,False,False,True,0.7126417936566767,0.7499999999999999
trace_00013,trace_00030,arith_003,logic_002,arithmetic,symbolic_logic,correct,incorrect,False,False,False,0.5,0.5
trace_00013,trace_00031,arith_003,logic_003,arithmetic,symbolic_logic,correct,incorrect,False,False,False,1.0,0.9999999999999999
trace_00013,trace_00032,arith_003,logic_003,arithmetic,symbolic_logic,correct,incorrect,False,False,False,1.0,1.0
trace_00013,trace_00033,arith_003,logic_003,arithmetic,symbolic_logic,correct,incorrect,False,False,False,0.75,0.75
trace_00013,trace_00034,arith_003,logic_003,arithmetic,symbolic_logic,correct,incorrect,False,False,False,1.0,1.0
trace_00013,trace_00035,arith_003,logic_003,arithmetic,symbolic_logic,correct,correct,False,False,True,0.7126417936566767,0.7499999999999999
trace_00013,trace_00036,arith_003,logic_004,arithmetic,symbolic_logic,correct,correct,False,False,True,0.44221575217029907,0.5833333333333333
trace_00013,trace_00037,arith_003,logic_004,arithmetic,symbolic_logic,correct,correct,False,False,True,0.42528358731335336,0.4999999999999999
trace_00013,trace_00038,arith_003,logic_004,arithmetic,symbolic_logic,correct,correct,False,False,True,0.6556390622295665,0.75
trace_00013,trace_00039,arith_003,logic_004,arithmetic,symbolic_logic,correct,correct,False,False,True,0.6556390622295665,0.75
trace_00013,trace_00040,arith_003,logic_004,arithmetic,symbolic_logic,correct,incorrect,False,False,False,0.3112781244591328,0.5
trace_00013,trace_00041,arith_003,temporal_001,arithmetic,temporal_ordering,correct,incorrect,False,False,False,0.4108667362125791,0.5
trace_00013,trace_00042,arith_003,temporal_001,arithmetic,temporal_ordering,correct,incorrect,False,False,False,0.6556390622295665,0.75
trace_00013,trace_00043,arith_003,temporal_001,arithmetic,temporal_ordering,correct,correct,False,False,True,0.3112781244591328,0.5
trace_00013,trace_00044,arith_003,temporal_001,arithmetic,temporal_ordering,correct,incorrect,False,False,False,0.06127812445913278,0.25
trace_00013,trace_00045,arith_003,temporal_001,arithmetic,temporal_ordering,correct,incorrect,False,False,False,0.4108667362125791,0.5
trace_00013,trace_00046,arith_003,temporal_002,arithmetic,temporal_ordering,correct,incorrect,False,False,False,0.47097540958061535,0.625
trace_00013,trace_00047,arith_003,temporal_002,arithmetic,temporal_ordering,correct,correct,False,False,True,0.1556390622295664,0.25
trace_00013,trace_00048,arith_003,temporal_002,arithmetic,temporal_ordering,correct,correct,False,False,True,0.42528358731335336,0.5
trace_00013,trace_00049,arith_003,temporal_002,arithmetic,temporal_ordering,correct,correct,False,False,True,0.38521302074318875,0.5833333333333334
trace_00013,trace_00050,arith_003,temporal_002,arithmetic,temporal_ordering,correct,correct,False,False,True,0.5,0.5
trace_00013,trace_00051,arith_003,temporal_003,arithmetic,temporal_ordering,correct,correct,False,False,True,0.4646059900014654,0.55
trace_00013,trace_00052,arith_003,temporal_003,arithmetic,temporal_ordering,correct,incorrect,False,False,False,0.6125474873813833,0.75
trace_00013,trace_00053,arith_003,temporal_003,arithmetic,temporal_ordering,correct,incorrect,False,False,False,0.7126417936566767,0.75
trace_00013,trace_00054,arith_003,temporal_003,arithmetic,temporal_ordering,correct,correct,False,False,True,1.0,1.0
trace_00013,trace_00055,arith_003,temporal_003,arithmetic,temporal_ordering,correct,correct,False,False,True,0.40563906222956636,0.5
trace_00013,trace_00056,arith_003,temporal_004,arithmetic,temporal_ordering,correct,incorrect,False,False,False,0.6556390622295665,0.75
trace_00013,trace_00057,arith_003,temporal_004,arithmetic,temporal_ordering,correct,incorrect,False,False,False,0.6556390622295665,0.75
trace_00013,trace_00058,arith_003,temporal_004,arithmetic,temporal_ordering,correct,incorrect,False,False,False,0.6556390622295665,0.75
trace_00013,trace_00059,arith_003,temporal_004,arithmetic,temporal_ordering,correct,incorrect,False,False,False,0.6556390622295665,0.75
trace_00013,trace_00060,arith_003,temporal_004,arithmetic,temporal_ordering,correct,incorrect,False,False,False,0.6556390622295665,0.75
trace_00013,trace_00061,arith_003,causal_001,arithmetic,causal_micro_world,correct,incorrect,False,False,False,0.3080790459672315,0.41666666666666663
trace_00013,trace_00062,arith_003,causal_001,arithmetic,causal_micro_world,correct,correct,False,False,True,0.13792538097003013,0.24999999999999997
trace_00013,trace_00063,arith_003,causal_001,arithmetic,causal_micro_world,correct,uncertain,False,False,False,0.21264179365667668,0.25
trace_00013,trace_00064,arith_003,causal_001,arithmetic,causal_micro_world,correct,incorrect,False,False,False,0.5,0.5
trace_00013,trace_00065,arith_003,causal_001,arithmetic,causal_micro_world,correct,incorrect,False,False,False,0.3112781244591328,0.5
trace_00013,trace_00066,arith_003,causal_002,arithmetic,causal_micro_world,correct,correct,False,False,True,0.39678222159979815,0.5
trace_00013,trace_00067,arith_003,causal_002,arithmetic,causal_micro_world,correct,incorrect,False,False,False,0.14088148715273927,0.25
trace_00013,trace_00068,arith_003,causal_002,arithmetic,causal_micro_world,correct,correct,False,False,True,0.25,0.25
trace_00013,trace_00069,arith_003,causal_002,arithmetic,causal_micro_world,correct,correct,False,False,True,0.40563906222956636,0.5
trace_00013,trace_00070,arith_003,causal_002,arithmetic,causal_micro_world,correct,correct,False,False,True,0.6556390622295665,0.75
trace_00013,trace_00071,arith_003,causal_003,arithmetic,causal_micro_world,correct,incorrect,False,False,False,0.40563906222956636,0.5
trace_00013,trace_00072,arith_003,causal_003,arithmetic,causal_micro_world,correct,correct,False,False,True,0.3080790459672315,0.41666666666666663
trace_00013,trace_00073,arith_003,causal_003,arithmetic,causal_micro_world,correct,correct,False,False,True,0.3080790459672315,0.41666666666666663
trace_00013,trace_00074,arith_003,causal_003,arithmetic,causal_micro_world,correct,incorrect,False,False,False,0.1556390622295664,0.25
trace_00013,trace_00075,arith_003,causal_003,arithmetic,causal_micro_world,correct,correct,False,False,True,0.3080790459672315,0.41666666666666663
trace_00013,trace_00076,arith_003,causal_004,arithmetic,causal_micro_world,correct,correct,False,False,True,0.13792538097003013,0.24999999999999997
trace_00013,trace_00077,arith_003,causal_004,arithmetic,causal_micro_world,correct,correct,False,False,True,0.13792538097003013,0.24999999999999997
trace_00013,trace_00078,arith_003,causal_004,arithmetic,causal_micro_world,correct,correct,False,False,True,0.10803154614560012,0.19999999999999998
trace_00013,trace_00079,arith_003,causal_004,arithmetic,causal_micro_world,correct,correct,False,False,True,0.1556390622295664,0.25
trace_00013,trace_00080,arith_003,causal_004,arithmetic,causal_micro_world,correct,correct,False,False,True,0.13792538097003013,0.24999999999999997
trace_00013,trace_00081,arith_003,commonsense_001,arithmetic,commonsense_multihop,correct,incorrect,False,False,False,0.40563906222956636,0.5
trace_00013,trace_00082,arith_003,commonsense_001,arithmetic,commonsense_multihop,correct,correct,False,False,True,0.22097540958061537,0.375
trace_00013,trace_00083,arith_003,commonsense_001,arithmetic,commonsense_multihop,correct,correct,False,False,True,0.45335768838484375,0.5833333333333334
trace_00013,trace_00084,arith_003,commonsense_001,arithmetic,commonsense_multihop,correct,incorrect,False,False,False,0.15485754582697578,0.33333333333333337
trace_00013,trace_00085,arith_003,commonsense_001,arithmetic,commonsense_multihop,correct,incorrect,False,False,False,0.16251379100314453,0.35000000000000003
trace_00013,trace_00086,arith_003,commonsense_002,arithmetic,commonsense_multihop,correct,correct,False,False,True,0.5,0.5
trace_00013,trace_00087,arith_003,commonsense_002,arithmetic,commonsense_multihop,correct,correct,False,False,True,0.40563906222956636,0.5
trace_00013,trace_00088,arith_003,commonsense_002,arithmetic,commonsense_multihop,correct,correct,False,False,True,0.5,0.5
trace_00013,trace_00089,arith_003,commonsense_002,arithmetic,commonsense_multihop,correct,incorrect,False,False,False,0.3112781244591328,0.5
trace_00013,trace_00090,arith_003,commonsense_002,arithmetic,commonsense_multihop,correct,correct,False,False,True,0.2519235740744792,0.4
trace_00013,trace_00091,arith_003,commonsense_003,arithmetic,commonsense_multihop,correct,incorrect,False,False,False,0.3112781244591328,0.5
trace_00013,trace_00092,arith_003,commonsense_003,arithmetic,commonsense_multihop,correct,correct,False,False,True,0.42528358731335336,0.4999999999999999
trace_00013,trace_00093,arith_003,commonsense_003,arithmetic,commonsense_multihop,correct,incorrect,False,False,False,0.42528358731335336,0.4999999999999999
trace_00013,trace_00094,arith_003,commonsense_003,arithmetic,commonsense_multihop,correct,incorrect,False,False,False,0.3443609377704336,0.5
trace_00013,trace_00095,arith_003,commonsense_003,arithmetic,commonsense_multihop,correct,incorrect,False,False,False,0.42528358731335336,0.4999999999999999
trace_00013,trace_00096,arith_003,commonsense_004,arithmetic,commonsense_multihop,correct,incorrect,False,False,False,0.40563906222956636,0.5
trace_00013,trace_00097,arith_003,commonsense_004,arithmetic,commonsense_multihop,correct,incorrect,False,False,False,0.7126417936566767,0.7499999999999999
trace_00013,trace_00098,arith_003,commonsense_004,arithmetic,commonsense_multihop,correct,incorrect,False,False,False,0.6556390622295665,0.75
trace_00013,trace_00099,arith_003,commonsense_004,arithmetic,commonsense_multihop,correct,incorrect,False,False,False,0.5686081345042464,0.7142857142857143
trace_00013,trace_00100,arith_003,commonsense_004,arithmetic,commonsense_multihop,correct,incorrect,False,False,False,0.40563906222956636,0.5
trace_00014,trace_00015,arith_003,arith_003,arithmetic,arithmetic,correct,correct,True,True,True,0.003702451541836349,0.07142857142857142
trace_00014,trace_00016,arith_003,arith_004,arithmetic,arithmetic,correct,incorrect,False,True,False,0.6979078010016793,0.8
trace_00014,trace_00017,arith_003,arith_004,arithmetic,arithmetic,correct,correct,False,True,True,0.1908745046211096,0.33333333333333337
trace_00014,trace_00018,arith_003,arith_004,arithmetic,arithmetic,correct,incorrect,False,True,False,0.0,0.0
trace_00014,trace_00019,arith_003,arith_004,arithmetic,arithmetic,correct,correct,False,True,True,0.1556390622295664,0.25
trace_00014,trace_00020,arith_003,arith_004,arithmetic,arithmetic,correct,correct,False,True,True,0.3112781244591328,0.5
trace_00014,trace_00021,arith_003,logic_001,arithmetic,symbolic_logic,correct,incorrect,False,False,False,1.0,1.0
trace_00014,trace_00022,arith_003,logic_001,arithmetic,symbolic_logic,correct,correct,False,False,True,1.0,0.9999999999999999
trace_00014,trace_00023,arith_003,logic_001,arithmetic,symbolic_logic,correct,incorrect,False,False,False,1.0,0.9999999999999999
trace_00014,trace_00024,arith_003,logic_001,arithmetic,symbolic_logic,correct,incorrect,False,False,False,1.0,0.9999999999999999
trace_00014,trace_00025,arith_003,logic_001,arithmetic,symbolic_logic,correct,correct,False,False,True,0.6556390622295665,0.75
trace_00014,trace_00026,arith_003,logic_002,arithmetic,symbolic_logic,correct,incorrect,False,False,False,1.0,1.0
trace_00014,trace_00027,arith_003,logic_002,arithmetic,symbolic_logic,correct,incorrect,False,False,False,0.6556390622295665,0.75
trace_00014,trace_00028,arith_003,logic_002,arithmetic,symbolic_logic,correct,correct,False,False,True,1.0,0.9999999999999999
trace_00014,trace_00029,arith_003,logic_002,arithmetic,symbolic_logic,correct,correct,False,False,True,1.0,0.9999999999999999
trace_00014,trace_00030,arith_003,logic_002,arithmetic,symbolic_logic,correct,incorrect,False,False,False,0.6556390622295665,0.75
trace_00014,trace_00031,arith_003,logic_003,arithmetic,symbolic_logic,correct,incorrect,False,False,False,1.0,0.9999999999999999
trace_00014,trace_00032,arith_003,logic_003,arithmetic,symbolic_logic,correct,incorrect,False,False,False,1.0,1.0
trace_00014,trace_00033,arith_003,logic_003,arithmetic,symbolic_logic,correct,incorrect,False,False,False,1.0,1.0
trace_00014,trace_00034,arith_003,logic_003,arithmetic,symbolic_logic,correct,incorrect,False,False,False,1.0,1.0
trace_00014,trace_00035,arith_003,logic_003,arithmetic,symbolic_logic,correct,correct,False,False,True,1.0,0.9999999999999999
trace_00014,trace_00036,arith_003,logic_004,arithmetic,symbolic_logic,correct,correct,False,False,True,0.7295739585136223,0.8333333333333334
trace_00014,trace_00037,arith_003,logic_004,arithmetic,symbolic_logic,correct,correct,False,False,True,0.5954372523105548,0.6666666666666666
trace_00014,trace_00038,arith_003,logic_004,arithmetic,symbolic_logic,correct,correct,False,False,True,1.0,1.0
trace_00014,trace_00039,arith_003,logic_004,arithmetic,symbolic_logic,correct,correct,False,False,True,0.5,0.5
trace_00014,trace_00040,arith_003,logic_004,arithmetic,symbolic_logic,correct,incorrect,False,False,False,0.5,0.5
trace_00014,trace_00041,arith_003,temporal_001,arithmetic,temporal_ordering,correct,incorrect,False,False,False,0.6284905946211771,0.7142857142857144
trace_00014,trace_00042,arith_003,temporal_001,arithmetic,temporal_ordering,correct,incorrect,False,False,False,0.5,0.5
trace_00014,trace_00043,arith_003,temporal_001,arithmetic,temporal_ordering,correct,correct,False,False,True,0.6556390622295665,0.75
trace_00014,trace_00044,arith_003,temporal_001,arithmetic,temporal_ordering,correct,incorrect,False,False,False,0.3112781244591328,0.5
trace_00014,trace_00045,arith_003,temporal_001,arithmetic,temporal_ordering,correct,incorrect,False,False,False,0.6284905946211771,0.7142857142857144
trace_00014,trace_00046,arith_003,temporal_002,arithmetic,temporal_ordering,correct,incorrect,False,False,False,0.7743974703476993,0.875
trace_00014,trace_00047,arith_003,temporal_002,arithmetic,temporal_ordering,correct,correct,False,False,True,0.5,0.5
trace_00014,trace_00048,arith_003,temporal_002,arithmetic,temporal_ordering,correct,correct,False,False,True,0.42528358731335336,0.5
trace_00014,trace_00049,arith_003,temporal_002,arithmetic,temporal_ordering,correct,correct,False,False,True,0.7295739585136224,0.8333333333333334
trace_00014,trace_00050,arith_003,temporal_002,arithmetic,temporal_ordering,correct,correct,False,False,True,0.5,0.5
trace_00014,trace_00051,arith_003,temporal_003,arithmetic,temporal_ordering,correct,correct,False,False,True,0.6979078010016793,0.8
trace_00014,trace_00052,arith_003,temporal_003,arithmetic,temporal_ordering,correct,incorrect,False,False,False,1.0,0.9999999999999999
trace_00014,trace_00053,arith_003,temporal_003,arithmetic,temporal_ordering,correct,incorrect,False,False,False,1.0,1.0
trace_00014,trace_00054,arith_003,temporal_003,arithmetic,temporal_ordering,correct,correct,False,False,True,1.0,1.0
trace_00014,trace_00055,arith_003,temporal_003,arithmetic,temporal_ordering,correct,correct,False,False,True,0.6556390622295665,0.75
trace_00014,trace_00056,arith_003,temporal_004,arithmetic,temporal_ordering,correct,incorrect,False,False,False,1.0,1.0
trace_00014,trace_00057,arith_003,temporal_004,arithmetic,temporal_ordering,correct,incorrect,False,False,False,1.0,1.0
trace_00014,trace_00058,arith_003,temporal_004,arithmetic,temporal_ordering,correct,incorrect,False,False,False,1.0,1.0
trace_00014,trace_00059,arith_003,temporal_004,arithmetic,temporal_ordering,correct,incorrect,False,False,False,1.0,1.0
trace_00014,trace_00060,arith_003,temporal_004,arithmetic,temporal_ordering,correct,incorrect,False,False,False,1.0,1.0
trace_00014,trace_00061,arith_003,causal_001,arithmetic,causal_micro_world,correct,incorrect,False,False,False,0.1908745046211096,0.33333333333333337
trace_00014,trace_00062,arith_003,causal_001,arithmetic,causal_micro_world,correct,correct,False,False,True,0.020720839623908215,0.16666666666666666
trace_00014,trace_00063,arith_003,causal_001,arithmetic,causal_micro_world,correct,uncertain,False,False,False,0.5,0.5
trace_00014,trace_00064,arith_003,causal_001,arithmetic,causal_micro_world,correct,incorrect,False,False,False,0.5,0.5
trace_00014,trace_00065,arith_003,causal_001,arithmetic,causal_micro_world,correct,incorrect,False,False,False,0.3112781244591328,0.5
trace_00014,trace_00066,arith_003,causal_002,arithmetic,causal_micro_world,correct,correct,False,False,True,0.5689626904850149,0.625
trace_00014,trace_00067,arith_003,causal_002,arithmetic,causal_micro_world,correct,incorrect,False,False,False,0.45328338368767396,0.5
trace_00014,trace_00068,arith_003,causal_002,arithmetic,causal_micro_world,correct,correct,False,False,True,0.5,0.5
trace_00014,trace_00069,arith_003,causal_002,arithmetic,causal_micro_world,correct,correct,False,False,True,0.3112781244591328,0.5
trace_00014,trace_00070,arith_003,causal_002,arithmetic,causal_micro_world,correct,correct,False,False,True,1.0,1.0
trace_00014,trace_00071,arith_003,causal_003,arithmetic,causal_micro_world,correct,incorrect,False,False,False,0.6556390622295665,0.75
trace_00014,trace_00072,arith_003,causal_003,arithmetic,causal_micro_world,correct,correct,False,False,True,0.5954372523105549,0.6666666666666666
trace_00014,trace_00073,arith_003,causal_003,arithmetic,causal_micro_world,correct,correct,False,False,True,0.1908745046211096,0.33333333333333337
trace_00014,trace_00074,arith_003,causal_003,arithmetic,causal_micro_world,correct,incorrect,False,False,False,0.3112781244591328,0.5
trace_00014,trace_00075,arith_003,causal_003,arithmetic,causal_micro_world,correct,correct,False,False,True,0.1908745046211096,0.33333333333333337
trace_00014,trace_00076,arith_003,causal_004,arithmetic,causal_micro_world,correct,correct,False,False,True,0.020720839623908215,0.16666666666666666
trace_00014,trace_00077,arith_003,causal_004,arithmetic,causal_micro_world,correct,correct,False,False,True,0.020720839623908215,0.16666666666666666
trace_00014,trace_00078,arith_003,causal_004,arithmetic,causal_micro_world,correct,correct,False,False,True,0.2519235740744792,0.4
trace_00014,trace_00079,arith_003,causal_004,arithmetic,causal_micro_world,correct,correct,False,False,True,0.0,0.0
trace_00014,trace_00080,arith_003,causal_004,arithmetic,causal_micro_world,correct,correct,False,False,True,0.020720839623908215,0.16666666666666666
trace_00014,trace_00081,arith_003,commonsense_001,arithmetic,commonsense_multihop,correct,incorrect,False,False,False,0.5,0.5
trace_00014,trace_00082,arith_003,commonsense_001,arithmetic,commonsense_multihop,correct,correct,False,False,True,0.4300365325772657,0.625
trace_00014,trace_00083,arith_003,commonsense_001,arithmetic,commonsense_multihop,correct,correct,False,False,True,0.5,0.5
trace_00014,trace_00084,arith_003,commonsense_001,arithmetic,commonsense_multihop,correct,incorrect,False,False,False,0.32501121082417717,0.5
trace_00014,trace_00085,arith_003,commonsense_001,arithmetic,commonsense_multihop,correct,incorrect,False,False,False,0.2519235740744792,0.39999999999999997
trace_00014,trace_00086,arith_003,commonsense_002,arithmetic,commonsense_multihop,correct,correct,False,False,True,0.6556390622295665,0.75
trace_00014,trace_00087,arith_003,commonsense_002,arithmetic,commonsense_multihop,correct,correct,False,False,True,0.6556390622295665,0.75
trace_00014,trace_00088,arith_003,commonsense_002,arithmetic,commonsense_multihop,correct,correct,False,False,True,0.6556390622295665,0.75
trace_00014,trace_00089,arith_003,commonsense_002,arithmetic,commonsense_multihop,correct,incorrect,False,False,False,0.6556390622295665,0.75
trace_00014,trace_00090,arith_003,commonsense_002,arithmetic,commonsense_multihop,correct,correct,False,False,True,0.3958156020033583,0.6
trace_00014,trace_00091,arith_003,commonsense_003,arithmetic,commonsense_multihop,correct,incorrect,False,False,False,0.5,0.5
trace_00014,trace_00092,arith_003,commonsense_003,arithmetic,commonsense_multihop,correct,correct,False,False,True,0.5954372523105548,0.6666666666666666
trace_00014,trace_00093,arith_003,commonsense_003,arithmetic,commonsense_multihop,correct,incorrect,False,False,False,0.5954372523105548,0.6666666666666666
trace_00014,trace_00094,arith_003,commonsense_003,arithmetic,commonsense_multihop,correct,incorrect,False,False,False,0.3931558784658321,0.5
trace_00014,trace_00095,arith_003,commonsense_003,arithmetic,commonsense_multihop,correct,incorrect,False,False,False,0.5954372523105548,0.6666666666666666
trace_00014,trace_00096,arith_003,commonsense_004,arithmetic,commonsense_multihop,correct,incorrect,False,False,False,0.3112781244591328,0.5
trace_00014,trace_00097,arith_003,commonsense_004,arithmetic,commonsense_multihop,correct,incorrect,False,False,False,0.5954372523105548,0.6666666666666666
trace_00014,trace_00098,arith_003,commonsense_004,arithmetic,commonsense_multihop,correct,incorrect,False,False,False,1.0,1.0
trace_00014,trace_00099,arith_003,commonsense_004,arithmetic,commonsense_multihop,correct,incorrect,False,False,False,0.5087256743873156,0.7142857142857143
trace_00014,trace_00100,arith_003,commonsense_004,arithmetic,commonsense_multihop,correct,incorrect,False,False,False,0.3112781244591328,0.5
trace_00015,trace_00016,arith_003,arith_004,arithmetic,arithmetic,correct,incorrect,False,True,False,0.7163906825501495,0.7999999999999998
trace_00015,trace_00017,arith_003,arith_004,arithmetic,arithmetic,correct,correct,False,True,True,0.19383859940507192,0.3333333333333333
trace_00015,trace_00018,arith_003,arith_004,arithmetic,arithmetic,correct,incorrect,False,True,False,0.003702451541836349,0.07142857142857142
trace_00015,trace_00019,arith_003,arith_004,arithmetic,arithmetic,correct,correct,False,True,True,0.17358295912292618,0.3214285714285714
trace_00015,trace_00020,arith_003,arith_004,arithmetic,arithmetic,correct,correct,False,True,True,0.37050650054950524,0.5714285714285714
trace_00015,trace_00021,arith_003,logic_001,arithmetic,symbolic_logic,correct,incorrect,False,False,False,1.0,1.0
trace_00015,trace_00022,arith_003,logic_001,arithmetic,symbolic_logic,correct,correct,False,False,True,1.0,0.9999999999999999
trace_00015,trace_00023,arith_003,logic_001,arithmetic,symbolic_logic,correct,incorrect,False,False,False,1.0,1.0
trace_00015,trace_00024,arith_003,logic_001,arithmetic,symbolic_logic,correct,incorrect,False,False,False,1.0,0.9999999999999999
trace_00015,trace_00025,arith_003,logic_001,arithmetic,symbolic_logic,correct,correct,False,False,True,0.6358849904480702,0.75
trace_00015,trace_00026,arith_003,logic_002,arithmetic,symbolic_logic,correct,incorrect,False,False,False,1.0,1.0
trace_00015,trace_00027,arith_003,logic_002,arithmetic,symbolic_logic,correct,incorrect,False,False,False,0.6778644947790888,0.75
trace_00015,trace_00028,arith_003,logic_002,arithmetic,symbolic_logic,correct,correct,False,False,True,1.0,0.9999999999999999
trace_00015,trace_00029,arith_003,logic_002,arithmetic,symbolic_logic,correct,correct,False,False,True,1.0,0.9999999999999999
trace_00015,trace_00030,arith_003,logic_002,arithmetic,symbolic_logic,correct,incorrect,False,False,False,0.6778644947790888,0.75
trace_00015,trace_00031,arith_003,logic_003,arithmetic,symbolic_logic,correct,incorrect,False,False,False,1.0,1.0
trace_00015,trace_00032,arith_003,logic_003,arithmetic,symbolic_logic,correct,incorrect,False,False,False,1.0,0.9999999999999999
trace_00015,trace_00033,arith_003,logic_003,arithmetic,symbolic_logic,correct,incorrect,False,False,False,1.0,1.0
trace_00015,trace_00034,arith_003,logic_003,arithmetic,symbolic_logic,correct,incorrect,False,False,False,1.0,1.0
trace_00015,trace_00035,arith_003,logic_003,arithmetic,symbolic_logic,correct,correct,False,False,True,1.0,0.9999999999999999
trace_00015,trace_00036,arith_003,logic_004,arithmetic,symbolic_logic,correct,correct,False,False,True,0.7156011767823552,0.8333333333333334
trace_00015,trace_00037,arith_003,logic_004,arithmetic,symbolic_logic,correct,correct,False,False,True,0.6233526063662866,0.6666666666666665
trace_00015,trace_00038,arith_003,logic_004,arithmetic,symbolic_logic,correct,correct,False,False,True,1.0,1.0
trace_00015,trace_00039,arith_003,logic_004,arithmetic,symbolic_logic,correct,correct,False,False,True,0.537697968674856,0.5714285714285714
trace_00015,trace_00040,arith_003,logic_004,arithmetic,symbolic_logic,correct,incorrect,False,False,False,0.537697968674856,0.5714285714285714
trace_00015,trace_00041,arith_003,temporal_001,arithmetic,temporal_ordering,correct,incorrect,False,False,False,0.6532319305519041,0.7142857142857142
trace_00015,trace_00042,arith_003,temporal_001,arithmetic,temporal_ordering,correct,incorrect,False,False,False,0.537697968674856,0.5714285714285714
trace_00015,trace_00043,arith_003,temporal_001,arithmetic,temporal_ordering,correct,correct,False,False,True,0.6358849904480702,0.75
trace_00015,trace_00044,arith_003,temporal_001,arithmetic,temporal_ordering,correct,incorrect,False,False,False,0.31374948522715906,0.5
trace_00015,trace_00045,arith_003,temporal_001,arithmetic,temporal_ordering,correct,incorrect,False,False,False,0.6532319305519041,0.7142857142857142
trace_00015,trace_00046,arith_003,temporal_002,arithmetic,temporal_ordering,correct,incorrect,False,False,False,0.7635785528462102,0.875
trace_00015,trace_00047,arith_003,temporal_002,arithmetic,temporal_ordering,correct,correct,False,False,True,0.4660044828669804,0.5
trace_00015,trace_00048,arith_003,temporal_002,arithmetic,temporal_ordering,correct,correct,False,False,True,0.3835972915664746,0.42857142857142855
trace_00015,trace_00049,arith_003,temporal_002,arithmetic,temporal_ordering,correct,correct,False,False,True,0.7156011767823552,0.8333333333333334
trace_00015,trace_00050,arith_003,temporal_002,arithmetic,temporal_ordering,correct,correct,False,False,True,0.4660044828669804,0.5
trace_00015,trace_00051,arith_003,temporal_003,arithmetic,temporal_ordering,correct,correct,False,False,True,0.7163906825501495,0.8
trace_00015,trace_00052,arith_003,temporal_003,arithmetic,temporal_ordering,correct,incorrect,False,False,False,1.0,1.0
trace_00015,trace_00053,arith_003,temporal_003,arithmetic,temporal_ordering,correct,incorrect,False,False,False,1.0,0.9999999999999999
trace_00015,trace_00054,arith_003,temporal_003,arithmetic,temporal_ordering,correct,correct,False,False,True,1.0,1.0
trace_00015,trace_00055,arith_003,temporal_003,arithmetic,temporal_ordering,correct,correct,False,False,True,0.6778644947790888,0.75
trace_00015,trace_00056,arith_003,temporal_004,arithmetic,temporal_ordering,correct,incorrect,False,False,False,1.0,1.0
trace_00015,trace_00057,arith_003,temporal_004,arithmetic,temporal_ordering,correct,incorrect,False,False,False,1.0,1.0
trace_00015,trace_00058,arith_003,temporal_004,arithmetic,temporal_ordering,correct,incorrect,False,False,False,1.0,1.0
trace_00015,trace_00059,arith_003,temporal_004,arithmetic,temporal_ordering,correct,incorrect,False,False,False,1.0,1.0
trace_00015,trace_00060,arith_003,temporal_004,arithmetic,temporal_ordering,correct,incorrect,False,False,False,1.0,1.0
trace_00015,trace_00061,arith_003,causal_001,arithmetic,causal_micro_world,correct,incorrect,False,False,False,0.19383859940507192,0.3333333333333333
trace_00015,trace_00062,arith_003,causal_001,arithmetic,causal_micro_world,correct,correct,False,False,True,0.0069498979327612745,0.09523809523809523
trace_00015,trace_00063,arith_003,causal_001,arithmetic,causal_micro_world,correct,uncertain,False,False,False,0.4660044828669804,0.5
trace_00015,trace_00064,arith_003,causal_001,arithmetic,causal_micro_world,correct,incorrect,False,False,False,0.4660044828669804,0.5
trace_00015,trace_00065,arith_003,causal_001,arithmetic,causal_micro_world,correct,incorrect,False,False,False,0.2569811892423542,0.4285714285714286
trace_00015,trace_00066,arith_003,causal_002,arithmetic,causal_micro_world,correct,correct,False,False,True,0.541597158808075,0.625
trace_00015,trace_00067,arith_003,causal_002,arithmetic,causal_micro_world,correct,incorrect,False,False,False,0.4145370798108541,0.4285714285714286
trace_00015,trace_00068,arith_003,causal_002,arithmetic,causal_micro_world,correct,correct,False,False,True,0.4660044828669804,0.5
trace_00015,trace_00069,arith_003,causal_002,arithmetic,causal_micro_world,correct,correct,False,False,True,0.31374948522715906,0.5
trace_00015,trace_00070,arith_003,causal_002,arithmetic,causal_micro_world,correct,correct,False,False,True,1.0,1.0
trace_00015,trace_00071,arith_003,causal_003,arithmetic,causal_micro_world,correct,incorrect,False,False,False,0.6358849904480702,0.75
trace_00015,trace_00072,arith_003,causal_003,arithmetic,causal_micro_world,correct,correct,False,False,True,0.5704859930387852,0.6666666666666666
trace_00015,trace_00073,arith_003,causal_003,arithmetic,causal_micro_world,correct,correct,False,False,True,0.19383859940507192,0.3333333333333333
trace_00015,trace_00074,arith_003,causal_003,arithmetic,causal_micro_world,correct,incorrect,False,False,False,0.31374948522715906,0.5
trace_00015,trace_00075,arith_003,causal_003,arithmetic,causal_micro_world,correct,correct,False,False,True,0.19383859940507192,0.3333333333333333
trace_00015,trace_00076,arith_003,causal_004,arithmetic,causal_micro_world,correct,correct,False,False,True,0.0069498979327612745,0.09523809523809523
trace_00015,trace_00077,arith_003,causal_004,arithmetic,causal_micro_world,correct,correct,False,False,True,0.0069498979327612745,0.09523809523809523
trace_00015,trace_00078,arith_003,causal_004,arithmetic,causal_micro_world,correct,correct,False,False,True,0.24164488546503765,0.39999999999999997
trace_00015,trace_00079,arith_003,causal_004,arithmetic,causal_micro_world,correct,correct,False,False,True,0.003702451541836349,0.07142857142857142
trace_00015,trace_00080,arith_003,causal_004,arithmetic,causal_micro_world,correct,correct,False,False,True,0.0069498979327612745,0.09523809523809523
trace_00015,trace_00081,arith_003,commonsense_001,arithmetic,commonsense_multihop,correct,incorrect,False,False,False,0.537697968674856,0.5714285714285714
trace_00015,trace_00082,arith_003,commonsense_001,arithmetic,commonsense_multihop,correct,correct,False,False,True,0.44144304762529907,0.625
trace_00015,trace_00083,arith_003,commonsense_001,arithmetic,commonsense_multihop,correct,correct,False,False,True,0.537697968674856,0.5714285714285714
trace_00015,trace_00084,arith_003,commonsense_001,arithmetic,commonsense_multihop,correct,incorrect,False,False,False,0.33895378314864194,0.5
trace_00015,trace_00085,arith_003,commonsense_001,arithmetic,commonsense_multihop,correct,incorrect,False,False,False,0.2676137539710211,0.3999999999999999
trace_00015,trace_00086,arith_003,commonsense_002,arithmetic,commonsense_multihop,correct,correct,False,False,True,0.6778644947790888,0.75
trace_00015,trace_00087,arith_003,commonsense_002,arithmetic,commonsense_multihop,correct,correct,False,False,True,0.6778644947790888,0.75
trace_00015,trace_00088,arith_003,commonsense_002,arithmetic,commonsense_multihop,correct,correct,False,False,True,0.6778644947790888,0.75
trace_00015,trace_00089,arith_003,commonsense_002,arithmetic,commonsense_multihop,correct,incorrect,False,False,False,0.6358849904480702,0.75
trace_00015,trace_00090,arith_003,commonsense_002,arithmetic,commonsense_multihop,correct,correct,False,False,True,0.39793473674638996,0.5999999999999999
trace_00015,trace_00091,arith_003,commonsense_003,arithmetic,commonsense_multihop,correct,incorrect,False,False,False,0.537697968674856,0.5714285714285714
trace_00015,trace_00092,arith_003,commonsense_003,arithmetic,commonsense_multihop,correct,correct,False,False,True,0.6233526063662866,0.6666666666666665
trace_00015,trace_00093,arith_003,commonsense_003,arithmetic,commonsense_multihop,correct,incorrect,False,False,False,0.6233526063662866,0.6666666666666665
trace_00015,trace_00094,arith_003,commonsense_003,arithmetic,commonsense_multihop,correct,incorrect,False,False,False,0.44273589193176555,0.5714285714285714
trace_00015,trace_00095,arith_003,commonsense_003,arithmetic,commonsense_multihop,correct,incorrect,False,False,False,0.6233526063662866,0.6666666666666665
trace_00015,trace_00096,arith_003,commonsense_004,arithmetic,commonsense_multihop,correct,incorrect,False,False,False,0.31374948522715906,0.5
trace_00015,trace_00097,arith_003,commonsense_004,arithmetic,commonsense_multihop,correct,incorrect,False,False,False,0.6233526063662866,0.6666666666666667
trace_00015,trace_00098,arith_003,commonsense_004,arithmetic,commonsense_multihop,correct,incorrect,False,False,False,1.0,1.0
trace_00015,trace_00099,arith_003,commonsense_004,arithmetic,commonsense_multihop,correct,incorrect,False,False,False,0.5103747876947613,0.7142857142857142
trace_00015,trace_00100,arith_003,commonsense_004,arithmetic,commonsense_multihop,correct,incorrect,False,False,False,0.31374948522715906,0.5
trace_00016,trace_00017,arith_004,arith_004,arithmetic,arithmetic,incorrect,correct,True,True,False,0.30668415184038145,0.4666666666666667
trace_00016,trace_00018,arith_004,arith_004,arithmetic,arithmetic,incorrect,incorrect,True,True,True,0.6979078010016793,0.8
trace_00016,trace_00019,arith_004,arith_004,arithmetic,arithmetic,incorrect,correct,True,True,False,0.32646585554755214,0.55
trace_00016,trace_00020,arith_004,arith_004,arithmetic,arithmetic,incorrect,correct,True,True,False,0.6099865470109875,0.8
trace_00016,trace_00021,arith_004,logic_001,arithmetic,symbolic_logic,incorrect,incorrect,False,False,True,0.6979078010016792,0.7999999999999999
trace_00016,trace_00022,arith_004,logic_001,arithmetic,symbolic_logic,incorrect,correct,False,False,False,0.30668415184038145,0.4666666666666667
trace_00016,trace_00023,arith_004,logic_001,arithmetic,symbolic_logic,incorrect,incorrect,False,False,True,0.6622817371734298,0.7999999999999999
trace_00016,trace_00024,arith_004,logic_001,arithmetic,symbolic_logic,incorrect,incorrect,False,False,True,0.30668415184038145,0.4666666666666667
trace_00016,trace_00025,arith_004,logic_001,arithmetic,symbolic_logic,incorrect,correct,False,False,False,0.40556594108227295,0.5499999999999999
trace_00016,trace_00026,arith_004,logic_002,arithmetic,symbolic_logic,incorrect,incorrect,False,False,True,0.40556594108227295,0.5499999999999999
trace_00016,trace_00027,arith_004,logic_002,arithmetic,symbolic_logic,incorrect,incorrect,False,False,True,0.18257382761867297,0.35
trace_00016,trace_00028,arith_004,logic_002,arithmetic,symbolic_logic,incorrect,correct,False,False,False,0.30668415184038145,0.4666666666666667
trace_00016,trace_00029,arith_004,logic_002,arithmetic,symbolic_logic,incorrect,correct,False,False,False,0.30668415184038145,0.4666666666666667
trace_00016,trace_00030,arith_004,logic_002,arithmetic,symbolic_logic,incorrect,incorrect,False,False,True,0.18257382761867297,0.35
trace_00016,trace_00031,arith_004,logic_003,arithmetic,symbolic_logic,incorrect,incorrect,False,False,True,0.6622817371734298,0.7999999999999999
trace_00016,trace_00032,arith_004,logic_003,arithmetic,symbolic_logic,incorrect,incorrect,False,False,True,0.745484265886676,0.7999999999999999
trace_00016,trace_00033,arith_004,logic_003,arithmetic,symbolic_logic,incorrect,incorrect,False,False,True,0.40556594108227295,0.5499999999999999
trace_00016,trace_00034,arith_004,logic_003,arithmetic,symbolic_logic,incorrect,incorrect,False,False,True,0.6979078010016792,0.7999999999999999
trace_00016,trace_00035,arith_004,logic_003,arithmetic,symbolic_logic,incorrect,correct,False,False,False,0.30668415184038145,0.4666666666666667
trace_00016,trace_00036,arith_004,logic_004,arithmetic,symbolic_logic,incorrect,correct,False,False,False,0.30668415184038145,0.4666666666666667
trace_00016,trace_00037,arith_004,logic_004,arithmetic,symbolic_logic,incorrect,correct,False,False,False,0.05216841772705745,0.2666666666666666
trace_00016,trace_00038,arith_004,logic_004,arithmetic,symbolic_logic,incorrect,correct,False,False,False,0.15119118468935305,0.3
trace_00016,trace_00039,arith_004,logic_004,arithmetic,symbolic_logic,incorrect,correct,False,False,False,0.3958156020033583,0.6
trace_00016,trace_00040,arith_004,logic_004,arithmetic,symbolic_logic,incorrect,incorrect,False,False,True,0.15119118468935305,0.3
trace_00016,trace_00041,arith_004,temporal_001,arithmetic,temporal_ordering,incorrect,incorrect,False,False,True,0.021321699494295267,0.1714285714285714
trace_00016,trace_00042,arith_004,temporal_001,arithmetic,temporal_ordering,incorrect,incorrect,False,False,True,0.3958156020033583,0.6
trace_00016,trace_00043,arith_004,temporal_001,arithmetic,temporal_ordering,incorrect,correct,False,False,False,0.23029127022407392,0.3
trace_00016,trace_00044,arith_004,temporal_001,arithmetic,temporal_ordering,incorrect,incorrect,False,False,True,0.23029127022407392,0.30000000000000004
trace_00016,trace_00045,arith_004,temporal_001,arithmetic,temporal_ordering,incorrect,incorrect,False,False,True,0.021321699494295267,0.1714285714285714
trace_00016,trace_00046,arith_004,temporal_002,arithmetic,temporal_ordering,incorrect,incorrect,False,False,True,0.3084050417339981,0.42499999999999993
trace_00016,trace_00047,arith_004,temporal_002,arithmetic,temporal_ordering,incorrect,correct,False,False,False,0.45328338368767396,0.5
trace_00016,trace_00048,arith_004,temporal_002,arithmetic,temporal_ordering,incorrect,correct,False,False,False,0.745484265886676,0.7999999999999999
trace_00016,trace_00049,arith_004,temporal_002,arithmetic,temporal_ordering,incorrect,correct,False,False,False,0.1987676495743499,0.29999999999999993
trace_00016,trace_00050,arith_004,temporal_002,arithmetic,temporal_ordering,incorrect,correct,False,False,False,0.6979078010016792,0.8
trace_00016,trace_00051,arith_004,temporal_003,arithmetic,temporal_ordering,incorrect,correct,False,False,False,0.039035952556318795,0.19999999999999998
trace_00016,trace_00052,arith_004,temporal_003,arithmetic,temporal_ordering,incorrect,incorrect,False,False,True,0.11341703943421969,0.19999999999999998
trace_00016,trace_00053,arith_004,temporal_003,arithmetic,temporal_ordering,incorrect,incorrect,False,False,True,0.2234816231271352,0.4666666666666667
trace_00016,trace_00054,arith_004,temporal_003,arithmetic,temporal_ordering,incorrect,correct,False,False,False,0.6099865470109875,0.7999999999999999
trace_00016,trace_00055,arith_004,temporal_003,arithmetic,temporal_ordering,incorrect,correct,False,False,False,0.23029127022407392,0.30000000000000004
trace_00016,trace_00056,arith_004,temporal_004,arithmetic,temporal_ordering,incorrect,incorrect,False,False,True,0.15119118468935305,0.3
trace_00016,trace_00057,arith_004,temporal_004,arithmetic,temporal_ordering,incorrect,incorrect,False,False,True,0.15119118468935305,0.3
trace_00016,trace_00058,arith_004,temporal_004,arithmetic,temporal_ordering,incorrect,incorrect,False,False,True,0.15119118468935305,0.3
trace_00016,trace_00059,arith_004,temporal_004,arithmetic,temporal_ordering,incorrect,incorrect,False,False,True,0.15119118468935305,0.3
trace_00016,trace_00060,arith_004,temporal_004,arithmetic,temporal_ordering,incorrect,incorrect,False,False,True,0.15119118468935305,0.3
trace_00016,trace_00061,arith_004,causal_001,arithmetic,causal_micro_world,incorrect,incorrect,False,False,True,0.490968531773352,0.6
trace_00016,trace_00062,arith_004,causal_001,arithmetic,causal_micro_world,incorrect,correct,False,False,False,0.745484265886676,0.7999999999999999
trace_00016,trace_00063,arith_004,causal_001,arithmetic,causal_micro_world,incorrect,uncertain,False,False,False,0.37896101384959674,0.5
trace_00016,trace_00064,arith_004,causal_001,arithmetic,causal_micro_world,incorrect,incorrect,False,False,True,0.6979078010016792,0.8
trace_00016,trace_00065,arith_004,causal_001,arithmetic,causal_micro_world,incorrect,incorrect,False,False,True,1.0,1.0
trace_00016,trace_00066,arith_004,causal_002,arithmetic,causal_micro_world,incorrect,correct,False,False,False,0.49160906972326823,0.6749999999999999
trace_00016,trace_00067,arith_004,causal_002,arithmetic,causal_micro_world,incorrect,incorrect,False,False,True,0.5145247027726657,0.6
trace_00016,trace_00068,arith_004,causal_002,arithmetic,causal_micro_world,incorrect,correct,False,False,False,0.40556594108227295,0.5499999999999999
trace_00016,trace_00069,arith_004,causal_002,arithmetic,causal_micro_world,incorrect,correct,False,False,False,0.47491568753807917,0.6
trace_00016,trace_00070,arith_004,causal_002,arithmetic,causal_micro_world,incorrect,correct,False,False,False,0.15119118468935305,0.3
trace_00016,trace_00071,arith_004,causal_003,arithmetic,causal_micro_world,incorrect,incorrect,False,False,True,0.6285580545458729,0.75
trace_00016,trace_00072,arith_004,causal_003,arithmetic,causal_micro_world,incorrect,correct,False,False,False,0.5611998859537054,0.6666666666666666
trace_00016,trace_00073,arith_004,causal_003,arithmetic,causal_micro_world,incorrect,correct,False,False,False,0.745484265886676,0.7999999999999999
trace_00016,trace_00074,arith_004,causal_003,arithmetic,causal_micro_world,incorrect,incorrect,False,False,True,0.40556594108227295,0.55
trace_00016,trace_00075,arith_004,causal_003,arithmetic,causal_micro_world,incorrect,correct,False,False,False,0.745484265886676,0.7999999999999999
trace_00016,trace_00076,arith_004,causal_004,arithmetic,causal_micro_world,incorrect,correct,False,False,False,0.745484265886676,0.7999999999999999
trace_00016,trace_00077,arith_004,causal_004,arithmetic,causal_micro_world,incorrect,correct,False,False,False,0.745484265886676,0.7999999999999999
trace_00016,trace_00078,arith_004,causal_004,arithmetic,causal_micro_world,incorrect,correct,False,False,False,0.2754887502163468,0.4
trace_00016,trace_00079,arith_004,causal_004,arithmetic,causal_micro_world,incorrect,correct,False,False,False,0.6979078010016793,0.8
trace_00016,trace_00080,arith_004,causal_004,arithmetic,causal_micro_world,incorrect,correct,False,False,False,0.745484265886676,0.7999999999999999
trace_00016,trace_00081,arith_004,commonsense_001,arithmetic,commonsense_multihop,incorrect,incorrect,False,False,True,0.32646585554755214,0.55
trace_00016,trace_00082,arith_004,commonsense_001,arithmetic,commonsense_multihop,incorrect,correct,False,False,False,0.08541292827039809,0.22499999999999998
trace_00016,trace_00083,arith_004,commonsense_001,arithmetic,commonsense_multihop,incorrect,correct,False,False,False,0.15383149207314079,0.43333333333333335
trace_00016,trace_00084,arith_004,commonsense_001,arithmetic,commonsense_multihop,incorrect,incorrect,False,False,True,0.30668415184038145,0.4666666666666666
trace_00016,trace_00085,arith_004,commonsense_001,arithmetic,commonsense_multihop,incorrect,incorrect,False,False,True,0.1999999999999999,0.4
trace_00016,trace_00086,arith_004,commonsense_002,arithmetic,commonsense_multihop,incorrect,correct,False,False,False,0.10347374208395212,0.35
trace_00016,trace_00087,arith_004,commonsense_002,arithmetic,commonsense_multihop,incorrect,correct,False,False,False,0.007299156760473963,0.09999999999999998
trace_00016,trace_00088,arith_004,commonsense_002,arithmetic,commonsense_multihop,incorrect,correct,False,False,False,0.18257382761867297,0.35
trace_00016,trace_00089,arith_004,commonsense_002,arithmetic,commonsense_multihop,incorrect,incorrect,False,False,True,0.23029127022407392,0.3
trace_00016,trace_00090,arith_004,commonsense_002,arithmetic,commonsense_multihop,incorrect,correct,False,False,False,0.2754887502163468,0.4
trace_00016,trace_00091,arith_004,commonsense_003,arithmetic,commonsense_multihop,incorrect,incorrect,False,False,True,0.15119118468935305,0.3
trace_00016,trace_00092,arith_004,commonsense_003,arithmetic,commonsense_multihop,incorrect,correct,False,False,False,0.05216841772705745,0.2666666666666666
trace_00016,trace_00093,arith_004,commonsense_003,arithmetic,commonsense_multihop,incorrect,incorrect,False,False,True,0.30668415184038145,0.4666666666666667
trace_00016,trace_00094,arith_004,commonsense_003,arithmetic,commonsense_multihop,incorrect,incorrect,False,False,True,0.27587645901336433,0.55
trace_00016,trace_00095,arith_004,commonsense_003,arithmetic,commonsense_multihop,incorrect,incorrect,False,False,True,0.05216841772705745,0.2666666666666666
trace_00016,trace_00096,arith_004,commonsense_004,arithmetic,commonsense_multihop,incorrect,incorrect,False,False,True,0.47491568753807917,0.6
trace_00016,trace_00097,arith_004,commonsense_004,arithmetic,commonsense_multihop,incorrect,incorrect,False,False,True,0.40776600306010574,0.6
trace_00016,trace_00098,arith_004,commonsense_004,arithmetic,commonsense_multihop,incorrect,incorrect,False,False,True,0.15119118468935305,0.3
trace_00016,trace_00099,arith_004,commonsense_004,arithmetic,commonsense_multihop,incorrect,incorrect,False,False,True,0.5135665530560428,0.6571428571428571
trace_00016,trace_00100,arith_004,commonsense_004,arithmetic,commonsense_multihop,incorrect,incorrect,False,False,True,0.47491568753807917,0.6
trace_00017,trace_00018,arith_004,arith_004,arithmetic,arithmetic,correct,incorrect,True,True,False,0.1908745046211096,0.33333333333333337
trace_00017,trace_00019,arith_004,arith_004,arithmetic,arithmetic,correct,correct,True,True,True,0.020720839623908215,0.16666666666666666
trace_00017,trace_00020,arith_004,arith_004,arithmetic,arithmetic,correct,correct,True,True,True,0.4591479170272448,0.6666666666666667
trace_00017,trace_00021,arith_004,logic_001,arithmetic,symbolic_logic,correct,incorrect,False,False,False,1.0,0.9999999999999999
trace_00017,trace_00022,arith_004,logic_001,arithmetic,symbolic_logic,correct,correct,False,False,True,0.6666666666666666,0.6666666666666666
trace_00017,trace_00023,arith_004,logic_001,arithmetic,symbolic_logic,correct,incorrect,False,False,False,1.0,0.9999999999999999
trace_00017,trace_00024,arith_004,logic_001,arithmetic,symbolic_logic,correct,incorrect,False,False,False,0.6666666666666666,0.6666666666666666
trace_00017,trace_00025,arith_004,logic_001,arithmetic,symbolic_logic,correct,correct,False,False,True,0.42528358731335336,0.5
trace_00017,trace_00026,arith_004,logic_002,arithmetic,symbolic_logic,correct,incorrect,False,False,False,0.7126417936566767,0.7499999999999999
trace_00017,trace_00027,arith_004,logic_002,arithmetic,symbolic_logic,correct,incorrect,False,False,False,0.42528358731335336,0.5
trace_00017,trace_00028,arith_004,logic_002,arithmetic,symbolic_logic,correct,correct,False,False,True,0.6666666666666666,0.6666666666666666
trace_00017,trace_00029,arith_004,logic_002,arithmetic,symbolic_logic,correct,correct,False,False,True,0.6666666666666666,0.6666666666666666
trace_00017,trace_00030,arith_004,logic_002,arithmetic,symbolic_logic,correct,incorrect,False,False,False,0.42528358731335336,0.5
trace_00017,trace_00031,arith_004,logic_003,arithmetic,symbolic_logic,correct,incorrect,False,False,False,1.0,0.9999999999999999
trace_00017,trace_00032,arith_004,logic_003,arithmetic,symbolic_logic,correct,incorrect,False,False,False,1.0,0.9999999999999999
trace_00017,trace_00033,arith_004,logic_003,arithmetic,symbolic_logic,correct,incorrect,False,False,False,0.7126417936566767,0.7499999999999999
trace_00017,trace_00034,arith_004,logic_003,arithmetic,symbolic_logic,correct,incorrect,False,False,False,1.0,0.9999999999999999
trace_00017,trace_00035,arith_004,logic_003,arithmetic,symbolic_logic,correct,correct,False,False,True,0.6666666666666666,0.6666666666666666
trace_00017,trace_00036,arith_004,logic_004,arithmetic,symbolic_logic,correct,correct,False,False,True,0.43709270815304424,0.5
trace_00017,trace_00037,arith_004,logic_004,arithmetic,symbolic_logic,correct,correct,False,False,True,0.3333333333333333,0.3333333333333333
trace_00017,trace_00038,arith_004,logic_004,arithmetic,symbolic_logic,correct,correct,False,False,True,0.5954372523105549,0.6666666666666666
trace_00017,trace_00039,arith_004,logic_004,arithmetic,symbolic_logic,correct,correct,False,False,True,0.5954372523105548,0.6666666666666666
trace_00017,trace_00040,arith_004,logic_004,arithmetic,symbolic_logic,correct,incorrect,False,False,False,0.1908745046211096,0.33333333333333337
trace_00017,trace_00041,arith_004,temporal_001,arithmetic,temporal_ordering,correct,incorrect,False,False,False,0.31515125214952394,0.38095238095238093
trace_00017,trace_00042,arith_004,temporal_001,arithmetic,temporal_ordering,correct,incorrect,False,False,False,0.5954372523105548,0.6666666666666666
trace_00017,trace_00043,arith_004,temporal_001,arithmetic,temporal_ordering,correct,correct,False,False,True,0.3080790459672315,0.41666666666666663
trace_00017,trace_00044,arith_004,temporal_001,arithmetic,temporal_ordering,correct,incorrect,False,False,False,0.020720839623908215,0.16666666666666666
trace_00017,trace_00045,arith_004,temporal_001,arithmetic,temporal_ordering,correct,incorrect,False,False,False,0.31515125214952394,0.38095238095238093
trace_00017,trace_00046,arith_004,temporal_002,arithmetic,temporal_ordering,correct,incorrect,False,False,False,0.45299159185163,0.5416666666666666
trace_00017,trace_00047,arith_004,temporal_002,arithmetic,temporal_ordering,correct,correct,False,False,True,0.1908745046211096,0.33333333333333337
trace_00017,trace_00048,arith_004,temporal_002,arithmetic,temporal_ordering,correct,correct,False,False,True,0.5408520829727551,0.6666666666666666
trace_00017,trace_00049,arith_004,temporal_002,arithmetic,temporal_ordering,correct,correct,False,False,True,0.3658632937969324,0.5
trace_00017,trace_00050,arith_004,temporal_002,arithmetic,temporal_ordering,correct,correct,False,False,True,0.5954372523105549,0.6666666666666666
trace_00017,trace_00051,arith_004,temporal_003,arithmetic,temporal_ordering,correct,correct,False,False,True,0.3810065216784586,0.4666666666666667
trace_00017,trace_00052,arith_004,temporal_003,arithmetic,temporal_ordering,correct,incorrect,False,False,False,0.5408520829727551,0.6666666666666666
trace_00017,trace_00053,arith_004,temporal_003,arithmetic,temporal_ordering,correct,incorrect,False,False,False,0.6666666666666666,0.6666666666666666
trace_00017,trace_00054,arith_004,temporal_003,arithmetic,temporal_ordering,correct,correct,False,False,True,1.0,0.9999999999999999
trace_00017,trace_00055,arith_004,temporal_003,arithmetic,temporal_ordering,correct,correct,False,False,True,0.3080790459672315,0.41666666666666663
trace_00017,trace_00056,arith_004,temporal_004,arithmetic,temporal_ordering,correct,incorrect,False,False,False,0.5954372523105549,0.6666666666666666
trace_00017,trace_00057,arith_004,temporal_004,arithmetic,temporal_ordering,correct,incorrect,False,False,False,0.5954372523105549,0.6666666666666666
trace_00017,trace_00058,arith_004,temporal_004,arithmetic,temporal_ordering,correct,incorrect,False,False,False,0.5954372523105549,0.6666666666666666
trace_00017,trace_00059,arith_004,temporal_004,arithmetic,temporal_ordering,correct,incorrect,False,False,False,0.5954372523105549,0.6666666666666666
trace_00017,trace_00060,arith_004,temporal_004,arithmetic,temporal_ordering,correct,incorrect,False,False,False,0.5954372523105549,0.6666666666666666
trace_00017,trace_00061,arith_004,causal_001,arithmetic,causal_micro_world,correct,incorrect,False,False,False,0.3333333333333333,0.3333333333333333
trace_00017,trace_00062,arith_004,causal_001,arithmetic,causal_micro_world,correct,correct,False,False,True,0.20751874963942185,0.3333333333333333
trace_00017,trace_00063,arith_004,causal_001,arithmetic,causal_micro_world,correct,uncertain,False,False,False,0.26210391897722146,0.33333333333333337
trace_00017,trace_00064,arith_004,causal_001,arithmetic,causal_micro_world,correct,incorrect,False,False,False,0.5954372523105549,0.6666666666666666
trace_00017,trace_00065,arith_004,causal_001,arithmetic,causal_micro_world,correct,incorrect,False,False,False,0.4591479170272448,0.6666666666666666
trace_00017,trace_00066,arith_004,causal_002,arithmetic,causal_micro_world,correct,correct,False,False,True,0.45299159185163,0.5416666666666666
trace_00017,trace_00067,arith_004,causal_002,arithmetic,causal_micro_world,correct,incorrect,False,False,False,0.19672214174548802,0.33333333333333337
trace_00017,trace_00068,arith_004,causal_002,arithmetic,causal_micro_world,correct,correct,False,False,True,0.3080790459672315,0.41666666666666663
trace_00017,trace_00069,arith_004,causal_002,arithmetic,causal_micro_world,correct,correct,False,False,True,0.42528358731335336,0.5
trace_00017,trace_00070,arith_004,causal_002,arithmetic,causal_micro_world,correct,correct,False,False,True,0.5954372523105549,0.6666666666666666
trace_00017,trace_00071,arith_004,causal_003,arithmetic,causal_micro_world,correct,incorrect,False,False,False,0.42528358731335336,0.5
trace_00017,trace_00072,arith_004,causal_003,arithmetic,causal_micro_world,correct,correct,False,False,True,0.3333333333333333,0.3333333333333333
trace_00017,trace_00073,arith_004,causal_003,arithmetic,causal_micro_world,correct,correct,False,False,True,0.3333333333333333,0.3333333333333333
trace_00017,trace_00074,arith_004,causal_003,arithmetic,causal_micro_world,correct,incorrect,False,False,False,0.13792538097003013,0.24999999999999997
trace_00017,trace_00075,arith_004,causal_003,arithmetic,causal_micro_world,correct,correct,False,False,True,0.3333333333333333,0.3333333333333333
trace_00017,trace_00076,arith_004,causal_004,arithmetic,causal_micro_world,correct,correct,False,False,True,0.20751874963942185,0.3333333333333333
trace_00017,trace_00077,arith_004,causal_004,arithmetic,causal_micro_world,correct,correct,False,False,True,0.20751874963942185,0.3333333333333333
trace_00017,trace_00078,arith_004,causal_004,arithmetic,causal_micro_world,correct,correct,False,False,True,0.1264907875651346,0.26666666666666666
trace_00017,trace_00079,arith_004,causal_004,arithmetic,causal_micro_world,correct,correct,False,False,True,0.1908745046211096,0.33333333333333337
trace_00017,trace_00080,arith_004,causal_004,arithmetic,causal_micro_world,correct,correct,False,False,True,0.20751874963942185,0.3333333333333333
trace_00017,trace_00081,arith_004,commonsense_001,arithmetic,commonsense_multihop,correct,incorrect,False,False,False,0.30807904596723146,0.41666666666666663
trace_00017,trace_00082,arith_004,commonsense_001,arithmetic,commonsense_multihop,correct,correct,False,False,True,0.16563338550830675,0.29166666666666663
trace_00017,trace_00083,arith_004,commonsense_001,arithmetic,commonsense_multihop,correct,correct,False,False,True,0.3658632937969324,0.5
trace_00017,trace_00084,arith_004,commonsense_001,arithmetic,commonsense_multihop,correct,incorrect,False,False,False,0.10375937481971093,0.16666666666666666
trace_00017,trace_00085,arith_004,commonsense_001,arithmetic,commonsense_multihop,correct,incorrect,False,False,False,0.1264907875651346,0.26666666666666666
trace_00017,trace_00086,arith_004,commonsense_002,arithmetic,commonsense_multihop,correct,correct,False,False,True,0.42528358731335336,0.5
trace_00017,trace_00087,arith_004,commonsense_002,arithmetic,commonsense_multihop,correct,correct,False,False,True,0.3080790459672315,0.41666666666666663
trace_00017,trace_00088,arith_004,commonsense_002,arithmetic,commonsense_multihop,correct,correct,False,False,True,0.42528358731335336,0.5
trace_00017,trace_00089,arith_004,commonsense_002,arithmetic,commonsense_multihop,correct,incorrect,False,False,False,0.3080790459672315,0.41666666666666663
trace_00017,trace_00090,arith_004,commonsense_002,arithmetic,commonsense_multihop,correct,correct,False,False,True,0.236452797660028,0.39999999999999997
trace_00017,trace_00091,arith_004,commonsense_003,arithmetic,commonsense_multihop,correct,incorrect,False,False,False,0.1908745046211096,0.33333333333333337
trace_00017,trace_00092,arith_004,commonsense_003,arithmetic,commonsense_multihop,correct,correct,False,False,True,0.3333333333333333,0.3333333333333333
trace_00017,trace_00093,arith_004,commonsense_003,arithmetic,commonsense_multihop,correct,incorrect,False,False,False,0.3333333333333333,0.3333333333333333
trace_00017,trace_00094,arith_004,commonsense_003,arithmetic,commonsense_multihop,correct,incorrect,False,False,False,0.23029215520445234,0.41666666666666663
trace_00017,trace_00095,arith_004,commonsense_003,arithmetic,commonsense_multihop,correct,incorrect,False,False,False,0.3333333333333333,0.3333333333333333
trace_00017,trace_00096,arith_004,commonsense_004,arithmetic,commonsense_multihop,correct,incorrect,False,False,False,0.42528358731335336,0.5
trace_00017,trace_00097,arith_004,commonsense_004,arithmetic,commonsense_multihop,correct,incorrect,False,False,False,0.6666666666666666,0.6666666666666666
trace_00017,trace_00098,arith_004,commonsense_004,arithmetic,commonsense_multihop,correct,incorrect,False,False,False,0.5954372523105549,0.6666666666666666
trace_00017,trace_00099,arith_004,commonsense_004,arithmetic,commonsense_multihop,correct,incorrect,False,False,False,0.5803376670330035,0.7142857142857142
trace_00017,trace_00100,arith_004,commonsense_004,arithmetic,commonsense_multihop,correct,incorrect,False,False,False,0.42528358731335336,0.5
trace_00018,trace_00019,arith_004,arith_004,arithmetic,arithmetic,incorrect,correct,True,True,False,0.1556390622295664,0.25
trace_00018,trace_00020,arith_004,arith_004,arithmetic,arithmetic,incorrect,correct,True,True,False,0.3112781244591328,0.5
trace_00018,trace_00021,arith_004,logic_001,arithmetic,symbolic_logic,incorrect,incorrect,False,False,True,1.0,1.0
trace_00018,trace_00022,arith_004,logic_001,arithmetic,symbolic_logic,incorrect,correct,False,False,False,1.0,0.9999999999999999
trace_00018,trace_00023,arith_004,logic_001,arithmetic,symbolic_logic,incorrect,incorrect,False,False,True,1.0,0.9999999999999999
trace_00018,trace_00024,arith_004,logic_001,arithmetic,symbolic_logic,incorrect,incorrect,False,False,True,1.0,0.9999999999999999
trace_00018,trace_00025,arith_004,logic_001,arithmetic,symbolic_logic,incorrect,correct,False,False,False,0.6556390622295665,0.75
trace_00018,trace_00026,arith_004,logic_002,arithmetic,symbolic_logic,incorrect,incorrect,False,False,True,1.0,1.0
trace_00018,trace_00027,arith_004,logic_002,arithmetic,symbolic_logic,incorrect,incorrect,False,False,True,0.6556390622295665,0.75
trace_00018,trace_00028,arith_004,logic_002,arithmetic,symbolic_logic,incorrect,correct,False,False,False,1.0,0.9999999999999999
trace_00018,trace_00029,arith_004,logic_002,arithmetic,symbolic_logic,incorrect,correct,False,False,False,1.0,0.9999999999999999
trace_00018,trace_00030,arith_004,logic_002,arithmetic,symbolic_logic,incorrect,incorrect,False,False,True,0.6556390622295665,0.75
trace_00018,trace_00031,arith_004,logic_003,arithmetic,symbolic_logic,incorrect,incorrect,False,False,True,1.0,0.9999999999999999
trace_00018,trace_00032,arith_004,logic_003,arithmetic,symbolic_logic,incorrect,incorrect,False,False,True,1.0,1.0
trace_00018,trace_00033,arith_004,logic_003,arithmetic,symbolic_logic,incorrect,incorrect,False,False,True,1.0,1.0
trace_00018,trace_00034,arith_004,logic_003,arithmetic,symbolic_logic,incorrect,incorrect,False,False,True,1.0,1.0
trace_00018,trace_00035,arith_004,logic_003,arithmetic,symbolic_logic,incorrect,correct,False,False,False,1.0,0.9999999999999999
trace_00018,trace_00036,arith_004,logic_004,arithmetic,symbolic_logic,incorrect,correct,False,False,False,0.7295739585136223,0.8333333333333334
trace_00018,trace_00037,arith_004,logic_004,arithmetic,symbolic_logic,incorrect,correct,False,False,False,0.5954372523105548,0.6666666666666666
trace_00018,trace_00038,arith_004,logic_004,arithmetic,symbolic_logic,incorrect,correct,False,False,False,1.0,1.0
trace_00018,trace_00039,arith_004,logic_004,arithmetic,symbolic_logic,incorrect,correct,False,False,False,0.5,0.5
trace_00018,trace_00040,arith_004,logic_004,arithmetic,symbolic_logic,incorrect,incorrect,False,False,True,0.5,0.5
trace_00018,trace_00041,arith_004,temporal_001,arithmetic,temporal_ordering,incorrect,incorrect,False,False,True,0.6284905946211771,0.7142857142857144
trace_00018,trace_00042,arith_004,temporal_001,arithmetic,temporal_ordering,incorrect,incorrect,False,False,True,0.5,0.5
trace_00018,trace_00043,arith_004,temporal_001,arithmetic,temporal_ordering,incorrect,correct,False,False,False,0.6556390622295665,0.75
trace_00018,trace_00044,arith_004,temporal_001,arithmetic,temporal_ordering,incorrect,incorrect,False,False,True,0.3112781244591328,0.5
trace_00018,trace_00045,arith_004,temporal_001,arithmetic,temporal_ordering,incorrect,incorrect,False,False,True,0.6284905946211771,0.7142857142857144
trace_00018,trace_00046,arith_004,temporal_002,arithmetic,temporal_ordering,incorrect,incorrect,False,False,True,0.7743974703476993,0.875
trace_00018,trace_00047,arith_004,temporal_002,arithmetic,temporal_ordering,incorrect,correct,False,False,False,0.5,0.5
trace_00018,trace_00048,arith_004,temporal_002,arithmetic,temporal_ordering,incorrect,correct,False,False,False,0.42528358731335336,0.5
trace_00018,trace_00049,arith_004,temporal_002,arithmetic,temporal_ordering,incorrect,correct,False,False,False,0.7295739585136224,0.8333333333333334
trace_00018,trace_00050,arith_004,temporal_002,arithmetic,temporal_ordering,incorrect,correct,False,False,False,0.5,0.5
trace_00018,trace_00051,arith_004,temporal_003,arithmetic,temporal_ordering,incorrect,correct,False,False,False,0.6979078010016793,0.8
trace_00018,trace_00052,arith_004,temporal_003,arithmetic,temporal_ordering,incorrect,incorrect,False,False,True,1.0,0.9999999999999999
trace_00018,trace_00053,arith_004,temporal_003,arithmetic,temporal_ordering,incorrect,incorrect,False,False,True,1.0,1.0
trace_00018,trace_00054,arith_004,temporal_003,arithmetic,temporal_ordering,incorrect,correct,False,False,False,1.0,1.0
trace_00018,trace_00055,arith_004,temporal_003,arithmetic,temporal_ordering,incorrect,correct,False,False,False,0.6556390622295665,0.75
trace_00018,trace_00056,arith_004,temporal_004,arithmetic,temporal_ordering,incorrect,incorrect,False,False,True,1.0,1.0
trace_00018,trace_00057,arith_004,temporal_004,arithmetic,temporal_ordering,incorrect,incorrect,False,False,True,1.0,1.0
trace_00018,trace_00058,arith_004,temporal_004,arithmetic,temporal_ordering,incorrect,incorrect,False,False,True,1.0,1.0
trace_00018,trace_00059,arith_004,temporal_004,arithmetic,temporal_ordering,incorrect,incorrect,False,False,True,1.0,1.0
trace_00018,trace_00060,arith_004,temporal_004,arithmetic,temporal_ordering,incorrect,incorrect,False,False,True,1.0,1.0
trace_00018,trace_00061,arith_004,causal_001,arithmetic,causal_micro_world,incorrect,incorrect,False,False,True,0.1908745046211096,0.33333333333333337
trace_00018,trace_00062,arith_004,causal_001,arithmetic,causal_micro_world,incorrect,correct,False,False,False,0.020720839623908215,0.16666666666666666
trace_00018,trace_00063,arith_004,causal_001,arithmetic,causal_micro_world,incorrect,uncertain,False,False,False,0.5,0.5
trace_00018,trace_00064,arith_004,causal_001,arithmetic,causal_micro_world,incorrect,incorrect,False,False,True,0.5,0.5
trace_00018,trace_00065,arith_004,causal_001,arithmetic,causal_micro_world,incorrect,incorrect,False,False,True,0.3112781244591328,0.5
trace_00018,trace_00066,arith_004,causal_002,arithmetic,causal_micro_world,incorrect,correct,False,False,False,0.5689626904850149,0.625
trace_00018,trace_00067,arith_004,causal_002,arithmetic,causal_micro_world,incorrect,incorrect,False,False,True,0.45328338368767396,0.5
trace_00018,trace_00068,arith_004,causal_002,arithmetic,causal_micro_world,incorrect,correct,False,False,False,0.5,0.5
trace_00018,trace_00069,arith_004,causal_002,arithmetic,causal_micro_world,incorrect,correct,False,False,False,0.3112781244591328,0.5
trace_00018,trace_00070,arith_004,causal_002,arithmetic,causal_micro_world,incorrect,correct,False,False,False,1.0,1.0
trace_00018,trace_00071,arith_004,causal_003,arithmetic,causal_micro_world,incorrect,incorrect,False,False,True,0.6556390622295665,0.75
trace_00018,trace_00072,arith_004,causal_003,arithmetic,causal_micro_world,incorrect,correct,False,False,False,0.5954372523105549,0.6666666666666666
trace_00018,trace_00073,arith_004,causal_003,arithmetic,causal_micro_world,incorrect,correct,False,False,False,0.1908745046211096,0.33333333333333337
trace_00018,trace_00074,arith_004,causal_003,arithmetic,causal_micro_world,incorrect,incorrect,False,False,True,0.3112781244591328,0.5
trace_00018,trace_00075,arith_004,causal_003,arithmetic,causal_micro_world,incorrect,correct,False,False,False,0.1908745046211096,0.33333333333333337
trace_00018,trace_00076,arith_004,causal_004,arithmetic,causal_micro_world,incorrect,correct,False,False,False,0.020720839623908215,0.16666666666666666
trace_00018,trace_00077,arith_004,causal_004,arithmetic,causal_micro_world,incorrect,correct,False,False,False,0.020720839623908215,0.16666666666666666
trace_00018,trace_00078,arith_004,causal_004,arithmetic,causal_micro_world,incorrect,correct,False,False,False,0.2519235740744792,0.4
trace_00018,trace_00079,arith_004,causal_004,arithmetic,causal_micro_world,incorrect,correct,False,False,False,0.0,0.0
trace_00018,trace_00080,arith_004,causal_004,arithmetic,causal_micro_world,incorrect,correct,False,False,False,0.020720839623908215,0.16666666666666666
trace_00018,trace_00081,arith_004,commonsense_001,arithmetic,commonsense_multihop,incorrect,incorrect,False,False,True,0.5,0.5
trace_00018,trace_00082,arith_004,commonsense_001,arithmetic,commonsense_multihop,incorrect,correct,False,False,False,0.4300365325772657,0.625
trace_00018,trace_00083,arith_004,commonsense_001,arithmetic,commonsense_multihop,incorrect,correct,False,False,False,0.5,0.5
trace_00018,trace_00084,arith_004,commonsense_001,arithmetic,commonsense_multihop,incorrect,incorrect,False,False,True,0.32501121082417717,0.5
trace_00018,trace_00085,arith_004,commonsense_001,arithmetic,commonsense_multihop,incorrect,incorrect,False,False,True,0.2519235740744792,0.39999999999999997
trace_00018,trace_00086,arith_004,commonsense_002,arithmetic,commonsense_multihop,incorrect,correct,False,False,False,0.6556390622295665,0.75
trace_00018,trace_00087,arith_004,commonsense_002,arithmetic,commonsense_multihop,incorrect,correct,False,False,False,0.6556390622295665,0.75
trace_00018,trace_00088,arith_004,commonsense_002,arithmetic,commonsense_multihop,incorrect,correct,False,False,False,0.6556390622295665,0.75
trace_00018,trace_00089,arith_004,commonsense_002,arithmetic,commonsense_multihop,incorrect,incorrect,False,False,True,0.6556390622295665,0.75
trace_00018,trace_00090,arith_004,commonsense_002,arithmetic,commonsense_multihop,incorrect,correct,False,False,False,0.3958156020033583,0.6
trace_00018,trace_00091,arith_004,commonsense_003,arithmetic,commonsense_multihop,incorrect,incorrect,False,False,True,0.5,0.5
trace_00018,trace_00092,arith_004,commonsense_003,arithmetic,commonsense_multihop,incorrect,correct,False,False,False,0.5954372523105548,0.6666666666666666
trace_00018,trace_00093,arith_004,commonsense_003,arithmetic,commonsense_multihop,incorrect,incorrect,False,False,True,0.5954372523105548,0.6666666666666666
trace_00018,trace_00094,arith_004,commonsense_003,arithmetic,commonsense_multihop,incorrect,incorrect,False,False,True,0.3931558784658321,0.5
trace_00018,trace_00095,arith_004,commonsense_003,arithmetic,commonsense_multihop,incorrect,incorrect,False,False,True,0.5954372523105548,0.6666666666666666
trace_00018,trace_00096,arith_004,commonsense_004,arithmetic,commonsense_multihop,incorrect,incorrect,False,False,True,0.3112781244591328,0.5
trace_00018,trace_00097,arith_004,commonsense_004,arithmetic,commonsense_multihop,incorrect,incorrect,False,False,True,0.5954372523105548,0.6666666666666666
trace_00018,trace_00098,arith_004,commonsense_004,arithmetic,commonsense_multihop,incorrect,incorrect,False,False,True,1.0,1.0
trace_00018,trace_00099,arith_004,commonsense_004,arithmetic,commonsense_multihop,incorrect,incorrect,False,False,True,0.5087256743873156,0.7142857142857143
trace_00018,trace_00100,arith_004,commonsense_004,arithmetic,commonsense_multihop,incorrect,incorrect,False,False,True,0.3112781244591328,0.5
trace_00019,trace_00020,arith_004,arith_004,arithmetic,arithmetic,correct,correct,True,True,True,0.3112781244591328,0.5
trace_00019,trace_00021,arith_004,logic_001,arithmetic,symbolic_logic,correct,incorrect,False,False,False,1.0,1.0
trace_00019,trace_00022,arith_004,logic_001,arithmetic,symbolic_logic,correct,correct,False,False,True,0.7126417936566767,0.75
trace_00019,trace_00023,arith_004,logic_001,arithmetic,symbolic_logic,correct,incorrect,False,False,False,1.0,0.9999999999999999
trace_00019,trace_00024,arith_004,logic_001,arithmetic,symbolic_logic,correct,incorrect,False,False,False,0.7126417936566767,0.75
trace_00019,trace_00025,arith_004,logic_001,arithmetic,symbolic_logic,correct,correct,False,False,True,0.5,0.5
trace_00019,trace_00026,arith_004,logic_002,arithmetic,symbolic_logic,correct,incorrect,False,False,False,0.75,0.75
trace_00019,trace_00027,arith_004,logic_002,arithmetic,symbolic_logic,correct,incorrect,False,False,False,0.40563906222956636,0.5
trace_00019,trace_00028,arith_004,logic_002,arithmetic,symbolic_logic,correct,correct,False,False,True,0.7126417936566767,0.75
trace_00019,trace_00029,arith_004,logic_002,arithmetic,symbolic_logic,correct,correct,False,False,True,0.7126417936566767,0.75
trace_00019,trace_00030,arith_004,logic_002,arithmetic,symbolic_logic,correct,incorrect,False,False,False,0.40563906222956636,0.5
trace_00019,trace_00031,arith_004,logic_003,arithmetic,symbolic_logic,correct,incorrect,False,False,False,1.0,0.9999999999999999
trace_00019,trace_00032,arith_004,logic_003,arithmetic,symbolic_logic,correct,incorrect,False,False,False,1.0,1.0
trace_00019,trace_00033,arith_004,logic_003,arithmetic,symbolic_logic,correct,incorrect,False,False,False,0.75,0.75
trace_00019,trace_00034,arith_004,logic_003,arithmetic,symbolic_logic,correct,incorrect,False,False,False,1.0,1.0
trace_00019,trace_00035,arith_004,logic_003,arithmetic,symbolic_logic,correct,correct,False,False,True,0.7126417936566767,0.75
trace_00019,trace_00036,arith_004,logic_004,arithmetic,symbolic_logic,correct,correct,False,False,True,0.510360419811954,0.5833333333333333
trace_00019,trace_00037,arith_004,logic_004,arithmetic,symbolic_logic,correct,correct,False,False,True,0.30807904596723146,0.41666666666666663
trace_00019,trace_00038,arith_004,logic_004,arithmetic,symbolic_logic,correct,correct,False,False,True,0.6556390622295665,0.75
trace_00019,trace_00039,arith_004,logic_004,arithmetic,symbolic_logic,correct,correct,False,False,True,0.5,0.5
trace_00019,trace_00040,arith_004,logic_004,arithmetic,symbolic_logic,correct,incorrect,False,False,False,0.1556390622295664,0.25
trace_00019,trace_00041,arith_004,temporal_001,arithmetic,temporal_ordering,correct,incorrect,False,False,False,0.306355089400266,0.46428571428571425
trace_00019,trace_00042,arith_004,temporal_001,arithmetic,temporal_ordering,correct,incorrect,False,False,False,0.5,0.5
trace_00019,trace_00043,arith_004,temporal_001,arithmetic,temporal_ordering,correct,correct,False,False,True,0.40563906222956636,0.5
trace_00019,trace_00044,arith_004,temporal_001,arithmetic,temporal_ordering,correct,incorrect,False,False,False,0.06127812445913278,0.25
trace_00019,trace_00045,arith_004,temporal_001,arithmetic,temporal_ordering,correct,incorrect,False,False,False,0.306355089400266,0.46428571428571425
trace_00019,trace_00046,arith_004,temporal_002,arithmetic,temporal_ordering,correct,incorrect,False,False,False,0.5243974703476992,0.625
trace_00019,trace_00047,arith_004,temporal_002,arithmetic,temporal_ordering,correct,correct,False,False,True,0.3112781244591328,0.5
trace_00019,trace_00048,arith_004,temporal_002,arithmetic,temporal_ordering,correct,correct,False,False,True,0.6125474873813833,0.75
trace_00019,trace_00049,arith_004,temporal_002,arithmetic,temporal_ordering,correct,correct,False,False,True,0.4533576883848438,0.5833333333333334
trace_00019,trace_00050,arith_004,temporal_002,arithmetic,temporal_ordering,correct,correct,False,False,True,0.6556390622295665,0.75
trace_00019,trace_00051,arith_004,temporal_003,arithmetic,temporal_ordering,correct,correct,False,False,True,0.3855059044667445,0.55
trace_00019,trace_00052,arith_004,temporal_003,arithmetic,temporal_ordering,correct,incorrect,False,False,False,0.6125474873813833,0.75
trace_00019,trace_00053,arith_004,temporal_003,arithmetic,temporal_ordering,correct,incorrect,False,False,False,0.7126417936566767,0.75
trace_00019,trace_00054,arith_004,temporal_003,arithmetic,temporal_ordering,correct,correct,False,False,True,1.0,1.0
trace_00019,trace_00055,arith_004,temporal_003,arithmetic,temporal_ordering,correct,correct,False,False,True,0.3112781244591328,0.5
trace_00019,trace_00056,arith_004,temporal_004,arithmetic,temporal_ordering,correct,incorrect,False,False,False,0.6556390622295665,0.75
trace_00019,trace_00057,arith_004,temporal_004,arithmetic,temporal_ordering,correct,incorrect,False,False,False,0.6556390622295665,0.75
trace_00019,trace_00058,arith_004,temporal_004,arithmetic,temporal_ordering,correct,incorrect,False,False,False,0.6556390622295665,0.75
trace_00019,trace_00059,arith_004,temporal_004,arithmetic,temporal_ordering,correct,incorrect,False,False,False,0.6556390622295665,0.75
trace_00019,trace_00060,arith_004,temporal_004,arithmetic,temporal_ordering,correct,incorrect,False,False,False,0.6556390622295665,0.75
trace_00019,trace_00061,arith_004,causal_001,arithmetic,causal_micro_world,correct,incorrect,False,False,False,0.30807904596723146,0.41666666666666663
trace_00019,trace_00062,arith_004,causal_001,arithmetic,causal_micro_world,correct,correct,False,False,True,0.20798473969193812,0.41666666666666663
trace_00019,trace_00063,arith_004,causal_001,arithmetic,causal_micro_world,correct,uncertain,False,False,False,0.3682808558862431,0.5
trace_00019,trace_00064,arith_004,causal_001,arithmetic,causal_micro_world,correct,incorrect,False,False,False,0.6556390622295665,0.75
trace_00019,trace_00065,arith_004,causal_001,arithmetic,causal_micro_world,correct,incorrect,False,False,False,0.5487949406953987,0.75
trace_00019,trace_00066,arith_004,causal_002,arithmetic,causal_micro_world,correct,correct,False,False,True,0.5243974703476992,0.625
trace_00019,trace_00067,arith_004,causal_002,arithmetic,causal_micro_world,correct,incorrect,False,False,False,0.3161561580109383,0.5
trace_00019,trace_00068,arith_004,causal_002,arithmetic,causal_micro_world,correct,correct,False,False,True,0.40563906222956636,0.5
trace_00019,trace_00069,arith_004,causal_002,arithmetic,causal_micro_world,correct,correct,False,False,True,0.40563906222956636,0.5
trace_00019,trace_00070,arith_004,causal_002,arithmetic,causal_micro_world,correct,correct,False,False,True,0.6556390622295665,0.75
trace_00019,trace_00071,arith_004,causal_003,arithmetic,causal_micro_world,correct,incorrect,False,False,False,0.5,0.5
trace_00019,trace_00072,arith_004,causal_003,arithmetic,causal_micro_world,correct,correct,False,False,True,0.42528358731335336,0.5
trace_00019,trace_00073,arith_004,causal_003,arithmetic,causal_micro_world,correct,correct,False,False,True,0.30807904596723146,0.41666666666666663
trace_00019,trace_00074,arith_004,causal_003,arithmetic,causal_micro_world,correct,incorrect,False,False,False,0.1556390622295664,0.25
trace_00019,trace_00075,arith_004,causal_003,arithmetic,causal_micro_world,correct,correct,False,False,True,0.30807904596723146,0.41666666666666663
trace_00019,trace_00076,arith_004,causal_004,arithmetic,causal_micro_world,correct,correct,False,False,True,0.20798473969193812,0.41666666666666663
trace_00019,trace_00077,arith_004,causal_004,arithmetic,causal_micro_world,correct,correct,False,False,True,0.20798473969193812,0.41666666666666663
trace_00019,trace_00078,arith_004,causal_004,arithmetic,causal_micro_world,correct,correct,False,False,True,0.16251379100314456,0.35
trace_00019,trace_00079,arith_004,causal_004,arithmetic,causal_micro_world,correct,correct,False,False,True,0.1556390622295664,0.25
trace_00019,trace_00080,arith_004,causal_004,arithmetic,causal_micro_world,correct,correct,False,False,True,0.20798473969193812,0.41666666666666663
trace_00019,trace_00081,arith_004,commonsense_001,arithmetic,commonsense_multihop,correct,incorrect,False,False,False,0.25,0.25
trace_00019,trace_00082,arith_004,commonsense_001,arithmetic,commonsense_multihop,correct,correct,False,False,True,0.18003653257726565,0.375
trace_00019,trace_00083,arith_004,commonsense_001,arithmetic,commonsense_multihop,correct,correct,False,False,True,0.2977186261552774,0.33333333333333337
trace_00019,trace_00084,arith_004,commonsense_001,arithmetic,commonsense_multihop,correct,incorrect,False,False,False,0.1057976721225089,0.25
trace_00019,trace_00085,arith_004,commonsense_001,arithmetic,commonsense_multihop,correct,incorrect,False,False,False,0.10803154614560012,0.19999999999999998
trace_00019,trace_00086,arith_004,commonsense_002,arithmetic,commonsense_multihop,correct,correct,False,False,True,0.40563906222956636,0.5
trace_00019,trace_00087,arith_004,commonsense_002,arithmetic,commonsense_multihop,correct,correct,False,False,True,0.3112781244591328,0.5
trace_00019,trace_00088,arith_004,commonsense_002,arithmetic,commonsense_multihop,correct,correct,False,False,True,0.40563906222956636,0.5
trace_00019,trace_00089,arith_004,commonsense_002,arithmetic,commonsense_multihop,correct,incorrect,False,False,False,0.40563906222956636,0.5
trace_00019,trace_00090,arith_004,commonsense_002,arithmetic,commonsense_multihop,correct,correct,False,False,True,0.2519235740744792,0.4
trace_00019,trace_00091,arith_004,commonsense_003,arithmetic,commonsense_multihop,correct,incorrect,False,False,False,0.1556390622295664,0.25
trace_00019,trace_00092,arith_004,commonsense_003,arithmetic,commonsense_multihop,correct,correct,False,False,True,0.30807904596723146,0.41666666666666663
trace_00019,trace_00093,arith_004,commonsense_003,arithmetic,commonsense_multihop,correct,incorrect,False,False,False,0.30807904596723146,0.41666666666666663
trace_00019,trace_00094,arith_004,commonsense_003,arithmetic,commonsense_multihop,correct,incorrect,False,False,False,0.1431558784658321,0.25
trace_00019,trace_00095,arith_004,commonsense_003,arithmetic,commonsense_multihop,correct,incorrect,False,False,False,0.30807904596723146,0.41666666666666663
trace_00019,trace_00096,arith_004,commonsense_004,arithmetic,commonsense_multihop,correct,incorrect,False,False,False,0.40563906222956636,0.5
trace_00019,trace_00097,arith_004,commonsense_004,arithmetic,commonsense_multihop,correct,incorrect,False,False,False,0.5954372523105548,0.6666666666666666
trace_00019,trace_00098,arith_004,commonsense_004,arithmetic,commonsense_multihop,correct,incorrect,False,False,False,0.6556390622295665,0.75
trace_00019,trace_00099,arith_004,commonsense_004,arithmetic,commonsense_multihop,correct,incorrect,False,False,False,0.5686081345042464,0.7142857142857143
trace_00019,trace_00100,arith_004,commonsense_004,arithmetic,commonsense_multihop,correct,incorrect,False,False,False,0.40563906222956636,0.5
trace_00020,trace_00021,arith_004,logic_001,arithmetic,symbolic_logic,correct,incorrect,False,False,False,1.0,1.0
trace_00020,trace_00022,arith_004,logic_001,arithmetic,symbolic_logic,correct,correct,False,False,True,1.0,1.0
trace_00020,trace_00023,arith_004,logic_001,arithmetic,symbolic_logic,correct,incorrect,False,False,False,1.0,1.0
trace_00020,trace_00024,arith_004,logic_001,arithmetic,symbolic_logic,correct,incorrect,False,False,False,1.0,1.0
trace_00020,trace_00025,arith_004,logic_001,arithmetic,symbolic_logic,correct,correct,False,False,True,1.0,1.0
trace_00020,trace_00026,arith_004,logic_002,arithmetic,symbolic_logic,correct,incorrect,False,False,False,1.0,1.0
trace_00020,trace_00027,arith_004,logic_002,arithmetic,symbolic_logic,correct,incorrect,False,False,False,0.5487949406953987,0.75
trace_00020,trace_00028,arith_004,logic_002,arithmetic,symbolic_logic,correct,correct,False,False,True,1.0,1.0
trace_00020,trace_00029,arith_004,logic_002,arithmetic,symbolic_logic,correct,correct,False,False,True,1.0,1.0
trace_00020,trace_00030,arith_004,logic_002,arithmetic,symbolic_logic,correct,incorrect,False,False,False,0.5487949406953987,0.75
trace_00020,trace_00031,arith_004,logic_003,arithmetic,symbolic_logic,correct,incorrect,False,False,False,1.0,1.0
trace_00020,trace_00032,arith_004,logic_003,arithmetic,symbolic_logic,correct,incorrect,False,False,False,1.0,1.0
trace_00020,trace_00033,arith_004,logic_003,arithmetic,symbolic_logic,correct,incorrect,False,False,False,1.0,1.0
trace_00020,trace_00034,arith_004,logic_003,arithmetic,symbolic_logic,correct,incorrect,False,False,False,1.0,1.0
trace_00020,trace_00035,arith_004,logic_003,arithmetic,symbolic_logic,correct,correct,False,False,True,1.0,1.0
trace_00020,trace_00036,arith_004,logic_004,arithmetic,symbolic_logic,correct,correct,False,False,True,1.0,1.0
trace_00020,trace_00037,arith_004,logic_004,arithmetic,symbolic_logic,correct,correct,False,False,True,0.4591479170272448,0.6666666666666667
trace_00020,trace_00038,arith_004,logic_004,arithmetic,symbolic_logic,correct,correct,False,False,True,1.0,1.0
trace_00020,trace_00039,arith_004,logic_004,arithmetic,symbolic_logic,correct,correct,False,False,True,0.3112781244591328,0.5
trace_00020,trace_00040,arith_004,logic_004,arithmetic,symbolic_logic,correct,incorrect,False,False,False,0.3112781244591328,0.5
trace_00020,trace_00041,arith_004,temporal_001,arithmetic,temporal_ordering,correct,incorrect,False,False,False,0.5087256743873156,0.7142857142857142
trace_00020,trace_00042,arith_004,temporal_001,arithmetic,temporal_ordering,correct,incorrect,False,False,False,0.3112781244591328,0.5
trace_00020,trace_00043,arith_004,temporal_001,arithmetic,temporal_ordering,correct,correct,False,False,True,1.0,1.0
trace_00020,trace_00044,arith_004,temporal_001,arithmetic,temporal_ordering,correct,incorrect,False,False,False,0.5487949406953987,0.75
trace_00020,trace_00045,arith_004,temporal_001,arithmetic,temporal_ordering,correct,incorrect,False,False,False,0.5087256743873156,0.7142857142857142
trace_00020,trace_00046,arith_004,temporal_002,arithmetic,temporal_ordering,correct,incorrect,False,False,False,1.0,1.0
trace_00020,trace_00047,arith_004,temporal_002,arithmetic,temporal_ordering,correct,correct,False,False,True,1.0,1.0
trace_00020,trace_00048,arith_004,temporal_002,arithmetic,temporal_ordering,correct,correct,False,False,True,1.0,1.0
trace_00020,trace_00049,arith_004,temporal_002,arithmetic,temporal_ordering,correct,correct,False,False,True,1.0,1.0
trace_00020,trace_00050,arith_004,temporal_002,arithmetic,temporal_ordering,correct,correct,False,False,True,1.0,1.0
trace_00020,trace_00051,arith_004,temporal_003,arithmetic,temporal_ordering,correct,correct,False,False,True,0.6099865470109875,0.8
trace_00020,trace_00052,arith_004,temporal_003,arithmetic,temporal_ordering,correct,incorrect,False,False,False,1.0,1.0
trace_00020,trace_00053,arith_004,temporal_003,arithmetic,temporal_ordering,correct,incorrect,False,False,False,1.0,1.0
trace_00020,trace_00054,arith_004,temporal_003,arithmetic,temporal_ordering,correct,correct,False,False,True,1.0,1.0
trace_00020,trace_00055,arith_004,temporal_003,arithmetic,temporal_ordering,correct,correct,False,False,True,0.5487949406953987,0.75
trace_00020,trace_00056,arith_004,temporal_004,arithmetic,temporal_ordering,correct,incorrect,False,False,False,1.0,1.0
trace_00020,trace_00057,arith_004,temporal_004,arithmetic,temporal_ordering,correct,incorrect,False,False,False,1.0,1.0
trace_00020,trace_00058,arith_004,temporal_004,arithmetic,temporal_ordering,correct,incorrect,False,False,False,1.0,1.0
trace_00020,trace_00059,arith_004,temporal_004,arithmetic,temporal_ordering,correct,incorrect,False,False,False,1.0,1.0
trace_00020,trace_00060,arith_004,temporal_004,arithmetic,temporal_ordering,correct,incorrect,False,False,False,1.0,1.0
trace_00020,trace_00061,arith_004,causal_001,arithmetic,causal_micro_world,correct,incorrect,False,False,False,0.4591479170272448,0.6666666666666667
trace_00020,trace_00062,arith_004,causal_001,arithmetic,causal_micro_world,correct,correct,False,False,True,0.4591479170272448,0.6666666666666667
trace_00020,trace_00063,arith_004,causal_001,arithmetic,causal_micro_world,correct,uncertain,False,False,False,1.0,1.0
trace_00020,trace_00064,arith_004,causal_001,arithmetic,causal_micro_world,correct,incorrect,False,False,False,1.0,1.0
trace_00020,trace_00065,arith_004,causal_001,arithmetic,causal_micro_world,correct,incorrect,False,False,False,1.0,1.0
trace_00020,trace_00066,arith_004,causal_002,arithmetic,causal_micro_world,correct,correct,False,False,True,1.0,1.0
trace_00020,trace_00067,arith_004,causal_002,arithmetic,causal_micro_world,correct,incorrect,False,False,False,1.0,1.0
trace_00020,trace_00068,arith_004,causal_002,arithmetic,causal_micro_world,correct,correct,False,False,True,1.0,1.0
trace_00020,trace_00069,arith_004,causal_002,arithmetic,causal_micro_world,correct,correct,False,False,True,0.5487949406953987,0.75
trace_00020,trace_00070,arith_004,causal_002,arithmetic,causal_micro_world,correct,correct,False,False,True,1.0,1.0
trace_00020,trace_00071,arith_004,causal_003,arithmetic,causal_micro_world,correct,incorrect,False,False,False,1.0,1.0
trace_00020,trace_00072,arith_004,causal_003,arithmetic,causal_micro_world,correct,correct,False,False,True,1.0,1.0
trace_00020,trace_00073,arith_004,causal_003,arithmetic,causal_micro_world,correct,correct,False,False,True,0.4591479170272448,0.6666666666666667
trace_00020,trace_00074,arith_004,causal_003,arithmetic,causal_micro_world,correct,incorrect,False,False,False,0.5487949406953987,0.75
trace_00020,trace_00075,arith_004,causal_003,arithmetic,causal_micro_world,correct,correct,False,False,True,0.4591479170272448,0.6666666666666667
trace_00020,trace_00076,arith_004,causal_004,arithmetic,causal_micro_world,correct,correct,False,False,True,0.4591479170272448,0.6666666666666667
trace_00020,trace_00077,arith_004,causal_004,arithmetic,causal_micro_world,correct,correct,False,False,True,0.4591479170272448,0.6666666666666667
trace_00020,trace_00078,arith_004,causal_004,arithmetic,causal_micro_world,correct,correct,False,False,True,0.6099865470109875,0.8
trace_00020,trace_00079,arith_004,causal_004,arithmetic,causal_micro_world,correct,correct,False,False,True,0.3112781244591328,0.5
trace_00020,trace_00080,arith_004,causal_004,arithmetic,causal_micro_world,correct,correct,False,False,True,0.4591479170272448,0.6666666666666667
trace_00020,trace_00081,arith_004,commonsense_001,arithmetic,commonsense_multihop,correct,incorrect,False,False,False,0.3112781244591328,0.5
trace_00020,trace_00082,arith_004,commonsense_001,arithmetic,commonsense_multihop,correct,correct,False,False,True,0.5487949406953987,0.75
trace_00020,trace_00083,arith_004,commonsense_001,arithmetic,commonsense_multihop,correct,correct,False,False,True,0.3112781244591328,0.5
trace_00020,trace_00084,arith_004,commonsense_001,arithmetic,commonsense_multihop,correct,incorrect,False,False,False,0.4591479170272448,0.6666666666666667
trace_00020,trace_00085,arith_004,commonsense_001,arithmetic,commonsense_multihop,correct,incorrect,False,False,False,0.39581560200335836,0.6000000000000001
trace_00020,trace_00086,arith_004,commonsense_002,arithmetic,commonsense_multihop,correct,correct,False,False,True,0.5487949406953987,0.75
trace_00020,trace_00087,arith_004,commonsense_002,arithmetic,commonsense_multihop,correct,correct,False,False,True,0.5487949406953987,0.75
trace_00020,trace_00088,arith_004,commonsense_002,arithmetic,commonsense_multihop,correct,correct,False,False,True,0.5487949406953987,0.75
trace_00020,trace_00089,arith_004,commonsense_002,arithmetic,commonsense_multihop,correct,incorrect,False,False,False,1.0,1.0
trace_00020,trace_00090,arith_004,commonsense_002,arithmetic,commonsense_multihop,correct,correct,False,False,True,0.6099865470109875,0.8
trace_00020,trace_00091,arith_004,commonsense_003,arithmetic,commonsense_multihop,correct,incorrect,False,False,False,0.3112781244591328,0.5
trace_00020,trace_00092,arith_004,commonsense_003,arithmetic,commonsense_multihop,correct,correct,False,False,True,0.4591479170272448,0.6666666666666667
trace_00020,trace_00093,arith_004,commonsense_003,arithmetic,commonsense_multihop,correct,incorrect,False,False,False,0.4591479170272448,0.6666666666666667
trace_00020,trace_00094,arith_004,commonsense_003,arithmetic,commonsense_multihop,correct,incorrect,False,False,False,0.1379253809700299,0.25
trace_00020,trace_00095,arith_004,commonsense_003,arithmetic,commonsense_multihop,correct,incorrect,False,False,False,0.4591479170272448,0.6666666666666667
trace_00020,trace_00096,arith_004,commonsense_004,arithmetic,commonsense_multihop,correct,incorrect,False,False,False,0.5487949406953987,0.75
trace_00020,trace_00097,arith_004,commonsense_004,arithmetic,commonsense_multihop,correct,incorrect,False,False,False,0.4591479170272448,0.6666666666666667
trace_00020,trace_00098,arith_004,commonsense_004,arithmetic,commonsense_multihop,correct,incorrect,False,False,False,1.0,1.0
trace_00020,trace_00099,arith_004,commonsense_004,arithmetic,commonsense_multihop,correct,incorrect,False,False,False,0.6893917467430877,0.8571428571428571
trace_00020,trace_00100,arith_004,commonsense_004,arithmetic,commonsense_multihop,correct,incorrect,False,False,False,0.5487949406953987,0.75
trace_00021,trace_00022,logic_001,logic_001,symbolic_logic,symbolic_logic,incorrect,correct,True,True,False,0.1908745046211096,0.33333333333333337
trace_00021,trace_00023,logic_001,logic_001,symbolic_logic,symbolic_logic,incorrect,incorrect,True,True,True,0.020720839623908215,0.16666666666666666
trace_00021,trace_00024,logic_001,logic_001,symbolic_logic,symbolic_logic,incorrect,incorrect,True,True,True,0.1908745046211096,0.33333333333333337
trace_00021,trace_00025,logic_001,logic_001,symbolic_logic,symbolic_logic,incorrect,correct,True,True,False,0.3112781244591328,0.5
trace_00021,trace_00026,logic_001,logic_002,symbolic_logic,symbolic_logic,incorrect,incorrect,False,True,True,0.1556390622295664,0.25
trace_00021,trace_00027,logic_001,logic_002,symbolic_logic,symbolic_logic,incorrect,incorrect,False,True,True,0.3112781244591328,0.5
trace_00021,trace_00028,logic_001,logic_002,symbolic_logic,symbolic_logic,incorrect,correct,False,True,False,0.1908745046211096,0.33333333333333337
trace_00021,trace_00029,logic_001,logic_002,symbolic_logic,symbolic_logic,incorrect,correct,False,True,False,0.1908745046211096,0.33333333333333337
trace_00021,trace_00030,logic_001,logic_002,symbolic_logic,symbolic_logic,incorrect,incorrect,False,True,True,0.3112781244591328,0.5
trace_00021,trace_00031,logic_001,logic_003,symbolic_logic,symbolic_logic,incorrect,incorrect,False,True,True,0.020720839623908215,0.16666666666666666
trace_00021,trace_00032,logic_001,logic_003,symbolic_logic,symbolic_logic,incorrect,incorrect,False,True,True,0.020720839623908215,0.16666666666666666
trace_00021,trace_00033,logic_001,logic_003,symbolic_logic,symbolic_logic,incorrect,incorrect,False,True,True,0.1556390622295664,0.25
trace_00021,trace_00034,logic_001,logic_003,symbolic_logic,symbolic_logic,incorrect,incorrect,False,True,True,0.0,0.0
trace_00021,trace_00035,logic_001,logic_003,symbolic_logic,symbolic_logic,incorrect,correct,False,True,False,0.1908745046211096,0.33333333333333337
trace_00021,trace_00036,logic_001,logic_004,symbolic_logic,symbolic_logic,incorrect,correct,False,True,False,0.32501121082417717,0.5
trace_00021,trace_00037,logic_001,logic_004,symbolic_logic,symbolic_logic,incorrect,correct,False,True,False,0.5954372523105549,0.6666666666666666
trace_00021,trace_00038,logic_001,logic_004,symbolic_logic,symbolic_logic,incorrect,correct,False,True,False,0.5,0.5
trace_00021,trace_00039,logic_001,logic_004,symbolic_logic,symbolic_logic,incorrect,correct,False,True,False,0.5,0.5
trace_00021,trace_00040,logic_001,logic_004,symbolic_logic,symbolic_logic,incorrect,incorrect,False,True,True,1.0,1.0
trace_00021,trace_00041,logic_001,temporal_001,symbolic_logic,temporal_ordering,incorrect,incorrect,False,False,True,0.6284905946211771,0.7142857142857142
trace_00021,trace_00042,logic_001,temporal_001,symbolic_logic,temporal_ordering,incorrect,incorrect,False,False,True,0.5,0.5
trace_00021,trace_00043,logic_001,temporal_001,symbolic_logic,temporal_ordering,incorrect,correct,False,False,False,0.6556390622295665,0.75
trace_00021,trace_00044,logic_001,temporal_001,symbolic_logic,temporal_ordering,incorrect,incorrect,False,False,True,1.0,1.0
trace_00021,trace_00045,logic_001,temporal_001,symbolic_logic,temporal_ordering,incorrect,incorrect,False,False,True,0.6284905946211771,0.7142857142857142
trace_00021,trace_00046,logic_001,temporal_002,symbolic_logic,temporal_ordering,incorrect,incorrect,False,False,True,0.3112781244591328,0.5
trace_00021,trace_00047,logic_001,temporal_002,symbolic_logic,temporal_ordering,incorrect,correct,False,False,False,1.0,1.0
trace_00021,trace_00048,logic_001,temporal_002,symbolic_logic,temporal_ordering,incorrect,correct,False,False,False,0.5954372523105548,0.6666666666666666
trace_00021,trace_00049,logic_001,temporal_002,symbolic_logic,temporal_ordering,incorrect,correct,False,False,False,0.5954372523105548,0.6666666666666666
trace_00021,trace_00050,logic_001,temporal_002,symbolic_logic,temporal_ordering,incorrect,correct,False,False,False,0.5,0.5
trace_00021,trace_00051,logic_001,temporal_003,symbolic_logic,temporal_ordering,incorrect,correct,False,False,False,0.5540157730728,0.6
trace_00021,trace_00052,logic_001,temporal_003,symbolic_logic,temporal_ordering,incorrect,incorrect,False,False,True,0.5954372523105548,0.6666666666666666
trace_00021,trace_00053,logic_001,temporal_003,symbolic_logic,temporal_ordering,incorrect,incorrect,False,False,True,0.42528358731335336,0.5
trace_00021,trace_00054,logic_001,temporal_003,symbolic_logic,temporal_ordering,incorrect,correct,False,False,False,0.3112781244591328,0.5
trace_00021,trace_00055,logic_001,temporal_003,symbolic_logic,temporal_ordering,incorrect,correct,False,False,False,0.6556390622295665,0.75
trace_00021,trace_00056,logic_001,temporal_004,symbolic_logic,temporal_ordering,incorrect,incorrect,False,False,True,0.5,0.5
trace_00021,trace_00057,logic_001,temporal_004,symbolic_logic,temporal_ordering,incorrect,incorrect,False,False,True,0.5,0.5
trace_00021,trace_00058,logic_001,temporal_004,symbolic_logic,temporal_ordering,incorrect,incorrect,False,False,True,0.5,0.5
trace_00021,trace_00059,logic_001,temporal_004,symbolic_logic,temporal_ordering,incorrect,incorrect,False,False,True,0.5,0.5
trace_00021,trace_00060,logic_001,temporal_004,symbolic_logic,temporal_ordering,incorrect,incorrect,False,False,True,0.5,0.5
trace_00021,trace_00061,logic_001,causal_001,symbolic_logic,causal_micro_world,incorrect,incorrect,False,False,True,0.5954372523105549,0.6666666666666666
trace_00021,trace_00062,logic_001,causal_001,symbolic_logic,causal_micro_world,incorrect,correct,False,False,False,1.0,0.9999999999999999
trace_00021,trace_00063,logic_001,causal_001,symbolic_logic,causal_micro_world,incorrect,uncertain,False,False,False,0.7295739585136223,0.8333333333333333
trace_00021,trace_00064,logic_001,causal_001,symbolic_logic,causal_micro_world,incorrect,incorrect,False,False,True,0.5,0.5
trace_00021,trace_00065,logic_001,causal_001,symbolic_logic,causal_micro_world,incorrect,incorrect,False,False,True,1.0,1.0
trace_00021,trace_00066,logic_001,causal_002,symbolic_logic,causal_micro_world,incorrect,correct,False,False,False,0.34336016083271426,0.5
trace_00021,trace_00067,logic_001,causal_002,symbolic_logic,causal_micro_world,incorrect,incorrect,False,False,True,1.0,1.0
trace_00021,trace_00068,logic_001,causal_002,symbolic_logic,causal_micro_world,incorrect,correct,False,False,False,0.6556390622295665,0.75
trace_00021,trace_00069,logic_001,causal_002,symbolic_logic,causal_micro_world,incorrect,correct,False,False,False,0.5,0.5
trace_00021,trace_00070,logic_001,causal_002,symbolic_logic,causal_micro_world,incorrect,correct,False,False,False,0.5,0.5
trace_00021,trace_00071,logic_001,causal_003,symbolic_logic,causal_micro_world,incorrect,incorrect,False,False,True,0.5,0.5
trace_00021,trace_00072,logic_001,causal_003,symbolic_logic,causal_micro_world,incorrect,correct,False,False,False,0.5954372523105548,0.6666666666666666
trace_00021,trace_00073,logic_001,causal_003,symbolic_logic,causal_micro_world,incorrect,correct,False,False,False,0.5954372523105549,0.6666666666666666
trace_00021,trace_00074,logic_001,causal_003,symbolic_logic,causal_micro_world,incorrect,incorrect,False,False,True,0.6556390622295665,0.75
trace_00021,trace_00075,logic_001,causal_003,symbolic_logic,causal_micro_world,incorrect,correct,False,False,False,0.5954372523105549,0.6666666666666666
trace_00021,trace_00076,logic_001,causal_004,symbolic_logic,causal_micro_world,incorrect,correct,False,False,False,1.0,0.9999999999999999
trace_00021,trace_00077,logic_001,causal_004,symbolic_logic,causal_micro_world,incorrect,correct,False,False,False,1.0,0.9999999999999999
trace_00021,trace_00078,logic_001,causal_004,symbolic_logic,causal_micro_world,incorrect,correct,False,False,False,0.6979078010016793,0.8
trace_00021,trace_00079,logic_001,causal_004,symbolic_logic,causal_micro_world,incorrect,correct,False,False,False,1.0,1.0
trace_00021,trace_00080,logic_001,causal_004,symbolic_logic,causal_micro_world,incorrect,correct,False,False,False,1.0,0.9999999999999999
trace_00021,trace_00081,logic_001,commonsense_001,symbolic_logic,commonsense_multihop,incorrect,incorrect,False,False,True,0.6556390622295665,0.75
trace_00021,trace_00082,logic_001,commonsense_001,symbolic_logic,commonsense_multihop,incorrect,correct,False,False,False,0.6556390622295665,0.75
trace_00021,trace_00083,logic_001,commonsense_001,symbolic_logic,commonsense_multihop,incorrect,correct,False,False,False,0.5954372523105549,0.6666666666666667
trace_00021,trace_00084,logic_001,commonsense_001,symbolic_logic,commonsense_multihop,incorrect,incorrect,False,False,True,0.7295739585136224,0.8333333333333334
trace_00021,trace_00085,logic_001,commonsense_001,symbolic_logic,commonsense_multihop,incorrect,incorrect,False,False,True,0.6979078010016793,0.8
trace_00021,trace_00086,logic_001,commonsense_002,symbolic_logic,commonsense_multihop,incorrect,correct,False,False,False,0.5,0.5
trace_00021,trace_00087,logic_001,commonsense_002,symbolic_logic,commonsense_multihop,incorrect,correct,False,False,False,0.6556390622295665,0.75
trace_00021,trace_00088,logic_001,commonsense_002,symbolic_logic,commonsense_multihop,incorrect,correct,False,False,False,0.3112781244591328,0.5
trace_00021,trace_00089,logic_001,commonsense_002,symbolic_logic,commonsense_multihop,incorrect,incorrect,False,False,True,0.6556390622295665,0.75
trace_00021,trace_00090,logic_001,commonsense_002,symbolic_logic,commonsense_multihop,incorrect,correct,False,False,False,0.3958156020033583,0.6
trace_00021,trace_00091,logic_001,commonsense_003,symbolic_logic,commonsense_multihop,incorrect,incorrect,False,False,True,1.0,1.0
trace_00021,trace_00092,logic_001,commonsense_003,symbolic_logic,commonsense_multihop,incorrect,correct,False,False,False,0.5954372523105549,0.6666666666666666
trace_00021,trace_00093,logic_001,commonsense_003,symbolic_logic,commonsense_multihop,incorrect,incorrect,False,False,True,0.5954372523105549,0.6666666666666666
trace_00021,trace_00094,logic_001,commonsense_003,symbolic_logic,commonsense_multihop,incorrect,incorrect,False,False,True,1.0,1.0
trace_00021,trace_00095,logic_001,commonsense_003,symbolic_logic,commonsense_multihop,incorrect,incorrect,False,False,True,0.5954372523105549,0.6666666666666666
trace_00021,trace_00096,logic_001,commonsense_004,symbolic_logic,commonsense_multihop,incorrect,incorrect,False,False,True,0.5,0.5
trace_00021,trace_00097,logic_001,commonsense_004,symbolic_logic,commonsense_multihop,incorrect,incorrect,False,False,True,0.42528358731335336,0.5
trace_00021,trace_00098,logic_001,commonsense_004,symbolic_logic,commonsense_multihop,incorrect,incorrect,False,False,True,0.5,0.5
trace_00021,trace_00099,logic_001,commonsense_004,symbolic_logic,commonsense_multihop,incorrect,incorrect,False,False,True,0.22036732006063825,0.3571428571428571
trace_00021,trace_00100,logic_001,commonsense_004,symbolic_logic,commonsense_multihop,incorrect,incorrect,False,False,True,0.5,0.5
trace_00022,trace_00023,logic_001,logic_001,symbolic_logic,symbolic_logic,correct,incorrect,True,True,False,0.20751874963942185,0.3333333333333333
trace_00022,trace_00024,logic_001,logic_001,symbolic_logic,symbolic_logic,correct,incorrect,True,True,False,0.0,0.0
trace_00022,trace_00025,logic_001,logic_001,symbolic_logic,symbolic_logic,correct,correct,True,True,True,0.1379253809700301,0.24999999999999997
trace_00022,trace_00026,logic_001,logic_002,symbolic_logic,symbolic_logic,correct,incorrect,False,True,False,0.020720839623908215,0.16666666666666666
trace_00022,trace_00027,logic_001,logic_002,symbolic_logic,symbolic_logic,correct,incorrect,False,True,False,0.13792538097003013,0.24999999999999997
trace_00022,trace_00028,logic_001,logic_002,symbolic_logic,symbolic_logic,correct,correct,False,True,True,0.0,0.0
trace_00022,trace_00029,logic_001,logic_002,symbolic_logic,symbolic_logic,correct,correct,False,True,True,0.0,0.0
trace_00022,trace_00030,logic_001,logic_002,symbolic_logic,symbolic_logic,correct,incorrect,False,True,False,0.13792538097003013,0.24999999999999997
trace_00022,trace_00031,logic_001,logic_003,symbolic_logic,symbolic_logic,correct,incorrect,False,True,False,0.20751874963942185,0.3333333333333333
trace_00022,trace_00032,logic_001,logic_003,symbolic_logic,symbolic_logic,correct,incorrect,False,True,False,0.20751874963942185,0.3333333333333333
trace_00022,trace_00033,logic_001,logic_003,symbolic_logic,symbolic_logic,correct,incorrect,False,True,False,0.020720839623908215,0.16666666666666666
trace_00022,trace_00034,logic_001,logic_003,symbolic_logic,symbolic_logic,correct,incorrect,False,True,False,0.1908745046211096,0.33333333333333337
trace_00022,trace_00035,logic_001,logic_003,symbolic_logic,symbolic_logic,correct,correct,False,True,True,0.0,0.0
trace_00022,trace_00036,logic_001,logic_004,symbolic_logic,symbolic_logic,correct,correct,False,True,True,0.10375937481971093,0.16666666666666666
trace_00022,trace_00037,logic_001,logic_004,symbolic_logic,symbolic_logic,correct,correct,False,True,True,0.3333333333333333,0.3333333333333333
trace_00022,trace_00038,logic_001,logic_004,symbolic_logic,symbolic_logic,correct,correct,False,True,True,0.1908745046211096,0.33333333333333337
trace_00022,trace_00039,logic_001,logic_004,symbolic_logic,symbolic_logic,correct,correct,False,True,True,0.5954372523105549,0.6666666666666666
trace_00022,trace_00040,logic_001,logic_004,symbolic_logic,symbolic_logic,correct,incorrect,False,True,False,0.5954372523105549,0.6666666666666666
trace_00022,trace_00041,logic_001,temporal_001,symbolic_logic,temporal_ordering,correct,incorrect,False,False,False,0.315151252149524,0.38095238095238093
trace_00022,trace_00042,logic_001,temporal_001,symbolic_logic,temporal_ordering,correct,incorrect,False,False,False,0.5954372523105549,0.6666666666666666
trace_00022,trace_00043,logic_001,temporal_001,symbolic_logic,temporal_ordering,correct,correct,False,False,True,0.3080790459672315,0.41666666666666663
trace_00022,trace_00044,logic_001,temporal_001,symbolic_logic,temporal_ordering,correct,incorrect,False,False,False,0.5954372523105549,0.6666666666666666
trace_00022,trace_00045,logic_001,temporal_001,symbolic_logic,temporal_ordering,correct,incorrect,False,False,False,0.315151252149524,0.38095238095238093
trace_00022,trace_00046,logic_001,temporal_002,symbolic_logic,temporal_ordering,correct,incorrect,False,False,False,0.0720014354742918,0.16666666666666666
trace_00022,trace_00047,logic_001,temporal_002,symbolic_logic,temporal_ordering,correct,correct,False,False,True,0.5954372523105549,0.6666666666666666
trace_00022,trace_00048,logic_001,temporal_002,symbolic_logic,temporal_ordering,correct,correct,False,False,True,0.6666666666666666,0.6666666666666666
trace_00022,trace_00049,logic_001,temporal_002,symbolic_logic,temporal_ordering,correct,correct,False,False,True,0.26210391897722146,0.33333333333333337
trace_00022,trace_00050,logic_001,temporal_002,symbolic_logic,temporal_ordering,correct,correct,False,False,True,0.5954372523105549,0.6666666666666666
trace_00022,trace_00051,logic_001,temporal_003,symbolic_logic,temporal_ordering,correct,correct,False,False,True,0.27104451158356513,0.33333333333333337
trace_00022,trace_00052,logic_001,temporal_003,symbolic_logic,temporal_ordering,correct,incorrect,False,False,False,0.20751874963942185,0.3333333333333333
trace_00022,trace_00053,logic_001,temporal_003,symbolic_logic,temporal_ordering,correct,incorrect,False,False,False,0.20751874963942185,0.3333333333333333
trace_00022,trace_00054,logic_001,temporal_003,symbolic_logic,temporal_ordering,correct,correct,False,False,True,0.4591479170272448,0.6666666666666666
trace_00022,trace_00055,logic_001,temporal_003,symbolic_logic,temporal_ordering,correct,correct,False,False,True,0.3080790459672315,0.41666666666666663
trace_00022,trace_00056,logic_001,temporal_004,symbolic_logic,temporal_ordering,correct,incorrect,False,False,False,0.1908745046211096,0.33333333333333337
trace_00022,trace_00057,logic_001,temporal_004,symbolic_logic,temporal_ordering,correct,incorrect,False,False,False,0.1908745046211096,0.33333333333333337
trace_00022,trace_00058,logic_001,temporal_004,symbolic_logic,temporal_ordering,correct,incorrect,False,False,False,0.1908745046211096,0.33333333333333337
trace_00022,trace_00059,logic_001,temporal_004,symbolic_logic,temporal_ordering,correct,incorrect,False,False,False,0.1908745046211096,0.33333333333333337
trace_00022,trace_00060,logic_001,temporal_004,symbolic_logic,temporal_ordering,correct,incorrect,False,False,False,0.1908745046211096,0.33333333333333337
trace_00022,trace_00061,logic_001,causal_001,symbolic_logic,causal_micro_world,correct,incorrect,False,False,False,0.6666666666666666,0.6666666666666666
trace_00022,trace_00062,logic_001,causal_001,symbolic_logic,causal_micro_world,correct,correct,False,False,True,1.0,0.9999999999999999
trace_00022,trace_00063,logic_001,causal_001,symbolic_logic,causal_micro_world,correct,uncertain,False,False,False,0.43709270815304424,0.5
trace_00022,trace_00064,logic_001,causal_001,symbolic_logic,causal_micro_world,correct,incorrect,False,False,False,0.5954372523105549,0.6666666666666666
trace_00022,trace_00065,logic_001,causal_001,symbolic_logic,causal_micro_world,correct,incorrect,False,False,False,1.0,0.9999999999999999
trace_00022,trace_00066,logic_001,causal_002,symbolic_logic,causal_micro_world,correct,correct,False,False,True,0.2592653355423217,0.41666666666666663
trace_00022,trace_00067,logic_001,causal_002,symbolic_logic,causal_micro_world,correct,incorrect,False,False,False,0.6355222557917826,0.6666666666666666
trace_00022,trace_00068,logic_001,causal_002,symbolic_logic,causal_micro_world,correct,correct,False,False,True,0.42528358731335336,0.4999999999999999
trace_00022,trace_00069,logic_001,causal_002,symbolic_logic,causal_micro_world,correct,correct,False,False,True,0.5954372523105549,0.6666666666666666
trace_00022,trace_00070,logic_001,causal_002,symbolic_logic,causal_micro_world,correct,correct,False,False,True,0.1908745046211096,0.33333333333333337
trace_00022,trace_00071,logic_001,causal_003,symbolic_logic,causal_micro_world,correct,incorrect,False,False,False,0.30807904596723146,0.41666666666666663
trace_00022,trace_00072,logic_001,causal_003,symbolic_logic,causal_micro_world,correct,correct,False,False,True,0.3333333333333333,0.3333333333333333
trace_00022,trace_00073,logic_001,causal_003,symbolic_logic,causal_micro_world,correct,correct,False,False,True,0.6666666666666666,0.6666666666666666
trace_00022,trace_00074,logic_001,causal_003,symbolic_logic,causal_micro_world,correct,incorrect,False,False,False,0.42528358731335336,0.5
trace_00022,trace_00075,logic_001,causal_003,symbolic_logic,causal_micro_world,correct,correct,False,False,True,0.6666666666666666,0.6666666666666666
trace_00022,trace_00076,logic_001,causal_004,symbolic_logic,causal_micro_world,correct,correct,False,False,True,1.0,0.9999999999999999
trace_00022,trace_00077,logic_001,causal_004,symbolic_logic,causal_micro_world,correct,correct,False,False,True,1.0,0.9999999999999999
trace_00022,trace_00078,logic_001,causal_004,symbolic_logic,causal_micro_world,correct,correct,False,False,True,0.490968531773352,0.6
trace_00022,trace_00079,logic_001,causal_004,symbolic_logic,causal_micro_world,correct,correct,False,False,True,1.0,0.9999999999999999
trace_00022,trace_00080,logic_001,causal_004,symbolic_logic,causal_micro_world,correct,correct,False,False,True,1.0,0.9999999999999999
trace_00022,trace_00081,logic_001,commonsense_001,symbolic_logic,commonsense_multihop,correct,incorrect,False,False,False,0.42528358731335336,0.5
trace_00022,trace_00082,logic_001,commonsense_001,symbolic_logic,commonsense_multihop,correct,correct,False,False,True,0.3593596418176151,0.41666666666666663
trace_00022,trace_00083,logic_001,commonsense_001,symbolic_logic,commonsense_multihop,correct,correct,False,False,True,0.43709270815304424,0.5
trace_00022,trace_00084,logic_001,commonsense_001,symbolic_logic,commonsense_multihop,correct,incorrect,False,False,False,0.43709270815304424,0.5
trace_00022,trace_00085,logic_001,commonsense_001,symbolic_logic,commonsense_multihop,correct,incorrect,False,False,False,0.490968531773352,0.6
trace_00022,trace_00086,logic_001,commonsense_002,symbolic_logic,commonsense_multihop,correct,correct,False,False,True,0.3080790459672315,0.41666666666666663
trace_00022,trace_00087,logic_001,commonsense_002,symbolic_logic,commonsense_multihop,correct,correct,False,False,True,0.3080790459672315,0.41666666666666663
trace_00022,trace_00088,logic_001,commonsense_002,symbolic_logic,commonsense_multihop,correct,correct,False,False,True,0.13792538097003013,0.24999999999999997
trace_00022,trace_00089,logic_001,commonsense_002,symbolic_logic,commonsense_multihop,correct,incorrect,False,False,False,0.3080790459672315,0.41666666666666663
trace_00022,trace_00090,logic_001,commonsense_002,symbolic_logic,commonsense_multihop,correct,correct,False,False,True,0.236452797660028,0.3999999999999999
trace_00022,trace_00091,logic_001,commonsense_003,symbolic_logic,commonsense_multihop,correct,incorrect,False,False,False,0.5954372523105549,0.6666666666666666
trace_00022,trace_00092,logic_001,commonsense_003,symbolic_logic,commonsense_multihop,correct,correct,False,False,True,0.3333333333333333,0.3333333333333333
trace_00022,trace_00093,logic_001,commonsense_003,symbolic_logic,commonsense_multihop,correct,incorrect,False,False,False,0.3333333333333333,0.3333333333333333
trace_00022,trace_00094,logic_001,commonsense_003,symbolic_logic,commonsense_multihop,correct,incorrect,False,False,False,0.7126417936566767,0.75
trace_00022,trace_00095,logic_001,commonsense_003,symbolic_logic,commonsense_multihop,correct,incorrect,False,False,False,0.3333333333333333,0.3333333333333333
trace_00022,trace_00096,logic_001,commonsense_004,symbolic_logic,commonsense_multihop,correct,incorrect,False,False,False,0.5954372523105549,0.6666666666666666
trace_00022,trace_00097,logic_001,commonsense_004,symbolic_logic,commonsense_multihop,correct,incorrect,False,False,False,0.5408520829727551,0.6666666666666666
trace_00022,trace_00098,logic_001,commonsense_004,symbolic_logic,commonsense_multihop,correct,incorrect,False,False,False,0.1908745046211096,0.33333333333333337
trace_00022,trace_00099,logic_001,commonsense_004,symbolic_logic,commonsense_multihop,correct,incorrect,False,False,False,0.360654826555287,0.5238095238095237
trace_00022,trace_00100,logic_001,commonsense_004,symbolic_logic,commonsense_multihop,correct,incorrect,False,False,False,0.5954372523105549,0.6666666666666666
trace_00023,trace_00024,logic_001,logic_001,symbolic_logic,symbolic_logic,incorrect,incorrect,True,True,True,0.20751874963942185,0.3333333333333333
trace_00023,trace_00025,logic_001,logic_001,symbolic_logic,symbolic_logic,incorrect,correct,True,True,False,0.32518928103806,0.5
trace_00023,trace_00026,logic_001,logic_002,symbolic_logic,symbolic_logic,incorrect,incorrect,False,True,True,0.20798473969193812,0.41666666666666663
trace_00023,trace_00027,logic_001,logic_002,symbolic_logic,symbolic_logic,incorrect,incorrect,False,True,True,0.32518928103806,0.5
trace_00023,trace_00028,logic_001,logic_002,symbolic_logic,symbolic_logic,incorrect,correct,False,True,False,0.20751874963942185,0.3333333333333333
trace_00023,trace_00029,logic_001,logic_002,symbolic_logic,symbolic_logic,incorrect,correct,False,True,False,0.20751874963942185,0.3333333333333333
trace_00023,trace_00030,logic_001,logic_002,symbolic_logic,symbolic_logic,incorrect,incorrect,False,True,True,0.32518928103806,0.5
trace_00023,trace_00031,logic_001,logic_003,symbolic_logic,symbolic_logic,incorrect,incorrect,False,True,True,0.0,0.0
trace_00023,trace_00032,logic_001,logic_003,symbolic_logic,symbolic_logic,incorrect,incorrect,False,True,True,0.08170416594551039,0.3333333333333333
trace_00023,trace_00033,logic_001,logic_003,symbolic_logic,symbolic_logic,incorrect,incorrect,False,True,True,0.20798473969193812,0.41666666666666663
trace_00023,trace_00034,logic_001,logic_003,symbolic_logic,symbolic_logic,incorrect,incorrect,False,True,True,0.020720839623908215,0.16666666666666666
trace_00023,trace_00035,logic_001,logic_003,symbolic_logic,symbolic_logic,incorrect,correct,False,True,False,0.20751874963942185,0.3333333333333333
trace_00023,trace_00036,logic_001,logic_004,symbolic_logic,symbolic_logic,incorrect,correct,False,True,False,0.3112781244591328,0.49999999999999994
trace_00023,trace_00037,logic_001,logic_004,symbolic_logic,symbolic_logic,incorrect,correct,False,True,False,0.5408520829727551,0.6666666666666666
trace_00023,trace_00038,logic_001,logic_004,symbolic_logic,symbolic_logic,incorrect,correct,False,True,False,0.42528358731335336,0.5
trace_00023,trace_00039,logic_001,logic_004,symbolic_logic,symbolic_logic,incorrect,correct,False,True,False,0.42528358731335336,0.5
trace_00023,trace_00040,logic_001,logic_004,symbolic_logic,symbolic_logic,incorrect,incorrect,False,True,True,1.0,0.9999999999999999
trace_00023,trace_00041,logic_001,temporal_001,symbolic_logic,temporal_ordering,incorrect,incorrect,False,False,True,0.5803376670330035,0.7142857142857142
trace_00023,trace_00042,logic_001,temporal_001,symbolic_logic,temporal_ordering,incorrect,incorrect,False,False,True,0.42528358731335336,0.5
trace_00023,trace_00043,logic_001,temporal_001,symbolic_logic,temporal_ordering,incorrect,correct,False,False,False,0.6125474873813833,0.7499999999999999
trace_00023,trace_00044,logic_001,temporal_001,symbolic_logic,temporal_ordering,incorrect,incorrect,False,False,True,1.0,0.9999999999999999
trace_00023,trace_00045,logic_001,temporal_001,symbolic_logic,temporal_ordering,incorrect,incorrect,False,False,True,0.5803376670330035,0.7142857142857142
trace_00023,trace_00046,logic_001,temporal_002,symbolic_logic,temporal_ordering,incorrect,incorrect,False,False,True,0.32518928103806,0.5
trace_00023,trace_00047,logic_001,temporal_002,symbolic_logic,temporal_ordering,incorrect,correct,False,False,False,1.0,0.9999999999999999
trace_00023,trace_00048,logic_001,temporal_002,symbolic_logic,temporal_ordering,incorrect,correct,False,False,False,0.5408520829727551,0.6666666666666666
trace_00023,trace_00049,logic_001,temporal_002,symbolic_logic,temporal_ordering,incorrect,correct,False,False,False,0.5408520829727551,0.6666666666666666
trace_00023,trace_00050,logic_001,temporal_002,symbolic_logic,temporal_ordering,incorrect,correct,False,False,False,0.42528358731335336,0.5
trace_00023,trace_00051,logic_001,temporal_003,symbolic_logic,temporal_ordering,incorrect,correct,False,False,False,0.490968531773352,0.6
trace_00023,trace_00052,logic_001,temporal_003,symbolic_logic,temporal_ordering,incorrect,incorrect,False,False,True,0.5408520829727551,0.6666666666666666
trace_00023,trace_00053,logic_001,temporal_003,symbolic_logic,temporal_ordering,incorrect,incorrect,False,False,True,0.3333333333333333,0.3333333333333333
trace_00023,trace_00054,logic_001,temporal_003,symbolic_logic,temporal_ordering,incorrect,correct,False,False,False,0.1908745046211096,0.33333333333333337
trace_00023,trace_00055,logic_001,temporal_003,symbolic_logic,temporal_ordering,incorrect,correct,False,False,False,0.7126417936566767,0.7499999999999999
trace_00023,trace_00056,logic_001,temporal_004,symbolic_logic,temporal_ordering,incorrect,incorrect,False,False,True,0.42528358731335336,0.5
trace_00023,trace_00057,logic_001,temporal_004,symbolic_logic,temporal_ordering,incorrect,incorrect,False,False,True,0.42528358731335336,0.5
trace_00023,trace_00058,logic_001,temporal_004,symbolic_logic,temporal_ordering,incorrect,incorrect,False,False,True,0.42528358731335336,0.5
trace_00023,trace_00059,logic_001,temporal_004,symbolic_logic,temporal_ordering,incorrect,incorrect,False,False,True,0.42528358731335336,0.5
trace_00023,trace_00060,logic_001,temporal_004,symbolic_logic,temporal_ordering,incorrect,incorrect,False,False,True,0.42528358731335336,0.5
trace_00023,trace_00061,logic_001,causal_001,symbolic_logic,causal_micro_world,incorrect,incorrect,False,False,True,0.5408520829727551,0.6666666666666666
trace_00023,trace_00062,logic_001,causal_001,symbolic_logic,causal_micro_world,incorrect,correct,False,False,False,1.0,0.9999999999999999
trace_00023,trace_00063,logic_001,causal_001,symbolic_logic,causal_micro_world,incorrect,uncertain,False,False,False,0.6991966271302656,0.8333333333333333
trace_00023,trace_00064,logic_001,causal_001,symbolic_logic,causal_micro_world,incorrect,incorrect,False,False,True,0.42528358731335336,0.5
trace_00023,trace_00065,logic_001,causal_001,symbolic_logic,causal_micro_world,incorrect,incorrect,False,False,True,1.0,0.9999999999999999
trace_00023,trace_00066,logic_001,causal_002,symbolic_logic,causal_micro_world,incorrect,correct,False,False,False,0.31529291595345615,0.5
trace_00023,trace_00067,logic_001,causal_002,symbolic_logic,causal_micro_world,incorrect,incorrect,False,False,True,1.0,0.9999999999999999
trace_00023,trace_00068,logic_001,causal_002,symbolic_logic,causal_micro_world,incorrect,correct,False,False,False,0.6125474873813833,0.7499999999999999
trace_00023,trace_00069,logic_001,causal_002,symbolic_logic,causal_micro_world,incorrect,correct,False,False,False,0.42528358731335336,0.5
trace_00023,trace_00070,logic_001,causal_002,symbolic_logic,causal_micro_world,incorrect,correct,False,False,False,0.42528358731335336,0.5
trace_00023,trace_00071,logic_001,causal_003,symbolic_logic,causal_micro_world,incorrect,incorrect,False,False,True,0.5954372523105548,0.6666666666666666
trace_00023,trace_00072,logic_001,causal_003,symbolic_logic,causal_micro_world,incorrect,correct,False,False,False,0.6666666666666666,0.6666666666666666
trace_00023,trace_00073,logic_001,causal_003,symbolic_logic,causal_micro_world,incorrect,correct,False,False,False,0.6666666666666666,0.6666666666666666
trace_00023,trace_00074,logic_001,causal_003,symbolic_logic,causal_micro_world,incorrect,incorrect,False,False,True,0.7126417936566767,0.7499999999999999
trace_00023,trace_00075,logic_001,causal_003,symbolic_logic,causal_micro_world,incorrect,correct,False,False,False,0.6666666666666666,0.6666666666666666
trace_00023,trace_00076,logic_001,causal_004,symbolic_logic,causal_micro_world,incorrect,correct,False,False,False,1.0,0.9999999999999999
trace_00023,trace_00077,logic_001,causal_004,symbolic_logic,causal_micro_world,incorrect,correct,False,False,False,1.0,0.9999999999999999
trace_00023,trace_00078,logic_001,causal_004,symbolic_logic,causal_micro_world,incorrect,correct,False,False,False,0.6622817371734298,0.7999999999999999
trace_00023,trace_00079,logic_001,causal_004,symbolic_logic,causal_micro_world,incorrect,correct,False,False,False,1.0,0.9999999999999999
trace_00023,trace_00080,logic_001,causal_004,symbolic_logic,causal_micro_world,incorrect,correct,False,False,False,1.0,0.9999999999999999
trace_00023,trace_00081,logic_001,commonsense_001,symbolic_logic,commonsense_multihop,incorrect,incorrect,False,False,True,0.7126417936566767,0.75
trace_00023,trace_00082,logic_001,commonsense_001,symbolic_logic,commonsense_multihop,incorrect,correct,False,False,False,0.6125474873813833,0.75
trace_00023,trace_00083,logic_001,commonsense_001,symbolic_logic,commonsense_multihop,incorrect,correct,False,False,False,0.5408520829727552,0.6666666666666666
trace_00023,trace_00084,logic_001,commonsense_001,symbolic_logic,commonsense_multihop,incorrect,incorrect,False,False,True,0.7704260414863775,0.8333333333333333
trace_00023,trace_00085,logic_001,commonsense_001,symbolic_logic,commonsense_multihop,incorrect,incorrect,False,False,True,0.6622817371734298,0.8
trace_00023,trace_00086,logic_001,commonsense_002,symbolic_logic,commonsense_multihop,incorrect,correct,False,False,False,0.42528358731335336,0.5
trace_00023,trace_00087,logic_001,commonsense_002,symbolic_logic,commonsense_multihop,incorrect,correct,False,False,False,0.6125474873813833,0.75
trace_00023,trace_00088,logic_001,commonsense_002,symbolic_logic,commonsense_multihop,incorrect,correct,False,False,False,0.32518928103806,0.5
trace_00023,trace_00089,logic_001,commonsense_002,symbolic_logic,commonsense_multihop,incorrect,incorrect,False,False,True,0.6125474873813833,0.7499999999999999
trace_00023,trace_00090,logic_001,commonsense_002,symbolic_logic,commonsense_multihop,incorrect,correct,False,False,False,0.4077660030601058,0.6
trace_00023,trace_00091,logic_001,commonsense_003,symbolic_logic,commonsense_multihop,incorrect,incorrect,False,False,True,1.0,0.9999999999999999
trace_00023,trace_00092,logic_001,commonsense_003,symbolic_logic,commonsense_multihop,incorrect,correct,False,False,False,0.5408520829727551,0.6666666666666666
trace_00023,trace_00093,logic_001,commonsense_003,symbolic_logic,commonsense_multihop,incorrect,incorrect,False,False,True,0.6666666666666666,0.6666666666666666
trace_00023,trace_00094,logic_001,commonsense_003,symbolic_logic,commonsense_multihop,incorrect,incorrect,False,False,True,1.0,1.0
trace_00023,trace_00095,logic_001,commonsense_003,symbolic_logic,commonsense_multihop,incorrect,incorrect,False,False,True,0.5408520829727551,0.6666666666666666
trace_00023,trace_00096,logic_001,commonsense_004,symbolic_logic,commonsense_multihop,incorrect,incorrect,False,False,True,0.42528358731335336,0.5
trace_00023,trace_00097,logic_001,commonsense_004,symbolic_logic,commonsense_multihop,incorrect,incorrect,False,False,True,0.3333333333333333,0.3333333333333333
trace_00023,trace_00098,logic_001,commonsense_004,symbolic_logic,commonsense_multihop,incorrect,incorrect,False,False,True,0.42528358731335336,0.5
trace_00023,trace_00099,logic_001,commonsense_004,symbolic_logic,commonsense_multihop,incorrect,incorrect,False,False,True,0.17376612508297634,0.2857142857142857
trace_00023,trace_00100,logic_001,commonsense_004,symbolic_logic,commonsense_multihop,incorrect,incorrect,False,False,True,0.42528358731335336,0.5
trace_00024,trace_00025,logic_001,logic_001,symbolic_logic,symbolic_logic,incorrect,correct,True,True,False,0.1379253809700301,0.24999999999999997
trace_00024,trace_00026,logic_001,logic_002,symbolic_logic,symbolic_logic,incorrect,incorrect,False,True,True,0.020720839623908215,0.16666666666666666
trace_00024,trace_00027,logic_001,logic_002,symbolic_logic,symbolic_logic,incorrect,incorrect,False,True,True,0.13792538097003013,0.24999999999999997
trace_00024,trace_00028,logic_001,logic_002,symbolic_logic,symbolic_logic,incorrect,correct,False,True,False,0.0,0.0
trace_00024,trace_00029,logic_001,logic_002,symbolic_logic,symbolic_logic,incorrect,correct,False,True,False,0.0,0.0
trace_00024,trace_00030,logic_001,logic_002,symbolic_logic,symbolic_logic,incorrect,incorrect,False,True,True,0.13792538097003013,0.24999999999999997
trace_00024,trace_00031,logic_001,logic_003,symbolic_logic,symbolic_logic,incorrect,incorrect,False,True,True,0.20751874963942185,0.3333333333333333
trace_00024,trace_00032,logic_001,logic_003,symbolic_logic,symbolic_logic,incorrect,incorrect,False,True,True,0.20751874963942185,0.3333333333333333
trace_00024,trace_00033,logic_001,logic_003,symbolic_logic,symbolic_logic,incorrect,incorrect,False,True,True,0.020720839623908215,0.16666666666666666
trace_00024,trace_00034,logic_001,logic_003,symbolic_logic,symbolic_logic,incorrect,incorrect,False,True,True,0.1908745046211096,0.33333333333333337
trace_00024,trace_00035,logic_001,logic_003,symbolic_logic,symbolic_logic,incorrect,correct,False,True,False,0.0,0.0
trace_00024,trace_00036,logic_001,logic_004,symbolic_logic,symbolic_logic,incorrect,correct,False,True,False,0.10375937481971093,0.16666666666666666
trace_00024,trace_00037,logic_001,logic_004,symbolic_logic,symbolic_logic,incorrect,correct,False,True,False,0.3333333333333333,0.3333333333333333
trace_00024,trace_00038,logic_001,logic_004,symbolic_logic,symbolic_logic,incorrect,correct,False,True,False,0.1908745046211096,0.33333333333333337
trace_00024,trace_00039,logic_001,logic_004,symbolic_logic,symbolic_logic,incorrect,correct,False,True,False,0.5954372523105549,0.6666666666666666
trace_00024,trace_00040,logic_001,logic_004,symbolic_logic,symbolic_logic,incorrect,incorrect,False,True,True,0.5954372523105549,0.6666666666666666
trace_00024,trace_00041,logic_001,temporal_001,symbolic_logic,temporal_ordering,incorrect,incorrect,False,False,True,0.315151252149524,0.38095238095238093
trace_00024,trace_00042,logic_001,temporal_001,symbolic_logic,temporal_ordering,incorrect,incorrect,False,False,True,0.5954372523105549,0.6666666666666666
trace_00024,trace_00043,logic_001,temporal_001,symbolic_logic,temporal_ordering,incorrect,correct,False,False,False,0.3080790459672315,0.41666666666666663
trace_00024,trace_00044,logic_001,temporal_001,symbolic_logic,temporal_ordering,incorrect,incorrect,False,False,True,0.5954372523105549,0.6666666666666666
trace_00024,trace_00045,logic_001,temporal_001,symbolic_logic,temporal_ordering,incorrect,incorrect,False,False,True,0.315151252149524,0.38095238095238093
trace_00024,trace_00046,logic_001,temporal_002,symbolic_logic,temporal_ordering,incorrect,incorrect,False,False,True,0.0720014354742918,0.16666666666666666
trace_00024,trace_00047,logic_001,temporal_002,symbolic_logic,temporal_ordering,incorrect,correct,False,False,False,0.5954372523105549,0.6666666666666666
trace_00024,trace_00048,logic_001,temporal_002,symbolic_logic,temporal_ordering,incorrect,correct,False,False,False,0.6666666666666666,0.6666666666666666
trace_00024,trace_00049,logic_001,temporal_002,symbolic_logic,temporal_ordering,incorrect,correct,False,False,False,0.26210391897722146,0.33333333333333337
trace_00024,trace_00050,logic_001,temporal_002,symbolic_logic,temporal_ordering,incorrect,correct,False,False,False,0.5954372523105549,0.6666666666666666
trace_00024,trace_00051,logic_001,temporal_003,symbolic_logic,temporal_ordering,incorrect,correct,False,False,False,0.27104451158356513,0.33333333333333337
trace_00024,trace_00052,logic_001,temporal_003,symbolic_logic,temporal_ordering,incorrect,incorrect,False,False,True,0.20751874963942185,0.3333333333333333
trace_00024,trace_00053,logic_001,temporal_003,symbolic_logic,temporal_ordering,incorrect,incorrect,False,False,True,0.20751874963942185,0.3333333333333333
trace_00024,trace_00054,logic_001,temporal_003,symbolic_logic,temporal_ordering,incorrect,correct,False,False,False,0.4591479170272448,0.6666666666666666
trace_00024,trace_00055,logic_001,temporal_003,symbolic_logic,temporal_ordering,incorrect,correct,False,False,False,0.3080790459672315,0.41666666666666663
trace_00024,trace_00056,logic_001,temporal_004,symbolic_logic,temporal_ordering,incorrect,incorrect,False,False,True,0.1908745046211096,0.33333333333333337
trace_00024,trace_00057,logic_001,temporal_004,symbolic_logic,temporal_ordering,incorrect,incorrect,False,False,True,0.1908745046211096,0.33333333333333337
trace_00024,trace_00058,logic_001,temporal_004,symbolic_logic,temporal_ordering,incorrect,incorrect,False,False,True,0.1908745046211096,0.33333333333333337
trace_00024,trace_00059,logic_001,temporal_004,symbolic_logic,temporal_ordering,incorrect,incorrect,False,False,True,0.1908745046211096,0.33333333333333337
trace_00024,trace_00060,logic_001,temporal_004,symbolic_logic,temporal_ordering,incorrect,incorrect,False,False,True,0.1908745046211096,0.33333333333333337
trace_00024,trace_00061,logic_001,causal_001,symbolic_logic,causal_micro_world,incorrect,incorrect,False,False,True,0.6666666666666666,0.6666666666666666
trace_00024,trace_00062,logic_001,causal_001,symbolic_logic,causal_micro_world,incorrect,correct,False,False,False,1.0,0.9999999999999999
trace_00024,trace_00063,logic_001,causal_001,symbolic_logic,causal_micro_world,incorrect,uncertain,False,False,False,0.43709270815304424,0.5
trace_00024,trace_00064,logic_001,causal_001,symbolic_logic,causal_micro_world,incorrect,incorrect,False,False,True,0.5954372523105549,0.6666666666666666
trace_00024,trace_00065,logic_001,causal_001,symbolic_logic,causal_micro_world,incorrect,incorrect,False,False,True,1.0,0.9999999999999999
trace_00024,trace_00066,logic_001,causal_002,symbolic_logic,causal_micro_world,incorrect,correct,False,False,False,0.2592653355423217,0.41666666666666663
trace_00024,trace_00067,logic_001,causal_002,symbolic_logic,causal_micro_world,incorrect,incorrect,False,False,True,0.6355222557917826,0.6666666666666666
trace_00024,trace_00068,logic_001,causal_002,symbolic_logic,causal_micro_world,incorrect,correct,False,False,False,0.42528358731335336,0.4999999999999999
trace_00024,trace_00069,logic_001,causal_002,symbolic_logic,causal_micro_world,incorrect,correct,False,False,False,0.5954372523105549,0.6666666666666666
trace_00024,trace_00070,logic_001,causal_002,symbolic_logic,causal_micro_world,incorrect,correct,False,False,False,0.1908745046211096,0.33333333333333337
trace_00024,trace_00071,logic_001,causal_003,symbolic_logic,causal_micro_world,incorrect,incorrect,False,False,True,0.30807904596723146,0.41666666666666663
trace_00024,trace_00072,logic_001,causal_003,symbolic_logic,causal_micro_world,incorrect,correct,False,False,False,0.3333333333333333,0.3333333333333333
trace_00024,trace_00073,logic_001,causal_003,symbolic_logic,causal_micro_world,incorrect,correct,False,False,False,0.6666666666666666,0.6666666666666666
trace_00024,trace_00074,logic_001,causal_003,symbolic_logic,causal_micro_world,incorrect,incorrect,False,False,True,0.42528358731335336,0.5
trace_00024,trace_00075,logic_001,causal_003,symbolic_logic,causal_micro_world,incorrect,correct,False,False,False,0.6666666666666666,0.6666666666666666
trace_00024,trace_00076,logic_001,causal_004,symbolic_logic,causal_micro_world,incorrect,correct,False,False,False,1.0,0.9999999999999999
trace_00024,trace_00077,logic_001,causal_004,symbolic_logic,causal_micro_world,incorrect,correct,False,False,False,1.0,0.9999999999999999
trace_00024,trace_00078,logic_001,causal_004,symbolic_logic,causal_micro_world,incorrect,correct,False,False,False,0.490968531773352,0.6
trace_00024,trace_00079,logic_001,causal_004,symbolic_logic,causal_micro_world,incorrect,correct,False,False,False,1.0,0.9999999999999999
trace_00024,trace_00080,logic_001,causal_004,symbolic_logic,causal_micro_world,incorrect,correct,False,False,False,1.0,0.9999999999999999
trace_00024,trace_00081,logic_001,commonsense_001,symbolic_logic,commonsense_multihop,incorrect,incorrect,False,False,True,0.42528358731335336,0.5
trace_00024,trace_00082,logic_001,commonsense_001,symbolic_logic,commonsense_multihop,incorrect,correct,False,False,False,0.3593596418176151,0.41666666666666663
trace_00024,trace_00083,logic_001,commonsense_001,symbolic_logic,commonsense_multihop,incorrect,correct,False,False,False,0.43709270815304424,0.5
trace_00024,trace_00084,logic_001,commonsense_001,symbolic_logic,commonsense_multihop,incorrect,incorrect,False,False,True,0.43709270815304424,0.5
trace_00024,trace_00085,logic_001,commonsense_001,symbolic_logic,commonsense_multihop,incorrect,incorrect,False,False,True,0.490968531773352,0.6
trace_00024,trace_00086,logic_001,commonsense_002,symbolic_logic,commonsense_multihop,incorrect,correct,False,False,False,0.3080790459672315,0.41666666666666663
trace_00024,trace_00087,logic_001,commonsense_002,symbolic_logic,commonsense_multihop,incorrect,correct,False,False,False,0.3080790459672315,0.41666666666666663
trace_00024,trace_00088,logic_001,commonsense_002,symbolic_logic,commonsense_multihop,incorrect,correct,False,False,False,0.13792538097003013,0.24999999999999997
trace_00024,trace_00089,logic_001,commonsense_002,symbolic_logic,commonsense_multihop,incorrect,incorrect,False,False,True,0.3080790459672315,0.41666666666666663
trace_00024,trace_00090,logic_001,commonsense_002,symbolic_logic,commonsense_multihop,incorrect,correct,False,False,False,0.236452797660028,0.3999999999999999
trace_00024,trace_00091,logic_001,commonsense_003,symbolic_logic,commonsense_multihop,incorrect,incorrect,False,False,True,0.5954372523105549,0.6666666666666666
trace_00024,trace_00092,logic_001,commonsense_003,symbolic_logic,commonsense_multihop,incorrect,correct,False,False,False,0.3333333333333333,0.3333333333333333
trace_00024,trace_00093,logic_001,commonsense_003,symbolic_logic,commonsense_multihop,incorrect,incorrect,False,False,True,0.3333333333333333,0.3333333333333333
trace_00024,trace_00094,logic_001,commonsense_003,symbolic_logic,commonsense_multihop,incorrect,incorrect,False,False,True,0.7126417936566767,0.75
trace_00024,trace_00095,logic_001,commonsense_003,symbolic_logic,commonsense_multihop,incorrect,incorrect,False,False,True,0.3333333333333333,0.3333333333333333
trace_00024,trace_00096,logic_001,commonsense_004,symbolic_logic,commonsense_multihop,incorrect,incorrect,False,False,True,0.5954372523105549,0.6666666666666666
trace_00024,trace_00097,logic_001,commonsense_004,symbolic_logic,commonsense_multihop,incorrect,incorrect,False,False,True,0.5408520829727551,0.6666666666666666
trace_00024,trace_00098,logic_001,commonsense_004,symbolic_logic,commonsense_multihop,incorrect,incorrect,False,False,True,0.1908745046211096,0.33333333333333337
trace_00024,trace_00099,logic_001,commonsense_004,symbolic_logic,commonsense_multihop,incorrect,incorrect,False,False,True,0.360654826555287,0.5238095238095237
trace_00024,trace_00100,logic_001,commonsense_004,symbolic_logic,commonsense_multihop,incorrect,incorrect,False,False,True,0.5954372523105549,0.6666666666666666
trace_00025,trace_00026,logic_001,logic_002,symbolic_logic,symbolic_logic,correct,incorrect,False,True,False,0.1556390622295664,0.25
trace_00025,trace_00027,logic_001,logic_002,symbolic_logic,symbolic_logic,correct,incorrect,False,True,False,0.25,0.25
trace_00025,trace_00028,logic_001,logic_002,symbolic_logic,symbolic_logic,correct,correct,False,True,True,0.1379253809700301,0.24999999999999997
trace_00025,trace_00029,logic_001,logic_002,symbolic_logic,symbolic_logic,correct,correct,False,True,True,0.1379253809700301,0.24999999999999997
trace_00025,trace_00030,logic_001,logic_002,symbolic_logic,symbolic_logic,correct,incorrect,False,True,False,0.25,0.25
trace_00025,trace_00031,logic_001,logic_003,symbolic_logic,symbolic_logic,correct,incorrect,False,True,False,0.32518928103806,0.5
trace_00025,trace_00032,logic_001,logic_003,symbolic_logic,symbolic_logic,correct,incorrect,False,True,False,0.32518928103806,0.49999999999999994
trace_00025,trace_00033,logic_001,logic_003,symbolic_logic,symbolic_logic,correct,incorrect,False,True,False,0.1556390622295664,0.25
trace_00025,trace_00034,logic_001,logic_003,symbolic_logic,symbolic_logic,correct,incorrect,False,True,False,0.3112781244591328,0.5
trace_00025,trace_00035,logic_001,logic_003,symbolic_logic,symbolic_logic,correct,correct,False,True,True,0.1379253809700301,0.24999999999999997
trace_00025,trace_00036,logic_001,logic_004,symbolic_logic,symbolic_logic,correct,correct,False,True,True,0.020720839623908218,0.16666666666666666
trace_00025,trace_00037,logic_001,logic_004,symbolic_logic,symbolic_logic,correct,correct,False,True,True,0.42528358731335336,0.5
trace_00025,trace_00038,logic_001,logic_004,symbolic_logic,symbolic_logic,correct,correct,False,True,True,0.3112781244591328,0.5
trace_00025,trace_00039,logic_001,logic_004,symbolic_logic,symbolic_logic,correct,correct,False,True,True,0.6556390622295665,0.75
trace_00025,trace_00040,logic_001,logic_004,symbolic_logic,symbolic_logic,correct,incorrect,False,True,False,0.6556390622295665,0.75
trace_00025,trace_00041,logic_001,temporal_001,symbolic_logic,temporal_ordering,correct,incorrect,False,False,False,0.4108667362125791,0.49999999999999994
trace_00025,trace_00042,logic_001,temporal_001,symbolic_logic,temporal_ordering,correct,incorrect,False,False,False,0.6556390622295665,0.75
trace_00025,trace_00043,logic_001,temporal_001,symbolic_logic,temporal_ordering,correct,correct,False,False,True,0.1556390622295664,0.25
trace_00025,trace_00044,logic_001,temporal_001,symbolic_logic,temporal_ordering,correct,incorrect,False,False,False,0.40563906222956636,0.5
trace_00025,trace_00045,logic_001,temporal_001,symbolic_logic,temporal_ordering,correct,incorrect,False,False,False,0.4108667362125791,0.49999999999999994
trace_00025,trace_00046,logic_001,temporal_002,symbolic_logic,temporal_ordering,correct,incorrect,False,False,False,0.024397470347699242,0.125
trace_00025,trace_00047,logic_001,temporal_002,symbolic_logic,temporal_ordering,correct,correct,False,False,True,0.3112781244591328,0.5
trace_00025,trace_00048,logic_001,temporal_002,symbolic_logic,temporal_ordering,correct,correct,False,False,True,0.32518928103806,0.5
trace_00025,trace_00049,logic_001,temporal_002,symbolic_logic,temporal_ordering,correct,correct,False,False,True,0.16599948204152049,0.33333333333333337
trace_00025,trace_00050,logic_001,temporal_002,symbolic_logic,temporal_ordering,correct,correct,False,False,True,0.3112781244591328,0.5
trace_00025,trace_00051,logic_001,temporal_003,symbolic_logic,temporal_ordering,correct,correct,False,False,True,0.37519620693013067,0.5
trace_00025,trace_00052,logic_001,temporal_003,symbolic_logic,temporal_ordering,correct,incorrect,False,False,False,0.32518928103806,0.5
trace_00025,trace_00053,logic_001,temporal_003,symbolic_logic,temporal_ordering,correct,incorrect,False,False,False,0.32518928103806,0.5
trace_00025,trace_00054,logic_001,temporal_003,symbolic_logic,temporal_ordering,correct,correct,False,False,True,0.5487949406953987,0.75
trace_00025,trace_00055,logic_001,temporal_003,symbolic_logic,temporal_ordering,correct,correct,False,False,True,0.40563906222956636,0.5
trace_00025,trace_00056,logic_001,temporal_004,symbolic_logic,temporal_ordering,correct,incorrect,False,False,False,0.3112781244591328,0.5
trace_00025,trace_00057,logic_001,temporal_004,symbolic_logic,temporal_ordering,correct,incorrect,False,False,False,0.3112781244591328,0.5
trace_00025,trace_00058,logic_001,temporal_004,symbolic_logic,temporal_ordering,correct,incorrect,False,False,False,0.3112781244591328,0.5
trace_00025,trace_00059,logic_001,temporal_004,symbolic_logic,temporal_ordering,correct,incorrect,False,False,False,0.3112781244591328,0.5
trace_00025,trace_00060,logic_001,temporal_004,symbolic_logic,temporal_ordering,correct,incorrect,False,False,False,0.3112781244591328,0.5
trace_00025,trace_00061,logic_001,causal_001,symbolic_logic,causal_micro_world,correct,incorrect,False,False,False,0.42528358731335336,0.5
trace_00025,trace_00062,logic_001,causal_001,symbolic_logic,causal_micro_world,correct,correct,False,False,True,0.6125474873813833,0.7499999999999999
trace_00025,trace_00063,logic_001,causal_001,symbolic_logic,causal_micro_world,correct,uncertain,False,False,False,0.16599948204152049,0.3333333333333333
trace_00025,trace_00064,logic_001,causal_001,symbolic_logic,causal_micro_world,correct,incorrect,False,False,False,0.3112781244591328,0.5
trace_00025,trace_00065,logic_001,causal_001,symbolic_logic,causal_micro_world,correct,incorrect,False,False,False,0.5487949406953987,0.75
trace_00025,trace_00066,logic_001,causal_002,symbolic_logic,causal_micro_world,correct,correct,False,False,True,0.048794940695398484,0.25
trace_00025,trace_00067,logic_001,causal_002,symbolic_logic,causal_micro_world,correct,incorrect,False,False,False,0.3161561580109383,0.5
trace_00025,trace_00068,logic_001,causal_002,symbolic_logic,causal_micro_world,correct,correct,False,False,True,0.1556390622295664,0.25
trace_00025,trace_00069,logic_001,causal_002,symbolic_logic,causal_micro_world,correct,correct,False,False,True,0.40563906222956636,0.5
trace_00025,trace_00070,logic_001,causal_002,symbolic_logic,causal_micro_world,correct,correct,False,False,True,0.3112781244591328,0.5
trace_00025,trace_00071,logic_001,causal_003,symbolic_logic,causal_micro_world,correct,incorrect,False,False,False,0.1556390622295664,0.25
trace_00025,trace_00072,logic_001,causal_003,symbolic_logic,causal_micro_world,correct,correct,False,False,True,0.13792538097003013,0.24999999999999997
trace_00025,trace_00073,logic_001,causal_003,symbolic_logic,causal_micro_world,correct,correct,False,False,True,0.42528358731335336,0.4999999999999999
trace_00025,trace_00074,logic_001,causal_003,symbolic_logic,causal_micro_world,correct,incorrect,False,False,False,0.25,0.25
trace_00025,trace_00075,logic_001,causal_003,symbolic_logic,causal_micro_world,correct,correct,False,False,True,0.42528358731335336,0.4999999999999999
trace_00025,trace_00076,logic_001,causal_004,symbolic_logic,causal_micro_world,correct,correct,False,False,True,0.6125474873813833,0.7499999999999999
trace_00025,trace_00077,logic_001,causal_004,symbolic_logic,causal_micro_world,correct,correct,False,False,True,0.6125474873813833,0.7499999999999999
trace_00025,trace_00078,logic_001,causal_004,symbolic_logic,causal_micro_world,correct,correct,False,False,True,0.24161387653786542,0.35
trace_00025,trace_00079,logic_001,causal_004,symbolic_logic,causal_micro_world,correct,correct,False,False,True,0.6556390622295665,0.75
trace_00025,trace_00080,logic_001,causal_004,symbolic_logic,causal_micro_world,correct,correct,False,False,True,0.6125474873813833,0.7499999999999999
trace_00025,trace_00081,logic_001,commonsense_001,symbolic_logic,commonsense_multihop,correct,incorrect,False,False,False,0.5,0.5
trace_00025,trace_00082,logic_001,commonsense_001,symbolic_logic,commonsense_multihop,correct,correct,False,False,True,0.27439747034769923,0.375
trace_00025,trace_00083,logic_001,commonsense_001,symbolic_logic,commonsense_multihop,correct,correct,False,False,True,0.5103604198119541,0.5833333333333334
trace_00025,trace_00084,logic_001,commonsense_001,symbolic_logic,commonsense_multihop,correct,incorrect,False,False,False,0.3080790459672315,0.41666666666666663
trace_00025,trace_00085,logic_001,commonsense_001,symbolic_logic,commonsense_multihop,correct,incorrect,False,False,False,0.3310236596092001,0.4
trace_00025,trace_00086,logic_001,commonsense_002,symbolic_logic,commonsense_multihop,correct,correct,False,False,True,0.40563906222956636,0.5
trace_00025,trace_00087,logic_001,commonsense_002,symbolic_logic,commonsense_multihop,correct,correct,False,False,True,0.40563906222956636,0.5
trace_00025,trace_00088,logic_001,commonsense_002,symbolic_logic,commonsense_multihop,correct,correct,False,False,True,0.25,0.25
trace_00025,trace_00089,logic_001,commonsense_002,symbolic_logic,commonsense_multihop,correct,incorrect,False,False,False,0.1556390622295664,0.25
trace_00025,trace_00090,logic_001,commonsense_002,symbolic_logic,commonsense_multihop,correct,correct,False,False,True,0.10803154614560012,0.19999999999999998
trace_00025,trace_00091,logic_001,commonsense_003,symbolic_logic,commonsense_multihop,correct,incorrect,False,False,False,0.6556390622295665,0.75
trace_00025,trace_00092,logic_001,commonsense_003,symbolic_logic,commonsense_multihop,correct,correct,False,False,True,0.42528358731335336,0.5
trace_00025,trace_00093,logic_001,commonsense_003,symbolic_logic,commonsense_multihop,correct,incorrect,False,False,False,0.42528358731335336,0.4999999999999999
trace_00025,trace_00094,logic_001,commonsense_003,symbolic_logic,commonsense_multihop,correct,incorrect,False,False,False,0.75,0.75
trace_00025,trace_00095,logic_001,commonsense_003,symbolic_logic,commonsense_multihop,correct,incorrect,False,False,False,0.42528358731335336,0.5
trace_00025,trace_00096,logic_001,commonsense_004,symbolic_logic,commonsense_multihop,correct,incorrect,False,False,False,0.40563906222956636,0.5
trace_00025,trace_00097,logic_001,commonsense_004,symbolic_logic,commonsense_multihop,correct,incorrect,False,False,False,0.6125474873813833,0.7499999999999999
trace_00025,trace_00098,logic_001,commonsense_004,symbolic_logic,commonsense_multihop,correct,incorrect,False,False,False,0.3112781244591328,0.5
trace_00025,trace_00099,logic_001,commonsense_004,symbolic_logic,commonsense_multihop,correct,incorrect,False,False,False,0.2643755850692473,0.4642857142857143
trace_00025,trace_00100,logic_001,commonsense_004,symbolic_logic,commonsense_multihop,correct,incorrect,False,False,False,0.40563906222956636,0.5
trace_00026,trace_00027,logic_002,logic_002,symbolic_logic,symbolic_logic,incorrect,incorrect,True,True,True,0.1556390622295664,0.25
trace_00026,trace_00028,logic_002,logic_002,symbolic_logic,symbolic_logic,incorrect,correct,True,True,False,0.020720839623908215,0.16666666666666666
trace_00026,trace_00029,logic_002,logic_002,symbolic_logic,symbolic_logic,incorrect,correct,True,True,False,0.020720839623908215,0.16666666666666666
trace_00026,trace_00030,logic_002,logic_002,symbolic_logic,symbolic_logic,incorrect,incorrect,True,True,True,0.1556390622295664,0.25
trace_00026,trace_00031,logic_002,logic_003,symbolic_logic,symbolic_logic,incorrect,incorrect,False,True,True,0.20798473969193812,0.41666666666666663
trace_00026,trace_00032,logic_002,logic_003,symbolic_logic,symbolic_logic,incorrect,incorrect,False,True,True,0.1379253809700301,0.24999999999999997
trace_00026,trace_00033,logic_002,logic_003,symbolic_logic,symbolic_logic,incorrect,incorrect,False,True,True,0.0,0.0
trace_00026,trace_00034,logic_002,logic_003,symbolic_logic,symbolic_logic,incorrect,incorrect,False,True,True,0.1556390622295664,0.25
trace_00026,trace_00035,logic_002,logic_003,symbolic_logic,symbolic_logic,incorrect,correct,False,True,False,0.020720839623908215,0.16666666666666666
trace_00026,trace_00036,logic_002,logic_004,symbolic_logic,symbolic_logic,incorrect,correct,False,True,False,0.15485754582697578,0.3333333333333333
trace_00026,trace_00037,logic_002,logic_004,symbolic_logic,symbolic_logic,incorrect,correct,False,True,False,0.42528358731335336,0.5
trace_00026,trace_00038,logic_002,logic_004,symbolic_logic,symbolic_logic,incorrect,correct,False,True,False,0.3112781244591328,0.5
trace_00026,trace_00039,logic_002,logic_004,symbolic_logic,symbolic_logic,incorrect,correct,False,True,False,0.6556390622295665,0.75
trace_00026,trace_00040,logic_002,logic_004,symbolic_logic,symbolic_logic,incorrect,incorrect,False,True,True,0.6556390622295665,0.75
trace_00026,trace_00041,logic_002,temporal_001,symbolic_logic,temporal_ordering,incorrect,incorrect,False,False,True,0.4108667362125791,0.49999999999999994
trace_00026,trace_00042,logic_002,temporal_001,symbolic_logic,temporal_ordering,incorrect,incorrect,False,False,True,0.6556390622295665,0.75
trace_00026,trace_00043,logic_002,temporal_001,symbolic_logic,temporal_ordering,incorrect,correct,False,False,False,0.40563906222956636,0.5
trace_00026,trace_00044,logic_002,temporal_001,symbolic_logic,temporal_ordering,incorrect,incorrect,False,False,True,0.6556390622295665,0.75
trace_00026,trace_00045,logic_002,temporal_001,symbolic_logic,temporal_ordering,incorrect,incorrect,False,False,True,0.4108667362125791,0.49999999999999994
trace_00026,trace_00046,logic_002,temporal_002,symbolic_logic,temporal_ordering,incorrect,incorrect,False,False,True,0.10221700146248243,0.25
trace_00026,trace_00047,logic_002,temporal_002,symbolic_logic,temporal_ordering,incorrect,correct,False,False,False,0.6556390622295665,0.75
trace_00026,trace_00048,logic_002,temporal_002,symbolic_logic,temporal_ordering,incorrect,correct,False,False,False,0.7126417936566767,0.75
trace_00026,trace_00049,logic_002,temporal_002,symbolic_logic,temporal_ordering,incorrect,correct,False,False,False,0.36828085588624304,0.5
trace_00026,trace_00050,logic_002,temporal_002,symbolic_logic,temporal_ordering,incorrect,correct,False,False,False,0.6556390622295665,0.75
trace_00026,trace_00051,logic_002,temporal_003,symbolic_logic,temporal_ordering,incorrect,correct,False,False,False,0.37519620693013067,0.5
trace_00026,trace_00052,logic_002,temporal_003,symbolic_logic,temporal_ordering,incorrect,incorrect,False,False,True,0.32518928103806,0.5
trace_00026,trace_00053,logic_002,temporal_003,symbolic_logic,temporal_ordering,incorrect,incorrect,False,False,True,0.32518928103806,0.5
trace_00026,trace_00054,logic_002,temporal_003,symbolic_logic,temporal_ordering,incorrect,correct,False,False,False,0.5487949406953987,0.75
trace_00026,trace_00055,logic_002,temporal_003,symbolic_logic,temporal_ordering,incorrect,correct,False,False,False,0.3112781244591328,0.5
trace_00026,trace_00056,logic_002,temporal_004,symbolic_logic,temporal_ordering,incorrect,incorrect,False,False,True,0.3112781244591328,0.5
trace_00026,trace_00057,logic_002,temporal_004,symbolic_logic,temporal_ordering,incorrect,incorrect,False,False,True,0.3112781244591328,0.5
trace_00026,trace_00058,logic_002,temporal_004,symbolic_logic,temporal_ordering,incorrect,incorrect,False,False,True,0.3112781244591328,0.5
trace_00026,trace_00059,logic_002,temporal_004,symbolic_logic,temporal_ordering,incorrect,incorrect,False,False,True,0.3112781244591328,0.5
trace_00026,trace_00060,logic_002,temporal_004,symbolic_logic,temporal_ordering,incorrect,incorrect,False,False,True,0.3112781244591328,0.5
trace_00026,trace_00061,logic_002,causal_001,symbolic_logic,causal_micro_world,incorrect,incorrect,False,False,True,0.7126417936566767,0.7499999999999999
trace_00026,trace_00062,logic_002,causal_001,symbolic_logic,causal_micro_world,incorrect,correct,False,False,False,1.0,0.9999999999999999
trace_00026,trace_00063,logic_002,causal_001,symbolic_logic,causal_micro_world,incorrect,uncertain,False,False,False,0.5103604198119541,0.5833333333333333
trace_00026,trace_00064,logic_002,causal_001,symbolic_logic,causal_micro_world,incorrect,incorrect,False,False,True,0.6556390622295665,0.75
trace_00026,trace_00065,logic_002,causal_001,symbolic_logic,causal_micro_world,incorrect,incorrect,False,False,True,1.0,1.0
trace_00026,trace_00066,logic_002,causal_002,symbolic_logic,causal_micro_world,incorrect,correct,False,False,False,0.2987949406953986,0.5
trace_00026,trace_00067,logic_002,causal_002,symbolic_logic,causal_micro_world,incorrect,incorrect,False,False,True,0.6875981034650653,0.75
trace_00026,trace_00068,logic_002,causal_002,symbolic_logic,causal_micro_world,incorrect,correct,False,False,False,0.5,0.5
trace_00026,trace_00069,logic_002,causal_002,symbolic_logic,causal_micro_world,incorrect,correct,False,False,False,0.6556390622295665,0.75
trace_00026,trace_00070,logic_002,causal_002,symbolic_logic,causal_micro_world,incorrect,correct,False,False,False,0.3112781244591328,0.5
trace_00026,trace_00071,logic_002,causal_003,symbolic_logic,causal_micro_world,incorrect,incorrect,False,False,True,0.25,0.25
trace_00026,trace_00072,logic_002,causal_003,symbolic_logic,causal_micro_world,incorrect,correct,False,False,False,0.30807904596723146,0.41666666666666663
trace_00026,trace_00073,logic_002,causal_003,symbolic_logic,causal_micro_world,incorrect,correct,False,False,False,0.5954372523105549,0.6666666666666666
trace_00026,trace_00074,logic_002,causal_003,symbolic_logic,causal_micro_world,incorrect,incorrect,False,False,True,0.40563906222956636,0.5
trace_00026,trace_00075,logic_002,causal_003,symbolic_logic,causal_micro_world,incorrect,correct,False,False,False,0.5954372523105549,0.6666666666666666
trace_00026,trace_00076,logic_002,causal_004,symbolic_logic,causal_micro_world,incorrect,correct,False,False,False,1.0,0.9999999999999999
trace_00026,trace_00077,logic_002,causal_004,symbolic_logic,causal_micro_world,incorrect,correct,False,False,False,1.0,0.9999999999999999
trace_00026,trace_00078,logic_002,causal_004,symbolic_logic,causal_micro_world,incorrect,correct,False,False,False,0.5540157730728,0.6
trace_00026,trace_00079,logic_002,causal_004,symbolic_logic,causal_micro_world,incorrect,correct,False,False,False,1.0,1.0
trace_00026,trace_00080,logic_002,causal_004,symbolic_logic,causal_micro_world,incorrect,correct,False,False,False,1.0,0.9999999999999999
trace_00026,trace_00081,logic_002,commonsense_001,symbolic_logic,commonsense_multihop,incorrect,incorrect,False,False,True,0.40563906222956636,0.5
trace_00026,trace_00082,logic_002,commonsense_001,symbolic_logic,commonsense_multihop,incorrect,correct,False,False,False,0.44657793923291605,0.5
trace_00026,trace_00083,logic_002,commonsense_001,symbolic_logic,commonsense_multihop,incorrect,correct,False,False,False,0.5103604198119541,0.5833333333333333
trace_00026,trace_00084,logic_002,commonsense_001,symbolic_logic,commonsense_multihop,incorrect,incorrect,False,False,True,0.44221575217029907,0.5833333333333334
trace_00026,trace_00085,logic_002,commonsense_001,symbolic_logic,commonsense_multihop,incorrect,incorrect,False,False,True,0.5540157730728,0.6000000000000001
trace_00026,trace_00086,logic_002,commonsense_002,symbolic_logic,commonsense_multihop,incorrect,correct,False,False,False,0.40563906222956636,0.5
trace_00026,trace_00087,logic_002,commonsense_002,symbolic_logic,commonsense_multihop,incorrect,correct,False,False,False,0.40563906222956636,0.5
trace_00026,trace_00088,logic_002,commonsense_002,symbolic_logic,commonsense_multihop,incorrect,correct,False,False,False,0.1556390622295664,0.25
trace_00026,trace_00089,logic_002,commonsense_002,symbolic_logic,commonsense_multihop,incorrect,incorrect,False,False,True,0.40563906222956636,0.5
trace_00026,trace_00090,logic_002,commonsense_002,symbolic_logic,commonsense_multihop,incorrect,correct,False,False,False,0.2519235740744792,0.4
trace_00026,trace_00091,logic_002,commonsense_003,symbolic_logic,commonsense_multihop,incorrect,incorrect,False,False,True,0.6556390622295665,0.75
trace_00026,trace_00092,logic_002,commonsense_003,symbolic_logic,commonsense_multihop,incorrect,correct,False,False,False,0.42528358731335336,0.5
trace_00026,trace_00093,logic_002,commonsense_003,symbolic_logic,commonsense_multihop,incorrect,incorrect,False,False,True,0.30807904596723146,0.41666666666666663
trace_00026,trace_00094,logic_002,commonsense_003,symbolic_logic,commonsense_multihop,incorrect,incorrect,False,False,True,0.75,0.75
trace_00026,trace_00095,logic_002,commonsense_003,symbolic_logic,commonsense_multihop,incorrect,incorrect,False,False,True,0.42528358731335336,0.5
trace_00026,trace_00096,logic_002,commonsense_004,symbolic_logic,commonsense_multihop,incorrect,incorrect,False,False,True,0.6556390622295665,0.75
trace_00026,trace_00097,logic_002,commonsense_004,symbolic_logic,commonsense_multihop,incorrect,incorrect,False,False,True,0.6125474873813833,0.7499999999999999
trace_00026,trace_00098,logic_002,commonsense_004,symbolic_logic,commonsense_multihop,incorrect,incorrect,False,False,True,0.3112781244591328,0.5
trace_00026,trace_00099,logic_002,commonsense_004,symbolic_logic,commonsense_multihop,incorrect,incorrect,False,False,True,0.39024782764172805,0.6071428571428571
trace_00026,trace_00100,logic_002,commonsense_004,symbolic_logic,commonsense_multihop,incorrect,incorrect,False,False,True,0.6556390622295665,0.75
trace_00027,trace_00028,logic_002,logic_002,symbolic_logic,symbolic_logic,incorrect,correct,True,True,False,0.13792538097003013,0.24999999999999997
trace_00027,trace_00029,logic_002,logic_002,symbolic_logic,symbolic_logic,incorrect,correct,True,True,False,0.13792538097003013,0.24999999999999997
trace_00027,trace_00030,logic_002,logic_002,symbolic_logic,symbolic_logic,incorrect,incorrect,True,True,True,0.0,0.0
trace_00027,trace_00031,logic_002,logic_003,symbolic_logic,symbolic_logic,incorrect,incorrect,False,True,True,0.32518928103806,0.5
trace_00027,trace_00032,logic_002,logic_003,symbolic_logic,symbolic_logic,incorrect,incorrect,False,True,True,0.32518928103806,0.5
trace_00027,trace_00033,logic_002,logic_003,symbolic_logic,symbolic_logic,incorrect,incorrect,False,True,True,0.1556390622295664,0.25
trace_00027,trace_00034,logic_002,logic_003,symbolic_logic,symbolic_logic,incorrect,incorrect,False,True,True,0.3112781244591328,0.5
trace_00027,trace_00035,logic_002,logic_003,symbolic_logic,symbolic_logic,incorrect,correct,False,True,False,0.13792538097003013,0.24999999999999997
trace_00027,trace_00036,logic_002,logic_004,symbolic_logic,symbolic_logic,incorrect,correct,False,True,False,0.2230022134686308,0.3333333333333333
trace_00027,trace_00037,logic_002,logic_004,symbolic_logic,symbolic_logic,incorrect,correct,False,True,False,0.13792538097003013,0.24999999999999997
trace_00027,trace_00038,logic_002,logic_004,symbolic_logic,symbolic_logic,incorrect,correct,False,True,False,0.3112781244591328,0.5
trace_00027,trace_00039,logic_002,logic_004,symbolic_logic,symbolic_logic,incorrect,correct,False,True,False,0.3112781244591328,0.5
trace_00027,trace_00040,logic_002,logic_004,symbolic_logic,symbolic_logic,incorrect,incorrect,False,True,True,0.3112781244591328,0.5
trace_00027,trace_00041,logic_002,temporal_001,symbolic_logic,temporal_ordering,incorrect,incorrect,False,False,True,0.14386897764606926,0.24999999999999997
trace_00027,trace_00042,logic_002,temporal_001,symbolic_logic,temporal_ordering,incorrect,incorrect,False,False,True,0.3112781244591328,0.5
trace_00027,trace_00043,logic_002,temporal_001,symbolic_logic,temporal_ordering,incorrect,correct,False,False,False,0.40563906222956636,0.5
trace_00027,trace_00044,logic_002,temporal_001,symbolic_logic,temporal_ordering,incorrect,incorrect,False,False,True,0.40563906222956636,0.5
trace_00027,trace_00045,logic_002,temporal_001,symbolic_logic,temporal_ordering,incorrect,incorrect,False,False,True,0.14386897764606926,0.24999999999999997
trace_00027,trace_00046,logic_002,temporal_002,symbolic_logic,temporal_ordering,incorrect,incorrect,False,False,True,0.19657793923291605,0.25
trace_00027,trace_00047,logic_002,temporal_002,symbolic_logic,temporal_ordering,incorrect,correct,False,False,False,0.6556390622295665,0.75
trace_00027,trace_00048,logic_002,temporal_002,symbolic_logic,temporal_ordering,incorrect,correct,False,False,False,0.7126417936566767,0.75
trace_00027,trace_00049,logic_002,temporal_002,symbolic_logic,temporal_ordering,incorrect,correct,False,False,False,0.36828085588624304,0.5
trace_00027,trace_00050,logic_002,temporal_002,symbolic_logic,temporal_ordering,incorrect,correct,False,False,False,0.6556390622295665,0.75
trace_00027,trace_00051,logic_002,temporal_003,symbolic_logic,temporal_ordering,incorrect,correct,False,False,False,0.15220409346653074,0.30000000000000004
trace_00027,trace_00052,logic_002,temporal_003,symbolic_logic,temporal_ordering,incorrect,incorrect,False,False,True,0.32518928103806,0.5
trace_00027,trace_00053,logic_002,temporal_003,symbolic_logic,temporal_ordering,incorrect,incorrect,False,False,True,0.32518928103806,0.5
trace_00027,trace_00054,logic_002,temporal_003,symbolic_logic,temporal_ordering,incorrect,correct,False,False,False,0.5487949406953987,0.75
trace_00027,trace_00055,logic_002,temporal_003,symbolic_logic,temporal_ordering,incorrect,correct,False,False,False,0.1556390622295664,0.25
trace_00027,trace_00056,logic_002,temporal_004,symbolic_logic,temporal_ordering,incorrect,incorrect,False,False,True,0.3112781244591328,0.5
trace_00027,trace_00057,logic_002,temporal_004,symbolic_logic,temporal_ordering,incorrect,incorrect,False,False,True,0.3112781244591328,0.5
trace_00027,trace_00058,logic_002,temporal_004,symbolic_logic,temporal_ordering,incorrect,incorrect,False,False,True,0.3112781244591328,0.5
trace_00027,trace_00059,logic_002,temporal_004,symbolic_logic,temporal_ordering,incorrect,incorrect,False,False,True,0.3112781244591328,0.5
trace_00027,trace_00060,logic_002,temporal_004,symbolic_logic,temporal_ordering,incorrect,incorrect,False,False,True,0.3112781244591328,0.5
trace_00027,trace_00061,logic_002,causal_001,symbolic_logic,causal_micro_world,incorrect,incorrect,False,False,True,0.42528358731335336,0.4999999999999999
trace_00027,trace_00062,logic_002,causal_001,symbolic_logic,causal_micro_world,incorrect,correct,False,False,False,0.7126417936566767,0.7499999999999999
trace_00027,trace_00063,logic_002,causal_001,symbolic_logic,causal_micro_world,incorrect,uncertain,False,False,False,0.5103604198119541,0.5833333333333333
trace_00027,trace_00064,logic_002,causal_001,symbolic_logic,causal_micro_world,incorrect,incorrect,False,False,True,0.6556390622295665,0.75
trace_00027,trace_00065,logic_002,causal_001,symbolic_logic,causal_micro_world,incorrect,incorrect,False,False,True,1.0,1.0
trace_00027,trace_00066,logic_002,causal_002,symbolic_logic,causal_micro_world,incorrect,correct,False,False,False,0.35221700146248247,0.5
trace_00027,trace_00067,logic_002,causal_002,symbolic_logic,causal_micro_world,incorrect,incorrect,False,False,True,0.6875981034650653,0.75
trace_00027,trace_00068,logic_002,causal_002,symbolic_logic,causal_micro_world,incorrect,correct,False,False,False,0.5,0.5
trace_00027,trace_00069,logic_002,causal_002,symbolic_logic,causal_micro_world,incorrect,correct,False,False,False,0.40563906222956636,0.5
trace_00027,trace_00070,logic_002,causal_002,symbolic_logic,causal_micro_world,incorrect,correct,False,False,False,0.3112781244591328,0.5
trace_00027,trace_00071,logic_002,causal_003,symbolic_logic,causal_micro_world,incorrect,incorrect,False,False,True,0.40563906222956636,0.5
trace_00027,trace_00072,logic_002,causal_003,symbolic_logic,causal_micro_world,incorrect,correct,False,False,False,0.42528358731335336,0.5
trace_00027,trace_00073,logic_002,causal_003,symbolic_logic,causal_micro_world,incorrect,correct,False,False,False,0.42528358731335336,0.4999999999999999
trace_00027,trace_00074,logic_002,causal_003,symbolic_logic,causal_micro_world,incorrect,incorrect,False,False,True,0.25,0.25
trace_00027,trace_00075,logic_002,causal_003,symbolic_logic,causal_micro_world,incorrect,correct,False,False,False,0.42528358731335336,0.4999999999999999
trace_00027,trace_00076,logic_002,causal_004,symbolic_logic,causal_micro_world,incorrect,correct,False,False,False,0.7126417936566767,0.7499999999999999
trace_00027,trace_00077,logic_002,causal_004,symbolic_logic,causal_micro_world,incorrect,correct,False,False,False,0.7126417936566767,0.7499999999999999
trace_00027,trace_00078,logic_002,causal_004,symbolic_logic,causal_micro_world,incorrect,correct,False,False,False,0.3310236596092001,0.4
trace_00027,trace_00079,logic_002,causal_004,symbolic_logic,causal_micro_world,incorrect,correct,False,False,False,0.6556390622295665,0.75
trace_00027,trace_00080,logic_002,causal_004,symbolic_logic,causal_micro_world,incorrect,correct,False,False,False,0.7126417936566767,0.7499999999999999
trace_00027,trace_00081,logic_002,commonsense_001,symbolic_logic,commonsense_multihop,incorrect,incorrect,False,False,True,0.1556390622295664,0.25
trace_00027,trace_00082,logic_002,commonsense_001,symbolic_logic,commonsense_multihop,incorrect,correct,False,False,False,0.19657793923291605,0.25
trace_00027,trace_00083,logic_002,commonsense_001,symbolic_logic,commonsense_multihop,incorrect,correct,False,False,False,0.16599948204152049,0.3333333333333333
trace_00027,trace_00084,logic_002,commonsense_001,symbolic_logic,commonsense_multihop,incorrect,incorrect,False,False,True,0.2230022134686308,0.33333333333333337
trace_00027,trace_00085,logic_002,commonsense_001,symbolic_logic,commonsense_multihop,incorrect,incorrect,False,False,True,0.24161387653786542,0.35000000000000003
trace_00027,trace_00086,logic_002,commonsense_002,symbolic_logic,commonsense_multihop,incorrect,correct,False,False,False,0.1556390622295664,0.25
trace_00027,trace_00087,logic_002,commonsense_002,symbolic_logic,commonsense_multihop,incorrect,correct,False,False,False,0.1556390622295664,0.25
trace_00027,trace_00088,logic_002,commonsense_002,symbolic_logic,commonsense_multihop,incorrect,correct,False,False,False,0.0,0.0
trace_00027,trace_00089,logic_002,commonsense_002,symbolic_logic,commonsense_multihop,incorrect,incorrect,False,False,True,0.40563906222956636,0.5
trace_00027,trace_00090,logic_002,commonsense_002,symbolic_logic,commonsense_multihop,incorrect,correct,False,False,False,0.10803154614560011,0.19999999999999998
trace_00027,trace_00091,logic_002,commonsense_003,symbolic_logic,commonsense_multihop,incorrect,incorrect,False,False,True,0.3112781244591328,0.5
trace_00027,trace_00092,logic_002,commonsense_003,symbolic_logic,commonsense_multihop,incorrect,correct,False,False,False,0.13792538097003013,0.24999999999999997
trace_00027,trace_00093,logic_002,commonsense_003,symbolic_logic,commonsense_multihop,incorrect,incorrect,False,False,True,0.1379253809700301,0.24999999999999997
trace_00027,trace_00094,logic_002,commonsense_003,symbolic_logic,commonsense_multihop,incorrect,incorrect,False,False,True,0.3443609377704336,0.5
trace_00027,trace_00095,logic_002,commonsense_003,symbolic_logic,commonsense_multihop,incorrect,incorrect,False,False,True,0.13792538097003013,0.24999999999999997
trace_00027,trace_00096,logic_002,commonsense_004,symbolic_logic,commonsense_multihop,incorrect,incorrect,False,False,True,0.40563906222956636,0.5
trace_00027,trace_00097,logic_002,commonsense_004,symbolic_logic,commonsense_multihop,incorrect,incorrect,False,False,True,0.32518928103806,0.5
trace_00027,trace_00098,logic_002,commonsense_004,symbolic_logic,commonsense_multihop,incorrect,incorrect,False,False,True,0.3112781244591328,0.5
trace_00027,trace_00099,logic_002,commonsense_004,symbolic_logic,commonsense_multihop,incorrect,incorrect,False,False,True,0.2643755850692473,0.4642857142857143
trace_00027,trace_00100,logic_002,commonsense_004,symbolic_logic,commonsense_multihop,incorrect,incorrect,False,False,True,0.40563906222956636,0.5
trace_00028,trace_00029,logic_002,logic_002,symbolic_logic,symbolic_logic,correct,correct,True,True,True,0.0,0.0
trace_00028,trace_00030,logic_002,logic_002,symbolic_logic,symbolic_logic,correct,incorrect,True,True,False,0.13792538097003013,0.24999999999999997
trace_00028,trace_00031,logic_002,logic_003,symbolic_logic,symbolic_logic,correct,incorrect,False,True,False,0.20751874963942185,0.3333333333333333
trace_00028,trace_00032,logic_002,logic_003,symbolic_logic,symbolic_logic,correct,incorrect,False,True,False,0.20751874963942185,0.3333333333333333
trace_00028,trace_00033,logic_002,logic_003,symbolic_logic,symbolic_logic,correct,incorrect,False,True,False,0.020720839623908215,0.16666666666666666
trace_00028,trace_00034,logic_002,logic_003,symbolic_logic,symbolic_logic,correct,incorrect,False,True,False,0.1908745046211096,0.33333333333333337
trace_00028,trace_00035,logic_002,logic_003,symbolic_logic,symbolic_logic,correct,correct,False,True,True,0.0,0.0
trace_00028,trace_00036,logic_002,logic_004,symbolic_logic,symbolic_logic,correct,correct,False,True,True,0.10375937481971093,0.16666666666666666
trace_00028,trace_00037,logic_002,logic_004,symbolic_logic,symbolic_logic,correct,correct,False,True,True,0.3333333333333333,0.3333333333333333
trace_00028,trace_00038,logic_002,logic_004,symbolic_logic,symbolic_logic,correct,correct,False,True,True,0.1908745046211096,0.33333333333333337
trace_00028,trace_00039,logic_002,logic_004,symbolic_logic,symbolic_logic,correct,correct,False,True,True,0.5954372523105549,0.6666666666666666
trace_00028,trace_00040,logic_002,logic_004,symbolic_logic,symbolic_logic,correct,incorrect,False,True,False,0.5954372523105549,0.6666666666666666
trace_00028,trace_00041,logic_002,temporal_001,symbolic_logic,temporal_ordering,correct,incorrect,False,False,False,0.315151252149524,0.38095238095238093
trace_00028,trace_00042,logic_002,temporal_001,symbolic_logic,temporal_ordering,correct,incorrect,False,False,False,0.5954372523105549,0.6666666666666666
trace_00028,trace_00043,logic_002,temporal_001,symbolic_logic,temporal_ordering,correct,correct,False,False,True,0.3080790459672315,0.41666666666666663
trace_00028,trace_00044,logic_002,temporal_001,symbolic_logic,temporal_ordering,correct,incorrect,False,False,False,0.5954372523105549,0.6666666666666666
trace_00028,trace_00045,logic_002,temporal_001,symbolic_logic,temporal_ordering,correct,incorrect,False,False,False,0.315151252149524,0.38095238095238093
trace_00028,trace_00046,logic_002,temporal_002,symbolic_logic,temporal_ordering,correct,incorrect,False,False,False,0.0720014354742918,0.16666666666666666
trace_00028,trace_00047,logic_002,temporal_002,symbolic_logic,temporal_ordering,correct,correct,False,False,True,0.5954372523105549,0.6666666666666666
trace_00028,trace_00048,logic_002,temporal_002,symbolic_logic,temporal_ordering,correct,correct,False,False,True,0.6666666666666666,0.6666666666666666
trace_00028,trace_00049,logic_002,temporal_002,symbolic_logic,temporal_ordering,correct,correct,False,False,True,0.26210391897722146,0.33333333333333337
trace_00028,trace_00050,logic_002,temporal_002,symbolic_logic,temporal_ordering,correct,correct,False,False,True,0.5954372523105549,0.6666666666666666
trace_00028,trace_00051,logic_002,temporal_003,symbolic_logic,temporal_ordering,correct,correct,False,False,True,0.27104451158356513,0.33333333333333337
trace_00028,trace_00052,logic_002,temporal_003,symbolic_logic,temporal_ordering,correct,incorrect,False,False,False,0.20751874963942185,0.3333333333333333
trace_00028,trace_00053,logic_002,temporal_003,symbolic_logic,temporal_ordering,correct,incorrect,False,False,False,0.20751874963942185,0.3333333333333333
trace_00028,trace_00054,logic_002,temporal_003,symbolic_logic,temporal_ordering,correct,correct,False,False,True,0.4591479170272448,0.6666666666666666
trace_00028,trace_00055,logic_002,temporal_003,symbolic_logic,temporal_ordering,correct,correct,False,False,True,0.3080790459672315,0.41666666666666663
trace_00028,trace_00056,logic_002,temporal_004,symbolic_logic,temporal_ordering,correct,incorrect,False,False,False,0.1908745046211096,0.33333333333333337
trace_00028,trace_00057,logic_002,temporal_004,symbolic_logic,temporal_ordering,correct,incorrect,False,False,False,0.1908745046211096,0.33333333333333337
trace_00028,trace_00058,logic_002,temporal_004,symbolic_logic,temporal_ordering,correct,incorrect,False,False,False,0.1908745046211096,0.33333333333333337
trace_00028,trace_00059,logic_002,temporal_004,symbolic_logic,temporal_ordering,correct,incorrect,False,False,False,0.1908745046211096,0.33333333333333337
trace_00028,trace_00060,logic_002,temporal_004,symbolic_logic,temporal_ordering,correct,incorrect,False,False,False,0.1908745046211096,0.33333333333333337
trace_00028,trace_00061,logic_002,causal_001,symbolic_logic,causal_micro_world,correct,incorrect,False,False,False,0.6666666666666666,0.6666666666666666
trace_00028,trace_00062,logic_002,causal_001,symbolic_logic,causal_micro_world,correct,correct,False,False,True,1.0,0.9999999999999999
trace_00028,trace_00063,logic_002,causal_001,symbolic_logic,causal_micro_world,correct,uncertain,False,False,False,0.43709270815304424,0.5
trace_00028,trace_00064,logic_002,causal_001,symbolic_logic,causal_micro_world,correct,incorrect,False,False,False,0.5954372523105549,0.6666666666666666
trace_00028,trace_00065,logic_002,causal_001,symbolic_logic,causal_micro_world,correct,incorrect,False,False,False,1.0,0.9999999999999999
trace_00028,trace_00066,logic_002,causal_002,symbolic_logic,causal_micro_world,correct,correct,False,False,True,0.2592653355423217,0.41666666666666663
trace_00028,trace_00067,logic_002,causal_002,symbolic_logic,causal_micro_world,correct,incorrect,False,False,False,0.6355222557917826,0.6666666666666666
trace_00028,trace_00068,logic_002,causal_002,symbolic_logic,causal_micro_world,correct,correct,False,False,True,0.42528358731335336,0.4999999999999999
trace_00028,trace_00069,logic_002,causal_002,symbolic_logic,causal_micro_world,correct,correct,False,False,True,0.5954372523105549,0.6666666666666666
trace_00028,trace_00070,logic_002,causal_002,symbolic_logic,causal_micro_world,correct,correct,False,False,True,0.1908745046211096,0.33333333333333337
trace_00028,trace_00071,logic_002,causal_003,symbolic_logic,causal_micro_world,correct,incorrect,False,False,False,0.30807904596723146,0.41666666666666663
trace_00028,trace_00072,logic_002,causal_003,symbolic_logic,causal_micro_world,correct,correct,False,False,True,0.3333333333333333,0.3333333333333333
trace_00028,trace_00073,logic_002,causal_003,symbolic_logic,causal_micro_world,correct,correct,False,False,True,0.6666666666666666,0.6666666666666666
trace_00028,trace_00074,logic_002,causal_003,symbolic_logic,causal_micro_world,correct,incorrect,False,False,False,0.42528358731335336,0.5
trace_00028,trace_00075,logic_002,causal_003,symbolic_logic,causal_micro_world,correct,correct,False,False,True,0.6666666666666666,0.6666666666666666
trace_00028,trace_00076,logic_002,causal_004,symbolic_logic,causal_micro_world,correct,correct,False,False,True,1.0,0.9999999999999999
trace_00028,trace_00077,logic_002,causal_004,symbolic_logic,causal_micro_world,correct,correct,False,False,True,1.0,0.9999999999999999
trace_00028,trace_00078,logic_002,causal_004,symbolic_logic,causal_micro_world,correct,correct,False,False,True,0.490968531773352,0.6
trace_00028,trace_00079,logic_002,causal_004,symbolic_logic,causal_micro_world,correct,correct,False,False,True,1.0,0.9999999999999999
trace_00028,trace_00080,logic_002,causal_004,symbolic_logic,causal_micro_world,correct,correct,False,False,True,1.0,0.9999999999999999
trace_00028,trace_00081,logic_002,commonsense_001,symbolic_logic,commonsense_multihop,correct,incorrect,False,False,False,0.42528358731335336,0.5
trace_00028,trace_00082,logic_002,commonsense_001,symbolic_logic,commonsense_multihop,correct,correct,False,False,True,0.3593596418176151,0.41666666666666663
trace_00028,trace_00083,logic_002,commonsense_001,symbolic_logic,commonsense_multihop,correct,correct,False,False,True,0.43709270815304424,0.5
trace_00028,trace_00084,logic_002,commonsense_001,symbolic_logic,commonsense_multihop,correct,incorrect,False,False,False,0.43709270815304424,0.5
trace_00028,trace_00085,logic_002,commonsense_001,symbolic_logic,commonsense_multihop,correct,incorrect,False,False,False,0.490968531773352,0.6
trace_00028,trace_00086,logic_002,commonsense_002,symbolic_logic,commonsense_multihop,correct,correct,False,False,True,0.3080790459672315,0.41666666666666663
trace_00028,trace_00087,logic_002,commonsense_002,symbolic_logic,commonsense_multihop,correct,correct,False,False,True,0.3080790459672315,0.41666666666666663
trace_00028,trace_00088,logic_002,commonsense_002,symbolic_logic,commonsense_multihop,correct,correct,False,False,True,0.13792538097003013,0.24999999999999997
trace_00028,trace_00089,logic_002,commonsense_002,symbolic_logic,commonsense_multihop,correct,incorrect,False,False,False,0.3080790459672315,0.41666666666666663
trace_00028,trace_00090,logic_002,commonsense_002,symbolic_logic,commonsense_multihop,correct,correct,False,False,True,0.236452797660028,0.3999999999999999
trace_00028,trace_00091,logic_002,commonsense_003,symbolic_logic,commonsense_multihop,correct,incorrect,False,False,False,0.5954372523105549,0.6666666666666666
trace_00028,trace_00092,logic_002,commonsense_003,symbolic_logic,commonsense_multihop,correct,correct,False,False,True,0.3333333333333333,0.3333333333333333
trace_00028,trace_00093,logic_002,commonsense_003,symbolic_logic,commonsense_multihop,correct,incorrect,False,False,False,0.3333333333333333,0.3333333333333333
trace_00028,trace_00094,logic_002,commonsense_003,symbolic_logic,commonsense_multihop,correct,incorrect,False,False,False,0.7126417936566767,0.75
trace_00028,trace_00095,logic_002,commonsense_003,symbolic_logic,commonsense_multihop,correct,incorrect,False,False,False,0.3333333333333333,0.3333333333333333
trace_00028,trace_00096,logic_002,commonsense_004,symbolic_logic,commonsense_multihop,correct,incorrect,False,False,False,0.5954372523105549,0.6666666666666666
trace_00028,trace_00097,logic_002,commonsense_004,symbolic_logic,commonsense_multihop,correct,incorrect,False,False,False,0.5408520829727551,0.6666666666666666
trace_00028,trace_00098,logic_002,commonsense_004,symbolic_logic,commonsense_multihop,correct,incorrect,False,False,False,0.1908745046211096,0.33333333333333337
trace_00028,trace_00099,logic_002,commonsense_004,symbolic_logic,commonsense_multihop,correct,incorrect,False,False,False,0.360654826555287,0.5238095238095237
trace_00028,trace_00100,logic_002,commonsense_004,symbolic_logic,commonsense_multihop,correct,incorrect,False,False,False,0.5954372523105549,0.6666666666666666
trace_00029,trace_00030,logic_002,logic_002,symbolic_logic,symbolic_logic,correct,incorrect,True,True,False,0.13792538097003013,0.24999999999999997
trace_00029,trace_00031,logic_002,logic_003,symbolic_logic,symbolic_logic,correct,incorrect,False,True,False,0.20751874963942185,0.3333333333333333
trace_00029,trace_00032,logic_002,logic_003,symbolic_logic,symbolic_logic,correct,incorrect,False,True,False,0.20751874963942185,0.3333333333333333
trace_00029,trace_00033,logic_002,logic_003,symbolic_logic,symbolic_logic,correct,incorrect,False,True,False,0.020720839623908215,0.16666666666666666
trace_00029,trace_00034,logic_002,logic_003,symbolic_logic,symbolic_logic,correct,incorrect,False,True,False,0.1908745046211096,0.33333333333333337
trace_00029,trace_00035,logic_002,logic_003,symbolic_logic,symbolic_logic,correct,correct,False,True,True,0.0,0.0
trace_00029,trace_00036,logic_002,logic_004,symbolic_logic,symbolic_logic,correct,correct,False,True,True,0.10375937481971093,0.16666666666666666
trace_00029,trace_00037,logic_002,logic_004,symbolic_logic,symbolic_logic,correct,correct,False,True,True,0.3333333333333333,0.3333333333333333
trace_00029,trace_00038,logic_002,logic_004,symbolic_logic,symbolic_logic,correct,correct,False,True,True,0.1908745046211096,0.33333333333333337
trace_00029,trace_00039,logic_002,logic_004,symbolic_logic,symbolic_logic,correct,correct,False,True,True,0.5954372523105549,0.6666666666666666
trace_00029,trace_00040,logic_002,logic_004,symbolic_logic,symbolic_logic,correct,incorrect,False,True,False,0.5954372523105549,0.6666666666666666
trace_00029,trace_00041,logic_002,temporal_001,symbolic_logic,temporal_ordering,correct,incorrect,False,False,False,0.315151252149524,0.38095238095238093
trace_00029,trace_00042,logic_002,temporal_001,symbolic_logic,temporal_ordering,correct,incorrect,False,False,False,0.5954372523105549,0.6666666666666666
trace_00029,trace_00043,logic_002,temporal_001,symbolic_logic,temporal_ordering,correct,correct,False,False,True,0.3080790459672315,0.41666666666666663
trace_00029,trace_00044,logic_002,temporal_001,symbolic_logic,temporal_ordering,correct,incorrect,False,False,False,0.5954372523105549,0.6666666666666666
trace_00029,trace_00045,logic_002,temporal_001,symbolic_logic,temporal_ordering,correct,incorrect,False,False,False,0.315151252149524,0.38095238095238093
trace_00029,trace_00046,logic_002,temporal_002,symbolic_logic,temporal_ordering,correct,incorrect,False,False,False,0.0720014354742918,0.16666666666666666
trace_00029,trace_00047,logic_002,temporal_002,symbolic_logic,temporal_ordering,correct,correct,False,False,True,0.5954372523105549,0.6666666666666666
trace_00029,trace_00048,logic_002,temporal_002,symbolic_logic,temporal_ordering,correct,correct,False,False,True,0.6666666666666666,0.6666666666666666
trace_00029,trace_00049,logic_002,temporal_002,symbolic_logic,temporal_ordering,correct,correct,False,False,True,0.26210391897722146,0.33333333333333337
trace_00029,trace_00050,logic_002,temporal_002,symbolic_logic,temporal_ordering,correct,correct,False,False,True,0.5954372523105549,0.6666666666666666
trace_00029,trace_00051,logic_002,temporal_003,symbolic_logic,temporal_ordering,correct,correct,False,False,True,0.27104451158356513,0.33333333333333337
trace_00029,trace_00052,logic_002,temporal_003,symbolic_logic,temporal_ordering,correct,incorrect,False,False,False,0.20751874963942185,0.3333333333333333
trace_00029,trace_00053,logic_002,temporal_003,symbolic_logic,temporal_ordering,correct,incorrect,False,False,False,0.20751874963942185,0.3333333333333333
trace_00029,trace_00054,logic_002,temporal_003,symbolic_logic,temporal_ordering,correct,correct,False,False,True,0.4591479170272448,0.6666666666666666
trace_00029,trace_00055,logic_002,temporal_003,symbolic_logic,temporal_ordering,correct,correct,False,False,True,0.3080790459672315,0.41666666666666663
trace_00029,trace_00056,logic_002,temporal_004,symbolic_logic,temporal_ordering,correct,incorrect,False,False,False,0.1908745046211096,0.33333333333333337
trace_00029,trace_00057,logic_002,temporal_004,symbolic_logic,temporal_ordering,correct,incorrect,False,False,False,0.1908745046211096,0.33333333333333337
trace_00029,trace_00058,logic_002,temporal_004,symbolic_logic,temporal_ordering,correct,incorrect,False,False,False,0.1908745046211096,0.33333333333333337
trace_00029,trace_00059,logic_002,temporal_004,symbolic_logic,temporal_ordering,correct,incorrect,False,False,False,0.1908745046211096,0.33333333333333337
trace_00029,trace_00060,logic_002,temporal_004,symbolic_logic,temporal_ordering,correct,incorrect,False,False,False,0.1908745046211096,0.33333333333333337
trace_00029,trace_00061,logic_002,causal_001,symbolic_logic,causal_micro_world,correct,incorrect,False,False,False,0.6666666666666666,0.6666666666666666
trace_00029,trace_00062,logic_002,causal_001,symbolic_logic,causal_micro_world,correct,correct,False,False,True,1.0,0.9999999999999999
trace_00029,trace_00063,logic_002,causal_001,symbolic_logic,causal_micro_world,correct,uncertain,False,False,False,0.43709270815304424,0.5
trace_00029,trace_00064,logic_002,causal_001,symbolic_logic,causal_micro_world,correct,incorrect,False,False,False,0.5954372523105549,0.6666666666666666
trace_00029,trace_00065,logic_002,causal_001,symbolic_logic,causal_micro_world,correct,incorrect,False,False,False,1.0,0.9999999999999999
trace_00029,trace_00066,logic_002,causal_002,symbolic_logic,causal_micro_world,correct,correct,False,False,True,0.2592653355423217,0.41666666666666663
trace_00029,trace_00067,logic_002,causal_002,symbolic_logic,causal_micro_world,correct,incorrect,False,False,False,0.6355222557917826,0.6666666666666666
trace_00029,trace_00068,logic_002,causal_002,symbolic_logic,causal_micro_world,correct,correct,False,False,True,0.42528358731335336,0.4999999999999999
trace_00029,trace_00069,logic_002,causal_002,symbolic_logic,causal_micro_world,correct,correct,False,False,True,0.5954372523105549,0.6666666666666666
trace_00029,trace_00070,logic_002,causal_002,symbolic_logic,causal_micro_world,correct,correct,False,False,True,0.1908745046211096,0.33333333333333337
trace_00029,trace_00071,logic_002,causal_003,symbolic_logic,causal_micro_world,correct,incorrect,False,False,False,0.30807904596723146,0.41666666666666663
trace_00029,trace_00072,logic_002,causal_003,symbolic_logic,causal_micro_world,correct,correct,False,False,True,0.3333333333333333,0.3333333333333333
trace_00029,trace_00073,logic_002,causal_003,symbolic_logic,causal_micro_world,correct,correct,False,False,True,0.6666666666666666,0.6666666666666666
trace_00029,trace_00074,logic_002,causal_003,symbolic_logic,causal_micro_world,correct,incorrect,False,False,False,0.42528358731335336,0.5
trace_00029,trace_00075,logic_002,causal_003,symbolic_logic,causal_micro_world,correct,correct,False,False,True,0.6666666666666666,0.6666666666666666
trace_00029,trace_00076,logic_002,causal_004,symbolic_logic,causal_micro_world,correct,correct,False,False,True,1.0,0.9999999999999999
trace_00029,trace_00077,logic_002,causal_004,symbolic_logic,causal_micro_world,correct,correct,False,False,True,1.0,0.9999999999999999
trace_00029,trace_00078,logic_002,causal_004,symbolic_logic,causal_micro_world,correct,correct,False,False,True,0.490968531773352,0.6
trace_00029,trace_00079,logic_002,causal_004,symbolic_logic,causal_micro_world,correct,correct,False,False,True,1.0,0.9999999999999999
trace_00029,trace_00080,logic_002,causal_004,symbolic_logic,causal_micro_world,correct,correct,False,False,True,1.0,0.9999999999999999
trace_00029,trace_00081,logic_002,commonsense_001,symbolic_logic,commonsense_multihop,correct,incorrect,False,False,False,0.42528358731335336,0.5
trace_00029,trace_00082,logic_002,commonsense_001,symbolic_logic,commonsense_multihop,correct,correct,False,False,True,0.3593596418176151,0.41666666666666663
trace_00029,trace_00083,logic_002,commonsense_001,symbolic_logic,commonsense_multihop,correct,correct,False,False,True,0.43709270815304424,0.5
trace_00029,trace_00084,logic_002,commonsense_001,symbolic_logic,commonsense_multihop,correct,incorrect,False,False,False,0.43709270815304424,0.5
trace_00029,trace_00085,logic_002,commonsense_001,symbolic_logic,commonsense_multihop,correct,incorrect,False,False,False,0.490968531773352,0.6
trace_00029,trace_00086,logic_002,commonsense_002,symbolic_logic,commonsense_multihop,correct,correct,False,False,True,0.3080790459672315,0.41666666666666663
trace_00029,trace_00087,logic_002,commonsense_002,symbolic_logic,commonsense_multihop,correct,correct,False,False,True,0.3080790459672315,0.41666666666666663
trace_00029,trace_00088,logic_002,commonsense_002,symbolic_logic,commonsense_multihop,correct,correct,False,False,True,0.13792538097003013,0.24999999999999997
trace_00029,trace_00089,logic_002,commonsense_002,symbolic_logic,commonsense_multihop,correct,incorrect,False,False,False,0.3080790459672315,0.41666666666666663
trace_00029,trace_00090,logic_002,commonsense_002,symbolic_logic,commonsense_multihop,correct,correct,False,False,True,0.236452797660028,0.3999999999999999
trace_00029,trace_00091,logic_002,commonsense_003,symbolic_logic,commonsense_multihop,correct,incorrect,False,False,False,0.5954372523105549,0.6666666666666666
trace_00029,trace_00092,logic_002,commonsense_003,symbolic_logic,commonsense_multihop,correct,correct,False,False,True,0.3333333333333333,0.3333333333333333
trace_00029,trace_00093,logic_002,commonsense_003,symbolic_logic,commonsense_multihop,correct,incorrect,False,False,False,0.3333333333333333,0.3333333333333333
trace_00029,trace_00094,logic_002,commonsense_003,symbolic_logic,commonsense_multihop,correct,incorrect,False,False,False,0.7126417936566767,0.75
trace_00029,trace_00095,logic_002,commonsense_003,symbolic_logic,commonsense_multihop,correct,incorrect,False,False,False,0.3333333333333333,0.3333333333333333
trace_00029,trace_00096,logic_002,commonsense_004,symbolic_logic,commonsense_multihop,correct,incorrect,False,False,False,0.5954372523105549,0.6666666666666666
trace_00029,trace_00097,logic_002,commonsense_004,symbolic_logic,commonsense_multihop,correct,incorrect,False,False,False,0.5408520829727551,0.6666666666666666
trace_00029,trace_00098,logic_002,commonsense_004,symbolic_logic,commonsense_multihop,correct,incorrect,False,False,False,0.1908745046211096,0.33333333333333337
trace_00029,trace_00099,logic_002,commonsense_004,symbolic_logic,commonsense_multihop,correct,incorrect,False,False,False,0.360654826555287,0.5238095238095237
trace_00029,trace_00100,logic_002,commonsense_004,symbolic_logic,commonsense_multihop,correct,incorrect,False,False,False,0.5954372523105549,0.6666666666666666
trace_00030,trace_00031,logic_002,logic_003,symbolic_logic,symbolic_logic,incorrect,incorrect,False,True,True,0.32518928103806,0.5
trace_00030,trace_00032,logic_002,logic_003,symbolic_logic,symbolic_logic,incorrect,incorrect,False,True,True,0.32518928103806,0.5
trace_00030,trace_00033,logic_002,logic_003,symbolic_logic,symbolic_logic,incorrect,incorrect,False,True,True,0.1556390622295664,0.25
trace_00030,trace_00034,logic_002,logic_003,symbolic_logic,symbolic_logic,incorrect,incorrect,False,True,True,0.3112781244591328,0.5
trace_00030,trace_00035,logic_002,logic_003,symbolic_logic,symbolic_logic,incorrect,correct,False,True,False,0.13792538097003013,0.24999999999999997
trace_00030,trace_00036,logic_002,logic_004,symbolic_logic,symbolic_logic,incorrect,correct,False,True,False,0.2230022134686308,0.3333333333333333
trace_00030,trace_00037,logic_002,logic_004,symbolic_logic,symbolic_logic,incorrect,correct,False,True,False,0.13792538097003013,0.24999999999999997
trace_00030,trace_00038,logic_002,logic_004,symbolic_logic,symbolic_logic,incorrect,correct,False,True,False,0.3112781244591328,0.5
trace_00030,trace_00039,logic_002,logic_004,symbolic_logic,symbolic_logic,incorrect,correct,False,True,False,0.3112781244591328,0.5
trace_00030,trace_00040,logic_002,logic_004,symbolic_logic,symbolic_logic,incorrect,incorrect,False,True,True,0.3112781244591328,0.5
trace_00030,trace_00041,logic_002,temporal_001,symbolic_logic,temporal_ordering,incorrect,incorrect,False,False,True,0.14386897764606926,0.24999999999999997
trace_00030,trace_00042,logic_002,temporal_001,symbolic_logic,temporal_ordering,incorrect,incorrect,False,False,True,0.3112781244591328,0.5
trace_00030,trace_00043,logic_002,temporal_001,symbolic_logic,temporal_ordering,incorrect,correct,False,False,False,0.40563906222956636,0.5
trace_00030,trace_00044,logic_002,temporal_001,symbolic_logic,temporal_ordering,incorrect,incorrect,False,False,True,0.40563906222956636,0.5
trace_00030,trace_00045,logic_002,temporal_001,symbolic_logic,temporal_ordering,incorrect,incorrect,False,False,True,0.14386897764606926,0.24999999999999997
trace_00030,trace_00046,logic_002,temporal_002,symbolic_logic,temporal_ordering,incorrect,incorrect,False,False,True,0.19657793923291605,0.25
trace_00030,trace_00047,logic_002,temporal_002,symbolic_logic,temporal_ordering,incorrect,correct,False,False,False,0.6556390622295665,0.75
trace_00030,trace_00048,logic_002,temporal_002,symbolic_logic,temporal_ordering,incorrect,correct,False,False,False,0.7126417936566767,0.75
trace_00030,trace_00049,logic_002,temporal_002,symbolic_logic,temporal_ordering,incorrect,correct,False,False,False,0.36828085588624304,0.5
trace_00030,trace_00050,logic_002,temporal_002,symbolic_logic,temporal_ordering,incorrect,correct,False,False,False,0.6556390622295665,0.75
trace_00030,trace_00051,logic_002,temporal_003,symbolic_logic,temporal_ordering,incorrect,correct,False,False,False,0.15220409346653074,0.30000000000000004
trace_00030,trace_00052,logic_002,temporal_003,symbolic_logic,temporal_ordering,incorrect,incorrect,False,False,True,0.32518928103806,0.5
trace_00030,trace_00053,logic_002,temporal_003,symbolic_logic,temporal_ordering,incorrect,incorrect,False,False,True,0.32518928103806,0.5
trace_00030,trace_00054,logic_002,temporal_003,symbolic_logic,temporal_ordering,incorrect,correct,False,False,False,0.5487949406953987,0.75
trace_00030,trace_00055,logic_002,temporal_003,symbolic_logic,temporal_ordering,incorrect,correct,False,False,False,0.1556390622295664,0.25
trace_00030,trace_00056,logic_002,temporal_004,symbolic_logic,temporal_ordering,incorrect,incorrect,False,False,True,0.3112781244591328,0.5
trace_00030,trace_00057,logic_002,temporal_004,symbolic_logic,temporal_ordering,incorrect,incorrect,False,False,True,0.3112781244591328,0.5
trace_00030,trace_00058,logic_002,temporal_004,symbolic_logic,temporal_ordering,incorrect,incorrect,False,False,True,0.3112781244591328,0.5
trace_00030,trace_00059,logic_002,temporal_004,symbolic_logic,temporal_ordering,incorrect,incorrect,False,False,True,0.3112781244591328,0.5
trace_00030,trace_00060,logic_002,temporal_004,symbolic_logic,temporal_ordering,incorrect,incorrect,False,False,True,0.3112781244591328,0.5
trace_00030,trace_00061,logic_002,causal_001,symbolic_logic,causal_micro_world,incorrect,incorrect,False,False,True,0.42528358731335336,0.4999999999999999
trace_00030,trace_00062,logic_002,causal_001,symbolic_logic,causal_micro_world,incorrect,correct,False,False,False,0.7126417936566767,0.7499999999999999
trace_00030,trace_00063,logic_002,causal_001,symbolic_logic,causal_micro_world,incorrect,uncertain,False,False,False,0.5103604198119541,0.5833333333333333
trace_00030,trace_00064,logic_002,causal_001,symbolic_logic,causal_micro_world,incorrect,incorrect,False,False,True,0.6556390622295665,0.75
trace_00030,trace_00065,logic_002,causal_001,symbolic_logic,causal_micro_world,incorrect,incorrect,False,False,True,1.0,1.0
trace_00030,trace_00066,logic_002,causal_002,symbolic_logic,causal_micro_world,incorrect,correct,False,False,False,0.35221700146248247,0.5
trace_00030,trace_00067,logic_002,causal_002,symbolic_logic,causal_micro_world,incorrect,incorrect,False,False,True,0.6875981034650653,0.75
trace_00030,trace_00068,logic_002,causal_002,symbolic_logic,causal_micro_world,incorrect,correct,False,False,False,0.5,0.5
trace_00030,trace_00069,logic_002,causal_002,symbolic_logic,causal_micro_world,incorrect,correct,False,False,False,0.40563906222956636,0.5
trace_00030,trace_00070,logic_002,causal_002,symbolic_logic,causal_micro_world,incorrect,correct,False,False,False,0.3112781244591328,0.5
trace_00030,trace_00071,logic_002,causal_003,symbolic_logic,causal_micro_world,incorrect,incorrect,False,False,True,0.40563906222956636,0.5
trace_00030,trace_00072,logic_002,causal_003,symbolic_logic,causal_micro_world,incorrect,correct,False,False,False,0.42528358731335336,0.5
trace_00030,trace_00073,logic_002,causal_003,symbolic_logic,causal_micro_world,incorrect,correct,False,False,False,0.42528358731335336,0.4999999999999999
trace_00030,trace_00074,logic_002,causal_003,symbolic_logic,causal_micro_world,incorrect,incorrect,False,False,True,0.25,0.25
trace_00030,trace_00075,logic_002,causal_003,symbolic_logic,causal_micro_world,incorrect,correct,False,False,False,0.42528358731335336,0.4999999999999999
trace_00030,trace_00076,logic_002,causal_004,symbolic_logic,causal_micro_world,incorrect,correct,False,False,False,0.7126417936566767,0.7499999999999999
trace_00030,trace_00077,logic_002,causal_004,symbolic_logic,causal_micro_world,incorrect,correct,False,False,False,0.7126417936566767,0.7499999999999999
trace_00030,trace_00078,logic_002,causal_004,symbolic_logic,causal_micro_world,incorrect,correct,False,False,False,0.3310236596092001,0.4
trace_00030,trace_00079,logic_002,causal_004,symbolic_logic,causal_micro_world,incorrect,correct,False,False,False,0.6556390622295665,0.75
trace_00030,trace_00080,logic_002,causal_004,symbolic_logic,causal_micro_world,incorrect,correct,False,False,False,0.7126417936566767,0.7499999999999999
trace_00030,trace_00081,logic_002,commonsense_001,symbolic_logic,commonsense_multihop,incorrect,incorrect,False,False,True,0.1556390622295664,0.25
trace_00030,trace_00082,logic_002,commonsense_001,symbolic_logic,commonsense_multihop,incorrect,correct,False,False,False,0.19657793923291605,0.25
trace_00030,trace_00083,logic_002,commonsense_001,symbolic_logic,commonsense_multihop,incorrect,correct,False,False,False,0.16599948204152049,0.3333333333333333
trace_00030,trace_00084,logic_002,commonsense_001,symbolic_logic,commonsense_multihop,incorrect,incorrect,False,False,True,0.2230022134686308,0.33333333333333337
trace_00030,trace_00085,logic_002,commonsense_001,symbolic_logic,commonsense_multihop,incorrect,incorrect,False,False,True,0.24161387653786542,0.35000000000000003
trace_00030,trace_00086,logic_002,commonsense_002,symbolic_logic,commonsense_multihop,incorrect,correct,False,False,False,0.1556390622295664,0.25
trace_00030,trace_00087,logic_002,commonsense_002,symbolic_logic,commonsense_multihop,incorrect,correct,False,False,False,0.1556390622295664,0.25
trace_00030,trace_00088,logic_002,commonsense_002,symbolic_logic,commonsense_multihop,incorrect,correct,False,False,False,0.0,0.0
trace_00030,trace_00089,logic_002,commonsense_002,symbolic_logic,commonsense_multihop,incorrect,incorrect,False,False,True,0.40563906222956636,0.5
trace_00030,trace_00090,logic_002,commonsense_002,symbolic_logic,commonsense_multihop,incorrect,correct,False,False,False,0.10803154614560011,0.19999999999999998
trace_00030,trace_00091,logic_002,commonsense_003,symbolic_logic,commonsense_multihop,incorrect,incorrect,False,False,True,0.3112781244591328,0.5
trace_00030,trace_00092,logic_002,commonsense_003,symbolic_logic,commonsense_multihop,incorrect,correct,False,False,False,0.13792538097003013,0.24999999999999997
trace_00030,trace_00093,logic_002,commonsense_003,symbolic_logic,commonsense_multihop,incorrect,incorrect,False,False,True,0.1379253809700301,0.24999999999999997
trace_00030,trace_00094,logic_002,commonsense_003,symbolic_logic,commonsense_multihop,incorrect,incorrect,False,False,True,0.3443609377704336,0.5
trace_00030,trace_00095,logic_002,commonsense_003,symbolic_logic,commonsense_multihop,incorrect,incorrect,False,False,True,0.13792538097003013,0.24999999999999997
trace_00030,trace_00096,logic_002,commonsense_004,symbolic_logic,commonsense_multihop,incorrect,incorrect,False,False,True,0.40563906222956636,0.5
trace_00030,trace_00097,logic_002,commonsense_004,symbolic_logic,commonsense_multihop,incorrect,incorrect,False,False,True,0.32518928103806,0.5
trace_00030,trace_00098,logic_002,commonsense_004,symbolic_logic,commonsense_multihop,incorrect,incorrect,False,False,True,0.3112781244591328,0.5
trace_00030,trace_00099,logic_002,commonsense_004,symbolic_logic,commonsense_multihop,incorrect,incorrect,False,False,True,0.2643755850692473,0.4642857142857143
trace_00030,trace_00100,logic_002,commonsense_004,symbolic_logic,commonsense_multihop,incorrect,incorrect,False,False,True,0.40563906222956636,0.5
trace_00031,trace_00032,logic_003,logic_003,symbolic_logic,symbolic_logic,incorrect,incorrect,True,True,True,0.08170416594551039,0.3333333333333333
trace_00031,trace_00033,logic_003,logic_003,symbolic_logic,symbolic_logic,incorrect,incorrect,True,True,True,0.20798473969193812,0.41666666666666663
trace_00031,trace_00034,logic_003,logic_003,symbolic_logic,symbolic_logic,incorrect,incorrect,True,True,True,0.020720839623908215,0.16666666666666666
trace_00031,trace_00035,logic_003,logic_003,symbolic_logic,symbolic_logic,incorrect,correct,True,True,False,0.20751874963942185,0.3333333333333333
trace_00031,trace_00036,logic_003,logic_004,symbolic_logic,symbolic_logic,incorrect,correct,False,True,False,0.3112781244591328,0.49999999999999994
trace_00031,trace_00037,logic_003,logic_004,symbolic_logic,symbolic_logic,incorrect,correct,False,True,False,0.5408520829727551,0.6666666666666666
trace_00031,trace_00038,logic_003,logic_004,symbolic_logic,symbolic_logic,incorrect,correct,False,True,False,0.42528358731335336,0.5
trace_00031,trace_00039,logic_003,logic_004,symbolic_logic,symbolic_logic,incorrect,correct,False,True,False,0.42528358731335336,0.5
trace_00031,trace_00040,logic_003,logic_004,symbolic_logic,symbolic_logic,incorrect,incorrect,False,True,True,1.0,0.9999999999999999
trace_00031,trace_00041,logic_003,temporal_001,symbolic_logic,temporal_ordering,incorrect,incorrect,False,False,True,0.5803376670330035,0.7142857142857142
trace_00031,trace_00042,logic_003,temporal_001,symbolic_logic,temporal_ordering,incorrect,incorrect,False,False,True,0.42528358731335336,0.5
trace_00031,trace_00043,logic_003,temporal_001,symbolic_logic,temporal_ordering,incorrect,correct,False,False,False,0.6125474873813833,0.7499999999999999
trace_00031,trace_00044,logic_003,temporal_001,symbolic_logic,temporal_ordering,incorrect,incorrect,False,False,True,1.0,0.9999999999999999
trace_00031,trace_00045,logic_003,temporal_001,symbolic_logic,temporal_ordering,incorrect,incorrect,False,False,True,0.5803376670330035,0.7142857142857142
trace_00031,trace_00046,logic_003,temporal_002,symbolic_logic,temporal_ordering,incorrect,incorrect,False,False,True,0.32518928103806,0.5
trace_00031,trace_00047,logic_003,temporal_002,symbolic_logic,temporal_ordering,incorrect,correct,False,False,False,1.0,0.9999999999999999
trace_00031,trace_00048,logic_003,temporal_002,symbolic_logic,temporal_ordering,incorrect,correct,False,False,False,0.5408520829727551,0.6666666666666666
trace_00031,trace_00049,logic_003,temporal_002,symbolic_logic,temporal_ordering,incorrect,correct,False,False,False,0.5408520829727551,0.6666666666666666
trace_00031,trace_00050,logic_003,temporal_002,symbolic_logic,temporal_ordering,incorrect,correct,False,False,False,0.42528358731335336,0.5
trace_00031,trace_00051,logic_003,temporal_003,symbolic_logic,temporal_ordering,incorrect,correct,False,False,False,0.490968531773352,0.6
trace_00031,trace_00052,logic_003,temporal_003,symbolic_logic,temporal_ordering,incorrect,incorrect,False,False,True,0.5408520829727551,0.6666666666666666
trace_00031,trace_00053,logic_003,temporal_003,symbolic_logic,temporal_ordering,incorrect,incorrect,False,False,True,0.3333333333333333,0.3333333333333333
trace_00031,trace_00054,logic_003,temporal_003,symbolic_logic,temporal_ordering,incorrect,correct,False,False,False,0.1908745046211096,0.33333333333333337
trace_00031,trace_00055,logic_003,temporal_003,symbolic_logic,temporal_ordering,incorrect,correct,False,False,False,0.7126417936566767,0.7499999999999999
trace_00031,trace_00056,logic_003,temporal_004,symbolic_logic,temporal_ordering,incorrect,incorrect,False,False,True,0.42528358731335336,0.5
trace_00031,trace_00057,logic_003,temporal_004,symbolic_logic,temporal_ordering,incorrect,incorrect,False,False,True,0.42528358731335336,0.5
trace_00031,trace_00058,logic_003,temporal_004,symbolic_logic,temporal_ordering,incorrect,incorrect,False,False,True,0.42528358731335336,0.5
trace_00031,trace_00059,logic_003,temporal_004,symbolic_logic,temporal_ordering,incorrect,incorrect,False,False,True,0.42528358731335336,0.5
trace_00031,trace_00060,logic_003,temporal_004,symbolic_logic,temporal_ordering,incorrect,incorrect,False,False,True,0.42528358731335336,0.5
trace_00031,trace_00061,logic_003,causal_001,symbolic_logic,causal_micro_world,incorrect,incorrect,False,False,True,0.5408520829727551,0.6666666666666666
trace_00031,trace_00062,logic_003,causal_001,symbolic_logic,causal_micro_world,incorrect,correct,False,False,False,1.0,0.9999999999999999
trace_00031,trace_00063,logic_003,causal_001,symbolic_logic,causal_micro_world,incorrect,uncertain,False,False,False,0.6991966271302656,0.8333333333333333
trace_00031,trace_00064,logic_003,causal_001,symbolic_logic,causal_micro_world,incorrect,incorrect,False,False,True,0.42528358731335336,0.5
trace_00031,trace_00065,logic_003,causal_001,symbolic_logic,causal_micro_world,incorrect,incorrect,False,False,True,1.0,0.9999999999999999
trace_00031,trace_00066,logic_003,causal_002,symbolic_logic,causal_micro_world,incorrect,correct,False,False,False,0.31529291595345615,0.5
trace_00031,trace_00067,logic_003,causal_002,symbolic_logic,causal_micro_world,incorrect,incorrect,False,False,True,1.0,0.9999999999999999
trace_00031,trace_00068,logic_003,causal_002,symbolic_logic,causal_micro_world,incorrect,correct,False,False,False,0.6125474873813833,0.7499999999999999
trace_00031,trace_00069,logic_003,causal_002,symbolic_logic,causal_micro_world,incorrect,correct,False,False,False,0.42528358731335336,0.5
trace_00031,trace_00070,logic_003,causal_002,symbolic_logic,causal_micro_world,incorrect,correct,False,False,False,0.42528358731335336,0.5
trace_00031,trace_00071,logic_003,causal_003,symbolic_logic,causal_micro_world,incorrect,incorrect,False,False,True,0.5954372523105548,0.6666666666666666
trace_00031,trace_00072,logic_003,causal_003,symbolic_logic,causal_micro_world,incorrect,correct,False,False,False,0.6666666666666666,0.6666666666666666
trace_00031,trace_00073,logic_003,causal_003,symbolic_logic,causal_micro_world,incorrect,correct,False,False,False,0.6666666666666666,0.6666666666666666
trace_00031,trace_00074,logic_003,causal_003,symbolic_logic,causal_micro_world,incorrect,incorrect,False,False,True,0.7126417936566767,0.7499999999999999
trace_00031,trace_00075,logic_003,causal_003,symbolic_logic,causal_micro_world,incorrect,correct,False,False,False,0.6666666666666666,0.6666666666666666
trace_00031,trace_00076,logic_003,causal_004,symbolic_logic,causal_micro_world,incorrect,correct,False,False,False,1.0,0.9999999999999999
trace_00031,trace_00077,logic_003,causal_004,symbolic_logic,causal_micro_world,incorrect,correct,False,False,False,1.0,0.9999999999999999
trace_00031,trace_00078,logic_003,causal_004,symbolic_logic,causal_micro_world,incorrect,correct,False,False,False,0.6622817371734298,0.7999999999999999
trace_00031,trace_00079,logic_003,causal_004,symbolic_logic,causal_micro_world,incorrect,correct,False,False,False,1.0,0.9999999999999999
trace_00031,trace_00080,logic_003,causal_004,symbolic_logic,causal_micro_world,incorrect,correct,False,False,False,1.0,0.9999999999999999
trace_00031,trace_00081,logic_003,commonsense_001,symbolic_logic,commonsense_multihop,incorrect,incorrect,False,False,True,0.7126417936566767,0.75
trace_00031,trace_00082,logic_003,commonsense_001,symbolic_logic,commonsense_multihop,incorrect,correct,False,False,False,0.6125474873813833,0.75
trace_00031,trace_00083,logic_003,commonsense_001,symbolic_logic,commonsense_multihop,incorrect,correct,False,False,False,0.5408520829727552,0.6666666666666666
trace_00031,trace_00084,logic_003,commonsense_001,symbolic_logic,commonsense_multihop,incorrect,incorrect,False,False,True,0.7704260414863775,0.8333333333333333
trace_00031,trace_00085,logic_003,commonsense_001,symbolic_logic,commonsense_multihop,incorrect,incorrect,False,False,True,0.6622817371734298,0.8
trace_00031,trace_00086,logic_003,commonsense_002,symbolic_logic,commonsense_multihop,incorrect,correct,False,False,False,0.42528358731335336,0.5
trace_00031,trace_00087,logic_003,commonsense_002,symbolic_logic,commonsense_multihop,incorrect,correct,False,False,False,0.6125474873813833,0.75
trace_00031,trace_00088,logic_003,commonsense_002,symbolic_logic,commonsense_multihop,incorrect,correct,False,False,False,0.32518928103806,0.5
trace_00031,trace_00089,logic_003,commonsense_002,symbolic_logic,commonsense_multihop,incorrect,incorrect,False,False,True,0.6125474873813833,0.7499999999999999
trace_00031,trace_00090,logic_003,commonsense_002,symbolic_logic,commonsense_multihop,incorrect,correct,False,False,False,0.4077660030601058,0.6
trace_00031,trace_00091,logic_003,commonsense_003,symbolic_logic,commonsense_multihop,incorrect,incorrect,False,False,True,1.0,0.9999999999999999
trace_00031,trace_00092,logic_003,commonsense_003,symbolic_logic,commonsense_multihop,incorrect,correct,False,False,False,0.5408520829727551,0.6666666666666666
trace_00031,trace_00093,logic_003,commonsense_003,symbolic_logic,commonsense_multihop,incorrect,incorrect,False,False,True,0.6666666666666666,0.6666666666666666
trace_00031,trace_00094,logic_003,commonsense_003,symbolic_logic,commonsense_multihop,incorrect,incorrect,False,False,True,1.0,1.0
trace_00031,trace_00095,logic_003,commonsense_003,symbolic_logic,commonsense_multihop,incorrect,incorrect,False,False,True,0.5408520829727551,0.6666666666666666
trace_00031,trace_00096,logic_003,commonsense_004,symbolic_logic,commonsense_multihop,incorrect,incorrect,False,False,True,0.42528358731335336,0.5
trace_00031,trace_00097,logic_003,commonsense_004,symbolic_logic,commonsense_multihop,incorrect,incorrect,False,False,True,0.3333333333333333,0.3333333333333333
trace_00031,trace_00098,logic_003,commonsense_004,symbolic_logic,commonsense_multihop,incorrect,incorrect,False,False,True,0.42528358731335336,0.5
trace_00031,trace_00099,logic_003,commonsense_004,symbolic_logic,commonsense_multihop,incorrect,incorrect,False,False,True,0.17376612508297634,0.2857142857142857
trace_00031,trace_00100,logic_003,commonsense_004,symbolic_logic,commonsense_multihop,incorrect,incorrect,False,False,True,0.42528358731335336,0.5
trace_00032,trace_00033,logic_003,logic_003,symbolic_logic,symbolic_logic,incorrect,incorrect,True,True,True,0.1379253809700301,0.24999999999999997
trace_00032,trace_00034,logic_003,logic_003,symbolic_logic,symbolic_logic,incorrect,incorrect,True,True,True,0.020720839623908215,0.16666666666666666
trace_00032,trace_00035,logic_003,logic_003,symbolic_logic,symbolic_logic,incorrect,correct,True,True,False,0.20751874963942185,0.3333333333333333
trace_00032,trace_00036,logic_003,logic_004,symbolic_logic,symbolic_logic,incorrect,correct,False,True,False,0.3658632937969324,0.5
trace_00032,trace_00037,logic_003,logic_004,symbolic_logic,symbolic_logic,incorrect,correct,False,True,False,0.6666666666666666,0.6666666666666666
trace_00032,trace_00038,logic_003,logic_004,symbolic_logic,symbolic_logic,incorrect,correct,False,True,False,0.5954372523105548,0.6666666666666667
trace_00032,trace_00039,logic_003,logic_004,symbolic_logic,symbolic_logic,incorrect,correct,False,True,False,0.5954372523105548,0.6666666666666666
trace_00032,trace_00040,logic_003,logic_004,symbolic_logic,symbolic_logic,incorrect,incorrect,False,True,True,1.0,1.0
trace_00032,trace_00041,logic_003,temporal_001,symbolic_logic,temporal_ordering,incorrect,incorrect,False,False,True,0.6917986457832372,0.7142857142857142
trace_00032,trace_00042,logic_003,temporal_001,symbolic_logic,temporal_ordering,incorrect,incorrect,False,False,True,0.5954372523105548,0.6666666666666666
trace_00032,trace_00043,logic_003,temporal_001,symbolic_logic,temporal_ordering,incorrect,correct,False,False,False,0.7126417936566767,0.75
trace_00032,trace_00044,logic_003,temporal_001,symbolic_logic,temporal_ordering,incorrect,incorrect,False,False,True,1.0,1.0
trace_00032,trace_00045,logic_003,temporal_001,symbolic_logic,temporal_ordering,incorrect,incorrect,False,False,True,0.6917986457832372,0.7142857142857142
trace_00032,trace_00046,logic_003,temporal_002,symbolic_logic,temporal_ordering,incorrect,incorrect,False,False,True,0.32518928103806,0.49999999999999994
trace_00032,trace_00047,logic_003,temporal_002,symbolic_logic,temporal_ordering,incorrect,correct,False,False,False,1.0,1.0
trace_00032,trace_00048,logic_003,temporal_002,symbolic_logic,temporal_ordering,incorrect,correct,False,False,False,0.6666666666666666,0.6666666666666666
trace_00032,trace_00049,logic_003,temporal_002,symbolic_logic,temporal_ordering,incorrect,correct,False,False,False,0.6666666666666666,0.6666666666666666
trace_00032,trace_00050,logic_003,temporal_002,symbolic_logic,temporal_ordering,incorrect,correct,False,False,False,0.5954372523105548,0.6666666666666667
trace_00032,trace_00051,logic_003,temporal_003,symbolic_logic,temporal_ordering,incorrect,correct,False,False,False,0.6355222557917826,0.6666666666666666
trace_00032,trace_00052,logic_003,temporal_003,symbolic_logic,temporal_ordering,incorrect,incorrect,False,False,True,0.6666666666666666,0.6666666666666666
trace_00032,trace_00053,logic_003,temporal_003,symbolic_logic,temporal_ordering,incorrect,incorrect,False,False,True,0.5408520829727551,0.6666666666666666
trace_00032,trace_00054,logic_003,temporal_003,symbolic_logic,temporal_ordering,incorrect,correct,False,False,False,0.4591479170272448,0.6666666666666667
trace_00032,trace_00055,logic_003,temporal_003,symbolic_logic,temporal_ordering,incorrect,correct,False,False,False,0.6125474873813833,0.75
trace_00032,trace_00056,logic_003,temporal_004,symbolic_logic,temporal_ordering,incorrect,incorrect,False,False,True,0.5954372523105548,0.6666666666666667
trace_00032,trace_00057,logic_003,temporal_004,symbolic_logic,temporal_ordering,incorrect,incorrect,False,False,True,0.5954372523105548,0.6666666666666667
trace_00032,trace_00058,logic_003,temporal_004,symbolic_logic,temporal_ordering,incorrect,incorrect,False,False,True,0.5954372523105548,0.6666666666666667
trace_00032,trace_00059,logic_003,temporal_004,symbolic_logic,temporal_ordering,incorrect,incorrect,False,False,True,0.5954372523105548,0.6666666666666667
trace_00032,trace_00060,logic_003,temporal_004,symbolic_logic,temporal_ordering,incorrect,incorrect,False,False,True,0.5954372523105548,0.6666666666666667
trace_00032,trace_00061,logic_003,causal_001,symbolic_logic,causal_micro_world,incorrect,incorrect,False,False,True,0.6666666666666666,0.6666666666666666
trace_00032,trace_00062,logic_003,causal_001,symbolic_logic,causal_micro_world,incorrect,correct,False,False,False,1.0,0.9999999999999999
trace_00032,trace_00063,logic_003,causal_001,symbolic_logic,causal_micro_world,incorrect,uncertain,False,False,False,0.7704260414863775,0.8333333333333333
trace_00032,trace_00064,logic_003,causal_001,symbolic_logic,causal_micro_world,incorrect,incorrect,False,False,True,0.5954372523105548,0.6666666666666667
trace_00032,trace_00065,logic_003,causal_001,symbolic_logic,causal_micro_world,incorrect,incorrect,False,False,True,1.0,1.0
trace_00032,trace_00066,logic_003,causal_002,symbolic_logic,causal_micro_world,incorrect,correct,False,False,False,0.3976400303845914,0.5416666666666667
trace_00032,trace_00067,logic_003,causal_002,symbolic_logic,causal_micro_world,incorrect,incorrect,False,False,True,1.0,1.0
trace_00032,trace_00068,logic_003,causal_002,symbolic_logic,causal_micro_world,incorrect,correct,False,False,False,0.7126417936566767,0.75
trace_00032,trace_00069,logic_003,causal_002,symbolic_logic,causal_micro_world,incorrect,correct,False,False,False,0.5954372523105548,0.6666666666666666
trace_00032,trace_00070,logic_003,causal_002,symbolic_logic,causal_micro_world,incorrect,correct,False,False,False,0.5954372523105548,0.6666666666666667
trace_00032,trace_00071,logic_003,causal_003,symbolic_logic,causal_micro_world,incorrect,incorrect,False,False,True,0.42528358731335336,0.49999999999999994
trace_00032,trace_00072,logic_003,causal_003,symbolic_logic,causal_micro_world,incorrect,correct,False,False,False,0.5408520829727551,0.6666666666666666
trace_00032,trace_00073,logic_003,causal_003,symbolic_logic,causal_micro_world,incorrect,correct,False,False,False,0.5408520829727551,0.6666666666666666
trace_00032,trace_00074,logic_003,causal_003,symbolic_logic,causal_micro_world,incorrect,incorrect,False,False,True,0.6125474873813833,0.75
trace_00032,trace_00075,logic_003,causal_003,symbolic_logic,causal_micro_world,incorrect,correct,False,False,False,0.5408520829727551,0.6666666666666666
trace_00032,trace_00076,logic_003,causal_004,symbolic_logic,causal_micro_world,incorrect,correct,False,False,False,1.0,0.9999999999999999
trace_00032,trace_00077,logic_003,causal_004,symbolic_logic,causal_micro_world,incorrect,correct,False,False,False,1.0,0.9999999999999999
trace_00032,trace_00078,logic_003,causal_004,symbolic_logic,causal_micro_world,incorrect,correct,False,False,False,0.745484265886676,0.7999999999999999
trace_00032,trace_00079,logic_003,causal_004,symbolic_logic,causal_micro_world,incorrect,correct,False,False,False,1.0,1.0
trace_00032,trace_00080,logic_003,causal_004,symbolic_logic,causal_micro_world,incorrect,correct,False,False,False,1.0,0.9999999999999999
trace_00032,trace_00081,logic_003,commonsense_001,symbolic_logic,commonsense_multihop,incorrect,incorrect,False,False,True,0.6125474873813833,0.75
trace_00032,trace_00082,logic_003,commonsense_001,symbolic_logic,commonsense_multihop,incorrect,correct,False,False,False,0.7126417936566767,0.75
trace_00032,trace_00083,logic_003,commonsense_001,symbolic_logic,commonsense_multihop,incorrect,correct,False,False,False,0.6666666666666666,0.6666666666666666
trace_00032,trace_00084,logic_003,commonsense_001,symbolic_logic,commonsense_multihop,incorrect,incorrect,False,False,True,0.6991966271302656,0.8333333333333333
trace_00032,trace_00085,logic_003,commonsense_001,symbolic_logic,commonsense_multihop,incorrect,incorrect,False,False,True,0.745484265886676,0.8
trace_00032,trace_00086,logic_003,commonsense_002,symbolic_logic,commonsense_multihop,incorrect,correct,False,False,False,0.5954372523105548,0.6666666666666666
trace_00032,trace_00087,logic_003,commonsense_002,symbolic_logic,commonsense_multihop,incorrect,correct,False,False,False,0.7126417936566767,0.75
trace_00032,trace_00088,logic_003,commonsense_002,symbolic_logic,commonsense_multihop,incorrect,correct,False,False,False,0.32518928103806,0.5
trace_00032,trace_00089,logic_003,commonsense_002,symbolic_logic,commonsense_multihop,incorrect,incorrect,False,False,True,0.7126417936566767,0.75
trace_00032,trace_00090,logic_003,commonsense_002,symbolic_logic,commonsense_multihop,incorrect,correct,False,False,False,0.4077660030601058,0.6
trace_00032,trace_00091,logic_003,commonsense_003,symbolic_logic,commonsense_multihop,incorrect,incorrect,False,False,True,1.0,1.0
trace_00032,trace_00092,logic_003,commonsense_003,symbolic_logic,commonsense_multihop,incorrect,correct,False,False,False,0.6666666666666666,0.6666666666666666
trace_00032,trace_00093,logic_003,commonsense_003,symbolic_logic,commonsense_multihop,incorrect,incorrect,False,False,True,0.5408520829727551,0.6666666666666666
trace_00032,trace_00094,logic_003,commonsense_003,symbolic_logic,commonsense_multihop,incorrect,incorrect,False,False,True,1.0,1.0
trace_00032,trace_00095,logic_003,commonsense_003,symbolic_logic,commonsense_multihop,incorrect,incorrect,False,False,True,0.6666666666666666,0.6666666666666666
trace_00032,trace_00096,logic_003,commonsense_004,symbolic_logic,commonsense_multihop,incorrect,incorrect,False,False,True,0.5954372523105548,0.6666666666666666
trace_00032,trace_00097,logic_003,commonsense_004,symbolic_logic,commonsense_multihop,incorrect,incorrect,False,False,True,0.5408520829727551,0.6666666666666666
trace_00032,trace_00098,logic_003,commonsense_004,symbolic_logic,commonsense_multihop,incorrect,incorrect,False,False,True,0.5954372523105548,0.6666666666666667
trace_00032,trace_00099,logic_003,commonsense_004,symbolic_logic,commonsense_multihop,incorrect,incorrect,False,False,True,0.2983666623176937,0.5238095238095237
trace_00032,trace_00100,logic_003,commonsense_004,symbolic_logic,commonsense_multihop,incorrect,incorrect,False,False,True,0.5954372523105548,0.6666666666666666
trace_00033,trace_00034,logic_003,logic_003,symbolic_logic,symbolic_logic,incorrect,incorrect,True,True,True,0.1556390622295664,0.25
trace_00033,trace_00035,logic_003,logic_003,symbolic_logic,symbolic_logic,incorrect,correct,True,True,False,0.020720839623908215,0.16666666666666666
trace_00033,trace_00036,logic_003,logic_004,symbolic_logic,symbolic_logic,incorrect,correct,False,True,False,0.15485754582697578,0.3333333333333333
trace_00033,trace_00037,logic_003,logic_004,symbolic_logic,symbolic_logic,incorrect,correct,False,True,False,0.42528358731335336,0.5
trace_00033,trace_00038,logic_003,logic_004,symbolic_logic,symbolic_logic,incorrect,correct,False,True,False,0.3112781244591328,0.5
trace_00033,trace_00039,logic_003,logic_004,symbolic_logic,symbolic_logic,incorrect,correct,False,True,False,0.6556390622295665,0.75
trace_00033,trace_00040,logic_003,logic_004,symbolic_logic,symbolic_logic,incorrect,incorrect,False,True,True,0.6556390622295665,0.75
trace_00033,trace_00041,logic_003,temporal_001,symbolic_logic,temporal_ordering,incorrect,incorrect,False,False,True,0.4108667362125791,0.49999999999999994
trace_00033,trace_00042,logic_003,temporal_001,symbolic_logic,temporal_ordering,incorrect,incorrect,False,False,True,0.6556390622295665,0.75
trace_00033,trace_00043,logic_003,temporal_001,symbolic_logic,temporal_ordering,incorrect,correct,False,False,False,0.40563906222956636,0.5
trace_00033,trace_00044,logic_003,temporal_001,symbolic_logic,temporal_ordering,incorrect,incorrect,False,False,True,0.6556390622295665,0.75
trace_00033,trace_00045,logic_003,temporal_001,symbolic_logic,temporal_ordering,incorrect,incorrect,False,False,True,0.4108667362125791,0.49999999999999994
trace_00033,trace_00046,logic_003,temporal_002,symbolic_logic,temporal_ordering,incorrect,incorrect,False,False,True,0.10221700146248243,0.25
trace_00033,trace_00047,logic_003,temporal_002,symbolic_logic,temporal_ordering,incorrect,correct,False,False,False,0.6556390622295665,0.75
trace_00033,trace_00048,logic_003,temporal_002,symbolic_logic,temporal_ordering,incorrect,correct,False,False,False,0.7126417936566767,0.75
trace_00033,trace_00049,logic_003,temporal_002,symbolic_logic,temporal_ordering,incorrect,correct,False,False,False,0.36828085588624304,0.5
trace_00033,trace_00050,logic_003,temporal_002,symbolic_logic,temporal_ordering,incorrect,correct,False,False,False,0.6556390622295665,0.75
trace_00033,trace_00051,logic_003,temporal_003,symbolic_logic,temporal_ordering,incorrect,correct,False,False,False,0.37519620693013067,0.5
trace_00033,trace_00052,logic_003,temporal_003,symbolic_logic,temporal_ordering,incorrect,incorrect,False,False,True,0.32518928103806,0.5
trace_00033,trace_00053,logic_003,temporal_003,symbolic_logic,temporal_ordering,incorrect,incorrect,False,False,True,0.32518928103806,0.5
trace_00033,trace_00054,logic_003,temporal_003,symbolic_logic,temporal_ordering,incorrect,correct,False,False,False,0.5487949406953987,0.75
trace_00033,trace_00055,logic_003,temporal_003,symbolic_logic,temporal_ordering,incorrect,correct,False,False,False,0.3112781244591328,0.5
trace_00033,trace_00056,logic_003,temporal_004,symbolic_logic,temporal_ordering,incorrect,incorrect,False,False,True,0.3112781244591328,0.5
trace_00033,trace_00057,logic_003,temporal_004,symbolic_logic,temporal_ordering,incorrect,incorrect,False,False,True,0.3112781244591328,0.5
trace_00033,trace_00058,logic_003,temporal_004,symbolic_logic,temporal_ordering,incorrect,incorrect,False,False,True,0.3112781244591328,0.5
trace_00033,trace_00059,logic_003,temporal_004,symbolic_logic,temporal_ordering,incorrect,incorrect,False,False,True,0.3112781244591328,0.5
trace_00033,trace_00060,logic_003,temporal_004,symbolic_logic,temporal_ordering,incorrect,incorrect,False,False,True,0.3112781244591328,0.5
trace_00033,trace_00061,logic_003,causal_001,symbolic_logic,causal_micro_world,incorrect,incorrect,False,False,True,0.7126417936566767,0.7499999999999999
trace_00033,trace_00062,logic_003,causal_001,symbolic_logic,causal_micro_world,incorrect,correct,False,False,False,1.0,0.9999999999999999
trace_00033,trace_00063,logic_003,causal_001,symbolic_logic,causal_micro_world,incorrect,uncertain,False,False,False,0.5103604198119541,0.5833333333333333
trace_00033,trace_00064,logic_003,causal_001,symbolic_logic,causal_micro_world,incorrect,incorrect,False,False,True,0.6556390622295665,0.75
trace_00033,trace_00065,logic_003,causal_001,symbolic_logic,causal_micro_world,incorrect,incorrect,False,False,True,1.0,1.0
trace_00033,trace_00066,logic_003,causal_002,symbolic_logic,causal_micro_world,incorrect,correct,False,False,False,0.2987949406953986,0.5
trace_00033,trace_00067,logic_003,causal_002,symbolic_logic,causal_micro_world,incorrect,incorrect,False,False,True,0.6875981034650653,0.75
trace_00033,trace_00068,logic_003,causal_002,symbolic_logic,causal_micro_world,incorrect,correct,False,False,False,0.5,0.5
trace_00033,trace_00069,logic_003,causal_002,symbolic_logic,causal_micro_world,incorrect,correct,False,False,False,0.6556390622295665,0.75
trace_00033,trace_00070,logic_003,causal_002,symbolic_logic,causal_micro_world,incorrect,correct,False,False,False,0.3112781244591328,0.5
trace_00033,trace_00071,logic_003,causal_003,symbolic_logic,causal_micro_world,incorrect,incorrect,False,False,True,0.25,0.25
trace_00033,trace_00072,logic_003,causal_003,symbolic_logic,causal_micro_world,incorrect,correct,False,False,False,0.30807904596723146,0.41666666666666663
trace_00033,trace_00073,logic_003,causal_003,symbolic_logic,causal_micro_world,incorrect,correct,False,False,False,0.5954372523105549,0.6666666666666666
trace_00033,trace_00074,logic_003,causal_003,symbolic_logic,causal_micro_world,incorrect,incorrect,False,False,True,0.40563906222956636,0.5
trace_00033,trace_00075,logic_003,causal_003,symbolic_logic,causal_micro_world,incorrect,correct,False,False,False,0.5954372523105549,0.6666666666666666
trace_00033,trace_00076,logic_003,causal_004,symbolic_logic,causal_micro_world,incorrect,correct,False,False,False,1.0,0.9999999999999999
trace_00033,trace_00077,logic_003,causal_004,symbolic_logic,causal_micro_world,incorrect,correct,False,False,False,1.0,0.9999999999999999
trace_00033,trace_00078,logic_003,causal_004,symbolic_logic,causal_micro_world,incorrect,correct,False,False,False,0.5540157730728,0.6
trace_00033,trace_00079,logic_003,causal_004,symbolic_logic,causal_micro_world,incorrect,correct,False,False,False,1.0,1.0
trace_00033,trace_00080,logic_003,causal_004,symbolic_logic,causal_micro_world,incorrect,correct,False,False,False,1.0,0.9999999999999999
trace_00033,trace_00081,logic_003,commonsense_001,symbolic_logic,commonsense_multihop,incorrect,incorrect,False,False,True,0.40563906222956636,0.5
trace_00033,trace_00082,logic_003,commonsense_001,symbolic_logic,commonsense_multihop,incorrect,correct,False,False,False,0.44657793923291605,0.5
trace_00033,trace_00083,logic_003,commonsense_001,symbolic_logic,commonsense_multihop,incorrect,correct,False,False,False,0.5103604198119541,0.5833333333333333
trace_00033,trace_00084,logic_003,commonsense_001,symbolic_logic,commonsense_multihop,incorrect,incorrect,False,False,True,0.44221575217029907,0.5833333333333334
trace_00033,trace_00085,logic_003,commonsense_001,symbolic_logic,commonsense_multihop,incorrect,incorrect,False,False,True,0.5540157730728,0.6000000000000001
trace_00033,trace_00086,logic_003,commonsense_002,symbolic_logic,commonsense_multihop,incorrect,correct,False,False,False,0.40563906222956636,0.5
trace_00033,trace_00087,logic_003,commonsense_002,symbolic_logic,commonsense_multihop,incorrect,correct,False,False,False,0.40563906222956636,0.5
trace_00033,trace_00088,logic_003,commonsense_002,symbolic_logic,commonsense_multihop,incorrect,correct,False,False,False,0.1556390622295664,0.25
trace_00033,trace_00089,logic_003,commonsense_002,symbolic_logic,commonsense_multihop,incorrect,incorrect,False,False,True,0.40563906222956636,0.5
trace_00033,trace_00090,logic_003,commonsense_002,symbolic_logic,commonsense_multihop,incorrect,correct,False,False,False,0.2519235740744792,0.4
trace_00033,trace_00091,logic_003,commonsense_003,symbolic_logic,commonsense_multihop,incorrect,incorrect,False,False,True,0.6556390622295665,0.75
trace_00033,trace_00092,logic_003,commonsense_003,symbolic_logic,commonsense_multihop,incorrect,correct,False,False,False,0.42528358731335336,0.5
trace_00033,trace_00093,logic_003,commonsense_003,symbolic_logic,commonsense_multihop,incorrect,incorrect,False,False,True,0.30807904596723146,0.41666666666666663
trace_00033,trace_00094,logic_003,commonsense_003,symbolic_logic,commonsense_multihop,incorrect,incorrect,False,False,True,0.75,0.75
trace_00033,trace_00095,logic_003,commonsense_003,symbolic_logic,commonsense_multihop,incorrect,incorrect,False,False,True,0.42528358731335336,0.5
trace_00033,trace_00096,logic_003,commonsense_004,symbolic_logic,commonsense_multihop,incorrect,incorrect,False,False,True,0.6556390622295665,0.75
trace_00033,trace_00097,logic_003,commonsense_004,symbolic_logic,commonsense_multihop,incorrect,incorrect,False,False,True,0.6125474873813833,0.7499999999999999
trace_00033,trace_00098,logic_003,commonsense_004,symbolic_logic,commonsense_multihop,incorrect,incorrect,False,False,True,0.3112781244591328,0.5
trace_00033,trace_00099,logic_003,commonsense_004,symbolic_logic,commonsense_multihop,incorrect,incorrect,False,False,True,0.39024782764172805,0.6071428571428571
trace_00033,trace_00100,logic_003,commonsense_004,symbolic_logic,commonsense_multihop,incorrect,incorrect,False,False,True,0.6556390622295665,0.75
trace_00034,trace_00035,logic_003,logic_003,symbolic_logic,symbolic_logic,incorrect,correct,True,True,False,0.1908745046211096,0.33333333333333337
trace_00034,trace_00036,logic_003,logic_004,symbolic_logic,symbolic_logic,incorrect,correct,False,True,False,0.32501121082417717,0.5
trace_00034,trace_00037,logic_003,logic_004,symbolic_logic,symbolic_logic,incorrect,correct,False,True,False,0.5954372523105549,0.6666666666666666
trace_00034,trace_00038,logic_003,logic_004,symbolic_logic,symbolic_logic,incorrect,correct,False,True,False,0.5,0.5
trace_00034,trace_00039,logic_003,logic_004,symbolic_logic,symbolic_logic,incorrect,correct,False,True,False,0.5,0.5
trace_00034,trace_00040,logic_003,logic_004,symbolic_logic,symbolic_logic,incorrect,incorrect,False,True,True,1.0,1.0
trace_00034,trace_00041,logic_003,temporal_001,symbolic_logic,temporal_ordering,incorrect,incorrect,False,False,True,0.6284905946211771,0.7142857142857142
trace_00034,trace_00042,logic_003,temporal_001,symbolic_logic,temporal_ordering,incorrect,incorrect,False,False,True,0.5,0.5
trace_00034,trace_00043,logic_003,temporal_001,symbolic_logic,temporal_ordering,incorrect,correct,False,False,False,0.6556390622295665,0.75
trace_00034,trace_00044,logic_003,temporal_001,symbolic_logic,temporal_ordering,incorrect,incorrect,False,False,True,1.0,1.0
trace_00034,trace_00045,logic_003,temporal_001,symbolic_logic,temporal_ordering,incorrect,incorrect,False,False,True,0.6284905946211771,0.7142857142857142
trace_00034,trace_00046,logic_003,temporal_002,symbolic_logic,temporal_ordering,incorrect,incorrect,False,False,True,0.3112781244591328,0.5
trace_00034,trace_00047,logic_003,temporal_002,symbolic_logic,temporal_ordering,incorrect,correct,False,False,False,1.0,1.0
trace_00034,trace_00048,logic_003,temporal_002,symbolic_logic,temporal_ordering,incorrect,correct,False,False,False,0.5954372523105548,0.6666666666666666
trace_00034,trace_00049,logic_003,temporal_002,symbolic_logic,temporal_ordering,incorrect,correct,False,False,False,0.5954372523105548,0.6666666666666666
trace_00034,trace_00050,logic_003,temporal_002,symbolic_logic,temporal_ordering,incorrect,correct,False,False,False,0.5,0.5
trace_00034,trace_00051,logic_003,temporal_003,symbolic_logic,temporal_ordering,incorrect,correct,False,False,False,0.5540157730728,0.6
trace_00034,trace_00052,logic_003,temporal_003,symbolic_logic,temporal_ordering,incorrect,incorrect,False,False,True,0.5954372523105548,0.6666666666666666
trace_00034,trace_00053,logic_003,temporal_003,symbolic_logic,temporal_ordering,incorrect,incorrect,False,False,True,0.42528358731335336,0.5
trace_00034,trace_00054,logic_003,temporal_003,symbolic_logic,temporal_ordering,incorrect,correct,False,False,False,0.3112781244591328,0.5
trace_00034,trace_00055,logic_003,temporal_003,symbolic_logic,temporal_ordering,incorrect,correct,False,False,False,0.6556390622295665,0.75
trace_00034,trace_00056,logic_003,temporal_004,symbolic_logic,temporal_ordering,incorrect,incorrect,False,False,True,0.5,0.5
trace_00034,trace_00057,logic_003,temporal_004,symbolic_logic,temporal_ordering,incorrect,incorrect,False,False,True,0.5,0.5
trace_00034,trace_00058,logic_003,temporal_004,symbolic_logic,temporal_ordering,incorrect,incorrect,False,False,True,0.5,0.5
trace_00034,trace_00059,logic_003,temporal_004,symbolic_logic,temporal_ordering,incorrect,incorrect,False,False,True,0.5,0.5
trace_00034,trace_00060,logic_003,temporal_004,symbolic_logic,temporal_ordering,incorrect,incorrect,False,False,True,0.5,0.5
trace_00034,trace_00061,logic_003,causal_001,symbolic_logic,causal_micro_world,incorrect,incorrect,False,False,True,0.5954372523105549,0.6666666666666666
trace_00034,trace_00062,logic_003,causal_001,symbolic_logic,causal_micro_world,incorrect,correct,False,False,False,1.0,0.9999999999999999
trace_00034,trace_00063,logic_003,causal_001,symbolic_logic,causal_micro_world,incorrect,uncertain,False,False,False,0.7295739585136223,0.8333333333333333
trace_00034,trace_00064,logic_003,causal_001,symbolic_logic,causal_micro_world,incorrect,incorrect,False,False,True,0.5,0.5
trace_00034,trace_00065,logic_003,causal_001,symbolic_logic,causal_micro_world,incorrect,incorrect,False,False,True,1.0,1.0
trace_00034,trace_00066,logic_003,causal_002,symbolic_logic,causal_micro_world,incorrect,correct,False,False,False,0.34336016083271426,0.5
trace_00034,trace_00067,logic_003,causal_002,symbolic_logic,causal_micro_world,incorrect,incorrect,False,False,True,1.0,1.0
trace_00034,trace_00068,logic_003,causal_002,symbolic_logic,causal_micro_world,incorrect,correct,False,False,False,0.6556390622295665,0.75
trace_00034,trace_00069,logic_003,causal_002,symbolic_logic,causal_micro_world,incorrect,correct,False,False,False,0.5,0.5
trace_00034,trace_00070,logic_003,causal_002,symbolic_logic,causal_micro_world,incorrect,correct,False,False,False,0.5,0.5
trace_00034,trace_00071,logic_003,causal_003,symbolic_logic,causal_micro_world,incorrect,incorrect,False,False,True,0.5,0.5
trace_00034,trace_00072,logic_003,causal_003,symbolic_logic,causal_micro_world,incorrect,correct,False,False,False,0.5954372523105548,0.6666666666666666
trace_00034,trace_00073,logic_003,causal_003,symbolic_logic,causal_micro_world,incorrect,correct,False,False,False,0.5954372523105549,0.6666666666666666
trace_00034,trace_00074,logic_003,causal_003,symbolic_logic,causal_micro_world,incorrect,incorrect,False,False,True,0.6556390622295665,0.75
trace_00034,trace_00075,logic_003,causal_003,symbolic_logic,causal_micro_world,incorrect,correct,False,False,False,0.5954372523105549,0.6666666666666666
trace_00034,trace_00076,logic_003,causal_004,symbolic_logic,causal_micro_world,incorrect,correct,False,False,False,1.0,0.9999999999999999
trace_00034,trace_00077,logic_003,causal_004,symbolic_logic,causal_micro_world,incorrect,correct,False,False,False,1.0,0.9999999999999999
trace_00034,trace_00078,logic_003,causal_004,symbolic_logic,causal_micro_world,incorrect,correct,False,False,False,0.6979078010016793,0.8
trace_00034,trace_00079,logic_003,causal_004,symbolic_logic,causal_micro_world,incorrect,correct,False,False,False,1.0,1.0
trace_00034,trace_00080,logic_003,causal_004,symbolic_logic,causal_micro_world,incorrect,correct,False,False,False,1.0,0.9999999999999999
trace_00034,trace_00081,logic_003,commonsense_001,symbolic_logic,commonsense_multihop,incorrect,incorrect,False,False,True,0.6556390622295665,0.75
trace_00034,trace_00082,logic_003,commonsense_001,symbolic_logic,commonsense_multihop,incorrect,correct,False,False,False,0.6556390622295665,0.75
trace_00034,trace_00083,logic_003,commonsense_001,symbolic_logic,commonsense_multihop,incorrect,correct,False,False,False,0.5954372523105549,0.6666666666666667
trace_00034,trace_00084,logic_003,commonsense_001,symbolic_logic,commonsense_multihop,incorrect,incorrect,False,False,True,0.7295739585136224,0.8333333333333334
trace_00034,trace_00085,logic_003,commonsense_001,symbolic_logic,commonsense_multihop,incorrect,incorrect,False,False,True,0.6979078010016793,0.8
trace_00034,trace_00086,logic_003,commonsense_002,symbolic_logic,commonsense_multihop,incorrect,correct,False,False,False,0.5,0.5
trace_00034,trace_00087,logic_003,commonsense_002,symbolic_logic,commonsense_multihop,incorrect,correct,False,False,False,0.6556390622295665,0.75
trace_00034,trace_00088,logic_003,commonsense_002,symbolic_logic,commonsense_multihop,incorrect,correct,False,False,False,0.3112781244591328,0.5
trace_00034,trace_00089,logic_003,commonsense_002,symbolic_logic,commonsense_multihop,incorrect,incorrect,False,False,True,0.6556390622295665,0.75
trace_00034,trace_00090,logic_003,commonsense_002,symbolic_logic,commonsense_multihop,incorrect,correct,False,False,False,0.3958156020033583,0.6
trace_00034,trace_00091,logic_003,commonsense_003,symbolic_logic,commonsense_multihop,incorrect,incorrect,False,False,True,1.0,1.0
trace_00034,trace_00092,logic_003,commonsense_003,symbolic_logic,commonsense_multihop,incorrect,correct,False,False,False,0.5954372523105549,0.6666666666666666
trace_00034,trace_00093,logic_003,commonsense_003,symbolic_logic,commonsense_multihop,incorrect,incorrect,False,False,True,0.5954372523105549,0.6666666666666666
trace_00034,trace_00094,logic_003,commonsense_003,symbolic_logic,commonsense_multihop,incorrect,incorrect,False,False,True,1.0,1.0
trace_00034,trace_00095,logic_003,commonsense_003,symbolic_logic,commonsense_multihop,incorrect,incorrect,False,False,True,0.5954372523105549,0.6666666666666666
trace_00034,trace_00096,logic_003,commonsense_004,symbolic_logic,commonsense_multihop,incorrect,incorrect,False,False,True,0.5,0.5
trace_00034,trace_00097,logic_003,commonsense_004,symbolic_logic,commonsense_multihop,incorrect,incorrect,False,False,True,0.42528358731335336,0.5
trace_00034,trace_00098,logic_003,commonsense_004,symbolic_logic,commonsense_multihop,incorrect,incorrect,False,False,True,0.5,0.5
trace_00034,trace_00099,logic_003,commonsense_004,symbolic_logic,commonsense_multihop,incorrect,incorrect,False,False,True,0.22036732006063825,0.3571428571428571
trace_00034,trace_00100,logic_003,commonsense_004,symbolic_logic,commonsense_multihop,incorrect,incorrect,False,False,True,0.5,0.5
trace_00035,trace_00036,logic_003,logic_004,symbolic_logic,symbolic_logic,correct,correct,False,True,True,0.10375937481971093,0.16666666666666666
trace_00035,trace_00037,logic_003,logic_004,symbolic_logic,symbolic_logic,correct,correct,False,True,True,0.3333333333333333,0.3333333333333333
trace_00035,trace_00038,logic_003,logic_004,symbolic_logic,symbolic_logic,correct,correct,False,True,True,0.1908745046211096,0.33333333333333337
trace_00035,trace_00039,logic_003,logic_004,symbolic_logic,symbolic_logic,correct,correct,False,True,True,0.5954372523105549,0.6666666666666666
trace_00035,trace_00040,logic_003,logic_004,symbolic_logic,symbolic_logic,correct,incorrect,False,True,False,0.5954372523105549,0.6666666666666666
trace_00035,trace_00041,logic_003,temporal_001,symbolic_logic,temporal_ordering,correct,incorrect,False,False,False,0.315151252149524,0.38095238095238093
trace_00035,trace_00042,logic_003,temporal_001,symbolic_logic,temporal_ordering,correct,incorrect,False,False,False,0.5954372523105549,0.6666666666666666
trace_00035,trace_00043,logic_003,temporal_001,symbolic_logic,temporal_ordering,correct,correct,False,False,True,0.3080790459672315,0.41666666666666663
trace_00035,trace_00044,logic_003,temporal_001,symbolic_logic,temporal_ordering,correct,incorrect,False,False,False,0.5954372523105549,0.6666666666666666
trace_00035,trace_00045,logic_003,temporal_001,symbolic_logic,temporal_ordering,correct,incorrect,False,False,False,0.315151252149524,0.38095238095238093
trace_00035,trace_00046,logic_003,temporal_002,symbolic_logic,temporal_ordering,correct,incorrect,False,False,False,0.0720014354742918,0.16666666666666666
trace_00035,trace_00047,logic_003,temporal_002,symbolic_logic,temporal_ordering,correct,correct,False,False,True,0.5954372523105549,0.6666666666666666
trace_00035,trace_00048,logic_003,temporal_002,symbolic_logic,temporal_ordering,correct,correct,False,False,True,0.6666666666666666,0.6666666666666666
trace_00035,trace_00049,logic_003,temporal_002,symbolic_logic,temporal_ordering,correct,correct,False,False,True,0.26210391897722146,0.33333333333333337
trace_00035,trace_00050,logic_003,temporal_002,symbolic_logic,temporal_ordering,correct,correct,False,False,True,0.5954372523105549,0.6666666666666666
trace_00035,trace_00051,logic_003,temporal_003,symbolic_logic,temporal_ordering,correct,correct,False,False,True,0.27104451158356513,0.33333333333333337
trace_00035,trace_00052,logic_003,temporal_003,symbolic_logic,temporal_ordering,correct,incorrect,False,False,False,0.20751874963942185,0.3333333333333333
trace_00035,trace_00053,logic_003,temporal_003,symbolic_logic,temporal_ordering,correct,incorrect,False,False,False,0.20751874963942185,0.3333333333333333
trace_00035,trace_00054,logic_003,temporal_003,symbolic_logic,temporal_ordering,correct,correct,False,False,True,0.4591479170272448,0.6666666666666666
trace_00035,trace_00055,logic_003,temporal_003,symbolic_logic,temporal_ordering,correct,correct,False,False,True,0.3080790459672315,0.41666666666666663
trace_00035,trace_00056,logic_003,temporal_004,symbolic_logic,temporal_ordering,correct,incorrect,False,False,False,0.1908745046211096,0.33333333333333337
trace_00035,trace_00057,logic_003,temporal_004,symbolic_logic,temporal_ordering,correct,incorrect,False,False,False,0.1908745046211096,0.33333333333333337
trace_00035,trace_00058,logic_003,temporal_004,symbolic_logic,temporal_ordering,correct,incorrect,False,False,False,0.1908745046211096,0.33333333333333337
trace_00035,trace_00059,logic_003,temporal_004,symbolic_logic,temporal_ordering,correct,incorrect,False,False,False,0.1908745046211096,0.33333333333333337
trace_00035,trace_00060,logic_003,temporal_004,symbolic_logic,temporal_ordering,correct,incorrect,False,False,False,0.1908745046211096,0.33333333333333337
trace_00035,trace_00061,logic_003,causal_001,symbolic_logic,causal_micro_world,correct,incorrect,False,False,False,0.6666666666666666,0.6666666666666666
trace_00035,trace_00062,logic_003,causal_001,symbolic_logic,causal_micro_world,correct,correct,False,False,True,1.0,0.9999999999999999
trace_00035,trace_00063,logic_003,causal_001,symbolic_logic,causal_micro_world,correct,uncertain,False,False,False,0.43709270815304424,0.5
trace_00035,trace_00064,logic_003,causal_001,symbolic_logic,causal_micro_world,correct,incorrect,False,False,False,0.5954372523105549,0.6666666666666666
trace_00035,trace_00065,logic_003,causal_001,symbolic_logic,causal_micro_world,correct,incorrect,False,False,False,1.0,0.9999999999999999
trace_00035,trace_00066,logic_003,causal_002,symbolic_logic,causal_micro_world,correct,correct,False,False,True,0.2592653355423217,0.41666666666666663
trace_00035,trace_00067,logic_003,causal_002,symbolic_logic,causal_micro_world,correct,incorrect,False,False,False,0.6355222557917826,0.6666666666666666
trace_00035,trace_00068,logic_003,causal_002,symbolic_logic,causal_micro_world,correct,correct,False,False,True,0.42528358731335336,0.4999999999999999
trace_00035,trace_00069,logic_003,causal_002,symbolic_logic,causal_micro_world,correct,correct,False,False,True,0.5954372523105549,0.6666666666666666
trace_00035,trace_00070,logic_003,causal_002,symbolic_logic,causal_micro_world,correct,correct,False,False,True,0.1908745046211096,0.33333333333333337
trace_00035,trace_00071,logic_003,causal_003,symbolic_logic,causal_micro_world,correct,incorrect,False,False,False,0.30807904596723146,0.41666666666666663
trace_00035,trace_00072,logic_003,causal_003,symbolic_logic,causal_micro_world,correct,correct,False,False,True,0.3333333333333333,0.3333333333333333
trace_00035,trace_00073,logic_003,causal_003,symbolic_logic,causal_micro_world,correct,correct,False,False,True,0.6666666666666666,0.6666666666666666
trace_00035,trace_00074,logic_003,causal_003,symbolic_logic,causal_micro_world,correct,incorrect,False,False,False,0.42528358731335336,0.5
trace_00035,trace_00075,logic_003,causal_003,symbolic_logic,causal_micro_world,correct,correct,False,False,True,0.6666666666666666,0.6666666666666666
trace_00035,trace_00076,logic_003,causal_004,symbolic_logic,causal_micro_world,correct,correct,False,False,True,1.0,0.9999999999999999
trace_00035,trace_00077,logic_003,causal_004,symbolic_logic,causal_micro_world,correct,correct,False,False,True,1.0,0.9999999999999999
trace_00035,trace_00078,logic_003,causal_004,symbolic_logic,causal_micro_world,correct,correct,False,False,True,0.490968531773352,0.6
trace_00035,trace_00079,logic_003,causal_004,symbolic_logic,causal_micro_world,correct,correct,False,False,True,1.0,0.9999999999999999
trace_00035,trace_00080,logic_003,causal_004,symbolic_logic,causal_micro_world,correct,correct,False,False,True,1.0,0.9999999999999999
trace_00035,trace_00081,logic_003,commonsense_001,symbolic_logic,commonsense_multihop,correct,incorrect,False,False,False,0.42528358731335336,0.5
trace_00035,trace_00082,logic_003,commonsense_001,symbolic_logic,commonsense_multihop,correct,correct,False,False,True,0.3593596418176151,0.41666666666666663
trace_00035,trace_00083,logic_003,commonsense_001,symbolic_logic,commonsense_multihop,correct,correct,False,False,True,0.43709270815304424,0.5
trace_00035,trace_00084,logic_003,commonsense_001,symbolic_logic,commonsense_multihop,correct,incorrect,False,False,False,0.43709270815304424,0.5
trace_00035,trace_00085,logic_003,commonsense_001,symbolic_logic,commonsense_multihop,correct,incorrect,False,False,False,0.490968531773352,0.6
trace_00035,trace_00086,logic_003,commonsense_002,symbolic_logic,commonsense_multihop,correct,correct,False,False,True,0.3080790459672315,0.41666666666666663
trace_00035,trace_00087,logic_003,commonsense_002,symbolic_logic,commonsense_multihop,correct,correct,False,False,True,0.3080790459672315,0.41666666666666663
trace_00035,trace_00088,logic_003,commonsense_002,symbolic_logic,commonsense_multihop,correct,correct,False,False,True,0.13792538097003013,0.24999999999999997
trace_00035,trace_00089,logic_003,commonsense_002,symbolic_logic,commonsense_multihop,correct,incorrect,False,False,False,0.3080790459672315,0.41666666666666663
trace_00035,trace_00090,logic_003,commonsense_002,symbolic_logic,commonsense_multihop,correct,correct,False,False,True,0.236452797660028,0.3999999999999999
trace_00035,trace_00091,logic_003,commonsense_003,symbolic_logic,commonsense_multihop,correct,incorrect,False,False,False,0.5954372523105549,0.6666666666666666
trace_00035,trace_00092,logic_003,commonsense_003,symbolic_logic,commonsense_multihop,correct,correct,False,False,True,0.3333333333333333,0.3333333333333333
trace_00035,trace_00093,logic_003,commonsense_003,symbolic_logic,commonsense_multihop,correct,incorrect,False,False,False,0.3333333333333333,0.3333333333333333
trace_00035,trace_00094,logic_003,commonsense_003,symbolic_logic,commonsense_multihop,correct,incorrect,False,False,False,0.7126417936566767,0.75
trace_00035,trace_00095,logic_003,commonsense_003,symbolic_logic,commonsense_multihop,correct,incorrect,False,False,False,0.3333333333333333,0.3333333333333333
trace_00035,trace_00096,logic_003,commonsense_004,symbolic_logic,commonsense_multihop,correct,incorrect,False,False,False,0.5954372523105549,0.6666666666666666
trace_00035,trace_00097,logic_003,commonsense_004,symbolic_logic,commonsense_multihop,correct,incorrect,False,False,False,0.5408520829727551,0.6666666666666666
trace_00035,trace_00098,logic_003,commonsense_004,symbolic_logic,commonsense_multihop,correct,incorrect,False,False,False,0.1908745046211096,0.33333333333333337
trace_00035,trace_00099,logic_003,commonsense_004,symbolic_logic,commonsense_multihop,correct,incorrect,False,False,False,0.360654826555287,0.5238095238095237
trace_00035,trace_00100,logic_003,commonsense_004,symbolic_logic,commonsense_multihop,correct,incorrect,False,False,False,0.5954372523105549,0.6666666666666666
trace_00036,trace_00037,logic_004,logic_004,symbolic_logic,symbolic_logic,correct,correct,True,True,True,0.3333333333333333,0.3333333333333333
trace_00036,trace_00038,logic_004,logic_004,symbolic_logic,symbolic_logic,correct,correct,True,True,True,0.1908745046211096,0.3333333333333333
trace_00036,trace_00039,logic_004,logic_004,symbolic_logic,symbolic_logic,correct,correct,True,True,True,0.5954372523105549,0.6666666666666667
trace_00036,trace_00040,logic_004,logic_004,symbolic_logic,symbolic_logic,correct,incorrect,True,True,False,0.5954372523105548,0.6666666666666667
trace_00036,trace_00041,logic_004,temporal_001,symbolic_logic,temporal_ordering,correct,incorrect,False,False,False,0.31515125214952394,0.38095238095238093
trace_00036,trace_00042,logic_004,temporal_001,symbolic_logic,temporal_ordering,correct,incorrect,False,False,False,0.5954372523105549,0.6666666666666667
trace_00036,trace_00043,logic_004,temporal_001,symbolic_logic,temporal_ordering,correct,correct,False,False,True,0.10579767212250889,0.25
trace_00036,trace_00044,logic_004,temporal_001,symbolic_logic,temporal_ordering,correct,incorrect,False,False,False,0.39315587846583216,0.49999999999999994
trace_00036,trace_00045,logic_004,temporal_001,symbolic_logic,temporal_ordering,correct,incorrect,False,False,False,0.31515125214952394,0.38095238095238093
trace_00036,trace_00046,logic_004,temporal_002,symbolic_logic,temporal_ordering,correct,incorrect,False,False,False,0.013399164801230847,0.125
trace_00036,trace_00047,logic_004,temporal_002,symbolic_logic,temporal_ordering,correct,correct,False,False,True,0.32501121082417717,0.49999999999999994
trace_00036,trace_00048,logic_004,temporal_002,symbolic_logic,temporal_ordering,correct,correct,False,False,True,0.3658632937969324,0.49999999999999994
trace_00036,trace_00049,logic_004,temporal_002,symbolic_logic,temporal_ordering,correct,correct,False,False,True,0.0954372523105548,0.16666666666666669
trace_00036,trace_00050,logic_004,temporal_002,symbolic_logic,temporal_ordering,correct,correct,False,False,True,0.32501121082417717,0.5000000000000001
trace_00036,trace_00051,logic_004,temporal_003,symbolic_logic,temporal_ordering,correct,correct,False,False,True,0.27104451158356513,0.33333333333333337
trace_00036,trace_00052,logic_004,temporal_003,symbolic_logic,temporal_ordering,correct,incorrect,False,False,False,0.20751874963942185,0.3333333333333333
trace_00036,trace_00053,logic_004,temporal_003,symbolic_logic,temporal_ordering,correct,incorrect,False,False,False,0.20751874963942185,0.3333333333333333
trace_00036,trace_00054,logic_004,temporal_003,symbolic_logic,temporal_ordering,correct,correct,False,False,True,0.4591479170272448,0.6666666666666667
trace_00036,trace_00055,logic_004,temporal_003,symbolic_logic,temporal_ordering,correct,correct,False,False,True,0.39315587846583216,0.5
trace_00036,trace_00056,logic_004,temporal_004,symbolic_logic,temporal_ordering,correct,incorrect,False,False,False,0.1908745046211096,0.3333333333333333
trace_00036,trace_00057,logic_004,temporal_004,symbolic_logic,temporal_ordering,correct,incorrect,False,False,False,0.1908745046211096,0.3333333333333333
trace_00036,trace_00058,logic_004,temporal_004,symbolic_logic,temporal_ordering,correct,incorrect,False,False,False,0.1908745046211096,0.3333333333333333
trace_00036,trace_00059,logic_004,temporal_004,symbolic_logic,temporal_ordering,correct,incorrect,False,False,False,0.1908745046211096,0.3333333333333333
trace_00036,trace_00060,logic_004,temporal_004,symbolic_logic,temporal_ordering,correct,incorrect,False,False,False,0.1908745046211096,0.3333333333333333
trace_00036,trace_00061,logic_004,causal_001,symbolic_logic,causal_micro_world,correct,incorrect,False,False,False,0.43709270815304424,0.5
trace_00036,trace_00062,logic_004,causal_001,symbolic_logic,causal_micro_world,correct,correct,False,False,True,0.6991966271302656,0.8333333333333333
trace_00036,trace_00063,logic_004,causal_001,symbolic_logic,causal_micro_world,correct,uncertain,False,False,False,0.16666666666666663,0.3333333333333333
trace_00036,trace_00064,logic_004,causal_001,symbolic_logic,causal_micro_world,correct,incorrect,False,False,False,0.32501121082417717,0.5000000000000001
trace_00036,trace_00065,logic_004,causal_001,symbolic_logic,causal_micro_world,correct,incorrect,False,False,False,0.6548575458269756,0.8333333333333334
trace_00036,trace_00066,logic_004,causal_002,symbolic_logic,causal_micro_world,correct,correct,False,False,True,0.06813766945385623,0.25
trace_00036,trace_00067,logic_004,causal_002,symbolic_logic,causal_micro_world,correct,incorrect,False,False,False,0.3459616809765682,0.49999999999999994
trace_00036,trace_00068,logic_004,causal_002,symbolic_logic,causal_micro_world,correct,correct,False,False,True,0.15485754582697578,0.3333333333333333
trace_00036,trace_00069,logic_004,causal_002,symbolic_logic,causal_micro_world,correct,correct,False,False,True,0.39315587846583216,0.49999999999999994
trace_00036,trace_00070,logic_004,causal_002,symbolic_logic,causal_micro_world,correct,correct,False,False,True,0.1908745046211096,0.3333333333333333
trace_00036,trace_00071,logic_004,causal_003,symbolic_logic,causal_micro_world,correct,incorrect,False,False,False,0.23993437832557646,0.4166666666666667
trace_00036,trace_00072,logic_004,causal_003,symbolic_logic,causal_micro_world,correct,correct,False,False,True,0.20751874963942185,0.3333333333333333
trace_00036,trace_00073,logic_004,causal_003,symbolic_logic,causal_micro_world,correct,correct,False,False,True,0.5408520829727552,0.6666666666666666
trace_00036,trace_00074,logic_004,causal_003,symbolic_logic,causal_micro_world,correct,incorrect,False,False,False,0.30807904596723146,0.4166666666666667
trace_00036,trace_00075,logic_004,causal_003,symbolic_logic,causal_micro_world,correct,correct,False,False,True,0.5408520829727552,0.6666666666666666
trace_00036,trace_00076,logic_004,causal_004,symbolic_logic,causal_micro_world,correct,correct,False,False,True,0.6991966271302656,0.8333333333333333
trace_00036,trace_00077,logic_004,causal_004,symbolic_logic,causal_micro_world,correct,correct,False,False,True,0.6991966271302656,0.8333333333333333
trace_00036,trace_00078,logic_004,causal_004,symbolic_logic,causal_micro_world,correct,correct,False,False,True,0.2433405681372673,0.43333333333333335
trace_00036,trace_00079,logic_004,causal_004,symbolic_logic,causal_micro_world,correct,correct,False,False,True,0.7295739585136223,0.8333333333333334
trace_00036,trace_00080,logic_004,causal_004,symbolic_logic,causal_micro_world,correct,correct,False,False,True,0.6991966271302656,0.8333333333333333
trace_00036,trace_00081,logic_004,commonsense_001,symbolic_logic,commonsense_multihop,correct,incorrect,False,False,False,0.510360419811954,0.5833333333333333
trace_00036,trace_00082,logic_004,commonsense_001,symbolic_logic,commonsense_multihop,correct,correct,False,False,True,0.21568053864595343,0.29166666666666663
trace_00036,trace_00083,logic_004,commonsense_001,symbolic_logic,commonsense_multihop,correct,correct,False,False,True,0.43709270815304424,0.5
trace_00036,trace_00084,logic_004,commonsense_001,symbolic_logic,commonsense_multihop,correct,incorrect,False,False,False,0.3333333333333333,0.3333333333333333
trace_00036,trace_00085,logic_004,commonsense_001,symbolic_logic,commonsense_multihop,correct,incorrect,False,False,False,0.30872965966924326,0.4333333333333333
trace_00036,trace_00086,logic_004,commonsense_002,symbolic_logic,commonsense_multihop,correct,correct,False,False,True,0.3080790459672315,0.41666666666666663
trace_00036,trace_00087,logic_004,commonsense_002,symbolic_logic,commonsense_multihop,correct,correct,False,False,True,0.3080790459672315,0.4166666666666667
trace_00036,trace_00088,logic_004,commonsense_002,symbolic_logic,commonsense_multihop,correct,correct,False,False,True,0.2230022134686308,0.3333333333333333
trace_00036,trace_00089,logic_004,commonsense_002,symbolic_logic,commonsense_multihop,correct,incorrect,False,False,False,0.10579767212250889,0.25
trace_00036,trace_00090,logic_004,commonsense_002,symbolic_logic,commonsense_multihop,correct,correct,False,False,True,0.1264907875651346,0.2666666666666666
trace_00036,trace_00091,logic_004,commonsense_003,symbolic_logic,commonsense_multihop,correct,incorrect,False,False,False,0.5954372523105548,0.6666666666666667
trace_00036,trace_00092,logic_004,commonsense_003,symbolic_logic,commonsense_multihop,correct,correct,False,False,True,0.3333333333333333,0.3333333333333333
trace_00036,trace_00093,logic_004,commonsense_003,symbolic_logic,commonsense_multihop,correct,incorrect,False,False,False,0.43709270815304424,0.5
trace_00036,trace_00094,logic_004,commonsense_003,symbolic_logic,commonsense_multihop,correct,incorrect,False,False,False,0.7126417936566767,0.75
trace_00036,trace_00095,logic_004,commonsense_003,symbolic_logic,commonsense_multihop,correct,incorrect,False,False,False,0.3333333333333333,0.3333333333333333
trace_00036,trace_00096,logic_004,commonsense_004,symbolic_logic,commonsense_multihop,correct,incorrect,False,False,False,0.39315587846583216,0.49999999999999994
trace_00036,trace_00097,logic_004,commonsense_004,symbolic_logic,commonsense_multihop,correct,incorrect,False,False,False,0.5408520829727552,0.6666666666666666
trace_00036,trace_00098,logic_004,commonsense_004,symbolic_logic,commonsense_multihop,correct,incorrect,False,False,False,0.1908745046211096,0.3333333333333333
trace_00036,trace_00099,logic_004,commonsense_004,symbolic_logic,commonsense_multihop,correct,incorrect,False,False,False,0.2622846388220226,0.38095238095238093
trace_00036,trace_00100,logic_004,commonsense_004,symbolic_logic,commonsense_multihop,correct,incorrect,False,False,False,0.39315587846583216,0.49999999999999994
trace_00037,trace_00038,logic_004,logic_004,symbolic_logic,symbolic_logic,correct,correct,True,True,True,0.1908745046211096,0.33333333333333337
trace_00037,trace_00039,logic_004,logic_004,symbolic_logic,symbolic_logic,correct,correct,True,True,True,0.1908745046211096,0.33333333333333337
trace_00037,trace_00040,logic_004,logic_004,symbolic_logic,symbolic_logic,correct,incorrect,True,True,False,0.1908745046211096,0.33333333333333337
trace_00037,trace_00041,logic_004,temporal_001,symbolic_logic,temporal_ordering,correct,incorrect,False,False,False,0.0069498979327612745,0.09523809523809523
trace_00037,trace_00042,logic_004,temporal_001,symbolic_logic,temporal_ordering,correct,incorrect,False,False,False,0.1908745046211096,0.33333333333333337
trace_00037,trace_00043,logic_004,temporal_001,symbolic_logic,temporal_ordering,correct,correct,False,False,True,0.3080790459672315,0.41666666666666663
trace_00037,trace_00044,logic_004,temporal_001,symbolic_logic,temporal_ordering,correct,incorrect,False,False,False,0.3080790459672315,0.41666666666666663
trace_00037,trace_00045,logic_004,temporal_001,symbolic_logic,temporal_ordering,correct,incorrect,False,False,False,0.0069498979327612745,0.09523809523809523
trace_00037,trace_00046,logic_004,temporal_002,symbolic_logic,temporal_ordering,correct,incorrect,False,False,False,0.3593596418176151,0.41666666666666663
trace_00037,trace_00047,logic_004,temporal_002,symbolic_logic,temporal_ordering,correct,correct,False,False,True,0.5954372523105549,0.6666666666666666
trace_00037,trace_00048,logic_004,temporal_002,symbolic_logic,temporal_ordering,correct,correct,False,False,True,0.6666666666666666,0.6666666666666666
trace_00037,trace_00049,logic_004,temporal_002,symbolic_logic,temporal_ordering,correct,correct,False,False,True,0.26210391897722146,0.33333333333333337
trace_00037,trace_00050,logic_004,temporal_002,symbolic_logic,temporal_ordering,correct,correct,False,False,True,0.5954372523105549,0.6666666666666666
trace_00037,trace_00051,logic_004,temporal_003,symbolic_logic,temporal_ordering,correct,correct,False,False,True,0.016528777470241153,0.13333333333333336
trace_00037,trace_00052,logic_004,temporal_003,symbolic_logic,temporal_ordering,correct,incorrect,False,False,False,0.20751874963942185,0.3333333333333333
trace_00037,trace_00053,logic_004,temporal_003,symbolic_logic,temporal_ordering,correct,incorrect,False,False,False,0.20751874963942185,0.3333333333333333
trace_00037,trace_00054,logic_004,temporal_003,symbolic_logic,temporal_ordering,correct,correct,False,False,True,0.4591479170272448,0.6666666666666666
trace_00037,trace_00055,logic_004,temporal_003,symbolic_logic,temporal_ordering,correct,correct,False,False,True,0.3080790459672315,0.41666666666666663
trace_00037,trace_00056,logic_004,temporal_004,symbolic_logic,temporal_ordering,correct,incorrect,False,False,False,0.1908745046211096,0.33333333333333337
trace_00037,trace_00057,logic_004,temporal_004,symbolic_logic,temporal_ordering,correct,incorrect,False,False,False,0.1908745046211096,0.33333333333333337
trace_00037,trace_00058,logic_004,temporal_004,symbolic_logic,temporal_ordering,correct,incorrect,False,False,False,0.1908745046211096,0.33333333333333337
trace_00037,trace_00059,logic_004,temporal_004,symbolic_logic,temporal_ordering,correct,incorrect,False,False,False,0.1908745046211096,0.33333333333333337
trace_00037,trace_00060,logic_004,temporal_004,symbolic_logic,temporal_ordering,correct,incorrect,False,False,False,0.1908745046211096,0.33333333333333337
trace_00037,trace_00061,logic_004,causal_001,symbolic_logic,causal_micro_world,correct,incorrect,False,False,False,0.3333333333333333,0.3333333333333333
trace_00037,trace_00062,logic_004,causal_001,symbolic_logic,causal_micro_world,correct,correct,False,False,True,0.6666666666666666,0.6666666666666666
trace_00037,trace_00063,logic_004,causal_001,symbolic_logic,causal_micro_world,correct,uncertain,False,False,False,0.43709270815304424,0.5
trace_00037,trace_00064,logic_004,causal_001,symbolic_logic,causal_micro_world,correct,incorrect,False,False,False,0.5954372523105549,0.6666666666666666
trace_00037,trace_00065,logic_004,causal_001,symbolic_logic,causal_micro_world,correct,incorrect,False,False,False,1.0,0.9999999999999999
trace_00037,trace_00066,logic_004,causal_002,symbolic_logic,causal_micro_world,correct,correct,False,False,True,0.45299159185163,0.5416666666666666
trace_00037,trace_00067,logic_004,causal_002,symbolic_logic,causal_micro_world,correct,incorrect,False,False,False,0.6355222557917826,0.6666666666666666
trace_00037,trace_00068,logic_004,causal_002,symbolic_logic,causal_micro_world,correct,correct,False,False,True,0.42528358731335336,0.4999999999999999
trace_00037,trace_00069,logic_004,causal_002,symbolic_logic,causal_micro_world,correct,correct,False,False,True,0.3080790459672315,0.41666666666666663
trace_00037,trace_00070,logic_004,causal_002,symbolic_logic,causal_micro_world,correct,correct,False,False,True,0.1908745046211096,0.33333333333333337
trace_00037,trace_00071,logic_004,causal_003,symbolic_logic,causal_micro_world,correct,incorrect,False,False,False,0.7126417936566767,0.7499999999999999
trace_00037,trace_00072,logic_004,causal_003,symbolic_logic,causal_micro_world,correct,correct,False,False,True,0.6666666666666666,0.6666666666666666
trace_00037,trace_00073,logic_004,causal_003,symbolic_logic,causal_micro_world,correct,correct,False,False,True,0.6666666666666666,0.6666666666666666
trace_00037,trace_00074,logic_004,causal_003,symbolic_logic,causal_micro_world,correct,incorrect,False,False,False,0.42528358731335336,0.5
trace_00037,trace_00075,logic_004,causal_003,symbolic_logic,causal_micro_world,correct,correct,False,False,True,0.6666666666666666,0.6666666666666666
trace_00037,trace_00076,logic_004,causal_004,symbolic_logic,causal_micro_world,correct,correct,False,False,True,0.6666666666666666,0.6666666666666666
trace_00037,trace_00077,logic_004,causal_004,symbolic_logic,causal_micro_world,correct,correct,False,False,True,0.6666666666666666,0.6666666666666666
trace_00037,trace_00078,logic_004,causal_004,symbolic_logic,causal_micro_world,correct,correct,False,False,True,0.236452797660028,0.39999999999999997
trace_00037,trace_00079,logic_004,causal_004,symbolic_logic,causal_micro_world,correct,correct,False,False,True,0.5954372523105548,0.6666666666666666
trace_00037,trace_00080,logic_004,causal_004,symbolic_logic,causal_micro_world,correct,correct,False,False,True,0.6666666666666666,0.6666666666666666
trace_00037,trace_00081,logic_004,commonsense_001,symbolic_logic,commonsense_multihop,correct,incorrect,False,False,False,0.30807904596723146,0.41666666666666663
trace_00037,trace_00082,logic_004,commonsense_001,symbolic_logic,commonsense_multihop,correct,correct,False,False,True,0.0720014354742918,0.16666666666666666
trace_00037,trace_00083,logic_004,commonsense_001,symbolic_logic,commonsense_multihop,correct,correct,False,False,True,0.032529960463599066,0.16666666666666669
trace_00037,trace_00084,logic_004,commonsense_001,symbolic_logic,commonsense_multihop,correct,incorrect,False,False,False,0.3333333333333333,0.3333333333333333
trace_00037,trace_00085,logic_004,commonsense_001,symbolic_logic,commonsense_multihop,correct,incorrect,False,False,False,0.1264907875651346,0.26666666666666666
trace_00037,trace_00086,logic_004,commonsense_002,symbolic_logic,commonsense_multihop,correct,correct,False,False,True,0.020720839623908215,0.16666666666666666
trace_00037,trace_00087,logic_004,commonsense_002,symbolic_logic,commonsense_multihop,correct,correct,False,False,True,0.020720839623908215,0.16666666666666666
trace_00037,trace_00088,logic_004,commonsense_002,symbolic_logic,commonsense_multihop,correct,correct,False,False,True,0.13792538097003013,0.24999999999999997
trace_00037,trace_00089,logic_004,commonsense_002,symbolic_logic,commonsense_multihop,correct,incorrect,False,False,False,0.3080790459672315,0.41666666666666663
trace_00037,trace_00090,logic_004,commonsense_002,symbolic_logic,commonsense_multihop,correct,correct,False,False,True,0.236452797660028,0.39999999999999997
trace_00037,trace_00091,logic_004,commonsense_003,symbolic_logic,commonsense_multihop,correct,incorrect,False,False,False,0.1908745046211096,0.33333333333333337
trace_00037,trace_00092,logic_004,commonsense_003,symbolic_logic,commonsense_multihop,correct,correct,False,False,True,0.0,0.0
trace_00037,trace_00093,logic_004,commonsense_003,symbolic_logic,commonsense_multihop,correct,incorrect,False,False,False,0.3333333333333333,0.3333333333333333
trace_00037,trace_00094,logic_004,commonsense_003,symbolic_logic,commonsense_multihop,correct,incorrect,False,False,False,0.23029215520445234,0.41666666666666663
trace_00037,trace_00095,logic_004,commonsense_003,symbolic_logic,commonsense_multihop,correct,incorrect,False,False,False,0.0,0.0
trace_00037,trace_00096,logic_004,commonsense_004,symbolic_logic,commonsense_multihop,correct,incorrect,False,False,False,0.3080790459672315,0.41666666666666663
trace_00037,trace_00097,logic_004,commonsense_004,symbolic_logic,commonsense_multihop,correct,incorrect,False,False,False,0.20751874963942185,0.3333333333333333
trace_00037,trace_00098,logic_004,commonsense_004,symbolic_logic,commonsense_multihop,correct,incorrect,False,False,False,0.1908745046211096,0.33333333333333337
trace_00037,trace_00099,logic_004,commonsense_004,symbolic_logic,commonsense_multihop,correct,incorrect,False,False,False,0.360654826555287,0.5238095238095237
trace_00037,trace_00100,logic_004,commonsense_004,symbolic_logic,commonsense_multihop,correct,incorrect,False,False,False,0.3080790459672315,0.41666666666666663
trace_00038,trace_00039,logic_004,logic_004,symbolic_logic,symbolic_logic,correct,correct,True,True,True,0.5,0.5
trace_00038,trace_00040,logic_004,logic_004,symbolic_logic,symbolic_logic,correct,incorrect,True,True,False,0.5,0.5
trace_00038,trace_00041,logic_004,temporal_001,symbolic_logic,temporal_ordering,correct,incorrect,False,False,False,0.16618856329603304,0.2857142857142857
trace_00038,trace_00042,logic_004,temporal_001,symbolic_logic,temporal_ordering,correct,incorrect,False,False,False,0.5,0.5
trace_00038,trace_00043,logic_004,temporal_001,symbolic_logic,temporal_ordering,correct,correct,False,False,True,0.1556390622295664,0.25
trace_00038,trace_00044,logic_004,temporal_001,symbolic_logic,temporal_ordering,correct,incorrect,False,False,False,0.5,0.5
trace_00038,trace_00045,logic_004,temporal_001,symbolic_logic,temporal_ordering,correct,incorrect,False,False,False,0.16618856329603304,0.2857142857142857
trace_00038,trace_00046,logic_004,temporal_002,symbolic_logic,temporal_ordering,correct,incorrect,False,False,False,0.22460175271458133,0.375
trace_00038,trace_00047,logic_004,temporal_002,symbolic_logic,temporal_ordering,correct,correct,False,False,True,0.5,0.5
trace_00038,trace_00048,logic_004,temporal_002,symbolic_logic,temporal_ordering,correct,correct,False,False,True,0.5954372523105548,0.6666666666666666
trace_00038,trace_00049,logic_004,temporal_002,symbolic_logic,temporal_ordering,correct,correct,False,False,True,0.0954372523105548,0.16666666666666669
trace_00038,trace_00050,logic_004,temporal_002,symbolic_logic,temporal_ordering,correct,correct,False,False,True,0.5,0.5
trace_00038,trace_00051,logic_004,temporal_003,symbolic_logic,temporal_ordering,correct,correct,False,False,True,0.10803154614560012,0.19999999999999998
trace_00038,trace_00052,logic_004,temporal_003,symbolic_logic,temporal_ordering,correct,incorrect,False,False,False,0.020720839623908215,0.16666666666666666
trace_00038,trace_00053,logic_004,temporal_003,symbolic_logic,temporal_ordering,correct,incorrect,False,False,False,0.020720839623908215,0.16666666666666666
trace_00038,trace_00054,logic_004,temporal_003,symbolic_logic,temporal_ordering,correct,correct,False,False,True,0.3112781244591328,0.5
trace_00038,trace_00055,logic_004,temporal_003,symbolic_logic,temporal_ordering,correct,correct,False,False,True,0.5,0.5
trace_00038,trace_00056,logic_004,temporal_004,symbolic_logic,temporal_ordering,correct,incorrect,False,False,False,0.0,0.0
trace_00038,trace_00057,logic_004,temporal_004,symbolic_logic,temporal_ordering,correct,incorrect,False,False,False,0.0,0.0
trace_00038,trace_00058,logic_004,temporal_004,symbolic_logic,temporal_ordering,correct,incorrect,False,False,False,0.0,0.0
trace_00038,trace_00059,logic_004,temporal_004,symbolic_logic,temporal_ordering,correct,incorrect,False,False,False,0.0,0.0
trace_00038,trace_00060,logic_004,temporal_004,symbolic_logic,temporal_ordering,correct,incorrect,False,False,False,0.0,0.0
trace_00038,trace_00061,logic_004,causal_001,symbolic_logic,causal_micro_world,correct,incorrect,False,False,False,0.5954372523105549,0.6666666666666666
trace_00038,trace_00062,logic_004,causal_001,symbolic_logic,causal_micro_world,correct,correct,False,False,True,1.0,0.9999999999999999
trace_00038,trace_00063,logic_004,causal_001,symbolic_logic,causal_micro_world,correct,uncertain,False,False,False,0.32501121082417717,0.5
trace_00038,trace_00064,logic_004,causal_001,symbolic_logic,causal_micro_world,correct,incorrect,False,False,False,0.5,0.5
trace_00038,trace_00065,logic_004,causal_001,symbolic_logic,causal_micro_world,correct,incorrect,False,False,False,1.0,1.0
trace_00038,trace_00066,logic_004,causal_002,symbolic_logic,causal_micro_world,correct,correct,False,False,True,0.34336016083271426,0.5
trace_00038,trace_00067,logic_004,causal_002,symbolic_logic,causal_micro_world,correct,incorrect,False,False,False,0.5540157730728,0.6
trace_00038,trace_00068,logic_004,causal_002,symbolic_logic,causal_micro_world,correct,correct,False,False,True,0.3112781244591328,0.5
trace_00038,trace_00069,logic_004,causal_002,symbolic_logic,causal_micro_world,correct,correct,False,False,True,0.5,0.5
trace_00038,trace_00070,logic_004,causal_002,symbolic_logic,causal_micro_world,correct,correct,False,False,True,0.0,0.0
trace_00038,trace_00071,logic_004,causal_003,symbolic_logic,causal_micro_world,correct,incorrect,False,False,False,0.6556390622295665,0.75
trace_00038,trace_00072,logic_004,causal_003,symbolic_logic,causal_micro_world,correct,correct,False,False,True,0.5954372523105549,0.6666666666666666
trace_00038,trace_00073,logic_004,causal_003,symbolic_logic,causal_micro_world,correct,correct,False,False,True,1.0,0.9999999999999999
trace_00038,trace_00074,logic_004,causal_003,symbolic_logic,causal_micro_world,correct,incorrect,False,False,False,0.6556390622295665,0.75
trace_00038,trace_00075,logic_004,causal_003,symbolic_logic,causal_micro_world,correct,correct,False,False,True,1.0,0.9999999999999999
trace_00038,trace_00076,logic_004,causal_004,symbolic_logic,causal_micro_world,correct,correct,False,False,True,1.0,0.9999999999999999
trace_00038,trace_00077,logic_004,causal_004,symbolic_logic,causal_micro_world,correct,correct,False,False,True,1.0,0.9999999999999999
trace_00038,trace_00078,logic_004,causal_004,symbolic_logic,causal_micro_world,correct,correct,False,False,True,0.3958156020033583,0.6
trace_00038,trace_00079,logic_004,causal_004,symbolic_logic,causal_micro_world,correct,correct,False,False,True,1.0,1.0
trace_00038,trace_00080,logic_004,causal_004,symbolic_logic,causal_micro_world,correct,correct,False,False,True,1.0,0.9999999999999999
trace_00038,trace_00081,logic_004,commonsense_001,symbolic_logic,commonsense_multihop,correct,incorrect,False,False,False,0.6556390622295665,0.75
trace_00038,trace_00082,logic_004,commonsense_001,symbolic_logic,commonsense_multihop,correct,correct,False,False,True,0.22460175271458133,0.375
trace_00038,trace_00083,logic_004,commonsense_001,symbolic_logic,commonsense_multihop,correct,correct,False,False,True,0.32501121082417717,0.5
trace_00038,trace_00084,logic_004,commonsense_001,symbolic_logic,commonsense_multihop,correct,incorrect,False,False,False,0.5954372523105549,0.6666666666666666
trace_00038,trace_00085,logic_004,commonsense_001,symbolic_logic,commonsense_multihop,correct,incorrect,False,False,False,0.3958156020033583,0.6000000000000001
trace_00038,trace_00086,logic_004,commonsense_002,symbolic_logic,commonsense_multihop,correct,correct,False,False,True,0.1556390622295664,0.25
trace_00038,trace_00087,logic_004,commonsense_002,symbolic_logic,commonsense_multihop,correct,correct,False,False,True,0.1556390622295664,0.25
trace_00038,trace_00088,logic_004,commonsense_002,symbolic_logic,commonsense_multihop,correct,correct,False,False,True,0.3112781244591328,0.5
trace_00038,trace_00089,logic_004,commonsense_002,symbolic_logic,commonsense_multihop,correct,incorrect,False,False,False,0.1556390622295664,0.25
trace_00038,trace_00090,logic_004,commonsense_002,symbolic_logic,commonsense_multihop,correct,correct,False,False,True,0.3958156020033583,0.6
trace_00038,trace_00091,logic_004,commonsense_003,symbolic_logic,commonsense_multihop,correct,incorrect,False,False,False,0.5,0.5
trace_00038,trace_00092,logic_004,commonsense_003,symbolic_logic,commonsense_multihop,correct,correct,False,False,True,0.1908745046211096,0.33333333333333337
trace_00038,trace_00093,logic_004,commonsense_003,symbolic_logic,commonsense_multihop,correct,incorrect,False,False,False,0.5954372523105549,0.6666666666666666
trace_00038,trace_00094,logic_004,commonsense_003,symbolic_logic,commonsense_multihop,correct,incorrect,False,False,False,0.6556390622295665,0.75
trace_00038,trace_00095,logic_004,commonsense_003,symbolic_logic,commonsense_multihop,correct,incorrect,False,False,False,0.1908745046211096,0.33333333333333337
trace_00038,trace_00096,logic_004,commonsense_004,symbolic_logic,commonsense_multihop,correct,incorrect,False,False,False,0.5,0.5
trace_00038,trace_00097,logic_004,commonsense_004,symbolic_logic,commonsense_multihop,correct,incorrect,False,False,False,0.42528358731335336,0.5
trace_00038,trace_00098,logic_004,commonsense_004,symbolic_logic,commonsense_multihop,correct,incorrect,False,False,False,0.0,0.0
trace_00038,trace_00099,logic_004,commonsense_004,symbolic_logic,commonsense_multihop,correct,incorrect,False,False,False,0.4660044828669804,0.4999999999999999
trace_00038,trace_00100,logic_004,commonsense_004,symbolic_logic,commonsense_multihop,correct,incorrect,False,False,False,0.5,0.5
trace_00039,trace_00040,logic_004,logic_004,symbolic_logic,symbolic_logic,correct,incorrect,True,True,False,0.5,0.5
trace_00039,trace_00041,logic_004,temporal_001,symbolic_logic,temporal_ordering,correct,incorrect,False,False,False,0.2569811892423542,0.42857142857142855
trace_00039,trace_00042,logic_004,temporal_001,symbolic_logic,temporal_ordering,correct,incorrect,False,False,False,0.0,0.0
trace_00039,trace_00043,logic_004,temporal_001,symbolic_logic,temporal_ordering,correct,correct,False,False,True,0.6556390622295665,0.75
trace_00039,trace_00044,logic_004,temporal_001,symbolic_logic,temporal_ordering,correct,incorrect,False,False,False,0.6556390622295665,0.75
trace_00039,trace_00045,logic_004,temporal_001,symbolic_logic,temporal_ordering,correct,incorrect,False,False,False,0.2569811892423542,0.42857142857142855
trace_00039,trace_00046,logic_004,temporal_002,symbolic_logic,temporal_ordering,correct,incorrect,False,False,False,0.6556390622295665,0.75
trace_00039,trace_00047,logic_004,temporal_002,symbolic_logic,temporal_ordering,correct,correct,False,False,True,1.0,1.0
trace_00039,trace_00048,logic_004,temporal_002,symbolic_logic,temporal_ordering,correct,correct,False,False,True,0.5954372523105548,0.6666666666666666
trace_00039,trace_00049,logic_004,temporal_002,symbolic_logic,temporal_ordering,correct,correct,False,False,True,0.5954372523105548,0.6666666666666666
trace_00039,trace_00050,logic_004,temporal_002,symbolic_logic,temporal_ordering,correct,correct,False,False,True,0.5,0.5
trace_00039,trace_00051,logic_004,temporal_003,symbolic_logic,temporal_ordering,correct,correct,False,False,True,0.2519235740744792,0.4
trace_00039,trace_00052,logic_004,temporal_003,symbolic_logic,temporal_ordering,correct,incorrect,False,False,False,0.5954372523105548,0.6666666666666666
trace_00039,trace_00053,logic_004,temporal_003,symbolic_logic,temporal_ordering,correct,incorrect,False,False,False,0.42528358731335336,0.5
trace_00039,trace_00054,logic_004,temporal_003,symbolic_logic,temporal_ordering,correct,correct,False,False,True,0.3112781244591328,0.5
trace_00039,trace_00055,logic_004,temporal_003,symbolic_logic,temporal_ordering,correct,correct,False,False,True,0.6556390622295665,0.75
trace_00039,trace_00056,logic_004,temporal_004,symbolic_logic,temporal_ordering,correct,incorrect,False,False,False,0.5,0.5
trace_00039,trace_00057,logic_004,temporal_004,symbolic_logic,temporal_ordering,correct,incorrect,False,False,False,0.5,0.5
trace_00039,trace_00058,logic_004,temporal_004,symbolic_logic,temporal_ordering,correct,incorrect,False,False,False,0.5,0.5
trace_00039,trace_00059,logic_004,temporal_004,symbolic_logic,temporal_ordering,correct,incorrect,False,False,False,0.5,0.5
trace_00039,trace_00060,logic_004,temporal_004,symbolic_logic,temporal_ordering,correct,incorrect,False,False,False,0.5,0.5
trace_00039,trace_00061,logic_004,causal_001,symbolic_logic,causal_micro_world,correct,incorrect,False,False,False,0.1908745046211096,0.33333333333333337
trace_00039,trace_00062,logic_004,causal_001,symbolic_logic,causal_micro_world,correct,correct,False,False,True,0.5954372523105548,0.6666666666666666
trace_00039,trace_00063,logic_004,causal_001,symbolic_logic,causal_micro_world,correct,uncertain,False,False,False,0.7295739585136223,0.8333333333333333
trace_00039,trace_00064,logic_004,causal_001,symbolic_logic,causal_micro_world,correct,incorrect,False,False,False,0.5,0.5
trace_00039,trace_00065,logic_004,causal_001,symbolic_logic,causal_micro_world,correct,incorrect,False,False,False,1.0,1.0
trace_00039,trace_00066,logic_004,causal_002,symbolic_logic,causal_micro_world,correct,correct,False,False,True,0.5689626904850149,0.625
trace_00039,trace_00067,logic_004,causal_002,symbolic_logic,causal_micro_world,correct,incorrect,False,False,False,1.0,1.0
trace_00039,trace_00068,logic_004,causal_002,symbolic_logic,causal_micro_world,correct,correct,False,False,True,0.6556390622295665,0.75
trace_00039,trace_00069,logic_004,causal_002,symbolic_logic,causal_micro_world,correct,correct,False,False,True,0.1556390622295664,0.25
trace_00039,trace_00070,logic_004,causal_002,symbolic_logic,causal_micro_world,correct,correct,False,False,True,0.5,0.5
trace_00039,trace_00071,logic_004,causal_003,symbolic_logic,causal_micro_world,correct,incorrect,False,False,False,1.0,1.0
trace_00039,trace_00072,logic_004,causal_003,symbolic_logic,causal_micro_world,correct,correct,False,False,True,1.0,0.9999999999999999
trace_00039,trace_00073,logic_004,causal_003,symbolic_logic,causal_micro_world,correct,correct,False,False,True,0.5954372523105548,0.6666666666666666
trace_00039,trace_00074,logic_004,causal_003,symbolic_logic,causal_micro_world,correct,incorrect,False,False,False,0.6556390622295665,0.75
trace_00039,trace_00075,logic_004,causal_003,symbolic_logic,causal_micro_world,correct,correct,False,False,True,0.5954372523105548,0.6666666666666666
trace_00039,trace_00076,logic_004,causal_004,symbolic_logic,causal_micro_world,correct,correct,False,False,True,0.5954372523105548,0.6666666666666666
trace_00039,trace_00077,logic_004,causal_004,symbolic_logic,causal_micro_world,correct,correct,False,False,True,0.5954372523105548,0.6666666666666666
trace_00039,trace_00078,logic_004,causal_004,symbolic_logic,causal_micro_world,correct,correct,False,False,True,0.39581560200335836,0.6000000000000001
trace_00039,trace_00079,logic_004,causal_004,symbolic_logic,causal_micro_world,correct,correct,False,False,True,0.5,0.5
trace_00039,trace_00080,logic_004,causal_004,symbolic_logic,causal_micro_world,correct,correct,False,False,True,0.5954372523105548,0.6666666666666666
trace_00039,trace_00081,logic_004,commonsense_001,symbolic_logic,commonsense_multihop,correct,incorrect,False,False,False,0.5,0.5
trace_00039,trace_00082,logic_004,commonsense_001,symbolic_logic,commonsense_multihop,correct,correct,False,False,True,0.3112781244591328,0.5
trace_00039,trace_00083,logic_004,commonsense_001,symbolic_logic,commonsense_multihop,correct,correct,False,False,True,0.0954372523105548,0.16666666666666669
trace_00039,trace_00084,logic_004,commonsense_001,symbolic_logic,commonsense_multihop,correct,incorrect,False,False,False,0.5954372523105548,0.6666666666666667
trace_00039,trace_00085,logic_004,commonsense_001,symbolic_logic,commonsense_multihop,correct,incorrect,False,False,False,0.2519235740744792,0.39999999999999997
trace_00039,trace_00086,logic_004,commonsense_002,symbolic_logic,commonsense_multihop,correct,correct,False,False,True,0.1556390622295664,0.25
trace_00039,trace_00087,logic_004,commonsense_002,symbolic_logic,commonsense_multihop,correct,correct,False,False,True,0.3112781244591328,0.5
trace_00039,trace_00088,logic_004,commonsense_002,symbolic_logic,commonsense_multihop,correct,correct,False,False,True,0.3112781244591328,0.5
trace_00039,trace_00089,logic_004,commonsense_002,symbolic_logic,commonsense_multihop,correct,incorrect,False,False,False,0.6556390622295665,0.75
trace_00039,trace_00090,logic_004,commonsense_002,symbolic_logic,commonsense_multihop,correct,correct,False,False,True,0.3958156020033583,0.6
trace_00039,trace_00091,logic_004,commonsense_003,symbolic_logic,commonsense_multihop,correct,incorrect,False,False,False,0.5,0.5
trace_00039,trace_00092,logic_004,commonsense_003,symbolic_logic,commonsense_multihop,correct,correct,False,False,True,0.1908745046211096,0.33333333333333337
trace_00039,trace_00093,logic_004,commonsense_003,symbolic_logic,commonsense_multihop,correct,incorrect,False,False,False,0.5954372523105548,0.6666666666666666
trace_00039,trace_00094,logic_004,commonsense_003,symbolic_logic,commonsense_multihop,correct,incorrect,False,False,False,0.3931558784658321,0.5
trace_00039,trace_00095,logic_004,commonsense_003,symbolic_logic,commonsense_multihop,correct,incorrect,False,False,False,0.1908745046211096,0.33333333333333337
trace_00039,trace_00096,logic_004,commonsense_004,symbolic_logic,commonsense_multihop,correct,incorrect,False,False,False,0.1556390622295664,0.25
trace_00039,trace_00097,logic_004,commonsense_004,symbolic_logic,commonsense_multihop,correct,incorrect,False,False,False,0.020720839623908215,0.16666666666666666
trace_00039,trace_00098,logic_004,commonsense_004,symbolic_logic,commonsense_multihop,correct,incorrect,False,False,False,0.5,0.5
trace_00039,trace_00099,logic_004,commonsense_004,symbolic_logic,commonsense_multihop,correct,incorrect,False,False,False,0.22036732006063825,0.3571428571428571
trace_00039,trace_00100,logic_004,commonsense_004,symbolic_logic,commonsense_multihop,correct,incorrect,False,False,False,0.1556390622295664,0.25
trace_00040,trace_00041,logic_004,temporal_001,symbolic_logic,temporal_ordering,incorrect,incorrect,False,False,True,0.16618856329603304,0.2857142857142857
trace_00040,trace_00042,logic_004,temporal_001,symbolic_logic,temporal_ordering,incorrect,incorrect,False,False,True,0.5,0.5
trace_00040,trace_00043,logic_004,temporal_001,symbolic_logic,temporal_ordering,incorrect,correct,False,False,False,0.5,0.5
trace_00040,trace_00044,logic_004,temporal_001,symbolic_logic,temporal_ordering,incorrect,incorrect,False,False,True,0.1556390622295664,0.25
trace_00040,trace_00045,logic_004,temporal_001,symbolic_logic,temporal_ordering,incorrect,incorrect,False,False,True,0.16618856329603304,0.2857142857142857
trace_00040,trace_00046,logic_004,temporal_002,symbolic_logic,temporal_ordering,incorrect,incorrect,False,False,True,0.5689626904850149,0.625
trace_00040,trace_00047,logic_004,temporal_002,symbolic_logic,temporal_ordering,incorrect,correct,False,False,False,0.5,0.5
trace_00040,trace_00048,logic_004,temporal_002,symbolic_logic,temporal_ordering,incorrect,correct,False,False,False,1.0,0.9999999999999999
trace_00040,trace_00049,logic_004,temporal_002,symbolic_logic,temporal_ordering,incorrect,correct,False,False,False,0.5,0.5
trace_00040,trace_00050,logic_004,temporal_002,symbolic_logic,temporal_ordering,incorrect,correct,False,False,False,1.0,1.0
trace_00040,trace_00051,logic_004,temporal_003,symbolic_logic,temporal_ordering,incorrect,correct,False,False,False,0.2519235740744792,0.4
trace_00040,trace_00052,logic_004,temporal_003,symbolic_logic,temporal_ordering,incorrect,incorrect,False,False,True,0.42528358731335336,0.5
trace_00040,trace_00053,logic_004,temporal_003,symbolic_logic,temporal_ordering,incorrect,incorrect,False,False,True,0.5954372523105548,0.6666666666666666
trace_00040,trace_00054,logic_004,temporal_003,symbolic_logic,temporal_ordering,incorrect,correct,False,False,False,1.0,1.0
trace_00040,trace_00055,logic_004,temporal_003,symbolic_logic,temporal_ordering,incorrect,correct,False,False,False,0.1556390622295664,0.25
trace_00040,trace_00056,logic_004,temporal_004,symbolic_logic,temporal_ordering,incorrect,incorrect,False,False,True,0.5,0.5
trace_00040,trace_00057,logic_004,temporal_004,symbolic_logic,temporal_ordering,incorrect,incorrect,False,False,True,0.5,0.5
trace_00040,trace_00058,logic_004,temporal_004,symbolic_logic,temporal_ordering,incorrect,incorrect,False,False,True,0.5,0.5
trace_00040,trace_00059,logic_004,temporal_004,symbolic_logic,temporal_ordering,incorrect,incorrect,False,False,True,0.5,0.5
trace_00040,trace_00060,logic_004,temporal_004,symbolic_logic,temporal_ordering,incorrect,incorrect,False,False,True,0.5,0.5
trace_00040,trace_00061,logic_004,causal_001,symbolic_logic,causal_micro_world,incorrect,incorrect,False,False,True,0.5954372523105548,0.6666666666666666
trace_00040,trace_00062,logic_004,causal_001,symbolic_logic,causal_micro_world,incorrect,correct,False,False,False,0.5954372523105548,0.6666666666666666
trace_00040,trace_00063,logic_004,causal_001,symbolic_logic,causal_micro_world,incorrect,uncertain,False,False,False,0.5954372523105549,0.6666666666666667
trace_00040,trace_00064,logic_004,causal_001,symbolic_logic,causal_micro_world,incorrect,incorrect,False,False,True,1.0,1.0
trace_00040,trace_00065,logic_004,causal_001,symbolic_logic,causal_micro_world,incorrect,incorrect,False,False,True,1.0,1.0
trace_00040,trace_00066,logic_004,causal_002,symbolic_logic,causal_micro_world,incorrect,correct,False,False,False,0.7743974703476993,0.875
trace_00040,trace_00067,logic_004,causal_002,symbolic_logic,causal_micro_world,incorrect,incorrect,False,False,True,0.5540157730728,0.6
trace_00040,trace_00068,logic_004,causal_002,symbolic_logic,causal_micro_world,incorrect,correct,False,False,False,0.6556390622295665,0.75
trace_00040,trace_00069,logic_004,causal_002,symbolic_logic,causal_micro_world,incorrect,correct,False,False,False,0.6556390622295665,0.75
trace_00040,trace_00070,logic_004,causal_002,symbolic_logic,causal_micro_world,incorrect,correct,False,False,False,0.5,0.5
trace_00040,trace_00071,logic_004,causal_003,symbolic_logic,causal_micro_world,incorrect,incorrect,False,False,True,0.6556390622295665,0.75
trace_00040,trace_00072,logic_004,causal_003,symbolic_logic,causal_micro_world,incorrect,correct,False,False,False,0.5954372523105549,0.6666666666666666
trace_00040,trace_00073,logic_004,causal_003,symbolic_logic,causal_micro_world,incorrect,correct,False,False,False,0.5954372523105548,0.6666666666666666
trace_00040,trace_00074,logic_004,causal_003,symbolic_logic,causal_micro_world,incorrect,incorrect,False,False,True,0.3112781244591328,0.5
trace_00040,trace_00075,logic_004,causal_003,symbolic_logic,causal_micro_world,incorrect,correct,False,False,False,0.5954372523105548,0.6666666666666666
trace_00040,trace_00076,logic_004,causal_004,symbolic_logic,causal_micro_world,incorrect,correct,False,False,False,0.5954372523105548,0.6666666666666666
trace_00040,trace_00077,logic_004,causal_004,symbolic_logic,causal_micro_world,incorrect,correct,False,False,False,0.5954372523105548,0.6666666666666666
trace_00040,trace_00078,logic_004,causal_004,symbolic_logic,causal_micro_world,incorrect,correct,False,False,False,0.3958156020033583,0.6
trace_00040,trace_00079,logic_004,causal_004,symbolic_logic,causal_micro_world,incorrect,correct,False,False,False,0.5,0.5
trace_00040,trace_00080,logic_004,causal_004,symbolic_logic,causal_micro_world,incorrect,correct,False,False,False,0.5954372523105548,0.6666666666666666
trace_00040,trace_00081,logic_004,commonsense_001,symbolic_logic,commonsense_multihop,incorrect,incorrect,False,False,True,0.1556390622295664,0.25
trace_00040,trace_00082,logic_004,commonsense_001,symbolic_logic,commonsense_multihop,incorrect,correct,False,False,False,0.22460175271458135,0.375
trace_00040,trace_00083,logic_004,commonsense_001,symbolic_logic,commonsense_multihop,incorrect,correct,False,False,False,0.2295739585136224,0.33333333333333337
trace_00040,trace_00084,logic_004,commonsense_001,symbolic_logic,commonsense_multihop,incorrect,incorrect,False,False,True,0.1908745046211096,0.33333333333333337
trace_00040,trace_00085,logic_004,commonsense_001,symbolic_logic,commonsense_multihop,incorrect,incorrect,False,False,True,0.2519235740744792,0.39999999999999997
trace_00040,trace_00086,logic_004,commonsense_002,symbolic_logic,commonsense_multihop,incorrect,correct,False,False,False,0.3112781244591328,0.5
trace_00040,trace_00087,logic_004,commonsense_002,symbolic_logic,commonsense_multihop,incorrect,correct,False,False,False,0.1556390622295664,0.25
trace_00040,trace_00088,logic_004,commonsense_002,symbolic_logic,commonsense_multihop,incorrect,correct,False,False,False,0.3112781244591328,0.5
trace_00040,trace_00089,logic_004,commonsense_002,symbolic_logic,commonsense_multihop,incorrect,incorrect,False,False,True,0.5,0.5
trace_00040,trace_00090,logic_004,commonsense_002,symbolic_logic,commonsense_multihop,incorrect,correct,False,False,False,0.3958156020033583,0.6
trace_00040,trace_00091,logic_004,commonsense_003,symbolic_logic,commonsense_multihop,incorrect,incorrect,False,False,True,0.0,0.0
trace_00040,trace_00092,logic_004,commonsense_003,symbolic_logic,commonsense_multihop,incorrect,correct,False,False,False,0.1908745046211096,0.33333333333333337
trace_00040,trace_00093,logic_004,commonsense_003,symbolic_logic,commonsense_multihop,incorrect,incorrect,False,False,True,0.1908745046211096,0.33333333333333337
trace_00040,trace_00094,logic_004,commonsense_003,symbolic_logic,commonsense_multihop,incorrect,incorrect,False,False,True,0.048794940695398484,0.25
trace_00040,trace_00095,logic_004,commonsense_003,symbolic_logic,commonsense_multihop,incorrect,incorrect,False,False,True,0.1908745046211096,0.33333333333333337
trace_00040,trace_00096,logic_004,commonsense_004,symbolic_logic,commonsense_multihop,incorrect,incorrect,False,False,True,0.6556390622295665,0.75
trace_00040,trace_00097,logic_004,commonsense_004,symbolic_logic,commonsense_multihop,incorrect,incorrect,False,False,True,0.5954372523105548,0.6666666666666666
trace_00040,trace_00098,logic_004,commonsense_004,symbolic_logic,commonsense_multihop,incorrect,incorrect,False,False,True,0.5,0.5
trace_00040,trace_00099,logic_004,commonsense_004,symbolic_logic,commonsense_multihop,incorrect,incorrect,False,False,True,0.7543628371936577,0.8571428571428571
trace_00040,trace_00100,logic_004,commonsense_004,symbolic_logic,commonsense_multihop,incorrect,incorrect,False,False,True,0.6556390622295665,0.75
trace_00041,trace_00042,temporal_001,temporal_001,temporal_ordering,temporal_ordering,incorrect,incorrect,True,True,True,0.2569811892423542,0.42857142857142855
trace_00041,trace_00043,temporal_001,temporal_001,temporal_ordering,temporal_ordering,incorrect,correct,True,True,False,0.27070021010834616,0.3214285714285714
trace_00041,trace_00044,temporal_001,temporal_001,temporal_ordering,temporal_ordering,incorrect,incorrect,True,True,True,0.27070021010834616,0.32142857142857145
trace_00041,trace_00045,temporal_001,temporal_001,temporal_ordering,temporal_ordering,incorrect,incorrect,True,True,True,0.0,0.0
trace_00041,trace_00046,temporal_001,temporal_002,temporal_ordering,temporal_ordering,incorrect,incorrect,False,True,True,0.3325056035837255,0.375
trace_00041,trace_00047,temporal_001,temporal_002,temporal_ordering,temporal_ordering,incorrect,correct,False,True,False,0.537697968674856,0.5714285714285714
trace_00041,trace_00048,temporal_001,temporal_002,temporal_ordering,temporal_ordering,incorrect,correct,False,True,False,0.6917986457832372,0.7142857142857142
trace_00041,trace_00049,temporal_001,temporal_002,temporal_ordering,temporal_ordering,incorrect,correct,False,True,False,0.22949661445809325,0.2857142857142857
trace_00041,trace_00050,temporal_001,temporal_002,temporal_ordering,temporal_ordering,incorrect,correct,False,True,False,0.6284905946211771,0.7142857142857142
trace_00041,trace_00051,temporal_001,temporal_003,temporal_ordering,temporal_ordering,incorrect,correct,False,True,False,0.012741798951829503,0.11428571428571427
trace_00041,trace_00052,temporal_001,temporal_003,temporal_ordering,temporal_ordering,incorrect,incorrect,False,True,True,0.1629979060802843,0.2857142857142857
trace_00041,trace_00053,temporal_001,temporal_003,temporal_ordering,temporal_ordering,incorrect,incorrect,False,True,True,0.20369027339929013,0.38095238095238093
trace_00041,trace_00054,temporal_001,temporal_003,temporal_ordering,temporal_ordering,incorrect,correct,False,True,False,0.5087256743873156,0.7142857142857142
trace_00041,trace_00055,temporal_001,temporal_003,temporal_ordering,temporal_ordering,incorrect,correct,False,True,False,0.27070021010834616,0.32142857142857145
trace_00041,trace_00056,temporal_001,temporal_004,temporal_ordering,temporal_ordering,incorrect,incorrect,False,True,True,0.16618856329603304,0.2857142857142857
trace_00041,trace_00057,temporal_001,temporal_004,temporal_ordering,temporal_ordering,incorrect,incorrect,False,True,True,0.16618856329603304,0.2857142857142857
trace_00041,trace_00058,temporal_001,temporal_004,temporal_ordering,temporal_ordering,incorrect,incorrect,False,True,True,0.16618856329603304,0.2857142857142857
trace_00041,trace_00059,temporal_001,temporal_004,temporal_ordering,temporal_ordering,incorrect,incorrect,False,True,True,0.16618856329603304,0.2857142857142857
trace_00041,trace_00060,temporal_001,temporal_004,temporal_ordering,temporal_ordering,incorrect,incorrect,False,True,True,0.16618856329603304,0.2857142857142857
trace_00041,trace_00061,temporal_001,causal_001,temporal_ordering,causal_micro_world,incorrect,incorrect,False,False,True,0.3835972915664746,0.4285714285714286
trace_00041,trace_00062,temporal_001,causal_001,temporal_ordering,causal_micro_world,incorrect,correct,False,False,False,0.6917986457832372,0.7142857142857143
trace_00041,trace_00063,temporal_001,causal_001,temporal_ordering,causal_micro_world,incorrect,uncertain,False,False,False,0.4085956028856793,0.5
trace_00041,trace_00064,temporal_001,causal_001,temporal_ordering,causal_micro_world,incorrect,incorrect,False,False,True,0.6284905946211771,0.7142857142857142
trace_00041,trace_00065,temporal_001,causal_001,temporal_ordering,causal_micro_world,incorrect,incorrect,False,False,True,1.0,1.0
trace_00041,trace_00066,temporal_001,causal_002,temporal_ordering,causal_micro_world,incorrect,correct,False,False,False,0.4607088410696487,0.5892857142857143
trace_00041,trace_00067,temporal_001,causal_002,temporal_ordering,causal_micro_world,incorrect,incorrect,False,False,True,0.5860696997747806,0.6
trace_00041,trace_00068,temporal_001,causal_002,temporal_ordering,causal_micro_world,incorrect,correct,False,False,False,0.4108667362125791,0.5
trace_00041,trace_00069,temporal_001,causal_002,temporal_ordering,causal_micro_world,incorrect,correct,False,False,False,0.3614928360546673,0.4642857142857143
trace_00041,trace_00070,temporal_001,causal_002,temporal_ordering,causal_micro_world,incorrect,correct,False,False,False,0.16618856329603304,0.2857142857142857
trace_00041,trace_00071,temporal_001,causal_003,temporal_ordering,causal_micro_world,incorrect,incorrect,False,False,True,0.6778644947790888,0.75
trace_00041,trace_00072,temporal_001,causal_003,temporal_ordering,causal_micro_world,incorrect,correct,False,False,False,0.6233526063662866,0.6666666666666665
trace_00041,trace_00073,temporal_001,causal_003,temporal_ordering,causal_micro_world,incorrect,correct,False,False,False,0.6917986457832372,0.7142857142857142
trace_00041,trace_00074,temporal_001,causal_003,temporal_ordering,causal_micro_world,incorrect,incorrect,False,False,True,0.4108667362125791,0.49999999999999994
trace_00041,trace_00075,temporal_001,causal_003,temporal_ordering,causal_micro_world,incorrect,correct,False,False,False,0.6917986457832372,0.7142857142857142
trace_00041,trace_00076,temporal_001,causal_004,temporal_ordering,causal_micro_world,incorrect,correct,False,False,False,0.6917986457832372,0.7142857142857143
trace_00041,trace_00077,temporal_001,causal_004,temporal_ordering,causal_micro_world,incorrect,correct,False,False,False,0.6917986457832372,0.7142857142857143
trace_00041,trace_00078,temporal_001,causal_004,temporal_ordering,causal_micro_world,incorrect,correct,False,False,False,0.24164488546503762,0.3999999999999999
trace_00041,trace_00079,temporal_001,causal_004,temporal_ordering,causal_micro_world,incorrect,correct,False,False,False,0.6284905946211771,0.7142857142857144
trace_00041,trace_00080,temporal_001,causal_004,temporal_ordering,causal_micro_world,incorrect,correct,False,False,False,0.6917986457832372,0.7142857142857143
trace_00041,trace_00081,temporal_001,commonsense_001,temporal_ordering,commonsense_multihop,incorrect,incorrect,False,False,True,0.306355089400266,0.46428571428571425
trace_00041,trace_00082,temporal_001,commonsense_001,temporal_ordering,commonsense_multihop,incorrect,correct,False,False,False,0.06550784501721568,0.12499999999999997
trace_00041,trace_00083,temporal_001,commonsense_001,temporal_ordering,commonsense_multihop,incorrect,correct,False,False,False,0.06569078488056598,0.26190476190476186
trace_00041,trace_00084,temporal_001,commonsense_001,temporal_ordering,commonsense_multihop,incorrect,incorrect,False,False,True,0.31515125214952394,0.38095238095238093
trace_00041,trace_00085,temporal_001,commonsense_001,temporal_ordering,commonsense_multihop,incorrect,incorrect,False,False,True,0.14306278172719833,0.3142857142857143
trace_00041,trace_00086,temporal_001,commonsense_002,temporal_ordering,commonsense_multihop,incorrect,correct,False,False,False,0.03935733083375617,0.21428571428571427
trace_00041,trace_00087,temporal_001,commonsense_002,temporal_ordering,commonsense_multihop,incorrect,correct,False,False,False,0.003702451541836349,0.07142857142857142
trace_00041,trace_00088,temporal_001,commonsense_002,temporal_ordering,commonsense_multihop,incorrect,correct,False,False,False,0.14386897764606926,0.24999999999999997
trace_00041,trace_00089,temporal_001,commonsense_002,temporal_ordering,commonsense_multihop,incorrect,incorrect,False,False,True,0.27070021010834616,0.3214285714285714
trace_00041,trace_00090,temporal_001,commonsense_002,temporal_ordering,commonsense_multihop,incorrect,correct,False,False,False,0.24164488546503765,0.3999999999999999
trace_00041,trace_00091,temporal_001,commonsense_003,temporal_ordering,commonsense_multihop,incorrect,incorrect,False,False,True,0.16618856329603304,0.2857142857142857
trace_00041,trace_00092,temporal_001,commonsense_003,temporal_ordering,commonsense_multihop,incorrect,correct,False,False,False,0.0069498979327612745,0.09523809523809523
trace_00041,trace_00093,temporal_001,commonsense_003,temporal_ordering,commonsense_multihop,incorrect,incorrect,False,False,True,0.31515125214952394,0.38095238095238093
trace_00041,trace_00094,temporal_001,commonsense_003,temporal_ordering,commonsense_multihop,incorrect,incorrect,False,False,True,0.2378147987014885,0.4642857142857143
trace_00041,trace_00095,temporal_001,commonsense_003,temporal_ordering,commonsense_multihop,incorrect,incorrect,False,False,True,0.0069498979327612745,0.09523809523809523
trace_00041,trace_00096,temporal_001,commonsense_004,temporal_ordering,commonsense_multihop,incorrect,incorrect,False,False,True,0.3614928360546673,0.4642857142857143
trace_00041,trace_00097,temporal_001,commonsense_004,temporal_ordering,commonsense_multihop,incorrect,incorrect,False,False,True,0.2721363128162408,0.4285714285714286
trace_00041,trace_00098,temporal_001,commonsense_004,temporal_ordering,commonsense_multihop,incorrect,incorrect,False,False,True,0.16618856329603304,0.2857142857142857
trace_00041,trace_00099,temporal_001,commonsense_004,temporal_ordering,commonsense_multihop,incorrect,incorrect,False,False,True,0.40966696382211376,0.5714285714285714
trace_00041,trace_00100,temporal_001,commonsense_004,temporal_ordering,commonsense_multihop,incorrect,incorrect,False,False,True,0.3614928360546673,0.4642857142857143
trace_00042,trace_00043,temporal_001,temporal_001,temporal_ordering,temporal_ordering,incorrect,correct,True,True,False,0.6556390622295665,0.75
trace_00042,trace_00044,temporal_001,temporal_001,temporal_ordering,temporal_ordering,incorrect,incorrect,True,True,True,0.6556390622295665,0.75
trace_00042,trace_00045,temporal_001,temporal_001,temporal_ordering,temporal_ordering,incorrect,incorrect,True,True,True,0.2569811892423542,0.42857142857142855
trace_00042,trace_00046,temporal_001,temporal_002,temporal_ordering,temporal_ordering,incorrect,incorrect,False,True,True,0.6556390622295665,0.75
trace_00042,trace_00047,temporal_001,temporal_002,temporal_ordering,temporal_ordering,incorrect,correct,False,True,False,1.0,1.0
trace_00042,trace_00048,temporal_001,temporal_002,temporal_ordering,temporal_ordering,incorrect,correct,False,True,False,0.5954372523105548,0.6666666666666666
trace_00042,trace_00049,temporal_001,temporal_002,temporal_ordering,temporal_ordering,incorrect,correct,False,True,False,0.5954372523105548,0.6666666666666666
trace_00042,trace_00050,temporal_001,temporal_002,temporal_ordering,temporal_ordering,incorrect,correct,False,True,False,0.5,0.5
trace_00042,trace_00051,temporal_001,temporal_003,temporal_ordering,temporal_ordering,incorrect,correct,False,True,False,0.2519235740744792,0.4
trace_00042,trace_00052,temporal_001,temporal_003,temporal_ordering,temporal_ordering,incorrect,incorrect,False,True,True,0.5954372523105548,0.6666666666666666
trace_00042,trace_00053,temporal_001,temporal_003,temporal_ordering,temporal_ordering,incorrect,incorrect,False,True,True,0.42528358731335336,0.5
trace_00042,trace_00054,temporal_001,temporal_003,temporal_ordering,temporal_ordering,incorrect,correct,False,True,False,0.3112781244591328,0.5
trace_00042,trace_00055,temporal_001,temporal_003,temporal_ordering,temporal_ordering,incorrect,correct,False,True,False,0.6556390622295665,0.75
trace_00042,trace_00056,temporal_001,temporal_004,temporal_ordering,temporal_ordering,incorrect,incorrect,False,True,True,0.5,0.5
trace_00042,trace_00057,temporal_001,temporal_004,temporal_ordering,temporal_ordering,incorrect,incorrect,False,True,True,0.5,0.5
trace_00042,trace_00058,temporal_001,temporal_004,temporal_ordering,temporal_ordering,incorrect,incorrect,False,True,True,0.5,0.5
trace_00042,trace_00059,temporal_001,temporal_004,temporal_ordering,temporal_ordering,incorrect,incorrect,False,True,True,0.5,0.5
trace_00042,trace_00060,temporal_001,temporal_004,temporal_ordering,temporal_ordering,incorrect,incorrect,False,True,True,0.5,0.5
trace_00042,trace_00061,temporal_001,causal_001,temporal_ordering,causal_micro_world,incorrect,incorrect,False,False,True,0.1908745046211096,0.33333333333333337
trace_00042,trace_00062,temporal_001,causal_001,temporal_ordering,causal_micro_world,incorrect,correct,False,False,False,0.5954372523105548,0.6666666666666666
trace_00042,trace_00063,temporal_001,causal_001,temporal_ordering,causal_micro_world,incorrect,uncertain,False,False,False,0.7295739585136223,0.8333333333333333
trace_00042,trace_00064,temporal_001,causal_001,temporal_ordering,causal_micro_world,incorrect,incorrect,False,False,True,0.5,0.5
trace_00042,trace_00065,temporal_001,causal_001,temporal_ordering,causal_micro_world,incorrect,incorrect,False,False,True,1.0,1.0
trace_00042,trace_00066,temporal_001,causal_002,temporal_ordering,causal_micro_world,incorrect,correct,False,False,False,0.5689626904850149,0.625
trace_00042,trace_00067,temporal_001,causal_002,temporal_ordering,causal_micro_world,incorrect,incorrect,False,False,True,1.0,1.0
trace_00042,trace_00068,temporal_001,causal_002,temporal_ordering,causal_micro_world,incorrect,correct,False,False,False,0.6556390622295665,0.75
trace_00042,trace_00069,temporal_001,causal_002,temporal_ordering,causal_micro_world,incorrect,correct,False,False,False,0.1556390622295664,0.25
trace_00042,trace_00070,temporal_001,causal_002,temporal_ordering,causal_micro_world,incorrect,correct,False,False,False,0.5,0.5
trace_00042,trace_00071,temporal_001,causal_003,temporal_ordering,causal_micro_world,incorrect,incorrect,False,False,True,1.0,1.0
trace_00042,trace_00072,temporal_001,causal_003,temporal_ordering,causal_micro_world,incorrect,correct,False,False,False,1.0,0.9999999999999999
trace_00042,trace_00073,temporal_001,causal_003,temporal_ordering,causal_micro_world,incorrect,correct,False,False,False,0.5954372523105548,0.6666666666666666
trace_00042,trace_00074,temporal_001,causal_003,temporal_ordering,causal_micro_world,incorrect,incorrect,False,False,True,0.6556390622295665,0.75
trace_00042,trace_00075,temporal_001,causal_003,temporal_ordering,causal_micro_world,incorrect,correct,False,False,False,0.5954372523105548,0.6666666666666666
trace_00042,trace_00076,temporal_001,causal_004,temporal_ordering,causal_micro_world,incorrect,correct,False,False,False,0.5954372523105548,0.6666666666666666
trace_00042,trace_00077,temporal_001,causal_004,temporal_ordering,causal_micro_world,incorrect,correct,False,False,False,0.5954372523105548,0.6666666666666666
trace_00042,trace_00078,temporal_001,causal_004,temporal_ordering,causal_micro_world,incorrect,correct,False,False,False,0.39581560200335836,0.6000000000000001
trace_00042,trace_00079,temporal_001,causal_004,temporal_ordering,causal_micro_world,incorrect,correct,False,False,False,0.5,0.5
trace_00042,trace_00080,temporal_001,causal_004,temporal_ordering,causal_micro_world,incorrect,correct,False,False,False,0.5954372523105548,0.6666666666666666
trace_00042,trace_00081,temporal_001,commonsense_001,temporal_ordering,commonsense_multihop,incorrect,incorrect,False,False,True,0.5,0.5
trace_00042,trace_00082,temporal_001,commonsense_001,temporal_ordering,commonsense_multihop,incorrect,correct,False,False,False,0.3112781244591328,0.5
trace_00042,trace_00083,temporal_001,commonsense_001,temporal_ordering,commonsense_multihop,incorrect,correct,False,False,False,0.0954372523105548,0.16666666666666669
trace_00042,trace_00084,temporal_001,commonsense_001,temporal_ordering,commonsense_multihop,incorrect,incorrect,False,False,True,0.5954372523105548,0.6666666666666667
trace_00042,trace_00085,temporal_001,commonsense_001,temporal_ordering,commonsense_multihop,incorrect,incorrect,False,False,True,0.2519235740744792,0.39999999999999997
trace_00042,trace_00086,temporal_001,commonsense_002,temporal_ordering,commonsense_multihop,incorrect,correct,False,False,False,0.1556390622295664,0.25
trace_00042,trace_00087,temporal_001,commonsense_002,temporal_ordering,commonsense_multihop,incorrect,correct,False,False,False,0.3112781244591328,0.5
trace_00042,trace_00088,temporal_001,commonsense_002,temporal_ordering,commonsense_multihop,incorrect,correct,False,False,False,0.3112781244591328,0.5
trace_00042,trace_00089,temporal_001,commonsense_002,temporal_ordering,commonsense_multihop,incorrect,incorrect,False,False,True,0.6556390622295665,0.75
trace_00042,trace_00090,temporal_001,commonsense_002,temporal_ordering,commonsense_multihop,incorrect,correct,False,False,False,0.3958156020033583,0.6
trace_00042,trace_00091,temporal_001,commonsense_003,temporal_ordering,commonsense_multihop,incorrect,incorrect,False,False,True,0.5,0.5
trace_00042,trace_00092,temporal_001,commonsense_003,temporal_ordering,commonsense_multihop,incorrect,correct,False,False,False,0.1908745046211096,0.33333333333333337
trace_00042,trace_00093,temporal_001,commonsense_003,temporal_ordering,commonsense_multihop,incorrect,incorrect,False,False,True,0.5954372523105548,0.6666666666666666
trace_00042,trace_00094,temporal_001,commonsense_003,temporal_ordering,commonsense_multihop,incorrect,incorrect,False,False,True,0.3931558784658321,0.5
trace_00042,trace_00095,temporal_001,commonsense_003,temporal_ordering,commonsense_multihop,incorrect,incorrect,False,False,True,0.1908745046211096,0.33333333333333337
trace_00042,trace_00096,temporal_001,commonsense_004,temporal_ordering,commonsense_multihop,incorrect,incorrect,False,False,True,0.1556390622295664,0.25
trace_00042,trace_00097,temporal_001,commonsense_004,temporal_ordering,commonsense_multihop,incorrect,incorrect,False,False,True,0.020720839623908215,0.16666666666666666
trace_00042,trace_00098,temporal_001,commonsense_004,temporal_ordering,commonsense_multihop,incorrect,incorrect,False,False,True,0.5,0.5
trace_00042,trace_00099,temporal_001,commonsense_004,temporal_ordering,commonsense_multihop,incorrect,incorrect,False,False,True,0.22036732006063825,0.3571428571428571
trace_00042,trace_00100,temporal_001,commonsense_004,temporal_ordering,commonsense_multihop,incorrect,incorrect,False,False,True,0.1556390622295664,0.25
trace_00043,trace_00044,temporal_001,temporal_001,temporal_ordering,temporal_ordering,correct,incorrect,True,True,False,0.25,0.25
trace_00043,trace_00045,temporal_001,temporal_001,temporal_ordering,temporal_ordering,correct,incorrect,True,True,False,0.27070021010834616,0.3214285714285714
trace_00043,trace_00046,temporal_001,temporal_002,temporal_ordering,temporal_ordering,correct,incorrect,False,True,False,0.14678222159979815,0.25
trace_00043,trace_00047,temporal_001,temporal_002,temporal_ordering,temporal_ordering,correct,correct,False,True,True,0.1556390622295664,0.25
trace_00043,trace_00048,temporal_001,temporal_002,temporal_ordering,temporal_ordering,correct,correct,False,True,True,0.32518928103806,0.5
trace_00043,trace_00049,temporal_001,temporal_002,temporal_ordering,temporal_ordering,correct,correct,False,True,True,0.010360419811954107,0.08333333333333333
trace_00043,trace_00050,temporal_001,temporal_002,temporal_ordering,temporal_ordering,correct,correct,False,True,True,0.3112781244591328,0.5
trace_00043,trace_00051,temporal_001,temporal_003,temporal_ordering,temporal_ordering,correct,correct,False,True,True,0.24161387653786542,0.35
trace_00043,trace_00052,temporal_001,temporal_003,temporal_ordering,temporal_ordering,correct,incorrect,False,True,False,0.13792538097003013,0.24999999999999997
trace_00043,trace_00053,temporal_001,temporal_003,temporal_ordering,temporal_ordering,correct,incorrect,False,True,False,0.20798473969193815,0.41666666666666663
trace_00043,trace_00054,temporal_001,temporal_003,temporal_ordering,temporal_ordering,correct,correct,False,True,True,0.5487949406953987,0.75
trace_00043,trace_00055,temporal_001,temporal_003,temporal_ordering,temporal_ordering,correct,correct,False,True,True,0.5,0.5
trace_00043,trace_00056,temporal_001,temporal_004,temporal_ordering,temporal_ordering,correct,incorrect,False,True,False,0.1556390622295664,0.25
trace_00043,trace_00057,temporal_001,temporal_004,temporal_ordering,temporal_ordering,correct,incorrect,False,True,False,0.1556390622295664,0.25
trace_00043,trace_00058,temporal_001,temporal_004,temporal_ordering,temporal_ordering,correct,incorrect,False,True,False,0.1556390622295664,0.25
trace_00043,trace_00059,temporal_001,temporal_004,temporal_ordering,temporal_ordering,correct,incorrect,False,True,False,0.1556390622295664,0.25
trace_00043,trace_00060,temporal_001,temporal_004,temporal_ordering,temporal_ordering,correct,incorrect,False,True,False,0.1556390622295664,0.25
trace_00043,trace_00061,temporal_001,causal_001,temporal_ordering,causal_micro_world,correct,incorrect,False,False,False,0.42528358731335336,0.4999999999999999
trace_00043,trace_00062,temporal_001,causal_001,temporal_ordering,causal_micro_world,correct,correct,False,False,True,0.6125474873813833,0.7499999999999999
trace_00043,trace_00063,temporal_001,causal_001,temporal_ordering,causal_micro_world,correct,uncertain,False,False,False,0.048794940695398595,0.25
trace_00043,trace_00064,temporal_001,causal_001,temporal_ordering,causal_micro_world,correct,incorrect,False,False,False,0.3112781244591328,0.5
trace_00043,trace_00065,temporal_001,causal_001,temporal_ordering,causal_micro_world,correct,incorrect,False,False,False,0.5487949406953987,0.75
trace_00043,trace_00066,temporal_001,causal_002,temporal_ordering,causal_micro_world,correct,correct,False,False,True,0.16755334881353143,0.375
trace_00043,trace_00067,temporal_001,causal_002,temporal_ordering,causal_micro_world,correct,incorrect,False,False,False,0.182573827618673,0.35
trace_00043,trace_00068,temporal_001,causal_002,temporal_ordering,causal_micro_world,correct,correct,False,False,True,0.06127812445913278,0.25
trace_00043,trace_00069,temporal_001,causal_002,temporal_ordering,causal_micro_world,correct,correct,False,False,True,0.40563906222956636,0.5
trace_00043,trace_00070,temporal_001,causal_002,temporal_ordering,causal_micro_world,correct,correct,False,False,True,0.1556390622295664,0.25
trace_00043,trace_00071,temporal_001,causal_003,temporal_ordering,causal_micro_world,correct,incorrect,False,False,False,0.40563906222956636,0.5
trace_00043,trace_00072,temporal_001,causal_003,temporal_ordering,causal_micro_world,correct,correct,False,False,True,0.3080790459672315,0.41666666666666663
trace_00043,trace_00073,temporal_001,causal_003,temporal_ordering,causal_micro_world,correct,correct,False,False,True,0.7126417936566767,0.7499999999999999
trace_00043,trace_00074,temporal_001,causal_003,temporal_ordering,causal_micro_world,correct,incorrect,False,False,False,0.40563906222956636,0.5
trace_00043,trace_00075,temporal_001,causal_003,temporal_ordering,causal_micro_world,correct,correct,False,False,True,0.7126417936566767,0.7499999999999999
trace_00043,trace_00076,temporal_001,causal_004,temporal_ordering,causal_micro_world,correct,correct,False,False,True,0.6125474873813833,0.7499999999999999
trace_00043,trace_00077,temporal_001,causal_004,temporal_ordering,causal_micro_world,correct,correct,False,False,True,0.6125474873813833,0.7499999999999999
trace_00043,trace_00078,temporal_001,causal_004,temporal_ordering,causal_micro_world,correct,correct,False,False,True,0.16251379100314456,0.35
trace_00043,trace_00079,temporal_001,causal_004,temporal_ordering,causal_micro_world,correct,correct,False,False,True,0.6556390622295665,0.75
trace_00043,trace_00080,temporal_001,causal_004,temporal_ordering,causal_micro_world,correct,correct,False,False,True,0.6125474873813833,0.7499999999999999
trace_00043,trace_00081,temporal_001,commonsense_001,temporal_ordering,commonsense_multihop,correct,incorrect,False,False,False,0.6556390622295665,0.75
trace_00043,trace_00082,temporal_001,commonsense_001,temporal_ordering,commonsense_multihop,correct,correct,False,False,True,0.14678222159979815,0.25
trace_00043,trace_00083,temporal_001,commonsense_001,temporal_ordering,commonsense_multihop,correct,correct,False,False,True,0.44221575217029907,0.5833333333333334
trace_00043,trace_00084,temporal_001,commonsense_001,temporal_ordering,commonsense_multihop,correct,incorrect,False,False,False,0.39315587846583216,0.5
trace_00043,trace_00085,temporal_001,commonsense_001,temporal_ordering,commonsense_multihop,correct,incorrect,False,False,False,0.2519235740744792,0.4
trace_00043,trace_00086,temporal_001,commonsense_002,temporal_ordering,commonsense_multihop,correct,correct,False,False,True,0.3112781244591328,0.5
trace_00043,trace_00087,temporal_001,commonsense_002,temporal_ordering,commonsense_multihop,correct,correct,False,False,True,0.25,0.25
trace_00043,trace_00088,temporal_001,commonsense_002,temporal_ordering,commonsense_multihop,correct,correct,False,False,True,0.40563906222956636,0.5
trace_00043,trace_00089,temporal_001,commonsense_002,temporal_ordering,commonsense_multihop,correct,incorrect,False,False,False,0.0,0.0
trace_00043,trace_00090,temporal_001,commonsense_002,temporal_ordering,commonsense_multihop,correct,correct,False,False,True,0.2519235740744792,0.4
trace_00043,trace_00091,temporal_001,commonsense_003,temporal_ordering,commonsense_multihop,correct,incorrect,False,False,False,0.5,0.5
trace_00043,trace_00092,temporal_001,commonsense_003,temporal_ordering,commonsense_multihop,correct,correct,False,False,True,0.3080790459672315,0.41666666666666663
trace_00043,trace_00093,temporal_001,commonsense_003,temporal_ordering,commonsense_multihop,correct,incorrect,False,False,False,0.5954372523105549,0.6666666666666666
trace_00043,trace_00094,temporal_001,commonsense_003,temporal_ordering,commonsense_multihop,correct,incorrect,False,False,False,0.6556390622295665,0.75
trace_00043,trace_00095,temporal_001,commonsense_003,temporal_ordering,commonsense_multihop,correct,incorrect,False,False,False,0.3080790459672315,0.41666666666666663
trace_00043,trace_00096,temporal_001,commonsense_004,temporal_ordering,commonsense_multihop,correct,incorrect,False,False,False,0.40563906222956636,0.5
trace_00043,trace_00097,temporal_001,commonsense_004,temporal_ordering,commonsense_multihop,correct,incorrect,False,False,False,0.6125474873813833,0.7499999999999999
trace_00043,trace_00098,temporal_001,commonsense_004,temporal_ordering,commonsense_multihop,correct,incorrect,False,False,False,0.1556390622295664,0.25
trace_00043,trace_00099,temporal_001,commonsense_004,temporal_ordering,commonsense_multihop,correct,incorrect,False,False,False,0.45013028775865876,0.6071428571428571
trace_00043,trace_00100,temporal_001,commonsense_004,temporal_ordering,commonsense_multihop,correct,incorrect,False,False,False,0.40563906222956636,0.5
trace_00044,trace_00045,temporal_001,temporal_001,temporal_ordering,temporal_ordering,incorrect,incorrect,True,True,True,0.27070021010834616,0.32142857142857145
trace_00044,trace_00046,temporal_001,temporal_002,temporal_ordering,temporal_ordering,incorrect,incorrect,False,True,True,0.39678222159979815,0.5
trace_00044,trace_00047,temporal_001,temporal_002,temporal_ordering,temporal_ordering,incorrect,correct,False,True,False,0.1556390622295664,0.25
trace_00044,trace_00048,temporal_001,temporal_002,temporal_ordering,temporal_ordering,incorrect,correct,False,True,False,0.6125474873813833,0.75
trace_00044,trace_00049,temporal_001,temporal_002,temporal_ordering,temporal_ordering,incorrect,correct,False,True,False,0.2977186261552774,0.3333333333333333
trace_00044,trace_00050,temporal_001,temporal_002,temporal_ordering,temporal_ordering,incorrect,correct,False,True,False,0.6556390622295665,0.75
trace_00044,trace_00051,temporal_001,temporal_003,temporal_ordering,temporal_ordering,incorrect,correct,False,True,False,0.3310236596092001,0.4
trace_00044,trace_00052,temporal_001,temporal_003,temporal_ordering,temporal_ordering,incorrect,incorrect,False,True,True,0.42528358731335336,0.5
trace_00044,trace_00053,temporal_001,temporal_003,temporal_ordering,temporal_ordering,incorrect,incorrect,False,True,True,0.5954372523105548,0.6666666666666666
trace_00044,trace_00054,temporal_001,temporal_003,temporal_ordering,temporal_ordering,incorrect,correct,False,True,False,1.0,1.0
trace_00044,trace_00055,temporal_001,temporal_003,temporal_ordering,temporal_ordering,incorrect,correct,False,True,False,0.25,0.25
trace_00044,trace_00056,temporal_001,temporal_004,temporal_ordering,temporal_ordering,incorrect,incorrect,False,True,True,0.5,0.5
trace_00044,trace_00057,temporal_001,temporal_004,temporal_ordering,temporal_ordering,incorrect,incorrect,False,True,True,0.5,0.5
trace_00044,trace_00058,temporal_001,temporal_004,temporal_ordering,temporal_ordering,incorrect,incorrect,False,True,True,0.5,0.5
trace_00044,trace_00059,temporal_001,temporal_004,temporal_ordering,temporal_ordering,incorrect,incorrect,False,True,True,0.5,0.5
trace_00044,trace_00060,temporal_001,temporal_004,temporal_ordering,temporal_ordering,incorrect,incorrect,False,True,True,0.5,0.5
trace_00044,trace_00061,temporal_001,causal_001,temporal_ordering,causal_micro_world,incorrect,incorrect,False,False,True,0.42528358731335336,0.4999999999999999
trace_00044,trace_00062,temporal_001,causal_001,temporal_ordering,causal_micro_world,incorrect,correct,False,False,False,0.32518928103806,0.5
trace_00044,trace_00063,temporal_001,causal_001,temporal_ordering,causal_micro_world,incorrect,uncertain,False,False,False,0.2510763145401212,0.4166666666666667
trace_00044,trace_00064,temporal_001,causal_001,temporal_ordering,causal_micro_world,incorrect,incorrect,False,False,True,0.6556390622295665,0.75
trace_00044,trace_00065,temporal_001,causal_001,temporal_ordering,causal_micro_world,incorrect,incorrect,False,False,True,0.5487949406953987,0.75
trace_00044,trace_00066,temporal_001,causal_002,temporal_ordering,causal_micro_world,incorrect,correct,False,False,False,0.47097540958061535,0.625
trace_00044,trace_00067,temporal_001,causal_002,temporal_ordering,causal_micro_world,incorrect,incorrect,False,False,True,0.182573827618673,0.35
trace_00044,trace_00068,temporal_001,causal_002,temporal_ordering,causal_micro_world,incorrect,correct,False,False,False,0.3112781244591328,0.5
trace_00044,trace_00069,temporal_001,causal_002,temporal_ordering,causal_micro_world,incorrect,correct,False,False,False,0.5,0.5
trace_00044,trace_00070,temporal_001,causal_002,temporal_ordering,causal_micro_world,incorrect,correct,False,False,False,0.5,0.5
trace_00044,trace_00071,temporal_001,causal_003,temporal_ordering,causal_micro_world,incorrect,incorrect,False,False,True,0.40563906222956636,0.5
trace_00044,trace_00072,temporal_001,causal_003,temporal_ordering,causal_micro_world,incorrect,correct,False,False,False,0.3080790459672315,0.41666666666666663
trace_00044,trace_00073,temporal_001,causal_003,temporal_ordering,causal_micro_world,incorrect,correct,False,False,False,0.42528358731335336,0.4999999999999999
trace_00044,trace_00074,temporal_001,causal_003,temporal_ordering,causal_micro_world,incorrect,incorrect,False,False,True,0.1556390622295664,0.25
trace_00044,trace_00075,temporal_001,causal_003,temporal_ordering,causal_micro_world,incorrect,correct,False,False,False,0.42528358731335336,0.4999999999999999
trace_00044,trace_00076,temporal_001,causal_004,temporal_ordering,causal_micro_world,incorrect,correct,False,False,False,0.32518928103806,0.5
trace_00044,trace_00077,temporal_001,causal_004,temporal_ordering,causal_micro_world,incorrect,correct,False,False,False,0.32518928103806,0.5
trace_00044,trace_00078,temporal_001,causal_004,temporal_ordering,causal_micro_world,incorrect,correct,False,False,False,0.16251379100314456,0.35
trace_00044,trace_00079,temporal_001,causal_004,temporal_ordering,causal_micro_world,incorrect,correct,False,False,False,0.3112781244591328,0.5
trace_00044,trace_00080,temporal_001,causal_004,temporal_ordering,causal_micro_world,incorrect,correct,False,False,False,0.32518928103806,0.5
trace_00044,trace_00081,temporal_001,commonsense_001,temporal_ordering,commonsense_multihop,incorrect,incorrect,False,False,True,0.3112781244591328,0.5
trace_00044,trace_00082,temporal_001,commonsense_001,temporal_ordering,commonsense_multihop,incorrect,correct,False,False,False,0.14678222159979815,0.25
trace_00044,trace_00083,temporal_001,commonsense_001,temporal_ordering,commonsense_multihop,incorrect,correct,False,False,False,0.38521302074318875,0.5833333333333334
trace_00044,trace_00084,temporal_001,commonsense_001,temporal_ordering,commonsense_multihop,incorrect,incorrect,False,False,True,0.10579767212250889,0.24999999999999997
trace_00044,trace_00085,temporal_001,commonsense_001,temporal_ordering,commonsense_multihop,incorrect,incorrect,False,False,True,0.16251379100314453,0.35000000000000003
trace_00044,trace_00086,temporal_001,commonsense_002,temporal_ordering,commonsense_multihop,incorrect,correct,False,False,False,0.40563906222956636,0.5
trace_00044,trace_00087,temporal_001,commonsense_002,temporal_ordering,commonsense_multihop,incorrect,correct,False,False,False,0.25,0.25
trace_00044,trace_00088,temporal_001,commonsense_002,temporal_ordering,commonsense_multihop,incorrect,correct,False,False,False,0.40563906222956636,0.5
trace_00044,trace_00089,temporal_001,commonsense_002,temporal_ordering,commonsense_multihop,incorrect,incorrect,False,False,True,0.25,0.25
trace_00044,trace_00090,temporal_001,commonsense_002,temporal_ordering,commonsense_multihop,incorrect,correct,False,False,False,0.2519235740744792,0.4
trace_00044,trace_00091,temporal_001,commonsense_003,temporal_ordering,commonsense_multihop,incorrect,incorrect,False,False,True,0.1556390622295664,0.25
trace_00044,trace_00092,temporal_001,commonsense_003,temporal_ordering,commonsense_multihop,incorrect,correct,False,False,False,0.3080790459672315,0.41666666666666663
trace_00044,trace_00093,temporal_001,commonsense_003,temporal_ordering,commonsense_multihop,incorrect,incorrect,False,False,True,0.3080790459672315,0.41666666666666663
trace_00044,trace_00094,temporal_001,commonsense_003,temporal_ordering,commonsense_multihop,incorrect,incorrect,False,False,True,0.24999999999999997,0.5
trace_00044,trace_00095,temporal_001,commonsense_003,temporal_ordering,commonsense_multihop,incorrect,incorrect,False,False,True,0.3080790459672315,0.41666666666666663
trace_00044,trace_00096,temporal_001,commonsense_004,temporal_ordering,commonsense_multihop,incorrect,incorrect,False,False,True,0.5,0.5
trace_00044,trace_00097,temporal_001,commonsense_004,temporal_ordering,commonsense_multihop,incorrect,incorrect,False,False,True,0.7126417936566767,0.7499999999999999
trace_00044,trace_00098,temporal_001,commonsense_004,temporal_ordering,commonsense_multihop,incorrect,incorrect,False,False,True,0.5,0.5
trace_00044,trace_00099,temporal_001,commonsense_004,temporal_ordering,commonsense_multihop,incorrect,incorrect,False,False,True,0.6284905946211772,0.7142857142857143
trace_00044,trace_00100,temporal_001,commonsense_004,temporal_ordering,commonsense_multihop,incorrect,incorrect,False,False,True,0.5,0.5
trace_00045,trace_00046,temporal_001,temporal_002,temporal_ordering,temporal_ordering,incorrect,incorrect,False,True,True,0.3325056035837255,0.375
trace_00045,trace_00047,temporal_001,temporal_002,temporal_ordering,temporal_ordering,incorrect,correct,False,True,False,0.537697968674856,0.5714285714285714
trace_00045,trace_00048,temporal_001,temporal_002,temporal_ordering,temporal_ordering,incorrect,correct,False,True,False,0.6917986457832372,0.7142857142857142
trace_00045,trace_00049,temporal_001,temporal_002,temporal_ordering,temporal_ordering,incorrect,correct,False,True,False,0.22949661445809325,0.2857142857142857
trace_00045,trace_00050,temporal_001,temporal_002,temporal_ordering,temporal_ordering,incorrect,correct,False,True,False,0.6284905946211771,0.7142857142857142
trace_00045,trace_00051,temporal_001,temporal_003,temporal_ordering,temporal_ordering,incorrect,correct,False,True,False,0.012741798951829503,0.11428571428571427
trace_00045,trace_00052,temporal_001,temporal_003,temporal_ordering,temporal_ordering,incorrect,incorrect,False,True,True,0.1629979060802843,0.2857142857142857
trace_00045,trace_00053,temporal_001,temporal_003,temporal_ordering,temporal_ordering,incorrect,incorrect,False,True,True,0.20369027339929013,0.38095238095238093
trace_00045,trace_00054,temporal_001,temporal_003,temporal_ordering,temporal_ordering,incorrect,correct,False,True,False,0.5087256743873156,0.7142857142857142
trace_00045,trace_00055,temporal_001,temporal_003,temporal_ordering,temporal_ordering,incorrect,correct,False,True,False,0.27070021010834616,0.32142857142857145
trace_00045,trace_00056,temporal_001,temporal_004,temporal_ordering,temporal_ordering,incorrect,incorrect,False,True,True,0.16618856329603304,0.2857142857142857
trace_00045,trace_00057,temporal_001,temporal_004,temporal_ordering,temporal_ordering,incorrect,incorrect,False,True,True,0.16618856329603304,0.2857142857142857
trace_00045,trace_00058,temporal_001,temporal_004,temporal_ordering,temporal_ordering,incorrect,incorrect,False,True,True,0.16618856329603304,0.2857142857142857
trace_00045,trace_00059,temporal_001,temporal_004,temporal_ordering,temporal_ordering,incorrect,incorrect,False,True,True,0.16618856329603304,0.2857142857142857
trace_00045,trace_00060,temporal_001,temporal_004,temporal_ordering,temporal_ordering,incorrect,incorrect,False,True,True,0.16618856329603304,0.2857142857142857
trace_00045,trace_00061,temporal_001,causal_001,temporal_ordering,causal_micro_world,incorrect,incorrect,False,False,True,0.3835972915664746,0.4285714285714286
trace_00045,trace_00062,temporal_001,causal_001,temporal_ordering,causal_micro_world,incorrect,correct,False,False,False,0.6917986457832372,0.7142857142857143
trace_00045,trace_00063,temporal_001,causal_001,temporal_ordering,causal_micro_world,incorrect,uncertain,False,False,False,0.4085956028856793,0.5
trace_00045,trace_00064,temporal_001,causal_001,temporal_ordering,causal_micro_world,incorrect,incorrect,False,False,True,0.6284905946211771,0.7142857142857142
trace_00045,trace_00065,temporal_001,causal_001,temporal_ordering,causal_micro_world,incorrect,incorrect,False,False,True,1.0,1.0
trace_00045,trace_00066,temporal_001,causal_002,temporal_ordering,causal_micro_world,incorrect,correct,False,False,False,0.4607088410696487,0.5892857142857143
trace_00045,trace_00067,temporal_001,causal_002,temporal_ordering,causal_micro_world,incorrect,incorrect,False,False,True,0.5860696997747806,0.6
trace_00045,trace_00068,temporal_001,causal_002,temporal_ordering,causal_micro_world,incorrect,correct,False,False,False,0.4108667362125791,0.5
trace_00045,trace_00069,temporal_001,causal_002,temporal_ordering,causal_micro_world,incorrect,correct,False,False,False,0.3614928360546673,0.4642857142857143
trace_00045,trace_00070,temporal_001,causal_002,temporal_ordering,causal_micro_world,incorrect,correct,False,False,False,0.16618856329603304,0.2857142857142857
trace_00045,trace_00071,temporal_001,causal_003,temporal_ordering,causal_micro_world,incorrect,incorrect,False,False,True,0.6778644947790888,0.75
trace_00045,trace_00072,temporal_001,causal_003,temporal_ordering,causal_micro_world,incorrect,correct,False,False,False,0.6233526063662866,0.6666666666666665
trace_00045,trace_00073,temporal_001,causal_003,temporal_ordering,causal_micro_world,incorrect,correct,False,False,False,0.6917986457832372,0.7142857142857142
trace_00045,trace_00074,temporal_001,causal_003,temporal_ordering,causal_micro_world,incorrect,incorrect,False,False,True,0.4108667362125791,0.49999999999999994
trace_00045,trace_00075,temporal_001,causal_003,temporal_ordering,causal_micro_world,incorrect,correct,False,False,False,0.6917986457832372,0.7142857142857142
trace_00045,trace_00076,temporal_001,causal_004,temporal_ordering,causal_micro_world,incorrect,correct,False,False,False,0.6917986457832372,0.7142857142857143
trace_00045,trace_00077,temporal_001,causal_004,temporal_ordering,causal_micro_world,incorrect,correct,False,False,False,0.6917986457832372,0.7142857142857143
trace_00045,trace_00078,temporal_001,causal_004,temporal_ordering,causal_micro_world,incorrect,correct,False,False,False,0.24164488546503762,0.3999999999999999
trace_00045,trace_00079,temporal_001,causal_004,temporal_ordering,causal_micro_world,incorrect,correct,False,False,False,0.6284905946211771,0.7142857142857144
trace_00045,trace_00080,temporal_001,causal_004,temporal_ordering,causal_micro_world,incorrect,correct,False,False,False,0.6917986457832372,0.7142857142857143
trace_00045,trace_00081,temporal_001,commonsense_001,temporal_ordering,commonsense_multihop,incorrect,incorrect,False,False,True,0.306355089400266,0.46428571428571425
trace_00045,trace_00082,temporal_001,commonsense_001,temporal_ordering,commonsense_multihop,incorrect,correct,False,False,False,0.06550784501721568,0.12499999999999997
trace_00045,trace_00083,temporal_001,commonsense_001,temporal_ordering,commonsense_multihop,incorrect,correct,False,False,False,0.06569078488056598,0.26190476190476186
trace_00045,trace_00084,temporal_001,commonsense_001,temporal_ordering,commonsense_multihop,incorrect,incorrect,False,False,True,0.31515125214952394,0.38095238095238093
trace_00045,trace_00085,temporal_001,commonsense_001,temporal_ordering,commonsense_multihop,incorrect,incorrect,False,False,True,0.14306278172719833,0.3142857142857143
trace_00045,trace_00086,temporal_001,commonsense_002,temporal_ordering,commonsense_multihop,incorrect,correct,False,False,False,0.03935733083375617,0.21428571428571427
trace_00045,trace_00087,temporal_001,commonsense_002,temporal_ordering,commonsense_multihop,incorrect,correct,False,False,False,0.003702451541836349,0.07142857142857142
trace_00045,trace_00088,temporal_001,commonsense_002,temporal_ordering,commonsense_multihop,incorrect,correct,False,False,False,0.14386897764606926,0.24999999999999997
trace_00045,trace_00089,temporal_001,commonsense_002,temporal_ordering,commonsense_multihop,incorrect,incorrect,False,False,True,0.27070021010834616,0.3214285714285714
trace_00045,trace_00090,temporal_001,commonsense_002,temporal_ordering,commonsense_multihop,incorrect,correct,False,False,False,0.24164488546503765,0.3999999999999999
trace_00045,trace_00091,temporal_001,commonsense_003,temporal_ordering,commonsense_multihop,incorrect,incorrect,False,False,True,0.16618856329603304,0.2857142857142857
trace_00045,trace_00092,temporal_001,commonsense_003,temporal_ordering,commonsense_multihop,incorrect,correct,False,False,False,0.0069498979327612745,0.09523809523809523
trace_00045,trace_00093,temporal_001,commonsense_003,temporal_ordering,commonsense_multihop,incorrect,incorrect,False,False,True,0.31515125214952394,0.38095238095238093
trace_00045,trace_00094,temporal_001,commonsense_003,temporal_ordering,commonsense_multihop,incorrect,incorrect,False,False,True,0.2378147987014885,0.4642857142857143
trace_00045,trace_00095,temporal_001,commonsense_003,temporal_ordering,commonsense_multihop,incorrect,incorrect,False,False,True,0.0069498979327612745,0.09523809523809523
trace_00045,trace_00096,temporal_001,commonsense_004,temporal_ordering,commonsense_multihop,incorrect,incorrect,False,False,True,0.3614928360546673,0.4642857142857143
trace_00045,trace_00097,temporal_001,commonsense_004,temporal_ordering,commonsense_multihop,incorrect,incorrect,False,False,True,0.2721363128162408,0.4285714285714286
trace_00045,trace_00098,temporal_001,commonsense_004,temporal_ordering,commonsense_multihop,incorrect,incorrect,False,False,True,0.16618856329603304,0.2857142857142857
trace_00045,trace_00099,temporal_001,commonsense_004,temporal_ordering,commonsense_multihop,incorrect,incorrect,False,False,True,0.40966696382211376,0.5714285714285714
trace_00045,trace_00100,temporal_001,commonsense_004,temporal_ordering,commonsense_multihop,incorrect,incorrect,False,False,True,0.3614928360546673,0.4642857142857143
trace_00046,trace_00047,temporal_002,temporal_002,temporal_ordering,temporal_ordering,incorrect,correct,True,True,False,0.34336016083271426,0.5
trace_00046,trace_00048,temporal_002,temporal_002,temporal_ordering,temporal_ordering,incorrect,correct,True,True,False,0.4635639758803297,0.625
trace_00046,trace_00049,temporal_002,temporal_002,temporal_ordering,temporal_ordering,incorrect,correct,True,True,False,0.13792538097003,0.25
trace_00046,trace_00050,temporal_002,temporal_002,temporal_ordering,temporal_ordering,incorrect,correct,True,True,False,0.4300365325772657,0.625
trace_00046,trace_00051,temporal_002,temporal_003,temporal_ordering,temporal_ordering,incorrect,correct,False,True,False,0.3003890198667484,0.375
trace_00046,trace_00052,temporal_002,temporal_003,temporal_ordering,temporal_ordering,incorrect,incorrect,False,True,True,0.22166096591944123,0.375
trace_00046,trace_00053,temporal_002,temporal_003,temporal_ordering,temporal_ordering,incorrect,incorrect,False,True,True,0.2592653355423217,0.41666666666666663
trace_00046,trace_00054,temporal_002,temporal_003,temporal_ordering,temporal_ordering,incorrect,correct,False,True,False,0.5487949406953987,0.75
trace_00046,trace_00055,temporal_002,temporal_003,temporal_ordering,temporal_ordering,incorrect,correct,False,True,False,0.31896269048501497,0.375
trace_00046,trace_00056,temporal_002,temporal_004,temporal_ordering,temporal_ordering,incorrect,incorrect,False,True,True,0.22460175271458133,0.375
trace_00046,trace_00057,temporal_002,temporal_004,temporal_ordering,temporal_ordering,incorrect,incorrect,False,True,True,0.22460175271458133,0.375
trace_00046,trace_00058,temporal_002,temporal_004,temporal_ordering,temporal_ordering,incorrect,incorrect,False,True,True,0.22460175271458133,0.375
trace_00046,trace_00059,temporal_002,temporal_004,temporal_ordering,temporal_ordering,incorrect,incorrect,False,True,True,0.22460175271458133,0.375
trace_00046,trace_00060,temporal_002,temporal_004,temporal_ordering,temporal_ordering,incorrect,incorrect,False,True,True,0.22460175271458133,0.375
trace_00046,trace_00061,temporal_002,causal_001,temporal_ordering,causal_micro_world,incorrect,incorrect,False,False,True,0.5189155373473684,0.6249999999999999
trace_00046,trace_00062,temporal_002,causal_001,temporal_ordering,causal_micro_world,incorrect,correct,False,False,False,0.7509221822236529,0.8749999999999999
trace_00046,trace_00063,temporal_002,causal_001,temporal_ordering,causal_micro_world,incorrect,uncertain,False,False,False,0.2188339446639151,0.375
trace_00046,trace_00064,temporal_002,causal_001,temporal_ordering,causal_micro_world,incorrect,incorrect,False,False,True,0.4300365325772657,0.625
trace_00046,trace_00065,temporal_002,causal_001,temporal_ordering,causal_micro_world,incorrect,incorrect,False,False,True,0.7169171866886993,0.875
trace_00046,trace_00066,temporal_002,causal_002,temporal_ordering,causal_micro_world,incorrect,correct,False,False,False,0.11875840811813282,0.375
trace_00046,trace_00067,temporal_002,causal_002,temporal_ordering,causal_micro_world,incorrect,incorrect,False,False,True,0.3723820618147452,0.5
trace_00046,trace_00068,temporal_002,causal_002,temporal_ordering,causal_micro_world,incorrect,correct,False,False,False,0.22097540958061537,0.375
trace_00046,trace_00069,temporal_002,causal_002,temporal_ordering,causal_micro_world,incorrect,correct,False,False,False,0.4834585933443496,0.625
trace_00046,trace_00070,temporal_002,causal_002,temporal_ordering,causal_micro_world,incorrect,correct,False,False,False,0.22460175271458133,0.375
trace_00046,trace_00071,temporal_002,causal_003,temporal_ordering,causal_micro_world,incorrect,incorrect,False,False,True,0.18003653257726565,0.375
trace_00046,trace_00072,temporal_002,causal_003,temporal_ordering,causal_micro_world,incorrect,correct,False,False,False,0.16563338550830675,0.29166666666666663
trace_00046,trace_00073,temporal_002,causal_003,temporal_ordering,causal_micro_world,incorrect,correct,False,False,False,0.5189155373473684,0.6249999999999999
trace_00046,trace_00074,temporal_002,causal_003,temporal_ordering,causal_micro_world,incorrect,incorrect,False,False,True,0.27439747034769923,0.375
trace_00046,trace_00075,temporal_002,causal_003,temporal_ordering,causal_micro_world,incorrect,correct,False,False,False,0.5189155373473684,0.6249999999999999
trace_00046,trace_00076,temporal_002,causal_004,temporal_ordering,causal_micro_world,incorrect,correct,False,False,False,0.7509221822236529,0.8749999999999999
trace_00046,trace_00077,temporal_002,causal_004,temporal_ordering,causal_micro_world,incorrect,correct,False,False,False,0.7509221822236529,0.8749999999999999
trace_00046,trace_00078,temporal_002,causal_004,temporal_ordering,causal_micro_world,incorrect,correct,False,False,False,0.3011629932976416,0.475
trace_00046,trace_00079,temporal_002,causal_004,temporal_ordering,causal_micro_world,incorrect,correct,False,False,False,0.7743974703476993,0.875
trace_00046,trace_00080,temporal_002,causal_004,temporal_ordering,causal_micro_world,incorrect,correct,False,False,False,0.7509221822236529,0.8749999999999999
trace_00046,trace_00081,temporal_002,commonsense_001,temporal_ordering,commonsense_multihop,incorrect,incorrect,False,False,True,0.44657793923291605,0.5
trace_00046,trace_00082,temporal_002,commonsense_001,temporal_ordering,commonsense_multihop,incorrect,correct,False,False,False,0.25,0.25
trace_00046,trace_00083,temporal_002,commonsense_001,temporal_ordering,commonsense_multihop,incorrect,correct,False,False,False,0.4714669744305645,0.5833333333333334
trace_00046,trace_00084,temporal_002,commonsense_001,temporal_ordering,commonsense_multihop,incorrect,incorrect,False,False,True,0.30075737114455414,0.375
trace_00046,trace_00085,temporal_002,commonsense_001,temporal_ordering,commonsense_multihop,incorrect,incorrect,False,False,True,0.35282486257913875,0.47500000000000003
trace_00046,trace_00086,temporal_002,commonsense_002,temporal_ordering,commonsense_multihop,incorrect,correct,False,False,False,0.35221700146248247,0.5
trace_00046,trace_00087,temporal_002,commonsense_002,temporal_ordering,commonsense_multihop,incorrect,correct,False,False,False,0.31896269048501497,0.375
trace_00046,trace_00088,temporal_002,commonsense_002,temporal_ordering,commonsense_multihop,incorrect,correct,False,False,False,0.19657793923291605,0.25
trace_00046,trace_00089,temporal_002,commonsense_002,temporal_ordering,commonsense_multihop,incorrect,incorrect,False,False,True,0.14678222159979815,0.25
trace_00046,trace_00090,temporal_002,commonsense_002,temporal_ordering,commonsense_multihop,incorrect,correct,False,False,False,0.12983274911553877,0.275
trace_00046,trace_00091,temporal_002,commonsense_003,temporal_ordering,commonsense_multihop,incorrect,incorrect,False,False,True,0.5689626904850149,0.625
trace_00046,trace_00092,temporal_002,commonsense_003,temporal_ordering,commonsense_multihop,incorrect,correct,False,False,False,0.3593596418176151,0.41666666666666663
trace_00046,trace_00093,temporal_002,commonsense_003,temporal_ordering,commonsense_multihop,incorrect,incorrect,False,False,True,0.3593596418176151,0.41666666666666663
trace_00046,trace_00094,temporal_002,commonsense_003,temporal_ordering,commonsense_multihop,incorrect,incorrect,False,False,True,0.6965779392329161,0.75
trace_00046,trace_00095,temporal_002,commonsense_003,temporal_ordering,commonsense_multihop,incorrect,incorrect,False,False,True,0.3593596418176151,0.41666666666666663
trace_00046,trace_00096,temporal_002,commonsense_004,temporal_ordering,commonsense_multihop,incorrect,incorrect,False,False,True,0.4834585933443496,0.625
trace_00046,trace_00097,temporal_002,commonsense_004,temporal_ordering,commonsense_multihop,incorrect,incorrect,False,False,True,0.6125474873813833,0.7499999999999999
trace_00046,trace_00098,temporal_002,commonsense_004,temporal_ordering,commonsense_multihop,incorrect,incorrect,False,False,True,0.22460175271458133,0.375
trace_00046,trace_00099,temporal_002,commonsense_004,temporal_ordering,commonsense_multihop,incorrect,incorrect,False,False,True,0.31663140847540383,0.4821428571428571
trace_00046,trace_00100,temporal_002,commonsense_004,temporal_ordering,commonsense_multihop,incorrect,incorrect,False,False,True,0.4834585933443496,0.625
trace_00047,trace_00048,temporal_002,temporal_002,temporal_ordering,temporal_ordering,correct,correct,True,True,True,0.42528358731335336,0.5
trace_00047,trace_00049,temporal_002,temporal_002,temporal_ordering,temporal_ordering,correct,correct,True,True,True,0.2295739585136224,0.33333333333333337
trace_00047,trace_00050,temporal_002,temporal_002,temporal_ordering,temporal_ordering,correct,correct,True,True,True,0.5,0.5
trace_00047,trace_00051,temporal_002,temporal_003,temporal_ordering,temporal_ordering,correct,correct,False,True,True,0.5540157730728,0.6
trace_00047,trace_00052,temporal_002,temporal_003,temporal_ordering,temporal_ordering,correct,incorrect,False,True,False,0.42528358731335336,0.5
trace_00047,trace_00053,temporal_002,temporal_003,temporal_ordering,temporal_ordering,correct,incorrect,False,True,False,0.5954372523105548,0.6666666666666667
trace_00047,trace_00054,temporal_002,temporal_003,temporal_ordering,temporal_ordering,correct,correct,False,True,True,1.0,1.0
trace_00047,trace_00055,temporal_002,temporal_003,temporal_ordering,temporal_ordering,correct,correct,False,True,True,0.5,0.5
trace_00047,trace_00056,temporal_002,temporal_004,temporal_ordering,temporal_ordering,correct,incorrect,False,True,False,0.5,0.5
trace_00047,trace_00057,temporal_002,temporal_004,temporal_ordering,temporal_ordering,correct,incorrect,False,True,False,0.5,0.5
trace_00047,trace_00058,temporal_002,temporal_004,temporal_ordering,temporal_ordering,correct,incorrect,False,True,False,0.5,0.5
trace_00047,trace_00059,temporal_002,temporal_004,temporal_ordering,temporal_ordering,correct,incorrect,False,True,False,0.5,0.5
trace_00047,trace_00060,temporal_002,temporal_004,temporal_ordering,temporal_ordering,correct,incorrect,False,True,False,0.5,0.5
trace_00047,trace_00061,temporal_002,causal_001,temporal_ordering,causal_micro_world,correct,incorrect,False,False,False,0.5954372523105549,0.6666666666666666
trace_00047,trace_00062,temporal_002,causal_001,temporal_ordering,causal_micro_world,correct,correct,False,False,True,0.42528358731335336,0.5
trace_00047,trace_00063,temporal_002,causal_001,temporal_ordering,causal_micro_world,correct,uncertain,False,False,False,0.0954372523105548,0.16666666666666669
trace_00047,trace_00064,temporal_002,causal_001,temporal_ordering,causal_micro_world,correct,incorrect,False,False,False,0.5,0.5
trace_00047,trace_00065,temporal_002,causal_001,temporal_ordering,causal_micro_world,correct,incorrect,False,False,False,0.3112781244591328,0.5
trace_00047,trace_00066,temporal_002,causal_002,temporal_ordering,causal_micro_world,correct,correct,False,False,True,0.34336016083271426,0.5
trace_00047,trace_00067,temporal_002,causal_002,temporal_ordering,causal_micro_world,correct,incorrect,False,False,False,0.007299156760473963,0.09999999999999998
trace_00047,trace_00068,temporal_002,causal_002,temporal_ordering,causal_micro_world,correct,correct,False,False,True,0.1556390622295664,0.25
trace_00047,trace_00069,temporal_002,causal_002,temporal_ordering,causal_micro_world,correct,correct,False,False,True,0.6556390622295665,0.75
trace_00047,trace_00070,temporal_002,causal_002,temporal_ordering,causal_micro_world,correct,correct,False,False,True,0.5,0.5
trace_00047,trace_00071,temporal_002,causal_003,temporal_ordering,causal_micro_world,correct,incorrect,False,False,False,0.3112781244591328,0.5
trace_00047,trace_00072,temporal_002,causal_003,temporal_ordering,causal_micro_world,correct,correct,False,False,True,0.1908745046211096,0.33333333333333337
trace_00047,trace_00073,temporal_002,causal_003,temporal_ordering,causal_micro_world,correct,correct,False,False,True,0.5954372523105549,0.6666666666666666
trace_00047,trace_00074,temporal_002,causal_003,temporal_ordering,causal_micro_world,correct,incorrect,False,False,False,0.3112781244591328,0.5
trace_00047,trace_00075,temporal_002,causal_003,temporal_ordering,causal_micro_world,correct,correct,False,False,True,0.5954372523105549,0.6666666666666666
trace_00047,trace_00076,temporal_002,causal_004,temporal_ordering,causal_micro_world,correct,correct,False,False,True,0.42528358731335336,0.5
trace_00047,trace_00077,temporal_002,causal_004,temporal_ordering,causal_micro_world,correct,correct,False,False,True,0.42528358731335336,0.5
trace_00047,trace_00078,temporal_002,causal_004,temporal_ordering,causal_micro_world,correct,correct,False,False,True,0.2519235740744792,0.4
trace_00047,trace_00079,temporal_002,causal_004,temporal_ordering,causal_micro_world,correct,correct,False,False,True,0.5,0.5
trace_00047,trace_00080,temporal_002,causal_004,temporal_ordering,causal_micro_world,correct,correct,False,False,True,0.42528358731335336,0.5
trace_00047,trace_00081,temporal_002,commonsense_001,temporal_ordering,commonsense_multihop,correct,incorrect,False,False,False,0.6556390622295665,0.75
trace_00047,trace_00082,temporal_002,commonsense_001,temporal_ordering,commonsense_multihop,correct,correct,False,False,True,0.34336016083271426,0.5
trace_00047,trace_00083,temporal_002,commonsense_001,temporal_ordering,commonsense_multihop,correct,correct,False,False,True,0.7295739585136223,0.8333333333333334
trace_00047,trace_00084,temporal_002,commonsense_001,temporal_ordering,commonsense_multihop,correct,incorrect,False,False,False,0.32501121082417717,0.5
trace_00047,trace_00085,temporal_002,commonsense_001,temporal_ordering,commonsense_multihop,correct,incorrect,False,False,False,0.3958156020033583,0.6000000000000001
trace_00047,trace_00086,temporal_002,commonsense_002,temporal_ordering,commonsense_multihop,correct,correct,False,False,True,0.6556390622295665,0.75
trace_00047,trace_00087,temporal_002,commonsense_002,temporal_ordering,commonsense_multihop,correct,correct,False,False,True,0.5,0.5
trace_00047,trace_00088,temporal_002,commonsense_002,temporal_ordering,commonsense_multihop,correct,correct,False,False,True,0.6556390622295665,0.75
trace_00047,trace_00089,temporal_002,commonsense_002,temporal_ordering,commonsense_multihop,correct,incorrect,False,False,False,0.1556390622295664,0.25
trace_00047,trace_00090,temporal_002,commonsense_002,temporal_ordering,commonsense_multihop,correct,correct,False,False,True,0.3958156020033583,0.6
trace_00047,trace_00091,temporal_002,commonsense_003,temporal_ordering,commonsense_multihop,correct,incorrect,False,False,False,0.5,0.5
trace_00047,trace_00092,temporal_002,commonsense_003,temporal_ordering,commonsense_multihop,correct,correct,False,False,True,0.5954372523105549,0.6666666666666666
trace_00047,trace_00093,temporal_002,commonsense_003,temporal_ordering,commonsense_multihop,correct,incorrect,False,False,False,0.5954372523105549,0.6666666666666666
trace_00047,trace_00094,temporal_002,commonsense_003,temporal_ordering,commonsense_multihop,correct,incorrect,False,False,False,0.6556390622295665,0.75
trace_00047,trace_00095,temporal_002,commonsense_003,temporal_ordering,commonsense_multihop,correct,incorrect,False,False,False,0.5954372523105549,0.6666666666666666
trace_00047,trace_00096,temporal_002,commonsense_004,temporal_ordering,commonsense_multihop,correct,incorrect,False,False,False,0.6556390622295665,0.75
trace_00047,trace_00097,temporal_002,commonsense_004,temporal_ordering,commonsense_multihop,correct,incorrect,False,False,False,1.0,0.9999999999999999
trace_00047,trace_00098,temporal_002,commonsense_004,temporal_ordering,commonsense_multihop,correct,incorrect,False,False,False,0.5,0.5
trace_00047,trace_00099,temporal_002,commonsense_004,temporal_ordering,commonsense_multihop,correct,incorrect,False,False,False,0.7543628371936578,0.8571428571428571
trace_00047,trace_00100,temporal_002,commonsense_004,temporal_ordering,commonsense_multihop,correct,incorrect,False,False,False,0.6556390622295665,0.75
trace_00048,trace_00049,temporal_002,temporal_002,temporal_ordering,temporal_ordering,correct,correct,True,True,True,0.3658632937969324,0.5
trace_00048,trace_00050,temporal_002,temporal_002,temporal_ordering,temporal_ordering,correct,correct,True,True,True,0.020720839623908215,0.16666666666666666
trace_00048,trace_00051,temporal_002,temporal_003,temporal_ordering,temporal_ordering,correct,correct,False,True,True,0.6355222557917826,0.6666666666666666
trace_00048,trace_00052,temporal_002,temporal_003,temporal_ordering,temporal_ordering,correct,incorrect,False,True,False,0.6666666666666666,0.6666666666666666
trace_00048,trace_00053,temporal_002,temporal_003,temporal_ordering,temporal_ordering,correct,incorrect,False,True,False,0.5408520829727551,0.6666666666666666
trace_00048,trace_00054,temporal_002,temporal_003,temporal_ordering,temporal_ordering,correct,correct,False,True,True,0.4591479170272448,0.6666666666666667
trace_00048,trace_00055,temporal_002,temporal_003,temporal_ordering,temporal_ordering,correct,correct,False,True,True,1.0,0.9999999999999999
trace_00048,trace_00056,temporal_002,temporal_004,temporal_ordering,temporal_ordering,correct,incorrect,False,True,False,0.5954372523105548,0.6666666666666666
trace_00048,trace_00057,temporal_002,temporal_004,temporal_ordering,temporal_ordering,correct,incorrect,False,True,False,0.5954372523105548,0.6666666666666666
trace_00048,trace_00058,temporal_002,temporal_004,temporal_ordering,temporal_ordering,correct,incorrect,False,True,False,0.5954372523105548,0.6666666666666666
trace_00048,trace_00059,temporal_002,temporal_004,temporal_ordering,temporal_ordering,correct,incorrect,False,True,False,0.5954372523105548,0.6666666666666666
trace_00048,trace_00060,temporal_002,temporal_004,temporal_ordering,temporal_ordering,correct,incorrect,False,True,False,0.5954372523105548,0.6666666666666666
trace_00048,trace_00061,temporal_002,causal_001,temporal_ordering,causal_micro_world,correct,incorrect,False,False,False,0.20751874963942185,0.3333333333333333
trace_00048,trace_00062,temporal_002,causal_001,temporal_ordering,causal_micro_world,correct,correct,False,False,True,0.3333333333333333,0.3333333333333333
trace_00048,trace_00063,temporal_002,causal_001,temporal_ordering,causal_micro_world,correct,uncertain,False,False,False,0.195709628799731,0.3333333333333333
trace_00048,trace_00064,temporal_002,causal_001,temporal_ordering,causal_micro_world,correct,incorrect,False,False,False,0.020720839623908215,0.16666666666666666
trace_00048,trace_00065,temporal_002,causal_001,temporal_ordering,causal_micro_world,correct,incorrect,False,False,False,0.1908745046211096,0.33333333333333337
trace_00048,trace_00066,temporal_002,causal_002,temporal_ordering,causal_micro_world,correct,correct,False,False,True,0.1557370204237029,0.29166666666666663
trace_00048,trace_00067,temporal_002,causal_002,temporal_ordering,causal_micro_world,correct,incorrect,False,False,False,0.3679327735475437,0.4
trace_00048,trace_00068,temporal_002,causal_002,temporal_ordering,causal_micro_world,correct,correct,False,False,True,0.13792538097003013,0.24999999999999997
trace_00048,trace_00069,temporal_002,causal_002,temporal_ordering,causal_micro_world,correct,correct,False,False,True,0.20798473969193812,0.41666666666666663
trace_00048,trace_00070,temporal_002,causal_002,temporal_ordering,causal_micro_world,correct,correct,False,False,True,0.5954372523105548,0.6666666666666666
trace_00048,trace_00071,temporal_002,causal_003,temporal_ordering,causal_micro_world,correct,incorrect,False,False,False,0.6125474873813833,0.75
trace_00048,trace_00072,temporal_002,causal_003,temporal_ordering,causal_micro_world,correct,correct,False,False,True,0.5408520829727551,0.6666666666666666
trace_00048,trace_00073,temporal_002,causal_003,temporal_ordering,causal_micro_world,correct,correct,False,False,True,0.5408520829727551,0.6666666666666666
trace_00048,trace_00074,temporal_002,causal_003,temporal_ordering,causal_micro_world,correct,incorrect,False,False,False,0.6125474873813833,0.75
trace_00048,trace_00075,temporal_002,causal_003,temporal_ordering,causal_micro_world,correct,correct,False,False,True,0.5408520829727551,0.6666666666666666
trace_00048,trace_00076,temporal_002,causal_004,temporal_ordering,causal_micro_world,correct,correct,False,False,True,0.3333333333333333,0.3333333333333333
trace_00048,trace_00077,temporal_002,causal_004,temporal_ordering,causal_micro_world,correct,correct,False,False,True,0.3333333333333333,0.3333333333333333
trace_00048,trace_00078,temporal_002,causal_004,temporal_ordering,causal_micro_world,correct,correct,False,False,True,0.236452797660028,0.3999999999999999
trace_00048,trace_00079,temporal_002,causal_004,temporal_ordering,causal_micro_world,correct,correct,False,False,True,0.42528358731335336,0.5
trace_00048,trace_00080,temporal_002,causal_004,temporal_ordering,causal_micro_world,correct,correct,False,False,True,0.3333333333333333,0.3333333333333333
trace_00048,trace_00081,temporal_002,commonsense_001,temporal_ordering,commonsense_multihop,correct,incorrect,False,False,False,1.0,1.0
trace_00048,trace_00082,temporal_002,commonsense_001,temporal_ordering,commonsense_multihop,correct,correct,False,False,True,0.4635639758803297,0.625
trace_00048,trace_00083,temporal_002,commonsense_001,temporal_ordering,commonsense_multihop,correct,correct,False,False,True,0.6666666666666666,0.6666666666666666
trace_00048,trace_00084,temporal_002,commonsense_001,temporal_ordering,commonsense_multihop,correct,incorrect,False,False,False,0.6991966271302656,0.8333333333333333
trace_00048,trace_00085,temporal_002,commonsense_001,temporal_ordering,commonsense_multihop,correct,incorrect,False,False,False,0.4077660030601058,0.6
trace_00048,trace_00086,temporal_002,commonsense_002,temporal_ordering,commonsense_multihop,correct,correct,False,False,True,0.5954372523105548,0.6666666666666666
trace_00048,trace_00087,temporal_002,commonsense_002,temporal_ordering,commonsense_multihop,correct,correct,False,False,True,0.7126417936566767,0.7499999999999999
trace_00048,trace_00088,temporal_002,commonsense_002,temporal_ordering,commonsense_multihop,correct,correct,False,False,True,0.7126417936566767,0.75
trace_00048,trace_00089,temporal_002,commonsense_002,temporal_ordering,commonsense_multihop,correct,incorrect,False,False,False,0.32518928103806,0.5
trace_00048,trace_00090,temporal_002,commonsense_002,temporal_ordering,commonsense_multihop,correct,correct,False,False,True,0.4077660030601058,0.6
trace_00048,trace_00091,temporal_002,commonsense_003,temporal_ordering,commonsense_multihop,correct,incorrect,False,False,False,1.0,0.9999999999999999
trace_00048,trace_00092,temporal_002,commonsense_003,temporal_ordering,commonsense_multihop,correct,correct,False,False,True,0.6666666666666666,0.6666666666666666
trace_00048,trace_00093,temporal_002,commonsense_003,temporal_ordering,commonsense_multihop,correct,incorrect,False,False,False,1.0,0.9999999999999999
trace_00048,trace_00094,temporal_002,commonsense_003,temporal_ordering,commonsense_multihop,correct,incorrect,False,False,False,1.0,1.0
trace_00048,trace_00095,temporal_002,commonsense_003,temporal_ordering,commonsense_multihop,correct,incorrect,False,False,False,0.6666666666666666,0.6666666666666666
trace_00048,trace_00096,temporal_002,commonsense_004,temporal_ordering,commonsense_multihop,correct,incorrect,False,False,False,0.20798473969193812,0.41666666666666663
trace_00048,trace_00097,temporal_002,commonsense_004,temporal_ordering,commonsense_multihop,correct,incorrect,False,False,False,0.5408520829727551,0.6666666666666666
trace_00048,trace_00098,temporal_002,commonsense_004,temporal_ordering,commonsense_multihop,correct,incorrect,False,False,False,0.5954372523105548,0.6666666666666666
trace_00048,trace_00099,temporal_002,commonsense_004,temporal_ordering,commonsense_multihop,correct,incorrect,False,False,False,0.2983666623176937,0.5238095238095237
trace_00048,trace_00100,temporal_002,commonsense_004,temporal_ordering,commonsense_multihop,correct,incorrect,False,False,False,0.20798473969193812,0.41666666666666663
trace_00049,trace_00050,temporal_002,temporal_002,temporal_ordering,temporal_ordering,correct,correct,True,True,True,0.32501121082417717,0.5
trace_00049,trace_00051,temporal_002,temporal_003,temporal_ordering,temporal_ordering,correct,correct,False,True,True,0.18953802886458265,0.26666666666666666
trace_00049,trace_00052,temporal_002,temporal_003,temporal_ordering,temporal_ordering,correct,incorrect,False,True,False,0.09195025398002007,0.16666666666666663
trace_00049,trace_00053,temporal_002,temporal_003,temporal_ordering,temporal_ordering,correct,incorrect,False,True,False,0.13628933528331,0.33333333333333337
trace_00049,trace_00054,temporal_002,temporal_003,temporal_ordering,temporal_ordering,correct,correct,False,True,True,0.4591479170272448,0.6666666666666667
trace_00049,trace_00055,temporal_002,temporal_003,temporal_ordering,temporal_ordering,correct,correct,False,True,True,0.5,0.5
trace_00049,trace_00056,temporal_002,temporal_004,temporal_ordering,temporal_ordering,correct,incorrect,False,True,False,0.0954372523105548,0.16666666666666669
trace_00049,trace_00057,temporal_002,temporal_004,temporal_ordering,temporal_ordering,correct,incorrect,False,True,False,0.0954372523105548,0.16666666666666669
trace_00049,trace_00058,temporal_002,temporal_004,temporal_ordering,temporal_ordering,correct,incorrect,False,True,False,0.0954372523105548,0.16666666666666669
trace_00049,trace_00059,temporal_002,temporal_004,temporal_ordering,temporal_ordering,correct,incorrect,False,True,False,0.0954372523105548,0.16666666666666669
trace_00049,trace_00060,temporal_002,temporal_004,temporal_ordering,temporal_ordering,correct,incorrect,False,True,False,0.0954372523105548,0.16666666666666669
trace_00049,trace_00061,temporal_002,causal_001,temporal_ordering,causal_micro_world,correct,incorrect,False,False,False,0.43709270815304424,0.5
trace_00049,trace_00062,temporal_002,causal_001,temporal_ordering,causal_micro_world,correct,correct,False,False,True,0.6991966271302656,0.8333333333333333
trace_00049,trace_00063,temporal_002,causal_001,temporal_ordering,causal_micro_world,correct,uncertain,False,False,False,0.09543725231055479,0.3333333333333333
trace_00049,trace_00064,temporal_002,causal_001,temporal_ordering,causal_micro_world,correct,incorrect,False,False,False,0.32501121082417717,0.5
trace_00049,trace_00065,temporal_002,causal_001,temporal_ordering,causal_micro_world,correct,incorrect,False,False,False,0.6548575458269756,0.8333333333333334
trace_00049,trace_00066,temporal_002,causal_002,temporal_ordering,causal_micro_world,correct,correct,False,False,True,0.17994049928252553,0.375
trace_00049,trace_00067,temporal_002,causal_002,temporal_ordering,causal_micro_world,correct,incorrect,False,False,False,0.2644551982575857,0.43333333333333335
trace_00049,trace_00068,temporal_002,causal_002,temporal_ordering,causal_micro_world,correct,correct,False,False,True,0.09785481439986549,0.33333333333333337
trace_00049,trace_00069,temporal_002,causal_002,temporal_ordering,causal_micro_world,correct,correct,False,False,True,0.3931558784658322,0.5
trace_00049,trace_00070,temporal_002,causal_002,temporal_ordering,causal_micro_world,correct,correct,False,False,True,0.0954372523105548,0.16666666666666669
trace_00049,trace_00071,temporal_002,causal_003,temporal_ordering,causal_micro_world,correct,incorrect,False,False,False,0.4533576883848438,0.5833333333333334
trace_00049,trace_00072,temporal_002,causal_003,temporal_ordering,causal_micro_world,correct,correct,False,False,True,0.3658632937969324,0.5
trace_00049,trace_00073,temporal_002,causal_003,temporal_ordering,causal_micro_world,correct,correct,False,False,True,0.7704260414863775,0.8333333333333333
trace_00049,trace_00074,temporal_002,causal_003,temporal_ordering,causal_micro_world,correct,incorrect,False,False,False,0.4533576883848438,0.5833333333333334
trace_00049,trace_00075,temporal_002,causal_003,temporal_ordering,causal_micro_world,correct,correct,False,False,True,0.7704260414863775,0.8333333333333333
trace_00049,trace_00076,temporal_002,causal_004,temporal_ordering,causal_micro_world,correct,correct,False,False,True,0.6991966271302656,0.8333333333333333
trace_00049,trace_00077,temporal_002,causal_004,temporal_ordering,causal_micro_world,correct,correct,False,False,True,0.6991966271302656,0.8333333333333333
trace_00049,trace_00078,temporal_002,causal_004,temporal_ordering,causal_micro_world,correct,correct,False,False,True,0.19576410325227045,0.43333333333333335
trace_00049,trace_00079,temporal_002,causal_004,temporal_ordering,causal_micro_world,correct,correct,False,False,True,0.7295739585136224,0.8333333333333334
trace_00049,trace_00080,temporal_002,causal_004,temporal_ordering,causal_micro_world,correct,correct,False,False,True,0.6991966271302656,0.8333333333333333
trace_00049,trace_00081,temporal_002,commonsense_001,temporal_ordering,commonsense_multihop,correct,incorrect,False,False,False,0.6556390622295664,0.75
trace_00049,trace_00082,temporal_002,commonsense_001,temporal_ordering,commonsense_multihop,correct,correct,False,False,True,0.13792538097003,0.25
trace_00049,trace_00083,temporal_002,commonsense_001,temporal_ordering,commonsense_multihop,correct,correct,False,False,True,0.3962406251802891,0.5
trace_00049,trace_00084,temporal_002,commonsense_001,temporal_ordering,commonsense_multihop,correct,incorrect,False,False,False,0.4287705856438881,0.5
trace_00049,trace_00085,temporal_002,commonsense_001,temporal_ordering,commonsense_multihop,correct,incorrect,False,False,False,0.2611531947842465,0.43333333333333335
trace_00049,trace_00086,temporal_002,commonsense_002,temporal_ordering,commonsense_multihop,correct,correct,False,False,True,0.2510763145401212,0.41666666666666663
trace_00049,trace_00087,temporal_002,commonsense_002,temporal_ordering,commonsense_multihop,correct,correct,False,False,True,0.21264179365667668,0.25
trace_00049,trace_00088,temporal_002,commonsense_002,temporal_ordering,commonsense_multihop,correct,correct,False,False,True,0.36828085588624304,0.5
trace_00049,trace_00089,temporal_002,commonsense_002,temporal_ordering,commonsense_multihop,correct,incorrect,False,False,False,0.010360419811954107,0.08333333333333333
trace_00049,trace_00090,temporal_002,commonsense_002,temporal_ordering,commonsense_multihop,correct,correct,False,False,True,0.2611531947842465,0.43333333333333335
trace_00049,trace_00091,temporal_002,commonsense_003,temporal_ordering,commonsense_multihop,correct,incorrect,False,False,False,0.5,0.5
trace_00049,trace_00092,temporal_002,commonsense_003,temporal_ordering,commonsense_multihop,correct,correct,False,False,True,0.26210391897722146,0.33333333333333337
trace_00049,trace_00093,temporal_002,commonsense_003,temporal_ordering,commonsense_multihop,correct,incorrect,False,False,False,0.5954372523105548,0.6666666666666666
trace_00049,trace_00094,temporal_002,commonsense_003,temporal_ordering,commonsense_multihop,correct,incorrect,False,False,False,0.6556390622295664,0.75
trace_00049,trace_00095,temporal_002,commonsense_003,temporal_ordering,commonsense_multihop,correct,incorrect,False,False,False,0.26210391897722146,0.33333333333333337
trace_00049,trace_00096,temporal_002,commonsense_004,temporal_ordering,commonsense_multihop,correct,incorrect,False,False,False,0.3931558784658322,0.5
trace_00049,trace_00097,temporal_002,commonsense_004,temporal_ordering,commonsense_multihop,correct,incorrect,False,False,False,0.5408520829727551,0.6666666666666666
trace_00049,trace_00098,temporal_002,commonsense_004,temporal_ordering,commonsense_multihop,correct,incorrect,False,False,False,0.0954372523105548,0.16666666666666669
trace_00049,trace_00099,temporal_002,commonsense_004,temporal_ordering,commonsense_multihop,correct,incorrect,False,False,False,0.41638531593040395,0.5238095238095237
trace_00049,trace_00100,temporal_002,commonsense_004,temporal_ordering,commonsense_multihop,correct,incorrect,False,False,False,0.3931558784658322,0.5
trace_00050,trace_00051,temporal_002,temporal_003,temporal_ordering,temporal_ordering,correct,correct,False,True,True,0.5540157730728,0.6
trace_00050,trace_00052,temporal_002,temporal_003,temporal_ordering,temporal_ordering,correct,incorrect,False,True,False,0.5954372523105548,0.6666666666666666
trace_00050,trace_00053,temporal_002,temporal_003,temporal_ordering,temporal_ordering,correct,incorrect,False,True,False,0.42528358731335336,0.49999999999999994
trace_00050,trace_00054,temporal_002,temporal_003,temporal_ordering,temporal_ordering,correct,correct,False,True,True,0.3112781244591328,0.5
trace_00050,trace_00055,temporal_002,temporal_003,temporal_ordering,temporal_ordering,correct,correct,False,True,True,1.0,1.0
trace_00050,trace_00056,temporal_002,temporal_004,temporal_ordering,temporal_ordering,correct,incorrect,False,True,False,0.5,0.5
trace_00050,trace_00057,temporal_002,temporal_004,temporal_ordering,temporal_ordering,correct,incorrect,False,True,False,0.5,0.5
trace_00050,trace_00058,temporal_002,temporal_004,temporal_ordering,temporal_ordering,correct,incorrect,False,True,False,0.5,0.5
trace_00050,trace_00059,temporal_002,temporal_004,temporal_ordering,temporal_ordering,correct,incorrect,False,True,False,0.5,0.5
trace_00050,trace_00060,temporal_002,temporal_004,temporal_ordering,temporal_ordering,correct,incorrect,False,True,False,0.5,0.5
trace_00050,trace_00061,temporal_002,causal_001,temporal_ordering,causal_micro_world,correct,incorrect,False,False,False,0.1908745046211096,0.33333333333333337
trace_00050,trace_00062,temporal_002,causal_001,temporal_ordering,causal_micro_world,correct,correct,False,False,True,0.42528358731335336,0.5
trace_00050,trace_00063,temporal_002,causal_001,temporal_ordering,causal_micro_world,correct,uncertain,False,False,False,0.2295739585136224,0.33333333333333337
trace_00050,trace_00064,temporal_002,causal_001,temporal_ordering,causal_micro_world,correct,incorrect,False,False,False,0.0,0.0
trace_00050,trace_00065,temporal_002,causal_001,temporal_ordering,causal_micro_world,correct,incorrect,False,False,False,0.3112781244591328,0.5
trace_00050,trace_00066,temporal_002,causal_002,temporal_ordering,causal_micro_world,correct,correct,False,False,True,0.1379253809700299,0.25
trace_00050,trace_00067,temporal_002,causal_002,temporal_ordering,causal_micro_world,correct,incorrect,False,False,False,0.45328338368767396,0.5
trace_00050,trace_00068,temporal_002,causal_002,temporal_ordering,causal_micro_world,correct,correct,False,False,True,0.1556390622295664,0.25
trace_00050,trace_00069,temporal_002,causal_002,temporal_ordering,causal_micro_world,correct,correct,False,False,True,0.1556390622295664,0.25
trace_00050,trace_00070,temporal_002,causal_002,temporal_ordering,causal_micro_world,correct,correct,False,False,True,0.5,0.5
trace_00050,trace_00071,temporal_002,causal_003,temporal_ordering,causal_micro_world,correct,incorrect,False,False,False,0.6556390622295665,0.75
trace_00050,trace_00072,temporal_002,causal_003,temporal_ordering,causal_micro_world,correct,correct,False,False,True,0.5954372523105549,0.6666666666666666
trace_00050,trace_00073,temporal_002,causal_003,temporal_ordering,causal_micro_world,correct,correct,False,False,True,0.5954372523105549,0.6666666666666666
trace_00050,trace_00074,temporal_002,causal_003,temporal_ordering,causal_micro_world,correct,incorrect,False,False,False,0.6556390622295665,0.75
trace_00050,trace_00075,temporal_002,causal_003,temporal_ordering,causal_micro_world,correct,correct,False,False,True,0.5954372523105549,0.6666666666666666
trace_00050,trace_00076,temporal_002,causal_004,temporal_ordering,causal_micro_world,correct,correct,False,False,True,0.42528358731335336,0.5
trace_00050,trace_00077,temporal_002,causal_004,temporal_ordering,causal_micro_world,correct,correct,False,False,True,0.42528358731335336,0.5
trace_00050,trace_00078,temporal_002,causal_004,temporal_ordering,causal_micro_world,correct,correct,False,False,True,0.2519235740744792,0.4
trace_00050,trace_00079,temporal_002,causal_004,temporal_ordering,causal_micro_world,correct,correct,False,False,True,0.5,0.5
trace_00050,trace_00080,temporal_002,causal_004,temporal_ordering,causal_micro_world,correct,correct,False,False,True,0.42528358731335336,0.5
trace_00050,trace_00081,temporal_002,commonsense_001,temporal_ordering,commonsense_multihop,correct,incorrect,False,False,False,1.0,1.0
trace_00050,trace_00082,temporal_002,commonsense_001,temporal_ordering,commonsense_multihop,correct,correct,False,False,True,0.4300365325772657,0.625
trace_00050,trace_00083,temporal_002,commonsense_001,temporal_ordering,commonsense_multihop,correct,correct,False,False,True,0.5954372523105549,0.6666666666666666
trace_00050,trace_00084,temporal_002,commonsense_001,temporal_ordering,commonsense_multihop,correct,incorrect,False,False,False,0.7295739585136223,0.8333333333333334
trace_00050,trace_00085,temporal_002,commonsense_001,temporal_ordering,commonsense_multihop,correct,incorrect,False,False,False,0.3958156020033583,0.6000000000000001
trace_00050,trace_00086,temporal_002,commonsense_002,temporal_ordering,commonsense_multihop,correct,correct,False,False,True,0.5,0.5
trace_00050,trace_00087,temporal_002,commonsense_002,temporal_ordering,commonsense_multihop,correct,correct,False,False,True,0.6556390622295665,0.75
trace_00050,trace_00088,temporal_002,commonsense_002,temporal_ordering,commonsense_multihop,correct,correct,False,False,True,0.6556390622295665,0.75
trace_00050,trace_00089,temporal_002,commonsense_002,temporal_ordering,commonsense_multihop,correct,incorrect,False,False,False,0.3112781244591328,0.5
trace_00050,trace_00090,temporal_002,commonsense_002,temporal_ordering,commonsense_multihop,correct,correct,False,False,True,0.3958156020033583,0.6
trace_00050,trace_00091,temporal_002,commonsense_003,temporal_ordering,commonsense_multihop,correct,incorrect,False,False,False,1.0,1.0
trace_00050,trace_00092,temporal_002,commonsense_003,temporal_ordering,commonsense_multihop,correct,correct,False,False,True,0.5954372523105549,0.6666666666666666
trace_00050,trace_00093,temporal_002,commonsense_003,temporal_ordering,commonsense_multihop,correct,incorrect,False,False,False,1.0,0.9999999999999999
trace_00050,trace_00094,temporal_002,commonsense_003,temporal_ordering,commonsense_multihop,correct,incorrect,False,False,False,1.0,1.0
trace_00050,trace_00095,temporal_002,commonsense_003,temporal_ordering,commonsense_multihop,correct,incorrect,False,False,False,0.5954372523105549,0.6666666666666666
trace_00050,trace_00096,temporal_002,commonsense_004,temporal_ordering,commonsense_multihop,correct,incorrect,False,False,False,0.1556390622295664,0.25
trace_00050,trace_00097,temporal_002,commonsense_004,temporal_ordering,commonsense_multihop,correct,incorrect,False,False,False,0.42528358731335336,0.5
trace_00050,trace_00098,temporal_002,commonsense_004,temporal_ordering,commonsense_multihop,correct,incorrect,False,False,False,0.5,0.5
trace_00050,trace_00099,temporal_002,commonsense_004,temporal_ordering,commonsense_multihop,correct,incorrect,False,False,False,0.22036732006063825,0.3571428571428571
trace_00050,trace_00100,temporal_002,commonsense_004,temporal_ordering,commonsense_multihop,correct,incorrect,False,False,False,0.1556390622295664,0.25
trace_00051,trace_00052,temporal_003,temporal_003,temporal_ordering,temporal_ordering,correct,incorrect,True,True,False,0.1264907875651346,0.26666666666666666
trace_00051,trace_00053,temporal_003,temporal_003,temporal_ordering,temporal_ordering,correct,incorrect,True,True,False,0.1264907875651346,0.26666666666666666
trace_00051,trace_00054,temporal_003,temporal_003,temporal_ordering,temporal_ordering,correct,correct,True,True,True,0.3958156020033583,0.6
trace_00051,trace_00055,temporal_003,temporal_003,temporal_ordering,temporal_ordering,correct,correct,True,True,True,0.3310236596092001,0.4
trace_00051,trace_00056,temporal_003,temporal_004,temporal_ordering,temporal_ordering,correct,incorrect,False,True,False,0.10803154614560012,0.19999999999999998
trace_00051,trace_00057,temporal_003,temporal_004,temporal_ordering,temporal_ordering,correct,incorrect,False,True,False,0.10803154614560012,0.19999999999999998
trace_00051,trace_00058,temporal_003,temporal_004,temporal_ordering,temporal_ordering,correct,incorrect,False,True,False,0.10803154614560012,0.19999999999999998
trace_00051,trace_00059,temporal_003,temporal_004,temporal_ordering,temporal_ordering,correct,incorrect,False,True,False,0.10803154614560012,0.19999999999999998
trace_00051,trace_00060,temporal_003,temporal_004,temporal_ordering,temporal_ordering,correct,incorrect,False,True,False,0.10803154614560012,0.19999999999999998
trace_00051,trace_00061,temporal_003,causal_001,temporal_ordering,causal_micro_world,correct,incorrect,False,False,False,0.3810065216784586,0.4666666666666667
trace_00051,trace_00062,temporal_003,causal_001,temporal_ordering,causal_micro_world,correct,correct,False,False,True,0.745484265886676,0.8
trace_00051,trace_00063,temporal_003,causal_001,temporal_ordering,causal_micro_world,correct,uncertain,False,False,False,0.3878942921556979,0.5
trace_00051,trace_00064,temporal_003,causal_001,temporal_ordering,causal_micro_world,correct,incorrect,False,False,False,0.5540157730728,0.6
trace_00051,trace_00065,temporal_003,causal_001,temporal_ordering,causal_micro_world,correct,incorrect,False,False,False,1.0,0.9999999999999999
trace_00051,trace_00066,temporal_003,causal_002,temporal_ordering,causal_micro_world,correct,correct,False,False,True,0.40492809885271863,0.5
trace_00051,trace_00067,temporal_003,causal_002,temporal_ordering,causal_micro_world,correct,incorrect,False,False,False,0.6000000000000001,0.6
trace_00051,trace_00068,temporal_003,causal_002,temporal_ordering,causal_micro_world,correct,correct,False,False,True,0.37519620693013067,0.5
trace_00051,trace_00069,temporal_003,causal_002,temporal_ordering,causal_micro_world,correct,correct,False,False,True,0.3310236596092001,0.4
trace_00051,trace_00070,temporal_003,causal_002,temporal_ordering,causal_micro_world,correct,correct,False,False,True,0.10803154614560012,0.19999999999999998
trace_00051,trace_00071,temporal_003,causal_003,temporal_ordering,causal_micro_world,correct,incorrect,False,False,False,0.6875981034650653,0.75
trace_00051,trace_00072,temporal_003,causal_003,temporal_ordering,causal_micro_world,correct,correct,False,False,True,0.6355222557917826,0.6666666666666666
trace_00051,trace_00073,temporal_003,causal_003,temporal_ordering,causal_micro_world,correct,correct,False,False,True,0.745484265886676,0.7999999999999999
trace_00051,trace_00074,temporal_003,causal_003,temporal_ordering,causal_micro_world,correct,incorrect,False,False,False,0.4646059900014654,0.55
trace_00051,trace_00075,temporal_003,causal_003,temporal_ordering,causal_micro_world,correct,correct,False,False,True,0.745484265886676,0.7999999999999999
trace_00051,trace_00076,temporal_003,causal_004,temporal_ordering,causal_micro_world,correct,correct,False,False,True,0.745484265886676,0.8
trace_00051,trace_00077,temporal_003,causal_004,temporal_ordering,causal_micro_world,correct,correct,False,False,True,0.745484265886676,0.8
trace_00051,trace_00078,temporal_003,causal_004,temporal_ordering,causal_micro_world,correct,correct,False,False,True,0.24902249956730627,0.4
trace_00051,trace_00079,temporal_003,causal_004,temporal_ordering,causal_micro_world,correct,correct,False,False,True,0.6979078010016793,0.8
trace_00051,trace_00080,temporal_003,causal_004,temporal_ordering,causal_micro_world,correct,correct,False,False,True,0.745484265886676,0.8
trace_00051,trace_00081,temporal_003,commonsense_001,temporal_ordering,commonsense_multihop,correct,incorrect,False,False,False,0.3855059044667445,0.55
trace_00051,trace_00082,temporal_003,commonsense_001,temporal_ordering,commonsense_multihop,correct,correct,False,False,True,0.07739690640314842,0.17500000000000002
trace_00051,trace_00083,temporal_003,commonsense_001,temporal_ordering,commonsense_multihop,correct,correct,False,False,True,0.08580209315737704,0.30000000000000004
trace_00051,trace_00084,temporal_003,commonsense_001,temporal_ordering,commonsense_multihop,correct,incorrect,False,False,False,0.3810065216784586,0.4666666666666667
trace_00051,trace_00085,temporal_003,commonsense_001,temporal_ordering,commonsense_multihop,correct,incorrect,False,False,False,0.17353374935095933,0.4
trace_00051,trace_00086,temporal_003,commonsense_002,temporal_ordering,commonsense_multihop,correct,correct,False,False,True,0.01862176307426544,0.15
trace_00051,trace_00087,temporal_003,commonsense_002,temporal_ordering,commonsense_multihop,correct,correct,False,False,True,0.01862176307426544,0.15
trace_00051,trace_00088,temporal_003,commonsense_002,temporal_ordering,commonsense_multihop,correct,correct,False,False,True,0.15220409346653074,0.30000000000000004
trace_00051,trace_00089,temporal_003,commonsense_002,temporal_ordering,commonsense_multihop,correct,incorrect,False,False,False,0.24161387653786542,0.35
trace_00051,trace_00090,temporal_003,commonsense_002,temporal_ordering,commonsense_multihop,correct,correct,False,False,True,0.24902249956730624,0.4
trace_00051,trace_00091,temporal_003,commonsense_003,temporal_ordering,commonsense_multihop,correct,incorrect,False,False,False,0.2519235740744792,0.4
trace_00051,trace_00092,temporal_003,commonsense_003,temporal_ordering,commonsense_multihop,correct,correct,False,False,True,0.016528777470241153,0.13333333333333336
trace_00051,trace_00093,temporal_003,commonsense_003,temporal_ordering,commonsense_multihop,correct,incorrect,False,False,False,0.3810065216784586,0.4666666666666667
trace_00051,trace_00094,temporal_003,commonsense_003,temporal_ordering,commonsense_multihop,correct,incorrect,False,False,False,0.3349165079325567,0.55
trace_00051,trace_00095,temporal_003,commonsense_003,temporal_ordering,commonsense_multihop,correct,incorrect,False,False,False,0.016528777470241153,0.13333333333333336
trace_00051,trace_00096,temporal_003,commonsense_004,temporal_ordering,commonsense_multihop,correct,incorrect,False,False,False,0.3310236596092001,0.4
trace_00051,trace_00097,temporal_003,commonsense_004,temporal_ordering,commonsense_multihop,correct,incorrect,False,False,False,0.236452797660028,0.39999999999999997
trace_00051,trace_00098,temporal_003,commonsense_004,temporal_ordering,commonsense_multihop,correct,incorrect,False,False,False,0.10803154614560012,0.19999999999999998
trace_00051,trace_00099,temporal_003,commonsense_004,temporal_ordering,commonsense_multihop,correct,incorrect,False,False,False,0.3572767017746905,0.4571428571428572
trace_00051,trace_00100,temporal_003,commonsense_004,temporal_ordering,commonsense_multihop,correct,incorrect,False,False,False,0.3310236596092001,0.4
trace_00052,trace_00053,temporal_003,temporal_003,temporal_ordering,temporal_ordering,incorrect,incorrect,True,True,True,0.08170416594551039,0.3333333333333333
trace_00052,trace_00054,temporal_003,temporal_003,temporal_ordering,temporal_ordering,incorrect,correct,True,True,False,0.4591479170272448,0.6666666666666667
trace_00052,trace_00055,temporal_003,temporal_003,temporal_ordering,temporal_ordering,incorrect,correct,True,True,False,0.42528358731335336,0.5
trace_00052,trace_00056,temporal_003,temporal_004,temporal_ordering,temporal_ordering,incorrect,incorrect,False,True,True,0.020720839623908215,0.16666666666666666
trace_00052,trace_00057,temporal_003,temporal_004,temporal_ordering,temporal_ordering,incorrect,incorrect,False,True,True,0.020720839623908215,0.16666666666666666
trace_00052,trace_00058,temporal_003,temporal_004,temporal_ordering,temporal_ordering,incorrect,incorrect,False,True,True,0.020720839623908215,0.16666666666666666
trace_00052,trace_00059,temporal_003,temporal_004,temporal_ordering,temporal_ordering,incorrect,incorrect,False,True,True,0.020720839623908215,0.16666666666666666
trace_00052,trace_00060,temporal_003,temporal_004,temporal_ordering,temporal_ordering,incorrect,incorrect,False,True,True,0.020720839623908215,0.16666666666666666
trace_00052,trace_00061,temporal_003,causal_001,temporal_ordering,causal_micro_world,incorrect,incorrect,False,False,True,0.6666666666666666,0.6666666666666666
trace_00052,trace_00062,temporal_003,causal_001,temporal_ordering,causal_micro_world,incorrect,correct,False,False,False,1.0,0.9999999999999999
trace_00052,trace_00063,temporal_003,causal_001,temporal_ordering,causal_micro_world,incorrect,uncertain,False,False,False,0.3112781244591328,0.49999999999999994
trace_00052,trace_00064,temporal_003,causal_001,temporal_ordering,causal_micro_world,incorrect,incorrect,False,False,True,0.5954372523105548,0.6666666666666666
trace_00052,trace_00065,temporal_003,causal_001,temporal_ordering,causal_micro_world,incorrect,incorrect,False,False,True,1.0,0.9999999999999999
trace_00052,trace_00066,temporal_003,causal_002,temporal_ordering,causal_micro_world,incorrect,correct,False,False,False,0.3976400303845914,0.5416666666666666
trace_00052,trace_00067,temporal_003,causal_002,temporal_ordering,causal_micro_world,incorrect,incorrect,False,False,True,0.490968531773352,0.6
trace_00052,trace_00068,temporal_003,causal_002,temporal_ordering,causal_micro_world,incorrect,correct,False,False,False,0.32518928103806,0.5
trace_00052,trace_00069,temporal_003,causal_002,temporal_ordering,causal_micro_world,incorrect,correct,False,False,False,0.5954372523105548,0.6666666666666666
trace_00052,trace_00070,temporal_003,causal_002,temporal_ordering,causal_micro_world,incorrect,correct,False,False,False,0.020720839623908215,0.16666666666666666
trace_00052,trace_00071,temporal_003,causal_003,temporal_ordering,causal_micro_world,incorrect,incorrect,False,False,True,0.6125474873813833,0.75
trace_00052,trace_00072,temporal_003,causal_003,temporal_ordering,causal_micro_world,incorrect,correct,False,False,False,0.5408520829727551,0.6666666666666666
trace_00052,trace_00073,temporal_003,causal_003,temporal_ordering,causal_micro_world,incorrect,correct,False,False,False,1.0,0.9999999999999999
trace_00052,trace_00074,temporal_003,causal_003,temporal_ordering,causal_micro_world,incorrect,incorrect,False,False,True,0.6125474873813833,0.75
trace_00052,trace_00075,temporal_003,causal_003,temporal_ordering,causal_micro_world,incorrect,correct,False,False,False,1.0,0.9999999999999999
trace_00052,trace_00076,temporal_003,causal_004,temporal_ordering,causal_micro_world,incorrect,correct,False,False,False,1.0,0.9999999999999999
trace_00052,trace_00077,temporal_003,causal_004,temporal_ordering,causal_micro_world,incorrect,correct,False,False,False,1.0,0.9999999999999999
trace_00052,trace_00078,temporal_003,causal_004,temporal_ordering,causal_micro_world,incorrect,correct,False,False,False,0.4077660030601058,0.6
trace_00052,trace_00079,temporal_003,causal_004,temporal_ordering,causal_micro_world,incorrect,correct,False,False,False,1.0,0.9999999999999999
trace_00052,trace_00080,temporal_003,causal_004,temporal_ordering,causal_micro_world,incorrect,correct,False,False,False,1.0,0.9999999999999999
trace_00052,trace_00081,temporal_003,commonsense_001,temporal_ordering,commonsense_multihop,incorrect,incorrect,False,False,True,0.6125474873813833,0.75
trace_00052,trace_00082,temporal_003,commonsense_001,temporal_ordering,commonsense_multihop,incorrect,correct,False,False,False,0.22166096591944123,0.375
trace_00052,trace_00083,temporal_003,commonsense_001,temporal_ordering,commonsense_multihop,incorrect,correct,False,False,False,0.3658632937969324,0.5
trace_00052,trace_00084,temporal_003,commonsense_001,temporal_ordering,commonsense_multihop,incorrect,incorrect,False,False,True,0.5408520829727551,0.6666666666666666
trace_00052,trace_00085,temporal_003,commonsense_001,temporal_ordering,commonsense_multihop,incorrect,incorrect,False,False,True,0.4077660030601058,0.6
trace_00052,trace_00086,temporal_003,commonsense_002,temporal_ordering,commonsense_multihop,incorrect,correct,False,False,False,0.20798473969193812,0.41666666666666663
trace_00052,trace_00087,temporal_003,commonsense_002,temporal_ordering,commonsense_multihop,incorrect,correct,False,False,False,0.13792538097003013,0.24999999999999997
trace_00052,trace_00088,temporal_003,commonsense_002,temporal_ordering,commonsense_multihop,incorrect,correct,False,False,False,0.32518928103806,0.5
trace_00052,trace_00089,temporal_003,commonsense_002,temporal_ordering,commonsense_multihop,incorrect,incorrect,False,False,True,0.13792538097003013,0.24999999999999997
trace_00052,trace_00090,temporal_003,commonsense_002,temporal_ordering,commonsense_multihop,incorrect,correct,False,False,False,0.4077660030601058,0.6
trace_00052,trace_00091,temporal_003,commonsense_003,temporal_ordering,commonsense_multihop,incorrect,incorrect,False,False,True,0.42528358731335336,0.5
trace_00052,trace_00092,temporal_003,commonsense_003,temporal_ordering,commonsense_multihop,incorrect,correct,False,False,False,0.20751874963942185,0.3333333333333333
trace_00052,trace_00093,temporal_003,commonsense_003,temporal_ordering,commonsense_multihop,incorrect,incorrect,False,False,True,0.5408520829727551,0.6666666666666666
trace_00052,trace_00094,temporal_003,commonsense_003,temporal_ordering,commonsense_multihop,incorrect,incorrect,False,False,True,0.6125474873813833,0.75
trace_00052,trace_00095,temporal_003,commonsense_003,temporal_ordering,commonsense_multihop,incorrect,incorrect,False,False,True,0.20751874963942185,0.3333333333333333
trace_00052,trace_00096,temporal_003,commonsense_004,temporal_ordering,commonsense_multihop,incorrect,incorrect,False,False,True,0.5954372523105548,0.6666666666666666
trace_00052,trace_00097,temporal_003,commonsense_004,temporal_ordering,commonsense_multihop,incorrect,incorrect,False,False,True,0.5408520829727551,0.6666666666666666
trace_00052,trace_00098,temporal_003,commonsense_004,temporal_ordering,commonsense_multihop,incorrect,incorrect,False,False,True,0.020720839623908215,0.16666666666666666
trace_00052,trace_00099,temporal_003,commonsense_004,temporal_ordering,commonsense_multihop,incorrect,incorrect,False,False,True,0.5704859930387852,0.6666666666666666
trace_00052,trace_00100,temporal_003,commonsense_004,temporal_ordering,commonsense_multihop,incorrect,incorrect,False,False,True,0.5954372523105548,0.6666666666666666
trace_00053,trace_00054,temporal_003,temporal_003,temporal_ordering,temporal_ordering,incorrect,correct,True,True,False,0.1908745046211096,0.33333333333333337
trace_00053,trace_00055,temporal_003,temporal_003,temporal_ordering,temporal_ordering,incorrect,correct,True,True,False,0.5954372523105548,0.6666666666666666
trace_00053,trace_00056,temporal_003,temporal_004,temporal_ordering,temporal_ordering,incorrect,incorrect,False,True,True,0.020720839623908215,0.16666666666666666
trace_00053,trace_00057,temporal_003,temporal_004,temporal_ordering,temporal_ordering,incorrect,incorrect,False,True,True,0.020720839623908215,0.16666666666666666
trace_00053,trace_00058,temporal_003,temporal_004,temporal_ordering,temporal_ordering,incorrect,incorrect,False,True,True,0.020720839623908215,0.16666666666666666
trace_00053,trace_00059,temporal_003,temporal_004,temporal_ordering,temporal_ordering,incorrect,incorrect,False,True,True,0.020720839623908215,0.16666666666666666
trace_00053,trace_00060,temporal_003,temporal_004,temporal_ordering,temporal_ordering,incorrect,incorrect,False,True,True,0.020720839623908215,0.16666666666666666
trace_00053,trace_00061,temporal_003,causal_001,temporal_ordering,causal_micro_world,incorrect,incorrect,False,False,True,0.5408520829727551,0.6666666666666666
trace_00053,trace_00062,temporal_003,causal_001,temporal_ordering,causal_micro_world,incorrect,correct,False,False,False,1.0,0.9999999999999999
trace_00053,trace_00063,temporal_003,causal_001,temporal_ordering,causal_micro_world,incorrect,uncertain,False,False,False,0.3658632937969324,0.5
trace_00053,trace_00064,temporal_003,causal_001,temporal_ordering,causal_micro_world,incorrect,incorrect,False,False,True,0.42528358731335336,0.49999999999999994
trace_00053,trace_00065,temporal_003,causal_001,temporal_ordering,causal_micro_world,incorrect,incorrect,False,False,True,1.0,1.0
trace_00053,trace_00066,temporal_003,causal_002,temporal_ordering,causal_micro_world,incorrect,correct,False,False,False,0.31529291595345615,0.49999999999999994
trace_00053,trace_00067,temporal_003,causal_002,temporal_ordering,causal_micro_world,incorrect,incorrect,False,False,True,0.6355222557917826,0.6666666666666667
trace_00053,trace_00068,temporal_003,causal_002,temporal_ordering,causal_micro_world,incorrect,correct,False,False,False,0.32518928103806,0.49999999999999994
trace_00053,trace_00069,temporal_003,causal_002,temporal_ordering,causal_micro_world,incorrect,correct,False,False,False,0.42528358731335336,0.49999999999999994
trace_00053,trace_00070,temporal_003,causal_002,temporal_ordering,causal_micro_world,incorrect,correct,False,False,False,0.020720839623908215,0.16666666666666666
trace_00053,trace_00071,temporal_003,causal_003,temporal_ordering,causal_micro_world,incorrect,incorrect,False,False,True,0.7126417936566767,0.75
trace_00053,trace_00072,temporal_003,causal_003,temporal_ordering,causal_micro_world,incorrect,correct,False,False,False,0.6666666666666666,0.6666666666666666
trace_00053,trace_00073,temporal_003,causal_003,temporal_ordering,causal_micro_world,incorrect,correct,False,False,False,1.0,0.9999999999999999
trace_00053,trace_00074,temporal_003,causal_003,temporal_ordering,causal_micro_world,incorrect,incorrect,False,False,True,0.7126417936566767,0.75
trace_00053,trace_00075,temporal_003,causal_003,temporal_ordering,causal_micro_world,incorrect,correct,False,False,False,1.0,0.9999999999999999
trace_00053,trace_00076,temporal_003,causal_004,temporal_ordering,causal_micro_world,incorrect,correct,False,False,False,1.0,0.9999999999999999
trace_00053,trace_00077,temporal_003,causal_004,temporal_ordering,causal_micro_world,incorrect,correct,False,False,False,1.0,0.9999999999999999
trace_00053,trace_00078,temporal_003,causal_004,temporal_ordering,causal_micro_world,incorrect,correct,False,False,False,0.4077660030601058,0.6
trace_00053,trace_00079,temporal_003,causal_004,temporal_ordering,causal_micro_world,incorrect,correct,False,False,False,1.0,1.0
trace_00053,trace_00080,temporal_003,causal_004,temporal_ordering,causal_micro_world,incorrect,correct,False,False,False,1.0,0.9999999999999999
trace_00053,trace_00081,temporal_003,commonsense_001,temporal_ordering,commonsense_multihop,incorrect,incorrect,False,False,True,0.7126417936566767,0.75
trace_00053,trace_00082,temporal_003,commonsense_001,temporal_ordering,commonsense_multihop,incorrect,correct,False,False,False,0.2592653355423217,0.41666666666666663
trace_00053,trace_00083,temporal_003,commonsense_001,temporal_ordering,commonsense_multihop,incorrect,correct,False,False,False,0.3112781244591328,0.5
trace_00053,trace_00084,temporal_003,commonsense_001,temporal_ordering,commonsense_multihop,incorrect,incorrect,False,False,True,0.6666666666666666,0.6666666666666666
trace_00053,trace_00085,temporal_003,commonsense_001,temporal_ordering,commonsense_multihop,incorrect,incorrect,False,False,True,0.4077660030601058,0.6
trace_00053,trace_00086,temporal_003,commonsense_002,temporal_ordering,commonsense_multihop,incorrect,correct,False,False,False,0.13792538097003013,0.24999999999999997
trace_00053,trace_00087,temporal_003,commonsense_002,temporal_ordering,commonsense_multihop,incorrect,correct,False,False,False,0.20798473969193812,0.41666666666666663
trace_00053,trace_00088,temporal_003,commonsense_002,temporal_ordering,commonsense_multihop,incorrect,correct,False,False,False,0.32518928103806,0.5
trace_00053,trace_00089,temporal_003,commonsense_002,temporal_ordering,commonsense_multihop,incorrect,incorrect,False,False,True,0.20798473969193815,0.41666666666666663
trace_00053,trace_00090,temporal_003,commonsense_002,temporal_ordering,commonsense_multihop,incorrect,correct,False,False,False,0.4077660030601058,0.6
trace_00053,trace_00091,temporal_003,commonsense_003,temporal_ordering,commonsense_multihop,incorrect,incorrect,False,False,True,0.5954372523105548,0.6666666666666666
trace_00053,trace_00092,temporal_003,commonsense_003,temporal_ordering,commonsense_multihop,incorrect,correct,False,False,False,0.20751874963942185,0.3333333333333333
trace_00053,trace_00093,temporal_003,commonsense_003,temporal_ordering,commonsense_multihop,incorrect,incorrect,False,False,True,0.6666666666666666,0.6666666666666666
trace_00053,trace_00094,temporal_003,commonsense_003,temporal_ordering,commonsense_multihop,incorrect,incorrect,False,False,True,0.7126417936566767,0.75
trace_00053,trace_00095,temporal_003,commonsense_003,temporal_ordering,commonsense_multihop,incorrect,incorrect,False,False,True,0.20751874963942185,0.3333333333333333
trace_00053,trace_00096,temporal_003,commonsense_004,temporal_ordering,commonsense_multihop,incorrect,incorrect,False,False,True,0.42528358731335336,0.49999999999999994
trace_00053,trace_00097,temporal_003,commonsense_004,temporal_ordering,commonsense_multihop,incorrect,incorrect,False,False,True,0.3333333333333333,0.3333333333333333
trace_00053,trace_00098,temporal_003,commonsense_004,temporal_ordering,commonsense_multihop,incorrect,incorrect,False,False,True,0.020720839623908215,0.16666666666666666
trace_00053,trace_00099,temporal_003,commonsense_004,temporal_ordering,commonsense_multihop,incorrect,incorrect,False,False,True,0.3835972915664746,0.4285714285714285
trace_00053,trace_00100,temporal_003,commonsense_004,temporal_ordering,commonsense_multihop,incorrect,incorrect,False,False,True,0.42528358731335336,0.49999999999999994
trace_00054,trace_00055,temporal_003,temporal_003,temporal_ordering,temporal_ordering,correct,correct,True,True,True,1.0,1.0
trace_00054,trace_00056,temporal_003,temporal_004,temporal_ordering,temporal_ordering,correct,incorrect,False,True,False,0.3112781244591328,0.5
trace_00054,trace_00057,temporal_003,temporal_004,temporal_ordering,temporal_ordering,correct,incorrect,False,True,False,0.3112781244591328,0.5
trace_00054,trace_00058,temporal_003,temporal_004,temporal_ordering,temporal_ordering,correct,incorrect,False,True,False,0.3112781244591328,0.5
trace_00054,trace_00059,temporal_003,temporal_004,temporal_ordering,temporal_ordering,correct,incorrect,False,True,False,0.3112781244591328,0.5
trace_00054,trace_00060,temporal_003,temporal_004,temporal_ordering,temporal_ordering,correct,incorrect,False,True,False,0.3112781244591328,0.5
trace_00054,trace_00061,temporal_003,causal_001,temporal_ordering,causal_micro_world,correct,incorrect,False,False,False,0.4591479170272448,0.6666666666666666
trace_00054,trace_00062,temporal_003,causal_001,temporal_ordering,causal_micro_world,correct,correct,False,False,True,1.0,0.9999999999999999
trace_00054,trace_00063,temporal_003,causal_001,temporal_ordering,causal_micro_world,correct,uncertain,False,False,False,0.6548575458269756,0.8333333333333333
trace_00054,trace_00064,temporal_003,causal_001,temporal_ordering,causal_micro_world,correct,incorrect,False,False,False,0.3112781244591328,0.5
trace_00054,trace_00065,temporal_003,causal_001,temporal_ordering,causal_micro_world,correct,incorrect,False,False,False,1.0,1.0
trace_00054,trace_00066,temporal_003,causal_002,temporal_ordering,causal_micro_world,correct,correct,False,False,True,0.4188212310720749,0.625
trace_00054,trace_00067,temporal_003,causal_002,temporal_ordering,causal_micro_world,correct,incorrect,False,False,False,1.0,1.0
trace_00054,trace_00068,temporal_003,causal_002,temporal_ordering,causal_micro_world,correct,correct,False,False,True,0.5487949406953987,0.75
trace_00054,trace_00069,temporal_003,causal_002,temporal_ordering,causal_micro_world,correct,correct,False,False,True,0.3112781244591328,0.5
trace_00054,trace_00070,temporal_003,causal_002,temporal_ordering,causal_micro_world,correct,correct,False,False,True,0.3112781244591328,0.5
trace_00054,trace_00071,temporal_003,causal_003,temporal_ordering,causal_micro_world,correct,incorrect,False,False,False,1.0,1.0
trace_00054,trace_00072,temporal_003,causal_003,temporal_ordering,causal_micro_world,correct,correct,False,False,True,1.0,0.9999999999999999
trace_00054,trace_00073,temporal_003,causal_003,temporal_ordering,causal_micro_world,correct,correct,False,False,True,1.0,0.9999999999999999
trace_00054,trace_00074,temporal_003,causal_003,temporal_ordering,causal_micro_world,correct,incorrect,False,False,False,1.0,1.0
trace_00054,trace_00075,temporal_003,causal_003,temporal_ordering,causal_micro_world,correct,correct,False,False,True,1.0,0.9999999999999999
trace_00054,trace_00076,temporal_003,causal_004,temporal_ordering,causal_micro_world,correct,correct,False,False,True,1.0,0.9999999999999999
trace_00054,trace_00077,temporal_003,causal_004,temporal_ordering,causal_micro_world,correct,correct,False,False,True,1.0,0.9999999999999999
trace_00054,trace_00078,temporal_003,causal_004,temporal_ordering,causal_micro_world,correct,correct,False,False,True,0.6099865470109875,0.8
trace_00054,trace_00079,temporal_003,causal_004,temporal_ordering,causal_micro_world,correct,correct,False,False,True,1.0,1.0
trace_00054,trace_00080,temporal_003,causal_004,temporal_ordering,causal_micro_world,correct,correct,False,False,True,1.0,0.9999999999999999
trace_00054,trace_00081,temporal_003,commonsense_001,temporal_ordering,commonsense_multihop,correct,incorrect,False,False,False,1.0,1.0
trace_00054,trace_00082,temporal_003,commonsense_001,temporal_ordering,commonsense_multihop,correct,correct,False,False,True,0.5487949406953987,0.75
trace_00054,trace_00083,temporal_003,commonsense_001,temporal_ordering,commonsense_multihop,correct,correct,False,False,True,0.4591479170272448,0.6666666666666667
trace_00054,trace_00084,temporal_003,commonsense_001,temporal_ordering,commonsense_multihop,correct,incorrect,False,False,False,1.0,1.0
trace_00054,trace_00085,temporal_003,commonsense_001,temporal_ordering,commonsense_multihop,correct,incorrect,False,False,False,0.6099865470109875,0.8
trace_00054,trace_00086,temporal_003,commonsense_002,temporal_ordering,commonsense_multihop,correct,correct,False,False,True,0.3112781244591328,0.5
trace_00054,trace_00087,temporal_003,commonsense_002,temporal_ordering,commonsense_multihop,correct,correct,False,False,True,0.5487949406953987,0.75
trace_00054,trace_00088,temporal_003,commonsense_002,temporal_ordering,commonsense_multihop,correct,correct,False,False,True,0.5487949406953987,0.75
trace_00054,trace_00089,temporal_003,commonsense_002,temporal_ordering,commonsense_multihop,correct,incorrect,False,False,False,0.5487949406953987,0.75
trace_00054,trace_00090,temporal_003,commonsense_002,temporal_ordering,commonsense_multihop,correct,correct,False,False,True,0.6099865470109875,0.8
trace_00054,trace_00091,temporal_003,commonsense_003,temporal_ordering,commonsense_multihop,correct,incorrect,False,False,False,1.0,1.0
trace_00054,trace_00092,temporal_003,commonsense_003,temporal_ordering,commonsense_multihop,correct,correct,False,False,True,0.4591479170272448,0.6666666666666666
trace_00054,trace_00093,temporal_003,commonsense_003,temporal_ordering,commonsense_multihop,correct,incorrect,False,False,False,1.0,0.9999999999999999
trace_00054,trace_00094,temporal_003,commonsense_003,temporal_ordering,commonsense_multihop,correct,incorrect,False,False,False,1.0,1.0
trace_00054,trace_00095,temporal_003,commonsense_003,temporal_ordering,commonsense_multihop,correct,incorrect,False,False,False,0.4591479170272448,0.6666666666666666
trace_00054,trace_00096,temporal_003,commonsense_004,temporal_ordering,commonsense_multihop,correct,incorrect,False,False,False,0.3112781244591328,0.5
trace_00054,trace_00097,temporal_003,commonsense_004,temporal_ordering,commonsense_multihop,correct,incorrect,False,False,False,0.1908745046211096,0.33333333333333337
trace_00054,trace_00098,temporal_003,commonsense_004,temporal_ordering,commonsense_multihop,correct,incorrect,False,False,False,0.3112781244591328,0.5
trace_00054,trace_00099,temporal_003,commonsense_004,temporal_ordering,commonsense_multihop,correct,incorrect,False,False,False,0.2569811892423542,0.4285714285714285
trace_00054,trace_00100,temporal_003,commonsense_004,temporal_ordering,commonsense_multihop,correct,incorrect,False,False,False,0.3112781244591328,0.5
trace_00055,trace_00056,temporal_003,temporal_004,temporal_ordering,temporal_ordering,correct,incorrect,False,True,False,0.5,0.5
trace_00055,trace_00057,temporal_003,temporal_004,temporal_ordering,temporal_ordering,correct,incorrect,False,True,False,0.5,0.5
trace_00055,trace_00058,temporal_003,temporal_004,temporal_ordering,temporal_ordering,correct,incorrect,False,True,False,0.5,0.5
trace_00055,trace_00059,temporal_003,temporal_004,temporal_ordering,temporal_ordering,correct,incorrect,False,True,False,0.5,0.5
trace_00055,trace_00060,temporal_003,temporal_004,temporal_ordering,temporal_ordering,correct,incorrect,False,True,False,0.5,0.5
trace_00055,trace_00061,temporal_003,causal_001,temporal_ordering,causal_micro_world,correct,incorrect,False,False,False,0.7126417936566767,0.7499999999999999
trace_00055,trace_00062,temporal_003,causal_001,temporal_ordering,causal_micro_world,correct,correct,False,False,True,0.7126417936566767,0.7499999999999999
trace_00055,trace_00063,temporal_003,causal_001,temporal_ordering,causal_micro_world,correct,uncertain,False,False,False,0.5954372523105549,0.6666666666666667
trace_00055,trace_00064,temporal_003,causal_001,temporal_ordering,causal_micro_world,correct,incorrect,False,False,False,1.0,1.0
trace_00055,trace_00065,temporal_003,causal_001,temporal_ordering,causal_micro_world,correct,incorrect,False,False,False,1.0,1.0
trace_00055,trace_00066,temporal_003,causal_002,temporal_ordering,causal_micro_world,correct,correct,False,False,True,0.6022170014624826,0.75
trace_00055,trace_00067,temporal_003,causal_002,temporal_ordering,causal_micro_world,correct,incorrect,False,False,False,0.5540157730728,0.6
trace_00055,trace_00068,temporal_003,causal_002,temporal_ordering,causal_micro_world,correct,correct,False,False,True,0.6556390622295665,0.75
trace_00055,trace_00069,temporal_003,causal_002,temporal_ordering,causal_micro_world,correct,correct,False,False,True,0.75,0.75
trace_00055,trace_00070,temporal_003,causal_002,temporal_ordering,causal_micro_world,correct,correct,False,False,True,0.5,0.5
trace_00055,trace_00071,temporal_003,causal_003,temporal_ordering,causal_micro_world,correct,incorrect,False,False,False,0.3112781244591328,0.5
trace_00055,trace_00072,temporal_003,causal_003,temporal_ordering,causal_micro_world,correct,correct,False,False,True,0.3080790459672315,0.41666666666666663
trace_00055,trace_00073,temporal_003,causal_003,temporal_ordering,causal_micro_world,correct,correct,False,False,True,0.42528358731335336,0.4999999999999999
trace_00055,trace_00074,temporal_003,causal_003,temporal_ordering,causal_micro_world,correct,incorrect,False,False,False,0.1556390622295664,0.25
trace_00055,trace_00075,temporal_003,causal_003,temporal_ordering,causal_micro_world,correct,correct,False,False,True,0.42528358731335336,0.4999999999999999
trace_00055,trace_00076,temporal_003,causal_004,temporal_ordering,causal_micro_world,correct,correct,False,False,True,0.7126417936566767,0.7499999999999999
trace_00055,trace_00077,temporal_003,causal_004,temporal_ordering,causal_micro_world,correct,correct,False,False,True,0.7126417936566767,0.7499999999999999
trace_00055,trace_00078,temporal_003,causal_004,temporal_ordering,causal_micro_world,correct,correct,False,False,True,0.4749156875380792,0.6
trace_00055,trace_00079,temporal_003,causal_004,temporal_ordering,causal_micro_world,correct,correct,False,False,True,0.6556390622295665,0.75
trace_00055,trace_00080,temporal_003,causal_004,temporal_ordering,causal_micro_world,correct,correct,False,False,True,0.7126417936566767,0.7499999999999999
trace_00055,trace_00081,temporal_003,commonsense_001,temporal_ordering,commonsense_multihop,correct,incorrect,False,False,False,0.06127812445913278,0.25
trace_00055,trace_00082,temporal_003,commonsense_001,temporal_ordering,commonsense_multihop,correct,correct,False,False,True,0.31896269048501497,0.375
trace_00055,trace_00083,temporal_003,commonsense_001,temporal_ordering,commonsense_multihop,correct,correct,False,False,True,0.38521302074318875,0.5833333333333334
trace_00055,trace_00084,temporal_003,commonsense_001,temporal_ordering,commonsense_multihop,correct,incorrect,False,False,False,0.10579767212250889,0.25
trace_00055,trace_00085,temporal_003,commonsense_001,temporal_ordering,commonsense_multihop,correct,incorrect,False,False,False,0.3855059044667445,0.55
trace_00055,trace_00086,temporal_003,commonsense_002,temporal_ordering,commonsense_multihop,correct,correct,False,False,True,0.40563906222956636,0.5
trace_00055,trace_00087,temporal_003,commonsense_002,temporal_ordering,commonsense_multihop,correct,correct,False,False,True,0.25,0.25
trace_00055,trace_00088,temporal_003,commonsense_002,temporal_ordering,commonsense_multihop,correct,correct,False,False,True,0.1556390622295664,0.25
trace_00055,trace_00089,temporal_003,commonsense_002,temporal_ordering,commonsense_multihop,correct,incorrect,False,False,False,0.5,0.5
trace_00055,trace_00090,temporal_003,commonsense_002,temporal_ordering,commonsense_multihop,correct,correct,False,False,True,0.2519235740744792,0.4
trace_00055,trace_00091,temporal_003,commonsense_003,temporal_ordering,commonsense_multihop,correct,incorrect,False,False,False,0.1556390622295664,0.25
trace_00055,trace_00092,temporal_003,commonsense_003,temporal_ordering,commonsense_multihop,correct,correct,False,False,True,0.3080790459672315,0.41666666666666663
trace_00055,trace_00093,temporal_003,commonsense_003,temporal_ordering,commonsense_multihop,correct,incorrect,False,False,False,0.020720839623908215,0.16666666666666666
trace_00055,trace_00094,temporal_003,commonsense_003,temporal_ordering,commonsense_multihop,correct,incorrect,False,False,False,0.24999999999999997,0.5
trace_00055,trace_00095,temporal_003,commonsense_003,temporal_ordering,commonsense_multihop,correct,incorrect,False,False,False,0.3080790459672315,0.41666666666666663
trace_00055,trace_00096,temporal_003,commonsense_004,temporal_ordering,commonsense_multihop,correct,incorrect,False,False,False,0.75,0.75
trace_00055,trace_00097,temporal_003,commonsense_004,temporal_ordering,commonsense_multihop,correct,incorrect,False,False,False,0.7126417936566767,0.7499999999999999
trace_00055,trace_00098,temporal_003,commonsense_004,temporal_ordering,commonsense_multihop,correct,incorrect,False,False,False,0.5,0.5
trace_00055,trace_00099,temporal_003,commonsense_004,temporal_ordering,commonsense_multihop,correct,incorrect,False,False,False,0.6284905946211771,0.7142857142857143
trace_00055,trace_00100,temporal_003,commonsense_004,temporal_ordering,commonsense_multihop,correct,incorrect,False,False,False,0.75,0.75
trace_00056,trace_00057,temporal_004,temporal_004,temporal_ordering,temporal_ordering,incorrect,incorrect,True,True,True,0.0,0.0
trace_00056,trace_00058,temporal_004,temporal_004,temporal_ordering,temporal_ordering,incorrect,incorrect,True,True,True,0.0,0.0
trace_00056,trace_00059,temporal_004,temporal_004,temporal_ordering,temporal_ordering,incorrect,incorrect,True,True,True,0.0,0.0
trace_00056,trace_00060,temporal_004,temporal_004,temporal_ordering,temporal_ordering,incorrect,incorrect,True,True,True,0.0,0.0
trace_00056,trace_00061,temporal_004,causal_001,temporal_ordering,causal_micro_world,incorrect,incorrect,False,False,True,0.5954372523105549,0.6666666666666666
trace_00056,trace_00062,temporal_004,causal_001,temporal_ordering,causal_micro_world,incorrect,correct,False,False,False,1.0,0.9999999999999999
trace_00056,trace_00063,temporal_004,causal_001,temporal_ordering,causal_micro_world,incorrect,uncertain,False,False,False,0.32501121082417717,0.5
trace_00056,trace_00064,temporal_004,causal_001,temporal_ordering,causal_micro_world,incorrect,incorrect,False,False,True,0.5,0.5
trace_00056,trace_00065,temporal_004,causal_001,temporal_ordering,causal_micro_world,incorrect,incorrect,False,False,True,1.0,1.0
trace_00056,trace_00066,temporal_004,causal_002,temporal_ordering,causal_micro_world,incorrect,correct,False,False,False,0.34336016083271426,0.5
trace_00056,trace_00067,temporal_004,causal_002,temporal_ordering,causal_micro_world,incorrect,incorrect,False,False,True,0.5540157730728,0.6
trace_00056,trace_00068,temporal_004,causal_002,temporal_ordering,causal_micro_world,incorrect,correct,False,False,False,0.3112781244591328,0.5
trace_00056,trace_00069,temporal_004,causal_002,temporal_ordering,causal_micro_world,incorrect,correct,False,False,False,0.5,0.5
trace_00056,trace_00070,temporal_004,causal_002,temporal_ordering,causal_micro_world,incorrect,correct,False,False,False,0.0,0.0
trace_00056,trace_00071,temporal_004,causal_003,temporal_ordering,causal_micro_world,incorrect,incorrect,False,False,True,0.6556390622295665,0.75
trace_00056,trace_00072,temporal_004,causal_003,temporal_ordering,causal_micro_world,incorrect,correct,False,False,False,0.5954372523105549,0.6666666666666666
trace_00056,trace_00073,temporal_004,causal_003,temporal_ordering,causal_micro_world,incorrect,correct,False,False,False,1.0,0.9999999999999999
trace_00056,trace_00074,temporal_004,causal_003,temporal_ordering,causal_micro_world,incorrect,incorrect,False,False,True,0.6556390622295665,0.75
trace_00056,trace_00075,temporal_004,causal_003,temporal_ordering,causal_micro_world,incorrect,correct,False,False,False,1.0,0.9999999999999999
trace_00056,trace_00076,temporal_004,causal_004,temporal_ordering,causal_micro_world,incorrect,correct,False,False,False,1.0,0.9999999999999999
trace_00056,trace_00077,temporal_004,causal_004,temporal_ordering,causal_micro_world,incorrect,correct,False,False,False,1.0,0.9999999999999999
trace_00056,trace_00078,temporal_004,causal_004,temporal_ordering,causal_micro_world,incorrect,correct,False,False,False,0.3958156020033583,0.6
trace_00056,trace_00079,temporal_004,causal_004,temporal_ordering,causal_micro_world,incorrect,correct,False,False,False,1.0,1.0
trace_00056,trace_00080,temporal_004,causal_004,temporal_ordering,causal_micro_world,incorrect,correct,False,False,False,1.0,0.9999999999999999
trace_00056,trace_00081,temporal_004,commonsense_001,temporal_ordering,commonsense_multihop,incorrect,incorrect,False,False,True,0.6556390622295665,0.75
trace_00056,trace_00082,temporal_004,commonsense_001,temporal_ordering,commonsense_multihop,incorrect,correct,False,False,False,0.22460175271458133,0.375
trace_00056,trace_00083,temporal_004,commonsense_001,temporal_ordering,commonsense_multihop,incorrect,correct,False,False,False,0.32501121082417717,0.5
trace_00056,trace_00084,temporal_004,commonsense_001,temporal_ordering,commonsense_multihop,incorrect,incorrect,False,False,True,0.5954372523105549,0.6666666666666666
trace_00056,trace_00085,temporal_004,commonsense_001,temporal_ordering,commonsense_multihop,incorrect,incorrect,False,False,True,0.3958156020033583,0.6000000000000001
trace_00056,trace_00086,temporal_004,commonsense_002,temporal_ordering,commonsense_multihop,incorrect,correct,False,False,False,0.1556390622295664,0.25
trace_00056,trace_00087,temporal_004,commonsense_002,temporal_ordering,commonsense_multihop,incorrect,correct,False,False,False,0.1556390622295664,0.25
trace_00056,trace_00088,temporal_004,commonsense_002,temporal_ordering,commonsense_multihop,incorrect,correct,False,False,False,0.3112781244591328,0.5
trace_00056,trace_00089,temporal_004,commonsense_002,temporal_ordering,commonsense_multihop,incorrect,incorrect,False,False,True,0.1556390622295664,0.25
trace_00056,trace_00090,temporal_004,commonsense_002,temporal_ordering,commonsense_multihop,incorrect,correct,False,False,False,0.3958156020033583,0.6
trace_00056,trace_00091,temporal_004,commonsense_003,temporal_ordering,commonsense_multihop,incorrect,incorrect,False,False,True,0.5,0.5
trace_00056,trace_00092,temporal_004,commonsense_003,temporal_ordering,commonsense_multihop,incorrect,correct,False,False,False,0.1908745046211096,0.33333333333333337
trace_00056,trace_00093,temporal_004,commonsense_003,temporal_ordering,commonsense_multihop,incorrect,incorrect,False,False,True,0.5954372523105549,0.6666666666666666
trace_00056,trace_00094,temporal_004,commonsense_003,temporal_ordering,commonsense_multihop,incorrect,incorrect,False,False,True,0.6556390622295665,0.75
trace_00056,trace_00095,temporal_004,commonsense_003,temporal_ordering,commonsense_multihop,incorrect,incorrect,False,False,True,0.1908745046211096,0.33333333333333337
trace_00056,trace_00096,temporal_004,commonsense_004,temporal_ordering,commonsense_multihop,incorrect,incorrect,False,False,True,0.5,0.5
trace_00056,trace_00097,temporal_004,commonsense_004,temporal_ordering,commonsense_multihop,incorrect,incorrect,False,False,True,0.42528358731335336,0.5
trace_00056,trace_00098,temporal_004,commonsense_004,temporal_ordering,commonsense_multihop,incorrect,incorrect,False,False,True,0.0,0.0
trace_00056,trace_00099,temporal_004,commonsense_004,temporal_ordering,commonsense_multihop,incorrect,incorrect,False,False,True,0.4660044828669804,0.4999999999999999
trace_00056,trace_00100,temporal_004,commonsense_004,temporal_ordering,commonsense_multihop,incorrect,incorrect,False,False,True,0.5,0.5
trace_00057,trace_00058,temporal_004,temporal_004,temporal_ordering,temporal_ordering,incorrect,incorrect,True,True,True,0.0,0.0
trace_00057,trace_00059,temporal_004,temporal_004,temporal_ordering,temporal_ordering,incorrect,incorrect,True,True,True,0.0,0.0
trace_00057,trace_00060,temporal_004,temporal_004,temporal_ordering,temporal_ordering,incorrect,incorrect,True,True,True,0.0,0.0
trace_00057,trace_00061,temporal_004,causal_001,temporal_ordering,causal_micro_world,incorrect,incorrect,False,False,True,0.5954372523105549,0.6666666666666666
trace_00057,trace_00062,temporal_004,causal_001,temporal_ordering,causal_micro_world,incorrect,correct,False,False,False,1.0,0.9999999999999999
trace_00057,trace_00063,temporal_004,causal_001,temporal_ordering,causal_micro_world,incorrect,uncertain,False,False,False,0.32501121082417717,0.5
trace_00057,trace_00064,temporal_004,causal_001,temporal_ordering,causal_micro_world,incorrect,incorrect,False,False,True,0.5,0.5
trace_00057,trace_00065,temporal_004,causal_001,temporal_ordering,causal_micro_world,incorrect,incorrect,False,False,True,1.0,1.0
trace_00057,trace_00066,temporal_004,causal_002,temporal_ordering,causal_micro_world,incorrect,correct,False,False,False,0.34336016083271426,0.5
trace_00057,trace_00067,temporal_004,causal_002,temporal_ordering,causal_micro_world,incorrect,incorrect,False,False,True,0.5540157730728,0.6
trace_00057,trace_00068,temporal_004,causal_002,temporal_ordering,causal_micro_world,incorrect,correct,False,False,False,0.3112781244591328,0.5
trace_00057,trace_00069,temporal_004,causal_002,temporal_ordering,causal_micro_world,incorrect,correct,False,False,False,0.5,0.5
trace_00057,trace_00070,temporal_004,causal_002,temporal_ordering,causal_micro_world,incorrect,correct,False,False,False,0.0,0.0
trace_00057,trace_00071,temporal_004,causal_003,temporal_ordering,causal_micro_world,incorrect,incorrect,False,False,True,0.6556390622295665,0.75
trace_00057,trace_00072,temporal_004,causal_003,temporal_ordering,causal_micro_world,incorrect,correct,False,False,False,0.5954372523105549,0.6666666666666666
trace_00057,trace_00073,temporal_004,causal_003,temporal_ordering,causal_micro_world,incorrect,correct,False,False,False,1.0,0.9999999999999999
trace_00057,trace_00074,temporal_004,causal_003,temporal_ordering,causal_micro_world,incorrect,incorrect,False,False,True,0.6556390622295665,0.75
trace_00057,trace_00075,temporal_004,causal_003,temporal_ordering,causal_micro_world,incorrect,correct,False,False,False,1.0,0.9999999999999999
trace_00057,trace_00076,temporal_004,causal_004,temporal_ordering,causal_micro_world,incorrect,correct,False,False,False,1.0,0.9999999999999999
trace_00057,trace_00077,temporal_004,causal_004,temporal_ordering,causal_micro_world,incorrect,correct,False,False,False,1.0,0.9999999999999999
trace_00057,trace_00078,temporal_004,causal_004,temporal_ordering,causal_micro_world,incorrect,correct,False,False,False,0.3958156020033583,0.6
trace_00057,trace_00079,temporal_004,causal_004,temporal_ordering,causal_micro_world,incorrect,correct,False,False,False,1.0,1.0
trace_00057,trace_00080,temporal_004,causal_004,temporal_ordering,causal_micro_world,incorrect,correct,False,False,False,1.0,0.9999999999999999
trace_00057,trace_00081,temporal_004,commonsense_001,temporal_ordering,commonsense_multihop,incorrect,incorrect,False,False,True,0.6556390622295665,0.75
trace_00057,trace_00082,temporal_004,commonsense_001,temporal_ordering,commonsense_multihop,incorrect,correct,False,False,False,0.22460175271458133,0.375
trace_00057,trace_00083,temporal_004,commonsense_001,temporal_ordering,commonsense_multihop,incorrect,correct,False,False,False,0.32501121082417717,0.5
trace_00057,trace_00084,temporal_004,commonsense_001,temporal_ordering,commonsense_multihop,incorrect,incorrect,False,False,True,0.5954372523105549,0.6666666666666666
trace_00057,trace_00085,temporal_004,commonsense_001,temporal_ordering,commonsense_multihop,incorrect,incorrect,False,False,True,0.3958156020033583,0.6000000000000001
trace_00057,trace_00086,temporal_004,commonsense_002,temporal_ordering,commonsense_multihop,incorrect,correct,False,False,False,0.1556390622295664,0.25
trace_00057,trace_00087,temporal_004,commonsense_002,temporal_ordering,commonsense_multihop,incorrect,correct,False,False,False,0.1556390622295664,0.25
trace_00057,trace_00088,temporal_004,commonsense_002,temporal_ordering,commonsense_multihop,incorrect,correct,False,False,False,0.3112781244591328,0.5
trace_00057,trace_00089,temporal_004,commonsense_002,temporal_ordering,commonsense_multihop,incorrect,incorrect,False,False,True,0.1556390622295664,0.25
trace_00057,trace_00090,temporal_004,commonsense_002,temporal_ordering,commonsense_multihop,incorrect,correct,False,False,False,0.3958156020033583,0.6
trace_00057,trace_00091,temporal_004,commonsense_003,temporal_ordering,commonsense_multihop,incorrect,incorrect,False,False,True,0.5,0.5
trace_00057,trace_00092,temporal_004,commonsense_003,temporal_ordering,commonsense_multihop,incorrect,correct,False,False,False,0.1908745046211096,0.33333333333333337
trace_00057,trace_00093,temporal_004,commonsense_003,temporal_ordering,commonsense_multihop,incorrect,incorrect,False,False,True,0.5954372523105549,0.6666666666666666
trace_00057,trace_00094,temporal_004,commonsense_003,temporal_ordering,commonsense_multihop,incorrect,incorrect,False,False,True,0.6556390622295665,0.75
trace_00057,trace_00095,temporal_004,commonsense_003,temporal_ordering,commonsense_multihop,incorrect,incorrect,False,False,True,0.1908745046211096,0.33333333333333337
trace_00057,trace_00096,temporal_004,commonsense_004,temporal_ordering,commonsense_multihop,incorrect,incorrect,False,False,True,0.5,0.5
trace_00057,trace_00097,temporal_004,commonsense_004,temporal_ordering,commonsense_multihop,incorrect,incorrect,False,False,True,0.42528358731335336,0.5
trace_00057,trace_00098,temporal_004,commonsense_004,temporal_ordering,commonsense_multihop,incorrect,incorrect,False,False,True,0.0,0.0
trace_00057,trace_00099,temporal_004,commonsense_004,temporal_ordering,commonsense_multihop,incorrect,incorrect,False,False,True,0.4660044828669804,0.4999999999999999
trace_00057,trace_00100,temporal_004,commonsense_004,temporal_ordering,commonsense_multihop,incorrect,incorrect,False,False,True,0.5,0.5
trace_00058,trace_00059,temporal_004,temporal_004,temporal_ordering,temporal_ordering,incorrect,incorrect,True,True,True,0.0,0.0
trace_00058,trace_00060,temporal_004,temporal_004,temporal_ordering,temporal_ordering,incorrect,incorrect,True,True,True,0.0,0.0
trace_00058,trace_00061,temporal_004,causal_001,temporal_ordering,causal_micro_world,incorrect,incorrect,False,False,True,0.5954372523105549,0.6666666666666666
trace_00058,trace_00062,temporal_004,causal_001,temporal_ordering,causal_micro_world,incorrect,correct,False,False,False,1.0,0.9999999999999999
trace_00058,trace_00063,temporal_004,causal_001,temporal_ordering,causal_micro_world,incorrect,uncertain,False,False,False,0.32501121082417717,0.5
trace_00058,trace_00064,temporal_004,causal_001,temporal_ordering,causal_micro_world,incorrect,incorrect,False,False,True,0.5,0.5
trace_00058,trace_00065,temporal_004,causal_001,temporal_ordering,causal_micro_world,incorrect,incorrect,False,False,True,1.0,1.0
trace_00058,trace_00066,temporal_004,causal_002,temporal_ordering,causal_micro_world,incorrect,correct,False,False,False,0.34336016083271426,0.5
trace_00058,trace_00067,temporal_004,causal_002,temporal_ordering,causal_micro_world,incorrect,incorrect,False,False,True,0.5540157730728,0.6
trace_00058,trace_00068,temporal_004,causal_002,temporal_ordering,causal_micro_world,incorrect,correct,False,False,False,0.3112781244591328,0.5
trace_00058,trace_00069,temporal_004,causal_002,temporal_ordering,causal_micro_world,incorrect,correct,False,False,False,0.5,0.5
trace_00058,trace_00070,temporal_004,causal_002,temporal_ordering,causal_micro_world,incorrect,correct,False,False,False,0.0,0.0
trace_00058,trace_00071,temporal_004,causal_003,temporal_ordering,causal_micro_world,incorrect,incorrect,False,False,True,0.6556390622295665,0.75
trace_00058,trace_00072,temporal_004,causal_003,temporal_ordering,causal_micro_world,incorrect,correct,False,False,False,0.5954372523105549,0.6666666666666666
trace_00058,trace_00073,temporal_004,causal_003,temporal_ordering,causal_micro_world,incorrect,correct,False,False,False,1.0,0.9999999999999999
trace_00058,trace_00074,temporal_004,causal_003,temporal_ordering,causal_micro_world,incorrect,incorrect,False,False,True,0.6556390622295665,0.75
trace_00058,trace_00075,temporal_004,causal_003,temporal_ordering,causal_micro_world,incorrect,correct,False,False,False,1.0,0.9999999999999999
trace_00058,trace_00076,temporal_004,causal_004,temporal_ordering,causal_micro_world,incorrect,correct,False,False,False,1.0,0.9999999999999999
trace_00058,trace_00077,temporal_004,causal_004,temporal_ordering,causal_micro_world,incorrect,correct,False,False,False,1.0,0.9999999999999999
trace_00058,trace_00078,temporal_004,causal_004,temporal_ordering,causal_micro_world,incorrect,correct,False,False,False,0.3958156020033583,0.6
trace_00058,trace_00079,temporal_004,causal_004,temporal_ordering,causal_micro_world,incorrect,correct,False,False,False,1.0,1.0
trace_00058,trace_00080,temporal_004,causal_004,temporal_ordering,causal_micro_world,incorrect,correct,False,False,False,1.0,0.9999999999999999
trace_00058,trace_00081,temporal_004,commonsense_001,temporal_ordering,commonsense_multihop,incorrect,incorrect,False,False,True,0.6556390622295665,0.75
trace_00058,trace_00082,temporal_004,commonsense_001,temporal_ordering,commonsense_multihop,incorrect,correct,False,False,False,0.22460175271458133,0.375
trace_00058,trace_00083,temporal_004,commonsense_001,temporal_ordering,commonsense_multihop,incorrect,correct,False,False,False,0.32501121082417717,0.5
trace_00058,trace_00084,temporal_004,commonsense_001,temporal_ordering,commonsense_multihop,incorrect,incorrect,False,False,True,0.5954372523105549,0.6666666666666666
trace_00058,trace_00085,temporal_004,commonsense_001,temporal_ordering,commonsense_multihop,incorrect,incorrect,False,False,True,0.3958156020033583,0.6000000000000001
trace_00058,trace_00086,temporal_004,commonsense_002,temporal_ordering,commonsense_multihop,incorrect,correct,False,False,False,0.1556390622295664,0.25
trace_00058,trace_00087,temporal_004,commonsense_002,temporal_ordering,commonsense_multihop,incorrect,correct,False,False,False,0.1556390622295664,0.25
trace_00058,trace_00088,temporal_004,commonsense_002,temporal_ordering,commonsense_multihop,incorrect,correct,False,False,False,0.3112781244591328,0.5
trace_00058,trace_00089,temporal_004,commonsense_002,temporal_ordering,commonsense_multihop,incorrect,incorrect,False,False,True,0.1556390622295664,0.25
trace_00058,trace_00090,temporal_004,commonsense_002,temporal_ordering,commonsense_multihop,incorrect,correct,False,False,False,0.3958156020033583,0.6
trace_00058,trace_00091,temporal_004,commonsense_003,temporal_ordering,commonsense_multihop,incorrect,incorrect,False,False,True,0.5,0.5
trace_00058,trace_00092,temporal_004,commonsense_003,temporal_ordering,commonsense_multihop,incorrect,correct,False,False,False,0.1908745046211096,0.33333333333333337
trace_00058,trace_00093,temporal_004,commonsense_003,temporal_ordering,commonsense_multihop,incorrect,incorrect,False,False,True,0.5954372523105549,0.6666666666666666
trace_00058,trace_00094,temporal_004,commonsense_003,temporal_ordering,commonsense_multihop,incorrect,incorrect,False,False,True,0.6556390622295665,0.75
trace_00058,trace_00095,temporal_004,commonsense_003,temporal_ordering,commonsense_multihop,incorrect,incorrect,False,False,True,0.1908745046211096,0.33333333333333337
trace_00058,trace_00096,temporal_004,commonsense_004,temporal_ordering,commonsense_multihop,incorrect,incorrect,False,False,True,0.5,0.5
trace_00058,trace_00097,temporal_004,commonsense_004,temporal_ordering,commonsense_multihop,incorrect,incorrect,False,False,True,0.42528358731335336,0.5
trace_00058,trace_00098,temporal_004,commonsense_004,temporal_ordering,commonsense_multihop,incorrect,incorrect,False,False,True,0.0,0.0
trace_00058,trace_00099,temporal_004,commonsense_004,temporal_ordering,commonsense_multihop,incorrect,incorrect,False,False,True,0.4660044828669804,0.4999999999999999
trace_00058,trace_00100,temporal_004,commonsense_004,temporal_ordering,commonsense_multihop,incorrect,incorrect,False,False,True,0.5,0.5
trace_00059,trace_00060,temporal_004,temporal_004,temporal_ordering,temporal_ordering,incorrect,incorrect,True,True,True,0.0,0.0
trace_00059,trace_00061,temporal_004,causal_001,temporal_ordering,causal_micro_world,incorrect,incorrect,False,False,True,0.5954372523105549,0.6666666666666666
trace_00059,trace_00062,temporal_004,causal_001,temporal_ordering,causal_micro_world,incorrect,correct,False,False,False,1.0,0.9999999999999999
trace_00059,trace_00063,temporal_004,causal_001,temporal_ordering,causal_micro_world,incorrect,uncertain,False,False,False,0.32501121082417717,0.5
trace_00059,trace_00064,temporal_004,causal_001,temporal_ordering,causal_micro_world,incorrect,incorrect,False,False,True,0.5,0.5
trace_00059,trace_00065,temporal_004,causal_001,temporal_ordering,causal_micro_world,incorrect,incorrect,False,False,True,1.0,1.0
trace_00059,trace_00066,temporal_004,causal_002,temporal_ordering,causal_micro_world,incorrect,correct,False,False,False,0.34336016083271426,0.5
trace_00059,trace_00067,temporal_004,causal_002,temporal_ordering,causal_micro_world,incorrect,incorrect,False,False,True,0.5540157730728,0.6
trace_00059,trace_00068,temporal_004,causal_002,temporal_ordering,causal_micro_world,incorrect,correct,False,False,False,0.3112781244591328,0.5
trace_00059,trace_00069,temporal_004,causal_002,temporal_ordering,causal_micro_world,incorrect,correct,False,False,False,0.5,0.5
trace_00059,trace_00070,temporal_004,causal_002,temporal_ordering,causal_micro_world,incorrect,correct,False,False,False,0.0,0.0
trace_00059,trace_00071,temporal_004,causal_003,temporal_ordering,causal_micro_world,incorrect,incorrect,False,False,True,0.6556390622295665,0.75
trace_00059,trace_00072,temporal_004,causal_003,temporal_ordering,causal_micro_world,incorrect,correct,False,False,False,0.5954372523105549,0.6666666666666666
trace_00059,trace_00073,temporal_004,causal_003,temporal_ordering,causal_micro_world,incorrect,correct,False,False,False,1.0,0.9999999999999999
trace_00059,trace_00074,temporal_004,causal_003,temporal_ordering,causal_micro_world,incorrect,incorrect,False,False,True,0.6556390622295665,0.75
trace_00059,trace_00075,temporal_004,causal_003,temporal_ordering,causal_micro_world,incorrect,correct,False,False,False,1.0,0.9999999999999999
trace_00059,trace_00076,temporal_004,causal_004,temporal_ordering,causal_micro_world,incorrect,correct,False,False,False,1.0,0.9999999999999999
trace_00059,trace_00077,temporal_004,causal_004,temporal_ordering,causal_micro_world,incorrect,correct,False,False,False,1.0,0.9999999999999999
trace_00059,trace_00078,temporal_004,causal_004,temporal_ordering,causal_micro_world,incorrect,correct,False,False,False,0.3958156020033583,0.6
trace_00059,trace_00079,temporal_004,causal_004,temporal_ordering,causal_micro_world,incorrect,correct,False,False,False,1.0,1.0
trace_00059,trace_00080,temporal_004,causal_004,temporal_ordering,causal_micro_world,incorrect,correct,False,False,False,1.0,0.9999999999999999
trace_00059,trace_00081,temporal_004,commonsense_001,temporal_ordering,commonsense_multihop,incorrect,incorrect,False,False,True,0.6556390622295665,0.75
trace_00059,trace_00082,temporal_004,commonsense_001,temporal_ordering,commonsense_multihop,incorrect,correct,False,False,False,0.22460175271458133,0.375
trace_00059,trace_00083,temporal_004,commonsense_001,temporal_ordering,commonsense_multihop,incorrect,correct,False,False,False,0.32501121082417717,0.5
trace_00059,trace_00084,temporal_004,commonsense_001,temporal_ordering,commonsense_multihop,incorrect,incorrect,False,False,True,0.5954372523105549,0.6666666666666666
trace_00059,trace_00085,temporal_004,commonsense_001,temporal_ordering,commonsense_multihop,incorrect,incorrect,False,False,True,0.3958156020033583,0.6000000000000001
trace_00059,trace_00086,temporal_004,commonsense_002,temporal_ordering,commonsense_multihop,incorrect,correct,False,False,False,0.1556390622295664,0.25
trace_00059,trace_00087,temporal_004,commonsense_002,temporal_ordering,commonsense_multihop,incorrect,correct,False,False,False,0.1556390622295664,0.25
trace_00059,trace_00088,temporal_004,commonsense_002,temporal_ordering,commonsense_multihop,incorrect,correct,False,False,False,0.3112781244591328,0.5
trace_00059,trace_00089,temporal_004,commonsense_002,temporal_ordering,commonsense_multihop,incorrect,incorrect,False,False,True,0.1556390622295664,0.25
trace_00059,trace_00090,temporal_004,commonsense_002,temporal_ordering,commonsense_multihop,incorrect,correct,False,False,False,0.3958156020033583,0.6
trace_00059,trace_00091,temporal_004,commonsense_003,temporal_ordering,commonsense_multihop,incorrect,incorrect,False,False,True,0.5,0.5
trace_00059,trace_00092,temporal_004,commonsense_003,temporal_ordering,commonsense_multihop,incorrect,correct,False,False,False,0.1908745046211096,0.33333333333333337
trace_00059,trace_00093,temporal_004,commonsense_003,temporal_ordering,commonsense_multihop,incorrect,incorrect,False,False,True,0.5954372523105549,0.6666666666666666
trace_00059,trace_00094,temporal_004,commonsense_003,temporal_ordering,commonsense_multihop,incorrect,incorrect,False,False,True,0.6556390622295665,0.75
trace_00059,trace_00095,temporal_004,commonsense_003,temporal_ordering,commonsense_multihop,incorrect,incorrect,False,False,True,0.1908745046211096,0.33333333333333337
trace_00059,trace_00096,temporal_004,commonsense_004,temporal_ordering,commonsense_multihop,incorrect,incorrect,False,False,True,0.5,0.5
trace_00059,trace_00097,temporal_004,commonsense_004,temporal_ordering,commonsense_multihop,incorrect,incorrect,False,False,True,0.42528358731335336,0.5
trace_00059,trace_00098,temporal_004,commonsense_004,temporal_ordering,commonsense_multihop,incorrect,incorrect,False,False,True,0.0,0.0
trace_00059,trace_00099,temporal_004,commonsense_004,temporal_ordering,commonsense_multihop,incorrect,incorrect,False,False,True,0.4660044828669804,0.4999999999999999
trace_00059,trace_00100,temporal_004,commonsense_004,temporal_ordering,commonsense_multihop,incorrect,incorrect,False,False,True,0.5,0.5
trace_00060,trace_00061,temporal_004,causal_001,temporal_ordering,causal_micro_world,incorrect,incorrect,False,False,True,0.5954372523105549,0.6666666666666666
trace_00060,trace_00062,temporal_004,causal_001,temporal_ordering,causal_micro_world,incorrect,correct,False,False,False,1.0,0.9999999999999999
trace_00060,trace_00063,temporal_004,causal_001,temporal_ordering,causal_micro_world,incorrect,uncertain,False,False,False,0.32501121082417717,0.5
trace_00060,trace_00064,temporal_004,causal_001,temporal_ordering,causal_micro_world,incorrect,incorrect,False,False,True,0.5,0.5
trace_00060,trace_00065,temporal_004,causal_001,temporal_ordering,causal_micro_world,incorrect,incorrect,False,False,True,1.0,1.0
trace_00060,trace_00066,temporal_004,causal_002,temporal_ordering,causal_micro_world,incorrect,correct,False,False,False,0.34336016083271426,0.5
trace_00060,trace_00067,temporal_004,causal_002,temporal_ordering,causal_micro_world,incorrect,incorrect,False,False,True,0.5540157730728,0.6
trace_00060,trace_00068,temporal_004,causal_002,temporal_ordering,causal_micro_world,incorrect,correct,False,False,False,0.3112781244591328,0.5
trace_00060,trace_00069,temporal_004,causal_002,temporal_ordering,causal_micro_world,incorrect,correct,False,False,False,0.5,0.5
trace_00060,trace_00070,temporal_004,causal_002,temporal_ordering,causal_micro_world,incorrect,correct,False,False,False,0.0,0.0
trace_00060,trace_00071,temporal_004,causal_003,temporal_ordering,causal_micro_world,incorrect,incorrect,False,False,True,0.6556390622295665,0.75
trace_00060,trace_00072,temporal_004,causal_003,temporal_ordering,causal_micro_world,incorrect,correct,False,False,False,0.5954372523105549,0.6666666666666666
trace_00060,trace_00073,temporal_004,causal_003,temporal_ordering,causal_micro_world,incorrect,correct,False,False,False,1.0,0.9999999999999999
trace_00060,trace_00074,temporal_004,causal_003,temporal_ordering,causal_micro_world,incorrect,incorrect,False,False,True,0.6556390622295665,0.75
trace_00060,trace_00075,temporal_004,causal_003,temporal_ordering,causal_micro_world,incorrect,correct,False,False,False,1.0,0.9999999999999999
trace_00060,trace_00076,temporal_004,causal_004,temporal_ordering,causal_micro_world,incorrect,correct,False,False,False,1.0,0.9999999999999999
trace_00060,trace_00077,temporal_004,causal_004,temporal_ordering,causal_micro_world,incorrect,correct,False,False,False,1.0,0.9999999999999999
trace_00060,trace_00078,temporal_004,causal_004,temporal_ordering,causal_micro_world,incorrect,correct,False,False,False,0.3958156020033583,0.6
trace_00060,trace_00079,temporal_004,causal_004,temporal_ordering,causal_micro_world,incorrect,correct,False,False,False,1.0,1.0
trace_00060,trace_00080,temporal_004,causal_004,temporal_ordering,causal_micro_world,incorrect,correct,False,False,False,1.0,0.9999999999999999
trace_00060,trace_00081,temporal_004,commonsense_001,temporal_ordering,commonsense_multihop,incorrect,incorrect,False,False,True,0.6556390622295665,0.75
trace_00060,trace_00082,temporal_004,commonsense_001,temporal_ordering,commonsense_multihop,incorrect,correct,False,False,False,0.22460175271458133,0.375
trace_00060,trace_00083,temporal_004,commonsense_001,temporal_ordering,commonsense_multihop,incorrect,correct,False,False,False,0.32501121082417717,0.5
trace_00060,trace_00084,temporal_004,commonsense_001,temporal_ordering,commonsense_multihop,incorrect,incorrect,False,False,True,0.5954372523105549,0.6666666666666666
trace_00060,trace_00085,temporal_004,commonsense_001,temporal_ordering,commonsense_multihop,incorrect,incorrect,False,False,True,0.3958156020033583,0.6000000000000001
trace_00060,trace_00086,temporal_004,commonsense_002,temporal_ordering,commonsense_multihop,incorrect,correct,False,False,False,0.1556390622295664,0.25
trace_00060,trace_00087,temporal_004,commonsense_002,temporal_ordering,commonsense_multihop,incorrect,correct,False,False,False,0.1556390622295664,0.25
trace_00060,trace_00088,temporal_004,commonsense_002,temporal_ordering,commonsense_multihop,incorrect,correct,False,False,False,0.3112781244591328,0.5
trace_00060,trace_00089,temporal_004,commonsense_002,temporal_ordering,commonsense_multihop,incorrect,incorrect,False,False,True,0.1556390622295664,0.25
trace_00060,trace_00090,temporal_004,commonsense_002,temporal_ordering,commonsense_multihop,incorrect,correct,False,False,False,0.3958156020033583,0.6
trace_00060,trace_00091,temporal_004,commonsense_003,temporal_ordering,commonsense_multihop,incorrect,incorrect,False,False,True,0.5,0.5
trace_00060,trace_00092,temporal_004,commonsense_003,temporal_ordering,commonsense_multihop,incorrect,correct,False,False,False,0.1908745046211096,0.33333333333333337
trace_00060,trace_00093,temporal_004,commonsense_003,temporal_ordering,commonsense_multihop,incorrect,incorrect,False,False,True,0.5954372523105549,0.6666666666666666
trace_00060,trace_00094,temporal_004,commonsense_003,temporal_ordering,commonsense_multihop,incorrect,incorrect,False,False,True,0.6556390622295665,0.75
trace_00060,trace_00095,temporal_004,commonsense_003,temporal_ordering,commonsense_multihop,incorrect,incorrect,False,False,True,0.1908745046211096,0.33333333333333337
trace_00060,trace_00096,temporal_004,commonsense_004,temporal_ordering,commonsense_multihop,incorrect,incorrect,False,False,True,0.5,0.5
trace_00060,trace_00097,temporal_004,commonsense_004,temporal_ordering,commonsense_multihop,incorrect,incorrect,False,False,True,0.42528358731335336,0.5
trace_00060,trace_00098,temporal_004,commonsense_004,temporal_ordering,commonsense_multihop,incorrect,incorrect,False,False,True,0.0,0.0
trace_00060,trace_00099,temporal_004,commonsense_004,temporal_ordering,commonsense_multihop,incorrect,incorrect,False,False,True,0.4660044828669804,0.4999999999999999
trace_00060,trace_00100,temporal_004,commonsense_004,temporal_ordering,commonsense_multihop,incorrect,incorrect,False,False,True,0.5,0.5
trace_00061,trace_00062,causal_001,causal_001,causal_micro_world,causal_micro_world,incorrect,correct,True,True,False,0.20751874963942185,0.3333333333333333
trace_00061,trace_00063,causal_001,causal_001,causal_micro_world,causal_micro_world,incorrect,uncertain,True,True,False,0.3658632937969324,0.5
trace_00061,trace_00064,causal_001,causal_001,causal_micro_world,causal_micro_world,incorrect,incorrect,True,True,True,0.1908745046211096,0.33333333333333337
trace_00061,trace_00065,causal_001,causal_001,causal_micro_world,causal_micro_world,incorrect,incorrect,True,True,True,0.4591479170272448,0.6666666666666666
trace_00061,trace_00066,causal_001,causal_002,causal_micro_world,causal_micro_world,incorrect,correct,False,True,False,0.29343569632187677,0.33333333333333337
trace_00061,trace_00067,causal_001,causal_002,causal_micro_world,causal_micro_world,incorrect,incorrect,False,True,True,0.5611998859537054,0.6666666666666666
trace_00061,trace_00068,causal_001,causal_002,causal_micro_world,causal_micro_world,incorrect,correct,False,True,False,0.3080790459672315,0.41666666666666663
trace_00061,trace_00069,causal_001,causal_002,causal_micro_world,causal_micro_world,incorrect,correct,False,True,False,0.020720839623908215,0.16666666666666666
trace_00061,trace_00070,causal_001,causal_002,causal_micro_world,causal_micro_world,incorrect,correct,False,True,False,0.5954372523105549,0.6666666666666666
trace_00061,trace_00071,causal_001,causal_003,causal_micro_world,causal_micro_world,incorrect,incorrect,False,True,True,0.7126417936566767,0.7499999999999999
trace_00061,trace_00072,causal_001,causal_003,causal_micro_world,causal_micro_world,incorrect,correct,False,True,False,0.6666666666666666,0.6666666666666666
trace_00061,trace_00073,causal_001,causal_003,causal_micro_world,causal_micro_world,incorrect,correct,False,True,False,0.3333333333333333,0.3333333333333333
trace_00061,trace_00074,causal_001,causal_003,causal_micro_world,causal_micro_world,incorrect,incorrect,False,True,True,0.42528358731335336,0.5
trace_00061,trace_00075,causal_001,causal_003,causal_micro_world,causal_micro_world,incorrect,correct,False,True,False,0.3333333333333333,0.3333333333333333
trace_00061,trace_00076,causal_001,causal_004,causal_micro_world,causal_micro_world,incorrect,correct,False,True,False,0.20751874963942185,0.3333333333333333
trace_00061,trace_00077,causal_001,causal_004,causal_micro_world,causal_micro_world,incorrect,correct,False,True,False,0.20751874963942185,0.3333333333333333
trace_00061,trace_00078,causal_001,causal_004,causal_micro_world,causal_micro_world,incorrect,correct,False,True,False,0.1264907875651346,0.26666666666666666
trace_00061,trace_00079,causal_001,causal_004,causal_micro_world,causal_micro_world,incorrect,correct,False,True,False,0.1908745046211096,0.33333333333333337
trace_00061,trace_00080,causal_001,causal_004,causal_micro_world,causal_micro_world,incorrect,correct,False,True,False,0.20751874963942185,0.3333333333333333
trace_00061,trace_00081,causal_001,commonsense_001,causal_micro_world,commonsense_multihop,incorrect,incorrect,False,False,True,0.5954372523105548,0.6666666666666666
trace_00061,trace_00082,causal_001,commonsense_001,causal_micro_world,commonsense_multihop,incorrect,correct,False,False,False,0.23155733100404505,0.3749999999999999
trace_00061,trace_00083,causal_001,commonsense_001,causal_micro_world,commonsense_multihop,incorrect,correct,False,False,False,0.26210391897722146,0.33333333333333337
trace_00061,trace_00084,causal_001,commonsense_001,causal_micro_world,commonsense_multihop,incorrect,incorrect,False,False,True,0.43709270815304424,0.49999999999999994
trace_00061,trace_00085,causal_001,commonsense_001,causal_micro_world,commonsense_multihop,incorrect,incorrect,False,False,True,0.1264907875651346,0.26666666666666666
trace_00061,trace_00086,causal_001,commonsense_002,causal_micro_world,commonsense_multihop,incorrect,correct,False,False,False,0.3080790459672315,0.41666666666666663
trace_00061,trace_00087,causal_001,commonsense_002,causal_micro_world,commonsense_multihop,incorrect,correct,False,False,False,0.42528358731335336,0.4999999999999999
trace_00061,trace_00088,causal_001,commonsense_002,causal_micro_world,commonsense_multihop,incorrect,correct,False,False,False,0.42528358731335336,0.4999999999999999
trace_00061,trace_00089,causal_001,commonsense_002,causal_micro_world,commonsense_multihop,incorrect,incorrect,False,False,True,0.42528358731335336,0.4999999999999999
trace_00061,trace_00090,causal_001,commonsense_002,causal_micro_world,commonsense_multihop,incorrect,correct,False,False,False,0.236452797660028,0.39999999999999997
trace_00061,trace_00091,causal_001,commonsense_003,causal_micro_world,commonsense_multihop,incorrect,incorrect,False,False,True,0.5954372523105548,0.6666666666666666
trace_00061,trace_00092,causal_001,commonsense_003,causal_micro_world,commonsense_multihop,incorrect,correct,False,False,False,0.3333333333333333,0.3333333333333333
trace_00061,trace_00093,causal_001,commonsense_003,causal_micro_world,commonsense_multihop,incorrect,incorrect,False,False,True,0.6666666666666666,0.6666666666666666
trace_00061,trace_00094,causal_001,commonsense_003,causal_micro_world,commonsense_multihop,incorrect,incorrect,False,False,True,0.5176503615477757,0.6666666666666666
trace_00061,trace_00095,causal_001,commonsense_003,causal_micro_world,commonsense_multihop,incorrect,incorrect,False,False,True,0.3333333333333333,0.3333333333333333
trace_00061,trace_00096,causal_001,commonsense_004,causal_micro_world,commonsense_multihop,incorrect,incorrect,False,False,True,0.020720839623908215,0.16666666666666666
trace_00061,trace_00097,causal_001,commonsense_004,causal_micro_world,commonsense_multihop,incorrect,incorrect,False,False,True,0.20751874963942185,0.3333333333333333
trace_00061,trace_00098,causal_001,commonsense_004,causal_micro_world,commonsense_multihop,incorrect,incorrect,False,False,True,0.5954372523105549,0.6666666666666666
trace_00061,trace_00099,causal_001,commonsense_004,causal_micro_world,commonsense_multihop,incorrect,incorrect,False,False,True,0.15082366007178877,0.38095238095238093
trace_00061,trace_00100,causal_001,commonsense_004,causal_micro_world,commonsense_multihop,incorrect,incorrect,False,False,True,0.020720839623908215,0.16666666666666666
trace_00062,trace_00063,causal_001,causal_001,causal_micro_world,causal_micro_world,correct,uncertain,True,True,False,0.42528358731335336,0.5
trace_00062,trace_00064,causal_001,causal_001,causal_micro_world,causal_micro_world,correct,incorrect,True,True,False,0.42528358731335336,0.5
trace_00062,trace_00065,causal_001,causal_001,causal_micro_world,causal_micro_world,correct,incorrect,True,True,False,0.1908745046211096,0.33333333333333337
trace_00062,trace_00066,causal_001,causal_002,causal_micro_world,causal_micro_world,correct,correct,False,True,True,0.5090191722627645,0.625
trace_00062,trace_00067,causal_001,causal_002,causal_micro_world,causal_micro_world,correct,incorrect,False,True,False,0.3679327735475437,0.4
trace_00062,trace_00068,causal_001,causal_002,causal_micro_world,causal_micro_world,correct,correct,False,True,True,0.42528358731335336,0.5
trace_00062,trace_00069,causal_001,causal_002,causal_micro_world,causal_micro_world,correct,correct,False,True,True,0.32518928103806,0.5
trace_00062,trace_00070,causal_001,causal_002,causal_micro_world,causal_micro_world,correct,correct,False,True,True,1.0,0.9999999999999999
trace_00062,trace_00071,causal_001,causal_003,causal_micro_world,causal_micro_world,correct,incorrect,False,True,False,0.6125474873813833,0.7499999999999999
trace_00062,trace_00072,causal_001,causal_003,causal_micro_world,causal_micro_world,correct,correct,False,True,True,0.5408520829727551,0.6666666666666666
trace_00062,trace_00073,causal_001,causal_003,causal_micro_world,causal_micro_world,correct,correct,False,True,True,0.20751874963942185,0.3333333333333333
trace_00062,trace_00074,causal_001,causal_003,causal_micro_world,causal_micro_world,correct,incorrect,False,True,False,0.32518928103806,0.5
trace_00062,trace_00075,causal_001,causal_003,causal_micro_world,causal_micro_world,correct,correct,False,True,True,0.20751874963942185,0.3333333333333333
trace_00062,trace_00076,causal_001,causal_004,causal_micro_world,causal_micro_world,correct,correct,False,True,True,0.0,0.0
trace_00062,trace_00077,causal_001,causal_004,causal_micro_world,causal_micro_world,correct,correct,False,True,True,0.0,0.0
trace_00062,trace_00078,causal_001,causal_004,causal_micro_world,causal_micro_world,correct,correct,False,True,True,0.236452797660028,0.39999999999999997
trace_00062,trace_00079,causal_001,causal_004,causal_micro_world,causal_micro_world,correct,correct,False,True,True,0.020720839623908215,0.16666666666666666
trace_00062,trace_00080,causal_001,causal_004,causal_micro_world,causal_micro_world,correct,correct,False,True,True,0.0,0.0
trace_00062,trace_00081,causal_001,commonsense_001,causal_micro_world,commonsense_multihop,correct,incorrect,False,False,False,0.5954372523105548,0.6666666666666666
trace_00062,trace_00082,causal_001,commonsense_001,causal_micro_world,commonsense_multihop,correct,correct,False,False,True,0.4635639758803297,0.6249999999999999
trace_00062,trace_00083,causal_001,commonsense_001,causal_micro_world,commonsense_multihop,correct,correct,False,False,True,0.5954372523105548,0.6666666666666666
trace_00062,trace_00084,causal_001,commonsense_001,causal_micro_world,commonsense_multihop,correct,incorrect,False,False,False,0.3658632937969324,0.49999999999999994
trace_00062,trace_00085,causal_001,commonsense_001,causal_micro_world,commonsense_multihop,correct,incorrect,False,False,False,0.2978039929652123,0.4666666666666667
trace_00062,trace_00086,causal_001,commonsense_002,causal_micro_world,commonsense_multihop,correct,correct,False,False,True,0.7126417936566767,0.7499999999999999
trace_00062,trace_00087,causal_001,commonsense_002,causal_micro_world,commonsense_multihop,correct,correct,False,False,True,0.7126417936566767,0.7499999999999999
trace_00062,trace_00088,causal_001,commonsense_002,causal_micro_world,commonsense_multihop,correct,correct,False,False,True,0.7126417936566767,0.7499999999999999
trace_00062,trace_00089,causal_001,commonsense_002,causal_micro_world,commonsense_multihop,correct,incorrect,False,False,False,0.6125474873813833,0.7499999999999999
trace_00062,trace_00090,causal_001,commonsense_002,causal_micro_world,commonsense_multihop,correct,correct,False,False,True,0.4077660030601058,0.6
trace_00062,trace_00091,causal_001,commonsense_003,causal_micro_world,commonsense_multihop,correct,incorrect,False,False,False,0.5954372523105548,0.6666666666666666
trace_00062,trace_00092,causal_001,commonsense_003,causal_micro_world,commonsense_multihop,correct,correct,False,False,True,0.6666666666666666,0.6666666666666666
trace_00062,trace_00093,causal_001,commonsense_003,causal_micro_world,commonsense_multihop,correct,incorrect,False,False,False,0.6666666666666666,0.6666666666666666
trace_00062,trace_00094,causal_001,commonsense_003,causal_micro_world,commonsense_multihop,correct,incorrect,False,False,False,0.5176503615477757,0.6666666666666666
trace_00062,trace_00095,causal_001,commonsense_003,causal_micro_world,commonsense_multihop,correct,incorrect,False,False,False,0.6666666666666666,0.6666666666666666
trace_00062,trace_00096,causal_001,commonsense_004,causal_micro_world,commonsense_multihop,correct,incorrect,False,False,False,0.32518928103806,0.5
trace_00062,trace_00097,causal_001,commonsense_004,causal_micro_world,commonsense_multihop,correct,incorrect,False,False,False,0.6666666666666666,0.6666666666666666
trace_00062,trace_00098,causal_001,commonsense_004,causal_micro_world,commonsense_multihop,correct,incorrect,False,False,False,1.0,0.9999999999999999
trace_00062,trace_00099,causal_001,commonsense_004,causal_micro_world,commonsense_multihop,correct,incorrect,False,False,False,0.5180495027954102,0.7142857142857142
trace_00062,trace_00100,causal_001,commonsense_004,causal_micro_world,commonsense_multihop,correct,incorrect,False,False,False,0.32518928103806,0.5
trace_00063,trace_00064,causal_001,causal_001,causal_micro_world,causal_micro_world,uncertain,incorrect,True,True,False,0.2295739585136224,0.33333333333333337
trace_00063,trace_00065,causal_001,causal_001,causal_micro_world,causal_micro_world,uncertain,incorrect,True,True,False,0.3112781244591328,0.49999999999999994
trace_00063,trace_00066,causal_001,causal_002,causal_micro_world,causal_micro_world,uncertain,correct,False,True,False,0.1340616149495944,0.3333333333333333
trace_00063,trace_00067,causal_001,causal_002,causal_micro_world,causal_micro_world,uncertain,incorrect,False,True,False,0.08880563947945648,0.16666666666666669
trace_00063,trace_00068,causal_001,causal_002,causal_micro_world,causal_micro_world,uncertain,correct,False,True,False,0.010360419811954107,0.08333333333333333
trace_00063,trace_00069,causal_001,causal_002,causal_micro_world,causal_micro_world,uncertain,correct,False,True,False,0.3852130207431888,0.5833333333333333
trace_00063,trace_00070,causal_001,causal_002,causal_micro_world,causal_micro_world,uncertain,correct,False,True,False,0.32501121082417717,0.5
trace_00063,trace_00071,causal_001,causal_003,causal_micro_world,causal_micro_world,uncertain,incorrect,False,True,False,0.3682808558862431,0.5
trace_00063,trace_00072,causal_001,causal_003,causal_micro_world,causal_micro_world,uncertain,correct,False,True,False,0.26210391897722146,0.33333333333333337
trace_00063,trace_00073,causal_001,causal_003,causal_micro_world,causal_micro_world,uncertain,correct,False,True,False,0.5954372523105548,0.6666666666666666
trace_00063,trace_00074,causal_001,causal_003,causal_micro_world,causal_micro_world,uncertain,incorrect,False,True,False,0.3682808558862431,0.5
trace_00063,trace_00075,causal_001,causal_003,causal_micro_world,causal_micro_world,uncertain,correct,False,True,False,0.5954372523105548,0.6666666666666666
trace_00063,trace_00076,causal_001,causal_004,causal_micro_world,causal_micro_world,uncertain,correct,False,True,False,0.42528358731335336,0.5
trace_00063,trace_00077,causal_001,causal_004,causal_micro_world,causal_micro_world,uncertain,correct,False,True,False,0.42528358731335336,0.5
trace_00063,trace_00078,causal_001,causal_004,causal_micro_world,causal_micro_world,uncertain,correct,False,True,False,0.11726116685536735,0.2333333333333333
trace_00063,trace_00079,causal_001,causal_004,causal_micro_world,causal_micro_world,uncertain,correct,False,True,False,0.5,0.5
trace_00063,trace_00080,causal_001,causal_004,causal_micro_world,causal_micro_world,uncertain,correct,False,True,False,0.42528358731335336,0.5
trace_00063,trace_00081,causal_001,commonsense_001,causal_micro_world,commonsense_multihop,uncertain,incorrect,False,False,False,0.7126417936566767,0.75
trace_00063,trace_00082,causal_001,commonsense_001,causal_micro_world,commonsense_multihop,uncertain,correct,False,False,False,0.2188339446639151,0.375
trace_00063,trace_00083,causal_001,commonsense_001,causal_micro_world,commonsense_multihop,uncertain,correct,False,False,False,0.5408520829727552,0.6666666666666666
trace_00063,trace_00084,causal_001,commonsense_001,causal_micro_world,commonsense_multihop,uncertain,incorrect,False,False,False,0.396240625180289,0.5
trace_00063,trace_00085,causal_001,commonsense_001,causal_micro_world,commonsense_multihop,uncertain,incorrect,False,False,False,0.2611531947842465,0.43333333333333335
trace_00063,trace_00086,causal_001,commonsense_002,causal_micro_world,commonsense_multihop,uncertain,correct,False,False,False,0.4422157521702991,0.5833333333333333
trace_00063,trace_00087,causal_001,commonsense_002,causal_micro_world,commonsense_multihop,uncertain,correct,False,False,False,0.3931558784658322,0.5
trace_00063,trace_00088,causal_001,commonsense_002,causal_micro_world,commonsense_multihop,uncertain,correct,False,False,False,0.5103604198119541,0.5833333333333333
trace_00063,trace_00089,causal_001,commonsense_002,causal_micro_world,commonsense_multihop,uncertain,incorrect,False,False,False,0.048794940695398595,0.25
trace_00063,trace_00090,causal_001,commonsense_002,causal_micro_world,commonsense_multihop,uncertain,correct,False,False,False,0.2611531947842465,0.43333333333333335
trace_00063,trace_00091,causal_001,commonsense_003,causal_micro_world,commonsense_multihop,uncertain,incorrect,False,False,False,0.5954372523105549,0.6666666666666667
trace_00063,trace_00092,causal_001,commonsense_003,causal_micro_world,commonsense_multihop,uncertain,correct,False,False,False,0.43709270815304424,0.5
trace_00063,trace_00093,causal_001,commonsense_003,causal_micro_world,commonsense_multihop,uncertain,incorrect,False,False,False,0.6666666666666666,0.6666666666666666
trace_00063,trace_00094,causal_001,commonsense_003,causal_micro_world,commonsense_multihop,uncertain,incorrect,False,False,False,0.7126417936566767,0.75
trace_00063,trace_00095,causal_001,commonsense_003,causal_micro_world,commonsense_multihop,uncertain,incorrect,False,False,False,0.43709270815304424,0.5
trace_00063,trace_00096,causal_001,commonsense_004,causal_micro_world,commonsense_multihop,uncertain,incorrect,False,False,False,0.3852130207431888,0.5833333333333333
trace_00063,trace_00097,causal_001,commonsense_004,causal_micro_world,commonsense_multihop,uncertain,incorrect,False,False,False,0.6991966271302656,0.8333333333333333
trace_00063,trace_00098,causal_001,commonsense_004,causal_micro_world,commonsense_multihop,uncertain,incorrect,False,False,False,0.32501121082417717,0.5
trace_00063,trace_00099,causal_001,commonsense_004,causal_micro_world,commonsense_multihop,uncertain,incorrect,False,False,False,0.4699640139760132,0.6904761904761905
trace_00063,trace_00100,causal_001,commonsense_004,causal_micro_world,commonsense_multihop,uncertain,incorrect,False,False,False,0.3852130207431888,0.5833333333333333
trace_00064,trace_00065,causal_001,causal_001,causal_micro_world,causal_micro_world,incorrect,incorrect,True,True,True,0.3112781244591328,0.5
trace_00064,trace_00066,causal_001,causal_002,causal_micro_world,causal_micro_world,incorrect,correct,False,True,False,0.1379253809700299,0.25
trace_00064,trace_00067,causal_001,causal_002,causal_micro_world,causal_micro_world,incorrect,incorrect,False,True,True,0.45328338368767396,0.5
trace_00064,trace_00068,causal_001,causal_002,causal_micro_world,causal_micro_world,incorrect,correct,False,True,False,0.1556390622295664,0.25
trace_00064,trace_00069,causal_001,causal_002,causal_micro_world,causal_micro_world,incorrect,correct,False,True,False,0.1556390622295664,0.25
trace_00064,trace_00070,causal_001,causal_002,causal_micro_world,causal_micro_world,incorrect,correct,False,True,False,0.5,0.5
trace_00064,trace_00071,causal_001,causal_003,causal_micro_world,causal_micro_world,incorrect,incorrect,False,True,True,0.6556390622295665,0.75
trace_00064,trace_00072,causal_001,causal_003,causal_micro_world,causal_micro_world,incorrect,correct,False,True,False,0.5954372523105549,0.6666666666666666
trace_00064,trace_00073,causal_001,causal_003,causal_micro_world,causal_micro_world,incorrect,correct,False,True,False,0.5954372523105549,0.6666666666666666
trace_00064,trace_00074,causal_001,causal_003,causal_micro_world,causal_micro_world,incorrect,incorrect,False,True,True,0.6556390622295665,0.75
trace_00064,trace_00075,causal_001,causal_003,causal_micro_world,causal_micro_world,incorrect,correct,False,True,False,0.5954372523105549,0.6666666666666666
trace_00064,trace_00076,causal_001,causal_004,causal_micro_world,causal_micro_world,incorrect,correct,False,True,False,0.42528358731335336,0.5
trace_00064,trace_00077,causal_001,causal_004,causal_micro_world,causal_micro_world,incorrect,correct,False,True,False,0.42528358731335336,0.5
trace_00064,trace_00078,causal_001,causal_004,causal_micro_world,causal_micro_world,incorrect,correct,False,True,False,0.2519235740744792,0.4
trace_00064,trace_00079,causal_001,causal_004,causal_micro_world,causal_micro_world,incorrect,correct,False,True,False,0.5,0.5
trace_00064,trace_00080,causal_001,causal_004,causal_micro_world,causal_micro_world,incorrect,correct,False,True,False,0.42528358731335336,0.5
trace_00064,trace_00081,causal_001,commonsense_001,causal_micro_world,commonsense_multihop,incorrect,incorrect,False,False,True,1.0,1.0
trace_00064,trace_00082,causal_001,commonsense_001,causal_micro_world,commonsense_multihop,incorrect,correct,False,False,False,0.4300365325772657,0.625
trace_00064,trace_00083,causal_001,commonsense_001,causal_micro_world,commonsense_multihop,incorrect,correct,False,False,False,0.5954372523105549,0.6666666666666666
trace_00064,trace_00084,causal_001,commonsense_001,causal_micro_world,commonsense_multihop,incorrect,incorrect,False,False,True,0.7295739585136223,0.8333333333333334
trace_00064,trace_00085,causal_001,commonsense_001,causal_micro_world,commonsense_multihop,incorrect,incorrect,False,False,True,0.3958156020033583,0.6000000000000001
trace_00064,trace_00086,causal_001,commonsense_002,causal_micro_world,commonsense_multihop,incorrect,correct,False,False,False,0.5,0.5
trace_00064,trace_00087,causal_001,commonsense_002,causal_micro_world,commonsense_multihop,incorrect,correct,False,False,False,0.6556390622295665,0.75
trace_00064,trace_00088,causal_001,commonsense_002,causal_micro_world,commonsense_multihop,incorrect,correct,False,False,False,0.6556390622295665,0.75
trace_00064,trace_00089,causal_001,commonsense_002,causal_micro_world,commonsense_multihop,incorrect,incorrect,False,False,True,0.3112781244591328,0.5
trace_00064,trace_00090,causal_001,commonsense_002,causal_micro_world,commonsense_multihop,incorrect,correct,False,False,False,0.3958156020033583,0.6
trace_00064,trace_00091,causal_001,commonsense_003,causal_micro_world,commonsense_multihop,incorrect,incorrect,False,False,True,1.0,1.0
trace_00064,trace_00092,causal_001,commonsense_003,causal_micro_world,commonsense_multihop,incorrect,correct,False,False,False,0.5954372523105549,0.6666666666666666
trace_00064,trace_00093,causal_001,commonsense_003,causal_micro_world,commonsense_multihop,incorrect,incorrect,False,False,True,1.0,0.9999999999999999
trace_00064,trace_00094,causal_001,commonsense_003,causal_micro_world,commonsense_multihop,incorrect,incorrect,False,False,True,1.0,1.0
trace_00064,trace_00095,causal_001,commonsense_003,causal_micro_world,commonsense_multihop,incorrect,incorrect,False,False,True,0.5954372523105549,0.6666666666666666
trace_00064,trace_00096,causal_001,commonsense_004,causal_micro_world,commonsense_multihop,incorrect,incorrect,False,False,True,0.1556390622295664,0.25
trace_00064,trace_00097,causal_001,commonsense_004,causal_micro_world,commonsense_multihop,incorrect,incorrect,False,False,True,0.42528358731335336,0.5
trace_00064,trace_00098,causal_001,commonsense_004,causal_micro_world,commonsense_multihop,incorrect,incorrect,False,False,True,0.5,0.5
trace_00064,trace_00099,causal_001,commonsense_004,causal_micro_world,commonsense_multihop,incorrect,incorrect,False,False,True,0.22036732006063825,0.3571428571428571
trace_00064,trace_00100,causal_001,commonsense_004,causal_micro_world,commonsense_multihop,incorrect,incorrect,False,False,True,0.1556390622295664,0.25
trace_00065,trace_00066,causal_001,causal_002,causal_micro_world,causal_micro_world,incorrect,correct,False,True,False,0.4188212310720749,0.625
trace_00065,trace_00067,causal_001,causal_002,causal_micro_world,causal_micro_world,incorrect,incorrect,False,True,True,0.23645279766002797,0.4
trace_00065,trace_00068,causal_001,causal_002,causal_micro_world,causal_micro_world,incorrect,correct,False,True,False,0.3112781244591328,0.5
trace_00065,trace_00069,causal_001,causal_002,causal_micro_world,causal_micro_world,incorrect,correct,False,True,False,0.5487949406953987,0.75
trace_00065,trace_00070,causal_001,causal_002,causal_micro_world,causal_micro_world,incorrect,correct,False,True,False,1.0,1.0
trace_00065,trace_00071,causal_001,causal_003,causal_micro_world,causal_micro_world,incorrect,incorrect,False,True,True,0.5487949406953987,0.75
trace_00065,trace_00072,causal_001,causal_003,causal_micro_world,causal_micro_world,incorrect,correct,False,True,False,0.4591479170272448,0.6666666666666666
trace_00065,trace_00073,causal_001,causal_003,causal_micro_world,causal_micro_world,incorrect,correct,False,True,False,0.4591479170272448,0.6666666666666666
trace_00065,trace_00074,causal_001,causal_003,causal_micro_world,causal_micro_world,incorrect,incorrect,False,True,True,0.5487949406953987,0.75
trace_00065,trace_00075,causal_001,causal_003,causal_micro_world,causal_micro_world,incorrect,correct,False,True,False,0.4591479170272448,0.6666666666666666
trace_00065,trace_00076,causal_001,causal_004,causal_micro_world,causal_micro_world,incorrect,correct,False,True,False,0.1908745046211096,0.33333333333333337
trace_00065,trace_00077,causal_001,causal_004,causal_micro_world,causal_micro_world,incorrect,correct,False,True,False,0.1908745046211096,0.33333333333333337
trace_00065,trace_00078,causal_001,causal_004,causal_micro_world,causal_micro_world,incorrect,correct,False,True,False,0.3958156020033583,0.6
trace_00065,trace_00079,causal_001,causal_004,causal_micro_world,causal_micro_world,incorrect,correct,False,True,False,0.3112781244591328,0.5
trace_00065,trace_00080,causal_001,causal_004,causal_micro_world,causal_micro_world,incorrect,correct,False,True,False,0.1908745046211096,0.33333333333333337
trace_00065,trace_00081,causal_001,commonsense_001,causal_micro_world,commonsense_multihop,incorrect,incorrect,False,False,True,1.0,1.0
trace_00065,trace_00082,causal_001,commonsense_001,causal_micro_world,commonsense_multihop,incorrect,correct,False,False,False,0.7169171866886993,0.875
trace_00065,trace_00083,causal_001,commonsense_001,causal_micro_world,commonsense_multihop,incorrect,correct,False,False,False,1.0,1.0
trace_00065,trace_00084,causal_001,commonsense_001,causal_micro_world,commonsense_multihop,incorrect,incorrect,False,False,True,0.6548575458269756,0.8333333333333334
trace_00065,trace_00085,causal_001,commonsense_001,causal_micro_world,commonsense_multihop,incorrect,incorrect,False,False,True,0.6099865470109875,0.8
trace_00065,trace_00086,causal_001,commonsense_002,causal_micro_world,commonsense_multihop,incorrect,correct,False,False,False,1.0,1.0
trace_00065,trace_00087,causal_001,commonsense_002,causal_micro_world,commonsense_multihop,incorrect,correct,False,False,False,1.0,1.0
trace_00065,trace_00088,causal_001,commonsense_002,causal_micro_world,commonsense_multihop,incorrect,correct,False,False,False,1.0,1.0
trace_00065,trace_00089,causal_001,commonsense_002,causal_micro_world,commonsense_multihop,incorrect,incorrect,False,False,True,0.5487949406953987,0.75
trace_00065,trace_00090,causal_001,commonsense_002,causal_micro_world,commonsense_multihop,incorrect,correct,False,False,False,0.6099865470109875,0.7999999999999999
trace_00065,trace_00091,causal_001,commonsense_003,causal_micro_world,commonsense_multihop,incorrect,incorrect,False,False,True,1.0,1.0
trace_00065,trace_00092,causal_001,commonsense_003,causal_micro_world,commonsense_multihop,incorrect,correct,False,False,False,1.0,0.9999999999999999
trace_00065,trace_00093,causal_001,commonsense_003,causal_micro_world,commonsense_multihop,incorrect,incorrect,False,False,True,1.0,0.9999999999999999
trace_00065,trace_00094,causal_001,commonsense_003,causal_micro_world,commonsense_multihop,incorrect,incorrect,False,False,True,1.0,1.0
trace_00065,trace_00095,causal_001,commonsense_003,causal_micro_world,commonsense_multihop,incorrect,incorrect,False,False,True,1.0,0.9999999999999999
trace_00065,trace_00096,causal_001,commonsense_004,causal_micro_world,commonsense_multihop,incorrect,incorrect,False,False,True,0.5487949406953987,0.75
trace_00065,trace_00097,causal_001,commonsense_004,causal_micro_world,commonsense_multihop,incorrect,incorrect,False,False,True,1.0,0.9999999999999999
trace_00065,trace_00098,causal_001,commonsense_004,causal_micro_world,commonsense_multihop,incorrect,incorrect,False,False,True,1.0,1.0
trace_00065,trace_00099,causal_001,commonsense_004,causal_micro_world,commonsense_multihop,incorrect,incorrect,False,False,True,0.6893917467430877,0.8571428571428571
trace_00065,trace_00100,causal_001,commonsense_004,causal_micro_world,commonsense_multihop,incorrect,incorrect,False,False,True,0.5487949406953987,0.75
trace_00066,trace_00067,causal_002,causal_002,causal_micro_world,causal_micro_world,correct,incorrect,True,True,False,0.3235343376486336,0.5
trace_00066,trace_00068,causal_002,causal_002,causal_micro_world,causal_micro_world,correct,correct,True,True,True,0.0933601608327142,0.25
trace_00066,trace_00069,causal_002,causal_002,causal_micro_world,causal_micro_world,correct,correct,True,True,True,0.265540629717931,0.375
trace_00066,trace_00070,causal_002,causal_002,causal_micro_world,causal_micro_world,correct,correct,True,True,True,0.34336016083271426,0.5
trace_00066,trace_00071,causal_002,causal_003,causal_micro_world,causal_micro_world,correct,incorrect,False,True,False,0.2987949406953986,0.5
trace_00066,trace_00072,causal_002,causal_003,causal_micro_world,causal_micro_world,correct,correct,False,True,True,0.2592653355423217,0.41666666666666663
trace_00066,trace_00073,causal_002,causal_003,causal_micro_world,causal_micro_world,correct,correct,False,True,True,0.45299159185163007,0.5416666666666666
trace_00066,trace_00074,causal_002,causal_003,causal_micro_world,causal_micro_world,correct,incorrect,False,True,False,0.35221700146248247,0.5
trace_00066,trace_00075,causal_002,causal_003,causal_micro_world,causal_micro_world,correct,correct,False,True,True,0.45299159185163007,0.5416666666666666
trace_00066,trace_00076,causal_002,causal_004,causal_micro_world,causal_micro_world,correct,correct,False,True,True,0.5090191722627645,0.625
trace_00066,trace_00077,causal_002,causal_004,causal_micro_world,causal_micro_world,correct,correct,False,True,True,0.5090191722627645,0.625
trace_00066,trace_00078,causal_002,causal_004,causal_micro_world,causal_micro_world,correct,correct,False,True,True,0.18860789244442175,0.30000000000000004
trace_00066,trace_00079,causal_002,causal_004,causal_micro_world,causal_micro_world,correct,correct,False,True,True,0.5689626904850149,0.625
trace_00066,trace_00080,causal_002,causal_004,causal_micro_world,causal_micro_world,correct,correct,False,True,True,0.5090191722627645,0.625
trace_00066,trace_00081,causal_002,commonsense_001,causal_micro_world,commonsense_multihop,correct,incorrect,False,False,False,0.6556390622295665,0.75
trace_00066,trace_00082,causal_002,commonsense_001,causal_micro_world,commonsense_multihop,correct,correct,False,False,True,0.29093887700334964,0.5
trace_00066,trace_00083,causal_002,commonsense_001,causal_micro_world,commonsense_multihop,correct,correct,False,False,True,0.5030387449892768,0.5416666666666666
trace_00066,trace_00084,causal_002,commonsense_001,causal_micro_world,commonsense_multihop,correct,incorrect,False,False,False,0.42141982129291783,0.5833333333333333
trace_00066,trace_00085,causal_002,commonsense_001,causal_micro_world,commonsense_multihop,correct,incorrect,False,False,False,0.30783490035294475,0.47500000000000003
trace_00066,trace_00086,causal_002,commonsense_002,causal_micro_world,commonsense_multihop,correct,correct,False,False,True,0.39678222159979815,0.5
trace_00066,trace_00087,causal_002,commonsense_002,causal_micro_world,commonsense_multihop,correct,correct,False,False,True,0.47097540958061535,0.625
trace_00066,trace_00088,causal_002,commonsense_002,causal_micro_world,commonsense_multihop,correct,correct,False,False,True,0.35221700146248247,0.5
trace_00066,trace_00089,causal_002,commonsense_002,causal_micro_world,commonsense_multihop,correct,incorrect,False,False,False,0.16755334881353143,0.375
trace_00066,trace_00090,causal_002,commonsense_002,causal_micro_world,commonsense_multihop,correct,correct,False,False,True,0.15163395208547742,0.35
trace_00066,trace_00091,causal_002,commonsense_003,causal_micro_world,commonsense_multihop,correct,incorrect,False,False,False,0.7743974703476993,0.875
trace_00066,trace_00092,causal_002,commonsense_003,causal_micro_world,commonsense_multihop,correct,correct,False,False,True,0.45299159185163,0.5416666666666666
trace_00066,trace_00093,causal_002,commonsense_003,causal_micro_world,commonsense_multihop,correct,incorrect,False,False,False,0.6125474873813833,0.7499999999999999
trace_00066,trace_00094,causal_002,commonsense_003,causal_micro_world,commonsense_multihop,correct,incorrect,False,False,False,0.8278195311147832,0.875
trace_00066,trace_00095,causal_002,commonsense_003,causal_micro_world,commonsense_multihop,correct,incorrect,False,False,False,0.45299159185163,0.5416666666666666
trace_00066,trace_00096,causal_002,commonsense_004,causal_micro_world,commonsense_multihop,correct,incorrect,False,False,False,0.265540629717931,0.375
trace_00066,trace_00097,causal_002,commonsense_004,causal_micro_world,commonsense_multihop,correct,incorrect,False,False,False,0.5090191722627645,0.625
trace_00066,trace_00098,causal_002,commonsense_004,causal_micro_world,commonsense_multihop,correct,incorrect,False,False,False,0.34336016083271426,0.5
trace_00066,trace_00099,causal_002,commonsense_004,causal_micro_world,commonsense_multihop,correct,incorrect,False,False,False,0.18807343148602,0.3571428571428571
trace_00066,trace_00100,causal_002,commonsense_004,causal_micro_world,commonsense_multihop,correct,incorrect,False,False,False,0.265540629717931,0.375
trace_00067,trace_00068,causal_002,causal_002,causal_micro_world,causal_micro_world,incorrect,correct,True,True,False,0.14088148715273927,0.25
trace_00067,trace_00069,causal_002,causal_002,causal_micro_world,causal_micro_world,incorrect,correct,True,True,False,0.6285580545458729,0.75
trace_00067,trace_00070,causal_002,causal_002,causal_micro_world,causal_micro_world,incorrect,correct,True,True,False,0.5540157730728,0.6
trace_00067,trace_00071,causal_002,causal_003,causal_micro_world,causal_micro_world,incorrect,incorrect,False,True,True,0.3161561580109383,0.5
trace_00067,trace_00072,causal_002,causal_003,causal_micro_world,causal_micro_world,incorrect,correct,False,True,False,0.19672214174548802,0.33333333333333337
trace_00067,trace_00073,causal_002,causal_003,causal_micro_world,causal_micro_world,incorrect,correct,False,True,False,0.5611998859537054,0.6666666666666666
trace_00067,trace_00074,causal_002,causal_003,causal_micro_world,causal_micro_world,incorrect,incorrect,False,True,True,0.3161561580109383,0.5
trace_00067,trace_00075,causal_002,causal_003,causal_micro_world,causal_micro_world,incorrect,correct,False,True,False,0.5611998859537054,0.6666666666666666
trace_00067,trace_00076,causal_002,causal_004,causal_micro_world,causal_micro_world,incorrect,correct,False,True,False,0.3679327735475437,0.4
trace_00067,trace_00077,causal_002,causal_004,causal_micro_world,causal_micro_world,incorrect,correct,False,True,False,0.3679327735475437,0.4
trace_00067,trace_00078,causal_002,causal_004,causal_micro_world,causal_micro_world,incorrect,correct,False,True,False,0.23903595255631882,0.4
trace_00067,trace_00079,causal_002,causal_004,causal_micro_world,causal_micro_world,incorrect,correct,False,True,False,0.45328338368767396,0.5
trace_00067,trace_00080,causal_002,causal_004,causal_micro_world,causal_micro_world,incorrect,correct,False,True,False,0.3679327735475437,0.4
trace_00067,trace_00081,causal_002,commonsense_001,causal_micro_world,commonsense_multihop,incorrect,incorrect,False,False,True,0.6875981034650653,0.75
trace_00067,trace_00082,causal_002,commonsense_001,causal_micro_world,commonsense_multihop,incorrect,correct,False,False,False,0.3723820618147452,0.5
trace_00067,trace_00083,causal_002,commonsense_001,causal_micro_world,commonsense_multihop,incorrect,correct,False,False,False,0.7523720363639153,0.8333333333333334
trace_00067,trace_00084,causal_002,commonsense_001,causal_micro_world,commonsense_multihop,incorrect,incorrect,False,False,True,0.3459616809765682,0.5
trace_00067,trace_00085,causal_002,commonsense_001,causal_micro_world,commonsense_multihop,incorrect,incorrect,False,False,True,0.3999999999999999,0.6000000000000001
trace_00067,trace_00086,causal_002,commonsense_002,causal_micro_world,commonsense_multihop,incorrect,correct,False,False,False,0.6875981034650653,0.75
trace_00067,trace_00087,causal_002,commonsense_002,causal_micro_world,commonsense_multihop,incorrect,correct,False,False,False,0.5540157730728,0.6
trace_00067,trace_00088,causal_002,commonsense_002,causal_micro_world,commonsense_multihop,incorrect,correct,False,False,False,0.6875981034650653,0.75
trace_00067,trace_00089,causal_002,commonsense_002,causal_micro_world,commonsense_multihop,incorrect,incorrect,False,False,True,0.182573827618673,0.35
trace_00067,trace_00090,causal_002,commonsense_002,causal_micro_world,commonsense_multihop,incorrect,correct,False,False,False,0.3999999999999999,0.6
trace_00067,trace_00091,causal_002,commonsense_003,causal_micro_world,commonsense_multihop,incorrect,incorrect,False,False,True,0.5540157730728,0.6
trace_00067,trace_00092,causal_002,commonsense_003,causal_micro_world,commonsense_multihop,incorrect,correct,False,False,False,0.6355222557917826,0.6666666666666666
trace_00067,trace_00093,causal_002,commonsense_003,causal_micro_world,commonsense_multihop,incorrect,incorrect,False,False,True,0.6355222557917826,0.6666666666666666
trace_00067,trace_00094,causal_002,commonsense_003,causal_micro_world,commonsense_multihop,incorrect,incorrect,False,False,True,0.6875981034650653,0.75
trace_00067,trace_00095,causal_002,commonsense_003,causal_micro_world,commonsense_multihop,incorrect,incorrect,False,False,True,0.6355222557917826,0.6666666666666666
trace_00067,trace_00096,causal_002,commonsense_004,causal_micro_world,commonsense_multihop,incorrect,incorrect,False,False,True,0.6285580545458729,0.75
trace_00067,trace_00097,causal_002,commonsense_004,causal_micro_world,commonsense_multihop,incorrect,incorrect,False,False,True,1.0,0.9999999999999999
trace_00067,trace_00098,causal_002,commonsense_004,causal_micro_world,commonsense_multihop,incorrect,incorrect,False,False,True,0.5540157730728,0.6
trace_00067,trace_00099,causal_002,commonsense_004,causal_micro_world,commonsense_multihop,incorrect,incorrect,False,False,True,0.737669624016034,0.8571428571428571
trace_00067,trace_00100,causal_002,commonsense_004,causal_micro_world,commonsense_multihop,incorrect,incorrect,False,False,True,0.6285580545458729,0.75
trace_00068,trace_00069,causal_002,causal_002,causal_micro_world,causal_micro_world,correct,correct,True,True,True,0.3112781244591328,0.5
trace_00068,trace_00070,causal_002,causal_002,causal_micro_world,causal_micro_world,correct,correct,True,True,True,0.3112781244591328,0.5
trace_00068,trace_00071,causal_002,causal_003,causal_micro_world,causal_micro_world,correct,incorrect,False,True,False,0.40563906222956636,0.5
trace_00068,trace_00072,causal_002,causal_003,causal_micro_world,causal_micro_world,correct,correct,False,True,True,0.3080790459672315,0.41666666666666663
trace_00068,trace_00073,causal_002,causal_003,causal_micro_world,causal_micro_world,correct,correct,False,True,True,0.5954372523105549,0.6666666666666666
trace_00068,trace_00074,causal_002,causal_003,causal_micro_world,causal_micro_world,correct,incorrect,False,True,False,0.40563906222956636,0.5
trace_00068,trace_00075,causal_002,causal_003,causal_micro_world,causal_micro_world,correct,correct,False,True,True,0.5954372523105549,0.6666666666666666
trace_00068,trace_00076,causal_002,causal_004,causal_micro_world,causal_micro_world,correct,correct,False,True,True,0.42528358731335336,0.5
trace_00068,trace_00077,causal_002,causal_004,causal_micro_world,causal_micro_world,correct,correct,False,True,True,0.42528358731335336,0.5
trace_00068,trace_00078,causal_002,causal_004,causal_micro_world,causal_micro_world,correct,correct,False,True,True,0.10803154614560012,0.19999999999999998
trace_00068,trace_00079,causal_002,causal_004,causal_micro_world,causal_micro_world,correct,correct,False,True,True,0.5,0.5
trace_00068,trace_00080,causal_002,causal_004,causal_micro_world,causal_micro_world,correct,correct,False,True,True,0.42528358731335336,0.5
trace_00068,trace_00081,causal_002,commonsense_001,causal_micro_world,commonsense_multihop,correct,incorrect,False,False,False,0.75,0.75
trace_00068,trace_00082,causal_002,commonsense_001,causal_micro_world,commonsense_multihop,correct,correct,False,False,True,0.22097540958061537,0.375
trace_00068,trace_00083,causal_002,commonsense_001,causal_micro_world,commonsense_multihop,correct,correct,False,False,True,0.5103604198119541,0.5833333333333334
trace_00068,trace_00084,causal_002,commonsense_001,causal_micro_world,commonsense_multihop,correct,incorrect,False,False,False,0.44221575217029907,0.5833333333333334
trace_00068,trace_00085,causal_002,commonsense_001,causal_micro_world,commonsense_multihop,correct,incorrect,False,False,False,0.2519235740744792,0.4
trace_00068,trace_00086,causal_002,commonsense_002,causal_micro_world,commonsense_multihop,correct,correct,False,False,True,0.40563906222956636,0.5
trace_00068,trace_00087,causal_002,commonsense_002,causal_micro_world,commonsense_multihop,correct,correct,False,False,True,0.40563906222956636,0.5
trace_00068,trace_00088,causal_002,commonsense_002,causal_micro_world,commonsense_multihop,correct,correct,False,False,True,0.5,0.5
trace_00068,trace_00089,causal_002,commonsense_002,causal_micro_world,commonsense_multihop,correct,incorrect,False,False,False,0.06127812445913278,0.25
trace_00068,trace_00090,causal_002,commonsense_002,causal_micro_world,commonsense_multihop,correct,correct,False,False,True,0.2519235740744792,0.4
trace_00068,trace_00091,causal_002,commonsense_003,causal_micro_world,commonsense_multihop,correct,incorrect,False,False,False,0.6556390622295665,0.75
trace_00068,trace_00092,causal_002,commonsense_003,causal_micro_world,commonsense_multihop,correct,correct,False,False,True,0.42528358731335336,0.4999999999999999
trace_00068,trace_00093,causal_002,commonsense_003,causal_micro_world,commonsense_multihop,correct,incorrect,False,False,False,0.7126417936566767,0.7499999999999999
trace_00068,trace_00094,causal_002,commonsense_003,causal_micro_world,commonsense_multihop,correct,incorrect,False,False,False,0.75,0.75
trace_00068,trace_00095,causal_002,commonsense_003,causal_micro_world,commonsense_multihop,correct,incorrect,False,False,False,0.42528358731335336,0.4999999999999999
trace_00068,trace_00096,causal_002,commonsense_004,causal_micro_world,commonsense_multihop,correct,incorrect,False,False,False,0.3112781244591328,0.5
trace_00068,trace_00097,causal_002,commonsense_004,causal_micro_world,commonsense_multihop,correct,incorrect,False,False,False,0.6125474873813833,0.7499999999999999
trace_00068,trace_00098,causal_002,commonsense_004,causal_micro_world,commonsense_multihop,correct,incorrect,False,False,False,0.3112781244591328,0.5
trace_00068,trace_00099,causal_002,commonsense_004,causal_micro_world,commonsense_multihop,correct,incorrect,False,False,False,0.39024782764172805,0.6071428571428571
trace_00068,trace_00100,causal_002,commonsense_004,causal_micro_world,commonsense_multihop,correct,incorrect,False,False,False,0.3112781244591328,0.5
trace_00069,trace_00070,causal_002,causal_002,causal_micro_world,causal_micro_world,correct,correct,True,True,True,0.5,0.5
trace_00069,trace_00071,causal_002,causal_003,causal_micro_world,causal_micro_world,correct,incorrect,False,True,False,0.75,0.75
trace_00069,trace_00072,causal_002,causal_003,causal_micro_world,causal_micro_world,correct,correct,False,True,True,0.7126417936566767,0.75
trace_00069,trace_00073,causal_002,causal_003,causal_micro_world,causal_micro_world,correct,correct,False,True,True,0.42528358731335336,0.4999999999999999
trace_00069,trace_00074,causal_002,causal_003,causal_micro_world,causal_micro_world,correct,incorrect,False,True,False,0.5,0.5
trace_00069,trace_00075,causal_002,causal_003,causal_micro_world,causal_micro_world,correct,correct,False,True,True,0.42528358731335336,0.4999999999999999
trace_00069,trace_00076,causal_002,causal_004,causal_micro_world,causal_micro_world,correct,correct,False,True,True,0.32518928103806,0.5
trace_00069,trace_00077,causal_002,causal_004,causal_micro_world,causal_micro_world,correct,correct,False,True,True,0.32518928103806,0.5
trace_00069,trace_00078,causal_002,causal_004,causal_micro_world,causal_micro_world,correct,correct,False,True,True,0.16251379100314456,0.35
trace_00069,trace_00079,causal_002,causal_004,causal_micro_world,causal_micro_world,correct,correct,False,True,True,0.3112781244591328,0.5
trace_00069,trace_00080,causal_002,causal_004,causal_micro_world,causal_micro_world,correct,correct,False,True,True,0.32518928103806,0.5
trace_00069,trace_00081,causal_002,commonsense_001,causal_micro_world,commonsense_multihop,correct,incorrect,False,False,False,0.6556390622295665,0.75
trace_00069,trace_00082,causal_002,commonsense_001,causal_micro_world,commonsense_multihop,correct,correct,False,False,True,0.2334585933443496,0.375
trace_00069,trace_00083,causal_002,commonsense_001,causal_micro_world,commonsense_multihop,correct,correct,False,False,True,0.2510763145401212,0.41666666666666663
trace_00069,trace_00084,causal_002,commonsense_001,causal_micro_world,commonsense_multihop,correct,incorrect,False,False,False,0.510360419811954,0.5833333333333333
trace_00069,trace_00085,causal_002,commonsense_001,causal_micro_world,commonsense_multihop,correct,incorrect,False,False,False,0.16251379100314453,0.35000000000000003
trace_00069,trace_00086,causal_002,commonsense_002,causal_micro_world,commonsense_multihop,correct,correct,False,False,True,0.25,0.25
trace_00069,trace_00087,causal_002,commonsense_002,causal_micro_world,commonsense_multihop,correct,correct,False,False,True,0.40563906222956636,0.5
trace_00069,trace_00088,causal_002,commonsense_002,causal_micro_world,commonsense_multihop,correct,correct,False,False,True,0.40563906222956636,0.5
trace_00069,trace_00089,causal_002,commonsense_002,causal_micro_world,commonsense_multihop,correct,incorrect,False,False,False,0.40563906222956636,0.5
trace_00069,trace_00090,causal_002,commonsense_002,causal_micro_world,commonsense_multihop,correct,correct,False,False,True,0.2519235740744792,0.4
trace_00069,trace_00091,causal_002,commonsense_003,causal_micro_world,commonsense_multihop,correct,incorrect,False,False,False,0.6556390622295665,0.75
trace_00069,trace_00092,causal_002,commonsense_003,causal_micro_world,commonsense_multihop,correct,correct,False,False,True,0.3080790459672315,0.41666666666666663
trace_00069,trace_00093,causal_002,commonsense_003,causal_micro_world,commonsense_multihop,correct,incorrect,False,False,False,0.7126417936566767,0.7499999999999999
trace_00069,trace_00094,causal_002,commonsense_003,causal_micro_world,commonsense_multihop,correct,incorrect,False,False,False,0.5943609377704335,0.75
trace_00069,trace_00095,causal_002,commonsense_003,causal_micro_world,commonsense_multihop,correct,incorrect,False,False,False,0.3080790459672315,0.41666666666666663
trace_00069,trace_00096,causal_002,commonsense_004,causal_micro_world,commonsense_multihop,correct,incorrect,False,False,False,0.0,0.0
trace_00069,trace_00097,causal_002,commonsense_004,causal_micro_world,commonsense_multihop,correct,incorrect,False,False,False,0.13792538097003013,0.24999999999999997
trace_00069,trace_00098,causal_002,commonsense_004,causal_micro_world,commonsense_multihop,correct,incorrect,False,False,False,0.5,0.5
trace_00069,trace_00099,causal_002,commonsense_004,causal_micro_world,commonsense_multihop,correct,incorrect,False,False,False,0.09449507748815748,0.21428571428571427
trace_00069,trace_00100,causal_002,commonsense_004,causal_micro_world,commonsense_multihop,correct,incorrect,False,False,False,0.0,0.0
trace_00070,trace_00071,causal_002,causal_003,causal_micro_world,causal_micro_world,correct,incorrect,False,True,False,0.6556390622295665,0.75
trace_00070,trace_00072,causal_002,causal_003,causal_micro_world,causal_micro_world,correct,correct,False,True,True,0.5954372523105549,0.6666666666666666
trace_00070,trace_00073,causal_002,causal_003,causal_micro_world,causal_micro_world,correct,correct,False,True,True,1.0,0.9999999999999999
trace_00070,trace_00074,causal_002,causal_003,causal_micro_world,causal_micro_world,correct,incorrect,False,True,False,0.6556390622295665,0.75
trace_00070,trace_00075,causal_002,causal_003,causal_micro_world,causal_micro_world,correct,correct,False,True,True,1.0,0.9999999999999999
trace_00070,trace_00076,causal_002,causal_004,causal_micro_world,causal_micro_world,correct,correct,False,True,True,1.0,0.9999999999999999
trace_00070,trace_00077,causal_002,causal_004,causal_micro_world,causal_micro_world,correct,correct,False,True,True,1.0,0.9999999999999999
trace_00070,trace_00078,causal_002,causal_004,causal_micro_world,causal_micro_world,correct,correct,False,True,True,0.3958156020033583,0.6
trace_00070,trace_00079,causal_002,causal_004,causal_micro_world,causal_micro_world,correct,correct,False,True,True,1.0,1.0
trace_00070,trace_00080,causal_002,causal_004,causal_micro_world,causal_micro_world,correct,correct,False,True,True,1.0,0.9999999999999999
trace_00070,trace_00081,causal_002,commonsense_001,causal_micro_world,commonsense_multihop,correct,incorrect,False,False,False,0.6556390622295665,0.75
trace_00070,trace_00082,causal_002,commonsense_001,causal_micro_world,commonsense_multihop,correct,correct,False,False,True,0.22460175271458133,0.375
trace_00070,trace_00083,causal_002,commonsense_001,causal_micro_world,commonsense_multihop,correct,correct,False,False,True,0.32501121082417717,0.5
trace_00070,trace_00084,causal_002,commonsense_001,causal_micro_world,commonsense_multihop,correct,incorrect,False,False,False,0.5954372523105549,0.6666666666666666
trace_00070,trace_00085,causal_002,commonsense_001,causal_micro_world,commonsense_multihop,correct,incorrect,False,False,False,0.3958156020033583,0.6000000000000001
trace_00070,trace_00086,causal_002,commonsense_002,causal_micro_world,commonsense_multihop,correct,correct,False,False,True,0.1556390622295664,0.25
trace_00070,trace_00087,causal_002,commonsense_002,causal_micro_world,commonsense_multihop,correct,correct,False,False,True,0.1556390622295664,0.25
trace_00070,trace_00088,causal_002,commonsense_002,causal_micro_world,commonsense_multihop,correct,correct,False,False,True,0.3112781244591328,0.5
trace_00070,trace_00089,causal_002,commonsense_002,causal_micro_world,commonsense_multihop,correct,incorrect,False,False,False,0.1556390622295664,0.25
trace_00070,trace_00090,causal_002,commonsense_002,causal_micro_world,commonsense_multihop,correct,correct,False,False,True,0.3958156020033583,0.6
trace_00070,trace_00091,causal_002,commonsense_003,causal_micro_world,commonsense_multihop,correct,incorrect,False,False,False,0.5,0.5
trace_00070,trace_00092,causal_002,commonsense_003,causal_micro_world,commonsense_multihop,correct,correct,False,False,True,0.1908745046211096,0.33333333333333337
trace_00070,trace_00093,causal_002,commonsense_003,causal_micro_world,commonsense_multihop,correct,incorrect,False,False,False,0.5954372523105549,0.6666666666666666
trace_00070,trace_00094,causal_002,commonsense_003,causal_micro_world,commonsense_multihop,correct,incorrect,False,False,False,0.6556390622295665,0.75
trace_00070,trace_00095,causal_002,commonsense_003,causal_micro_world,commonsense_multihop,correct,incorrect,False,False,False,0.1908745046211096,0.33333333333333337
trace_00070,trace_00096,causal_002,commonsense_004,causal_micro_world,commonsense_multihop,correct,incorrect,False,False,False,0.5,0.5
trace_00070,trace_00097,causal_002,commonsense_004,causal_micro_world,commonsense_multihop,correct,incorrect,False,False,False,0.42528358731335336,0.5
trace_00070,trace_00098,causal_002,commonsense_004,causal_micro_world,commonsense_multihop,correct,incorrect,False,False,False,0.0,0.0
trace_00070,trace_00099,causal_002,commonsense_004,causal_micro_world,commonsense_multihop,correct,incorrect,False,False,False,0.4660044828669804,0.4999999999999999
trace_00070,trace_00100,causal_002,commonsense_004,causal_micro_world,commonsense_multihop,correct,incorrect,False,False,False,0.5,0.5
trace_00071,trace_00072,causal_003,causal_003,causal_micro_world,causal_micro_world,incorrect,correct,True,True,False,0.020720839623908215,0.16666666666666666
trace_00071,trace_00073,causal_003,causal_003,causal_micro_world,causal_micro_world,incorrect,correct,True,True,False,0.30807904596723146,0.41666666666666663
trace_00071,trace_00074,causal_003,causal_003,causal_micro_world,causal_micro_world,incorrect,incorrect,True,True,True,0.1556390622295664,0.25
trace_00071,trace_00075,causal_003,causal_003,causal_micro_world,causal_micro_world,incorrect,correct,True,True,False,0.30807904596723146,0.41666666666666663
trace_00071,trace_00076,causal_003,causal_004,causal_micro_world,causal_micro_world,incorrect,correct,False,True,False,0.6125474873813833,0.7499999999999999
trace_00071,trace_00077,causal_003,causal_004,causal_micro_world,causal_micro_world,incorrect,correct,False,True,False,0.6125474873813833,0.7499999999999999
trace_00071,trace_00078,causal_003,causal_004,causal_micro_world,causal_micro_world,incorrect,correct,False,True,False,0.4646059900014654,0.55
trace_00071,trace_00079,causal_003,causal_004,causal_micro_world,causal_micro_world,incorrect,correct,False,True,False,0.6556390622295665,0.75
trace_00071,trace_00080,causal_003,causal_004,causal_micro_world,causal_micro_world,incorrect,correct,False,True,False,0.6125474873813833,0.7499999999999999
trace_00071,trace_00081,causal_003,commonsense_001,causal_micro_world,commonsense_multihop,incorrect,incorrect,False,False,True,0.40563906222956636,0.5
trace_00071,trace_00082,causal_003,commonsense_001,causal_micro_world,commonsense_multihop,incorrect,correct,False,False,False,0.5243974703476992,0.625
trace_00071,trace_00083,causal_003,commonsense_001,causal_micro_world,commonsense_multihop,incorrect,correct,False,False,False,0.7977186261552774,0.8333333333333334
trace_00071,trace_00084,causal_003,commonsense_001,causal_micro_world,commonsense_multihop,incorrect,incorrect,False,False,True,0.2399343783255765,0.41666666666666663
trace_00071,trace_00085,causal_003,commonsense_001,causal_micro_world,commonsense_multihop,incorrect,incorrect,False,False,True,0.5540157730728,0.6000000000000001
trace_00071,trace_00086,causal_003,commonsense_002,causal_micro_world,commonsense_multihop,incorrect,correct,False,False,False,0.75,0.75
trace_00071,trace_00087,causal_003,commonsense_002,causal_micro_world,commonsense_multihop,incorrect,correct,False,False,False,0.6556390622295665,0.75
trace_00071,trace_00088,causal_003,commonsense_002,causal_micro_world,commonsense_multihop,incorrect,correct,False,False,False,0.40563906222956636,0.5
trace_00071,trace_00089,causal_003,commonsense_002,causal_micro_world,commonsense_multihop,incorrect,incorrect,False,False,True,0.40563906222956636,0.5
trace_00071,trace_00090,causal_003,commonsense_002,causal_micro_world,commonsense_multihop,incorrect,correct,False,False,False,0.2519235740744792,0.4
trace_00071,trace_00091,causal_003,commonsense_003,causal_micro_world,commonsense_multihop,incorrect,incorrect,False,False,True,0.6556390622295665,0.75
trace_00071,trace_00092,causal_003,commonsense_003,causal_micro_world,commonsense_multihop,incorrect,correct,False,False,False,0.7126417936566767,0.7499999999999999
trace_00071,trace_00093,causal_003,commonsense_003,causal_micro_world,commonsense_multihop,incorrect,incorrect,False,False,True,0.30807904596723146,0.41666666666666663
trace_00071,trace_00094,causal_003,commonsense_003,causal_micro_world,commonsense_multihop,incorrect,incorrect,False,False,True,0.75,0.75
trace_00071,trace_00095,causal_003,commonsense_003,causal_micro_world,commonsense_multihop,incorrect,incorrect,False,False,True,0.7126417936566767,0.7499999999999999
trace_00071,trace_00096,causal_003,commonsense_004,causal_micro_world,commonsense_multihop,incorrect,incorrect,False,False,True,0.75,0.75
trace_00071,trace_00097,causal_003,commonsense_004,causal_micro_world,commonsense_multihop,incorrect,incorrect,False,False,True,1.0,0.9999999999999999
trace_00071,trace_00098,causal_003,commonsense_004,causal_micro_world,commonsense_multihop,incorrect,incorrect,False,False,True,0.6556390622295665,0.75
trace_00071,trace_00099,causal_003,commonsense_004,causal_micro_world,commonsense_multihop,incorrect,incorrect,False,False,True,0.5686081345042464,0.7142857142857143
trace_00071,trace_00100,causal_003,commonsense_004,causal_micro_world,commonsense_multihop,incorrect,incorrect,False,False,True,0.75,0.75
trace_00072,trace_00073,causal_003,causal_003,causal_micro_world,causal_micro_world,correct,correct,True,True,True,0.3333333333333333,0.3333333333333333
trace_00072,trace_00074,causal_003,causal_003,causal_micro_world,causal_micro_world,correct,incorrect,True,True,False,0.13792538097003013,0.24999999999999997
trace_00072,trace_00075,causal_003,causal_003,causal_micro_world,causal_micro_world,correct,correct,True,True,True,0.3333333333333333,0.3333333333333333
trace_00072,trace_00076,causal_003,causal_004,causal_micro_world,causal_micro_world,correct,correct,False,True,True,0.5408520829727551,0.6666666666666666
trace_00072,trace_00077,causal_003,causal_004,causal_micro_world,causal_micro_world,correct,correct,False,True,True,0.5408520829727551,0.6666666666666666
trace_00072,trace_00078,causal_003,causal_004,causal_micro_world,causal_micro_world,correct,correct,False,True,True,0.3810065216784586,0.4666666666666667
trace_00072,trace_00079,causal_003,causal_004,causal_micro_world,causal_micro_world,correct,correct,False,True,True,0.5954372523105549,0.6666666666666666
trace_00072,trace_00080,causal_003,causal_004,causal_micro_world,causal_micro_world,correct,correct,False,True,True,0.5408520829727551,0.6666666666666666
trace_00072,trace_00081,causal_003,commonsense_001,causal_micro_world,commonsense_multihop,correct,incorrect,False,False,False,0.42528358731335336,0.5
trace_00072,trace_00082,causal_003,commonsense_001,causal_micro_world,commonsense_multihop,correct,correct,False,False,True,0.45299159185163,0.5416666666666666
trace_00072,trace_00083,causal_003,commonsense_001,causal_micro_world,commonsense_multihop,correct,correct,False,False,True,0.7704260414863775,0.8333333333333333
trace_00072,trace_00084,causal_003,commonsense_001,causal_micro_world,commonsense_multihop,correct,incorrect,False,False,False,0.20751874963942185,0.3333333333333333
trace_00072,trace_00085,causal_003,commonsense_001,causal_micro_world,commonsense_multihop,correct,incorrect,False,False,False,0.490968531773352,0.6
trace_00072,trace_00086,causal_003,commonsense_002,causal_micro_world,commonsense_multihop,correct,correct,False,False,True,0.7126417936566767,0.75
trace_00072,trace_00087,causal_003,commonsense_002,causal_micro_world,commonsense_multihop,correct,correct,False,False,True,0.5954372523105549,0.6666666666666666
trace_00072,trace_00088,causal_003,commonsense_002,causal_micro_world,commonsense_multihop,correct,correct,False,False,True,0.42528358731335336,0.5
trace_00072,trace_00089,causal_003,commonsense_002,causal_micro_world,commonsense_multihop,correct,incorrect,False,False,False,0.3080790459672315,0.41666666666666663
trace_00072,trace_00090,causal_003,commonsense_002,causal_micro_world,commonsense_multihop,correct,correct,False,False,True,0.236452797660028,0.3999999999999999
trace_00072,trace_00091,causal_003,commonsense_003,causal_micro_world,commonsense_multihop,correct,incorrect,False,False,False,0.5954372523105549,0.6666666666666666
trace_00072,trace_00092,causal_003,commonsense_003,causal_micro_world,commonsense_multihop,correct,correct,False,False,True,0.6666666666666666,0.6666666666666666
trace_00072,trace_00093,causal_003,commonsense_003,causal_micro_world,commonsense_multihop,correct,incorrect,False,False,False,0.3333333333333333,0.3333333333333333
trace_00072,trace_00094,causal_003,commonsense_003,causal_micro_world,commonsense_multihop,correct,incorrect,False,False,False,0.7126417936566767,0.75
trace_00072,trace_00095,causal_003,commonsense_003,causal_micro_world,commonsense_multihop,correct,incorrect,False,False,False,0.6666666666666666,0.6666666666666666
trace_00072,trace_00096,causal_003,commonsense_004,causal_micro_world,commonsense_multihop,correct,incorrect,False,False,False,0.7126417936566767,0.75
trace_00072,trace_00097,causal_003,commonsense_004,causal_micro_world,commonsense_multihop,correct,incorrect,False,False,False,1.0,0.9999999999999999
trace_00072,trace_00098,causal_003,commonsense_004,causal_micro_world,commonsense_multihop,correct,incorrect,False,False,False,0.5954372523105549,0.6666666666666666
trace_00072,trace_00099,causal_003,commonsense_004,causal_micro_world,commonsense_multihop,correct,incorrect,False,False,False,0.5803376670330035,0.7142857142857142
trace_00072,trace_00100,causal_003,commonsense_004,causal_micro_world,commonsense_multihop,correct,incorrect,False,False,False,0.7126417936566767,0.75
trace_00073,trace_00074,causal_003,causal_003,causal_micro_world,causal_micro_world,correct,incorrect,True,True,False,0.1379253809700301,0.24999999999999997
trace_00073,trace_00075,causal_003,causal_003,causal_micro_world,causal_micro_world,correct,correct,True,True,True,0.0,0.0
trace_00073,trace_00076,causal_003,causal_004,causal_micro_world,causal_micro_world,correct,correct,False,True,True,0.20751874963942185,0.3333333333333333
trace_00073,trace_00077,causal_003,causal_004,causal_micro_world,causal_micro_world,correct,correct,False,True,True,0.20751874963942185,0.3333333333333333
trace_00073,trace_00078,causal_003,causal_004,causal_micro_world,causal_micro_world,correct,correct,False,True,True,0.3810065216784586,0.4666666666666667
trace_00073,trace_00079,causal_003,causal_004,causal_micro_world,causal_micro_world,correct,correct,False,True,True,0.1908745046211096,0.33333333333333337
trace_00073,trace_00080,causal_003,causal_004,causal_micro_world,causal_micro_world,correct,correct,False,True,True,0.20751874963942185,0.3333333333333333
trace_00073,trace_00081,causal_003,commonsense_001,causal_micro_world,commonsense_multihop,correct,incorrect,False,False,False,0.30807904596723146,0.41666666666666663
trace_00073,trace_00082,causal_003,commonsense_001,causal_micro_world,commonsense_multihop,correct,correct,False,False,True,0.5189155373473684,0.6249999999999999
trace_00073,trace_00083,causal_003,commonsense_001,causal_micro_world,commonsense_multihop,correct,correct,False,False,True,0.5954372523105548,0.6666666666666666
trace_00073,trace_00084,causal_003,commonsense_001,causal_micro_world,commonsense_multihop,correct,incorrect,False,False,False,0.20751874963942185,0.3333333333333333
trace_00073,trace_00085,causal_003,commonsense_001,causal_micro_world,commonsense_multihop,correct,incorrect,False,False,False,0.38100652167845855,0.4666666666666667
trace_00073,trace_00086,causal_003,commonsense_002,causal_micro_world,commonsense_multihop,correct,correct,False,False,True,0.7126417936566767,0.7499999999999999
trace_00073,trace_00087,causal_003,commonsense_002,causal_micro_world,commonsense_multihop,correct,correct,False,False,True,0.7126417936566767,0.7499999999999999
trace_00073,trace_00088,causal_003,commonsense_002,causal_micro_world,commonsense_multihop,correct,correct,False,False,True,0.42528358731335336,0.4999999999999999
trace_00073,trace_00089,causal_003,commonsense_002,causal_micro_world,commonsense_multihop,correct,incorrect,False,False,False,0.7126417936566767,0.7499999999999999
trace_00073,trace_00090,causal_003,commonsense_002,causal_micro_world,commonsense_multihop,correct,correct,False,False,True,0.236452797660028,0.39999999999999997
trace_00073,trace_00091,causal_003,commonsense_003,causal_micro_world,commonsense_multihop,correct,incorrect,False,False,False,0.5954372523105548,0.6666666666666666
trace_00073,trace_00092,causal_003,commonsense_003,causal_micro_world,commonsense_multihop,correct,correct,False,False,True,0.6666666666666666,0.6666666666666666
trace_00073,trace_00093,causal_003,commonsense_003,causal_micro_world,commonsense_multihop,correct,incorrect,False,False,False,0.3333333333333333,0.3333333333333333
trace_00073,trace_00094,causal_003,commonsense_003,causal_micro_world,commonsense_multihop,correct,incorrect,False,False,False,0.5176503615477757,0.6666666666666666
trace_00073,trace_00095,causal_003,commonsense_003,causal_micro_world,commonsense_multihop,correct,incorrect,False,False,False,0.6666666666666666,0.6666666666666666
trace_00073,trace_00096,causal_003,commonsense_004,causal_micro_world,commonsense_multihop,correct,incorrect,False,False,False,0.42528358731335336,0.4999999999999999
trace_00073,trace_00097,causal_003,commonsense_004,causal_micro_world,commonsense_multihop,correct,incorrect,False,False,False,0.6666666666666666,0.6666666666666666
trace_00073,trace_00098,causal_003,commonsense_004,causal_micro_world,commonsense_multihop,correct,incorrect,False,False,False,1.0,0.9999999999999999
trace_00073,trace_00099,causal_003,commonsense_004,causal_micro_world,commonsense_multihop,correct,incorrect,False,False,False,0.3705065005495052,0.5714285714285714
trace_00073,trace_00100,causal_003,commonsense_004,causal_micro_world,commonsense_multihop,correct,incorrect,False,False,False,0.42528358731335336,0.4999999999999999
trace_00074,trace_00075,causal_003,causal_003,causal_micro_world,causal_micro_world,incorrect,correct,True,True,False,0.1379253809700301,0.24999999999999997
trace_00074,trace_00076,causal_003,causal_004,causal_micro_world,causal_micro_world,incorrect,correct,False,True,False,0.32518928103806,0.5
trace_00074,trace_00077,causal_003,causal_004,causal_micro_world,causal_micro_world,incorrect,correct,False,True,False,0.32518928103806,0.5
trace_00074,trace_00078,causal_003,causal_004,causal_micro_world,causal_micro_world,incorrect,correct,False,True,False,0.24161387653786542,0.35
trace_00074,trace_00079,causal_003,causal_004,causal_micro_world,causal_micro_world,incorrect,correct,False,True,False,0.3112781244591328,0.5
trace_00074,trace_00080,causal_003,causal_004,causal_micro_world,causal_micro_world,incorrect,correct,False,True,False,0.32518928103806,0.5
trace_00074,trace_00081,causal_003,commonsense_001,causal_micro_world,commonsense_multihop,incorrect,incorrect,False,False,True,0.1556390622295664,0.25
trace_00074,trace_00082,causal_003,commonsense_001,causal_micro_world,commonsense_multihop,incorrect,correct,False,False,False,0.27439747034769923,0.375
trace_00074,trace_00083,causal_003,commonsense_001,causal_micro_world,commonsense_multihop,incorrect,correct,False,False,False,0.4533576883848438,0.5833333333333334
trace_00074,trace_00084,causal_003,commonsense_001,causal_micro_world,commonsense_multihop,incorrect,incorrect,False,False,True,0.020720839623908215,0.16666666666666666
trace_00074,trace_00085,causal_003,commonsense_001,causal_micro_world,commonsense_multihop,incorrect,incorrect,False,False,True,0.24161387653786542,0.35000000000000003
trace_00074,trace_00086,causal_003,commonsense_002,causal_micro_world,commonsense_multihop,incorrect,correct,False,False,False,0.5,0.5
trace_00074,trace_00087,causal_003,commonsense_002,causal_micro_world,commonsense_multihop,incorrect,correct,False,False,False,0.40563906222956636,0.5
trace_00074,trace_00088,causal_003,commonsense_002,causal_micro_world,commonsense_multihop,incorrect,correct,False,False,False,0.25,0.25
trace_00074,trace_00089,causal_003,commonsense_002,causal_micro_world,commonsense_multihop,incorrect,incorrect,False,False,True,0.40563906222956636,0.5
trace_00074,trace_00090,causal_003,commonsense_002,causal_micro_world,commonsense_multihop,incorrect,correct,False,False,False,0.10803154614560011,0.19999999999999998
trace_00074,trace_00091,causal_003,commonsense_003,causal_micro_world,commonsense_multihop,incorrect,incorrect,False,False,True,0.3112781244591328,0.5
trace_00074,trace_00092,causal_003,commonsense_003,causal_micro_world,commonsense_multihop,incorrect,correct,False,False,False,0.42528358731335336,0.5
trace_00074,trace_00093,causal_003,commonsense_003,causal_micro_world,commonsense_multihop,incorrect,incorrect,False,False,True,0.1379253809700301,0.24999999999999997
trace_00074,trace_00094,causal_003,commonsense_003,causal_micro_world,commonsense_multihop,incorrect,incorrect,False,False,True,0.3443609377704336,0.5
trace_00074,trace_00095,causal_003,commonsense_003,causal_micro_world,commonsense_multihop,incorrect,incorrect,False,False,True,0.42528358731335336,0.5
trace_00074,trace_00096,causal_003,commonsense_004,causal_micro_world,commonsense_multihop,incorrect,incorrect,False,False,True,0.5,0.5
trace_00074,trace_00097,causal_003,commonsense_004,causal_micro_world,commonsense_multihop,incorrect,incorrect,False,False,True,0.7126417936566767,0.7499999999999999
trace_00074,trace_00098,causal_003,commonsense_004,causal_micro_world,commonsense_multihop,incorrect,incorrect,False,False,True,0.6556390622295665,0.75
trace_00074,trace_00099,causal_003,commonsense_004,causal_micro_world,commonsense_multihop,incorrect,incorrect,False,False,True,0.44273589193176566,0.5714285714285715
trace_00074,trace_00100,causal_003,commonsense_004,causal_micro_world,commonsense_multihop,incorrect,incorrect,False,False,True,0.5,0.5
trace_00075,trace_00076,causal_003,causal_004,causal_micro_world,causal_micro_world,correct,correct,False,True,True,0.20751874963942185,0.3333333333333333
trace_00075,trace_00077,causal_003,causal_004,causal_micro_world,causal_micro_world,correct,correct,False,True,True,0.20751874963942185,0.3333333333333333
trace_00075,trace_00078,causal_003,causal_004,causal_micro_world,causal_micro_world,correct,correct,False,True,True,0.3810065216784586,0.4666666666666667
trace_00075,trace_00079,causal_003,causal_004,causal_micro_world,causal_micro_world,correct,correct,False,True,True,0.1908745046211096,0.33333333333333337
trace_00075,trace_00080,causal_003,causal_004,causal_micro_world,causal_micro_world,correct,correct,False,True,True,0.20751874963942185,0.3333333333333333
trace_00075,trace_00081,causal_003,commonsense_001,causal_micro_world,commonsense_multihop,correct,incorrect,False,False,False,0.30807904596723146,0.41666666666666663
trace_00075,trace_00082,causal_003,commonsense_001,causal_micro_world,commonsense_multihop,correct,correct,False,False,True,0.5189155373473684,0.6249999999999999
trace_00075,trace_00083,causal_003,commonsense_001,causal_micro_world,commonsense_multihop,correct,correct,False,False,True,0.5954372523105548,0.6666666666666666
trace_00075,trace_00084,causal_003,commonsense_001,causal_micro_world,commonsense_multihop,correct,incorrect,False,False,False,0.20751874963942185,0.3333333333333333
trace_00075,trace_00085,causal_003,commonsense_001,causal_micro_world,commonsense_multihop,correct,incorrect,False,False,False,0.38100652167845855,0.4666666666666667
trace_00075,trace_00086,causal_003,commonsense_002,causal_micro_world,commonsense_multihop,correct,correct,False,False,True,0.7126417936566767,0.7499999999999999
trace_00075,trace_00087,causal_003,commonsense_002,causal_micro_world,commonsense_multihop,correct,correct,False,False,True,0.7126417936566767,0.7499999999999999
trace_00075,trace_00088,causal_003,commonsense_002,causal_micro_world,commonsense_multihop,correct,correct,False,False,True,0.42528358731335336,0.4999999999999999
trace_00075,trace_00089,causal_003,commonsense_002,causal_micro_world,commonsense_multihop,correct,incorrect,False,False,False,0.7126417936566767,0.7499999999999999
trace_00075,trace_00090,causal_003,commonsense_002,causal_micro_world,commonsense_multihop,correct,correct,False,False,True,0.236452797660028,0.39999999999999997
trace_00075,trace_00091,causal_003,commonsense_003,causal_micro_world,commonsense_multihop,correct,incorrect,False,False,False,0.5954372523105548,0.6666666666666666
trace_00075,trace_00092,causal_003,commonsense_003,causal_micro_world,commonsense_multihop,correct,correct,False,False,True,0.6666666666666666,0.6666666666666666
trace_00075,trace_00093,causal_003,commonsense_003,causal_micro_world,commonsense_multihop,correct,incorrect,False,False,False,0.3333333333333333,0.3333333333333333
trace_00075,trace_00094,causal_003,commonsense_003,causal_micro_world,commonsense_multihop,correct,incorrect,False,False,False,0.5176503615477757,0.6666666666666666
trace_00075,trace_00095,causal_003,commonsense_003,causal_micro_world,commonsense_multihop,correct,incorrect,False,False,False,0.6666666666666666,0.6666666666666666
trace_00075,trace_00096,causal_003,commonsense_004,causal_micro_world,commonsense_multihop,correct,incorrect,False,False,False,0.42528358731335336,0.4999999999999999
trace_00075,trace_00097,causal_003,commonsense_004,causal_micro_world,commonsense_multihop,correct,incorrect,False,False,False,0.6666666666666666,0.6666666666666666
trace_00075,trace_00098,causal_003,commonsense_004,causal_micro_world,commonsense_multihop,correct,incorrect,False,False,False,1.0,0.9999999999999999
trace_00075,trace_00099,causal_003,commonsense_004,causal_micro_world,commonsense_multihop,correct,incorrect,False,False,False,0.3705065005495052,0.5714285714285714
trace_00075,trace_00100,causal_003,commonsense_004,causal_micro_world,commonsense_multihop,correct,incorrect,False,False,False,0.42528358731335336,0.4999999999999999
trace_00076,trace_00077,causal_004,causal_004,causal_micro_world,causal_micro_world,correct,correct,True,True,True,0.0,0.0
trace_00076,trace_00078,causal_004,causal_004,causal_micro_world,causal_micro_world,correct,correct,True,True,True,0.236452797660028,0.39999999999999997
trace_00076,trace_00079,causal_004,causal_004,causal_micro_world,causal_micro_world,correct,correct,True,True,True,0.020720839623908215,0.16666666666666666
trace_00076,trace_00080,causal_004,causal_004,causal_micro_world,causal_micro_world,correct,correct,True,True,True,0.0,0.0
trace_00076,trace_00081,causal_004,commonsense_001,causal_micro_world,commonsense_multihop,correct,incorrect,False,False,False,0.5954372523105548,0.6666666666666666
trace_00076,trace_00082,causal_004,commonsense_001,causal_micro_world,commonsense_multihop,correct,correct,False,False,True,0.4635639758803297,0.6249999999999999
trace_00076,trace_00083,causal_004,commonsense_001,causal_micro_world,commonsense_multihop,correct,correct,False,False,True,0.5954372523105548,0.6666666666666666
trace_00076,trace_00084,causal_004,commonsense_001,causal_micro_world,commonsense_multihop,correct,incorrect,False,False,False,0.3658632937969324,0.49999999999999994
trace_00076,trace_00085,causal_004,commonsense_001,causal_micro_world,commonsense_multihop,correct,incorrect,False,False,False,0.2978039929652123,0.4666666666666667
trace_00076,trace_00086,causal_004,commonsense_002,causal_micro_world,commonsense_multihop,correct,correct,False,False,True,0.7126417936566767,0.7499999999999999
trace_00076,trace_00087,causal_004,commonsense_002,causal_micro_world,commonsense_multihop,correct,correct,False,False,True,0.7126417936566767,0.7499999999999999
trace_00076,trace_00088,causal_004,commonsense_002,causal_micro_world,commonsense_multihop,correct,correct,False,False,True,0.7126417936566767,0.7499999999999999
trace_00076,trace_00089,causal_004,commonsense_002,causal_micro_world,commonsense_multihop,correct,incorrect,False,False,False,0.6125474873813833,0.7499999999999999
trace_00076,trace_00090,causal_004,commonsense_002,causal_micro_world,commonsense_multihop,correct,correct,False,False,True,0.4077660030601058,0.6
trace_00076,trace_00091,causal_004,commonsense_003,causal_micro_world,commonsense_multihop,correct,incorrect,False,False,False,0.5954372523105548,0.6666666666666666
trace_00076,trace_00092,causal_004,commonsense_003,causal_micro_world,commonsense_multihop,correct,correct,False,False,True,0.6666666666666666,0.6666666666666666
trace_00076,trace_00093,causal_004,commonsense_003,causal_micro_world,commonsense_multihop,correct,incorrect,False,False,False,0.6666666666666666,0.6666666666666666
trace_00076,trace_00094,causal_004,commonsense_003,causal_micro_world,commonsense_multihop,correct,incorrect,False,False,False,0.5176503615477757,0.6666666666666666
trace_00076,trace_00095,causal_004,commonsense_003,causal_micro_world,commonsense_multihop,correct,incorrect,False,False,False,0.6666666666666666,0.6666666666666666
trace_00076,trace_00096,causal_004,commonsense_004,causal_micro_world,commonsense_multihop,correct,incorrect,False,False,False,0.32518928103806,0.5
trace_00076,trace_00097,causal_004,commonsense_004,causal_micro_world,commonsense_multihop,correct,incorrect,False,False,False,0.6666666666666666,0.6666666666666666
trace_00076,trace_00098,causal_004,commonsense_004,causal_micro_world,commonsense_multihop,correct,incorrect,False,False,False,1.0,0.9999999999999999
trace_00076,trace_00099,causal_004,commonsense_004,causal_micro_world,commonsense_multihop,correct,incorrect,False,False,False,0.5180495027954102,0.7142857142857142
trace_00076,trace_00100,causal_004,commonsense_004,causal_micro_world,commonsense_multihop,correct,incorrect,False,False,False,0.32518928103806,0.5
trace_00077,trace_00078,causal_004,causal_004,causal_micro_world,causal_micro_world,correct,correct,True,True,True,0.236452797660028,0.39999999999999997
trace_00077,trace_00079,causal_004,causal_004,causal_micro_world,causal_micro_world,correct,correct,True,True,True,0.020720839623908215,0.16666666666666666
trace_00077,trace_00080,causal_004,causal_004,causal_micro_world,causal_micro_world,correct,correct,True,True,True,0.0,0.0
trace_00077,trace_00081,causal_004,commonsense_001,causal_micro_world,commonsense_multihop,correct,incorrect,False,False,False,0.5954372523105548,0.6666666666666666
trace_00077,trace_00082,causal_004,commonsense_001,causal_micro_world,commonsense_multihop,correct,correct,False,False,True,0.4635639758803297,0.6249999999999999
trace_00077,trace_00083,causal_004,commonsense_001,causal_micro_world,commonsense_multihop,correct,correct,False,False,True,0.5954372523105548,0.6666666666666666
trace_00077,trace_00084,causal_004,commonsense_001,causal_micro_world,commonsense_multihop,correct,incorrect,False,False,False,0.3658632937969324,0.49999999999999994
trace_00077,trace_00085,causal_004,commonsense_001,causal_micro_world,commonsense_multihop,correct,incorrect,False,False,False,0.2978039929652123,0.4666666666666667
trace_00077,trace_00086,causal_004,commonsense_002,causal_micro_world,commonsense_multihop,correct,correct,False,False,True,0.7126417936566767,0.7499999999999999
trace_00077,trace_00087,causal_004,commonsense_002,causal_micro_world,commonsense_multihop,correct,correct,False,False,True,0.7126417936566767,0.7499999999999999
trace_00077,trace_00088,causal_004,commonsense_002,causal_micro_world,commonsense_multihop,correct,correct,False,False,True,0.7126417936566767,0.7499999999999999
trace_00077,trace_00089,causal_004,commonsense_002,causal_micro_world,commonsense_multihop,correct,incorrect,False,False,False,0.6125474873813833,0.7499999999999999
trace_00077,trace_00090,causal_004,commonsense_002,causal_micro_world,commonsense_multihop,correct,correct,False,False,True,0.4077660030601058,0.6
trace_00077,trace_00091,causal_004,commonsense_003,causal_micro_world,commonsense_multihop,correct,incorrect,False,False,False,0.5954372523105548,0.6666666666666666
trace_00077,trace_00092,causal_004,commonsense_003,causal_micro_world,commonsense_multihop,correct,correct,False,False,True,0.6666666666666666,0.6666666666666666
trace_00077,trace_00093,causal_004,commonsense_003,causal_micro_world,commonsense_multihop,correct,incorrect,False,False,False,0.6666666666666666,0.6666666666666666
trace_00077,trace_00094,causal_004,commonsense_003,causal_micro_world,commonsense_multihop,correct,incorrect,False,False,False,0.5176503615477757,0.6666666666666666
trace_00077,trace_00095,causal_004,commonsense_003,causal_micro_world,commonsense_multihop,correct,incorrect,False,False,False,0.6666666666666666,0.6666666666666666
trace_00077,trace_00096,causal_004,commonsense_004,causal_micro_world,commonsense_multihop,correct,incorrect,False,False,False,0.32518928103806,0.5
trace_00077,trace_00097,causal_004,commonsense_004,causal_micro_world,commonsense_multihop,correct,incorrect,False,False,False,0.6666666666666666,0.6666666666666666
trace_00077,trace_00098,causal_004,commonsense_004,causal_micro_world,commonsense_multihop,correct,incorrect,False,False,False,1.0,0.9999999999999999
trace_00077,trace_00099,causal_004,commonsense_004,causal_micro_world,commonsense_multihop,correct,incorrect,False,False,False,0.5180495027954102,0.7142857142857142
trace_00077,trace_00100,causal_004,commonsense_004,causal_micro_world,commonsense_multihop,correct,incorrect,False,False,False,0.32518928103806,0.5
trace_00078,trace_00079,causal_004,causal_004,causal_micro_world,causal_micro_world,correct,correct,True,True,True,0.2519235740744792,0.4
trace_00078,trace_00080,causal_004,causal_004,causal_micro_world,causal_micro_world,correct,correct,True,True,True,0.236452797660028,0.39999999999999997
trace_00078,trace_00081,causal_004,commonsense_001,causal_micro_world,commonsense_multihop,correct,incorrect,False,False,False,0.4749156875380792,0.6
trace_00078,trace_00082,causal_004,commonsense_001,causal_micro_world,commonsense_multihop,correct,correct,False,False,True,0.07817087983404164,0.275
trace_00078,trace_00083,causal_004,commonsense_001,causal_micro_world,commonsense_multihop,correct,correct,False,False,True,0.2611531947842465,0.43333333333333335
trace_00078,trace_00084,causal_004,commonsense_001,causal_micro_world,commonsense_multihop,correct,incorrect,False,False,False,0.24334056813726732,0.4333333333333333
trace_00078,trace_00085,causal_004,commonsense_001,causal_micro_world,commonsense_multihop,correct,incorrect,False,False,False,0.04902249956730623,0.2
trace_00078,trace_00086,causal_004,commonsense_002,causal_micro_world,commonsense_multihop,correct,correct,False,False,True,0.2519235740744792,0.4
trace_00078,trace_00087,causal_004,commonsense_002,causal_micro_world,commonsense_multihop,correct,correct,False,False,True,0.2519235740744792,0.4
trace_00078,trace_00088,causal_004,commonsense_002,causal_micro_world,commonsense_multihop,correct,correct,False,False,True,0.3310236596092001,0.4
trace_00078,trace_00089,causal_004,commonsense_002,causal_micro_world,commonsense_multihop,correct,incorrect,False,False,False,0.16251379100314456,0.35
trace_00078,trace_00090,causal_004,commonsense_002,causal_micro_world,commonsense_multihop,correct,correct,False,False,True,0.12451124978365312,0.2
trace_00078,trace_00091,causal_004,commonsense_003,causal_micro_world,commonsense_multihop,correct,incorrect,False,False,False,0.3958156020033583,0.6
trace_00078,trace_00092,causal_004,commonsense_003,causal_micro_world,commonsense_multihop,correct,correct,False,False,True,0.236452797660028,0.39999999999999997
trace_00078,trace_00093,causal_004,commonsense_003,causal_micro_world,commonsense_multihop,correct,incorrect,False,False,False,0.490968531773352,0.6
trace_00078,trace_00094,causal_004,commonsense_003,causal_micro_world,commonsense_multihop,correct,incorrect,False,False,False,0.4243262910038914,0.6000000000000001
trace_00078,trace_00095,causal_004,commonsense_003,causal_micro_world,commonsense_multihop,correct,incorrect,False,False,False,0.236452797660028,0.39999999999999997
trace_00078,trace_00096,causal_004,commonsense_004,causal_micro_world,commonsense_multihop,correct,incorrect,False,False,False,0.16251379100314456,0.35
trace_00078,trace_00097,causal_004,commonsense_004,causal_micro_world,commonsense_multihop,correct,incorrect,False,False,False,0.4077660030601058,0.6
trace_00078,trace_00098,causal_004,commonsense_004,causal_micro_world,commonsense_multihop,correct,incorrect,False,False,False,0.3958156020033583,0.6
trace_00078,trace_00099,causal_004,commonsense_004,causal_micro_world,commonsense_multihop,correct,incorrect,False,False,False,0.2878806477391163,0.5142857142857142
trace_00078,trace_00100,causal_004,commonsense_004,causal_micro_world,commonsense_multihop,correct,incorrect,False,False,False,0.16251379100314456,0.35
trace_00079,trace_00080,causal_004,causal_004,causal_micro_world,causal_micro_world,correct,correct,True,True,True,0.020720839623908215,0.16666666666666666
trace_00079,trace_00081,causal_004,commonsense_001,causal_micro_world,commonsense_multihop,correct,incorrect,False,False,False,0.5,0.5
trace_00079,trace_00082,causal_004,commonsense_001,causal_micro_world,commonsense_multihop,correct,correct,False,False,True,0.4300365325772657,0.625
trace_00079,trace_00083,causal_004,commonsense_001,causal_micro_world,commonsense_multihop,correct,correct,False,False,True,0.5,0.5
trace_00079,trace_00084,causal_004,commonsense_001,causal_micro_world,commonsense_multihop,correct,incorrect,False,False,False,0.32501121082417717,0.5
trace_00079,trace_00085,causal_004,commonsense_001,causal_micro_world,commonsense_multihop,correct,incorrect,False,False,False,0.2519235740744792,0.39999999999999997
trace_00079,trace_00086,causal_004,commonsense_002,causal_micro_world,commonsense_multihop,correct,correct,False,False,True,0.6556390622295665,0.75
trace_00079,trace_00087,causal_004,commonsense_002,causal_micro_world,commonsense_multihop,correct,correct,False,False,True,0.6556390622295665,0.75
trace_00079,trace_00088,causal_004,commonsense_002,causal_micro_world,commonsense_multihop,correct,correct,False,False,True,0.6556390622295665,0.75
trace_00079,trace_00089,causal_004,commonsense_002,causal_micro_world,commonsense_multihop,correct,incorrect,False,False,False,0.6556390622295665,0.75
trace_00079,trace_00090,causal_004,commonsense_002,causal_micro_world,commonsense_multihop,correct,correct,False,False,True,0.3958156020033583,0.6
trace_00079,trace_00091,causal_004,commonsense_003,causal_micro_world,commonsense_multihop,correct,incorrect,False,False,False,0.5,0.5
trace_00079,trace_00092,causal_004,commonsense_003,causal_micro_world,commonsense_multihop,correct,correct,False,False,True,0.5954372523105548,0.6666666666666666
trace_00079,trace_00093,causal_004,commonsense_003,causal_micro_world,commonsense_multihop,correct,incorrect,False,False,False,0.5954372523105548,0.6666666666666666
trace_00079,trace_00094,causal_004,commonsense_003,causal_micro_world,commonsense_multihop,correct,incorrect,False,False,False,0.3931558784658321,0.5
trace_00079,trace_00095,causal_004,commonsense_003,causal_micro_world,commonsense_multihop,correct,incorrect,False,False,False,0.5954372523105548,0.6666666666666666
trace_00079,trace_00096,causal_004,commonsense_004,causal_micro_world,commonsense_multihop,correct,incorrect,False,False,False,0.3112781244591328,0.5
trace_00079,trace_00097,causal_004,commonsense_004,causal_micro_world,commonsense_multihop,correct,incorrect,False,False,False,0.5954372523105548,0.6666666666666666
trace_00079,trace_00098,causal_004,commonsense_004,causal_micro_world,commonsense_multihop,correct,incorrect,False,False,False,1.0,1.0
trace_00079,trace_00099,causal_004,commonsense_004,causal_micro_world,commonsense_multihop,correct,incorrect,False,False,False,0.5087256743873156,0.7142857142857143
trace_00079,trace_00100,causal_004,commonsense_004,causal_micro_world,commonsense_multihop,correct,incorrect,False,False,False,0.3112781244591328,0.5
trace_00080,trace_00081,causal_004,commonsense_001,causal_micro_world,commonsense_multihop,correct,incorrect,False,False,False,0.5954372523105548,0.6666666666666666
trace_00080,trace_00082,causal_004,commonsense_001,causal_micro_world,commonsense_multihop,correct,correct,False,False,True,0.4635639758803297,0.6249999999999999
trace_00080,trace_00083,causal_004,commonsense_001,causal_micro_world,commonsense_multihop,correct,correct,False,False,True,0.5954372523105548,0.6666666666666666
trace_00080,trace_00084,causal_004,commonsense_001,causal_micro_world,commonsense_multihop,correct,incorrect,False,False,False,0.3658632937969324,0.49999999999999994
trace_00080,trace_00085,causal_004,commonsense_001,causal_micro_world,commonsense_multihop,correct,incorrect,False,False,False,0.2978039929652123,0.4666666666666667
trace_00080,trace_00086,causal_004,commonsense_002,causal_micro_world,commonsense_multihop,correct,correct,False,False,True,0.7126417936566767,0.7499999999999999
trace_00080,trace_00087,causal_004,commonsense_002,causal_micro_world,commonsense_multihop,correct,correct,False,False,True,0.7126417936566767,0.7499999999999999
trace_00080,trace_00088,causal_004,commonsense_002,causal_micro_world,commonsense_multihop,correct,correct,False,False,True,0.7126417936566767,0.7499999999999999
trace_00080,trace_00089,causal_004,commonsense_002,causal_micro_world,commonsense_multihop,correct,incorrect,False,False,False,0.6125474873813833,0.7499999999999999
trace_00080,trace_00090,causal_004,commonsense_002,causal_micro_world,commonsense_multihop,correct,correct,False,False,True,0.4077660030601058,0.6
trace_00080,trace_00091,causal_004,commonsense_003,causal_micro_world,commonsense_multihop,correct,incorrect,False,False,False,0.5954372523105548,0.6666666666666666
trace_00080,trace_00092,causal_004,commonsense_003,causal_micro_world,commonsense_multihop,correct,correct,False,False,True,0.6666666666666666,0.6666666666666666
trace_00080,trace_00093,causal_004,commonsense_003,causal_micro_world,commonsense_multihop,correct,incorrect,False,False,False,0.6666666666666666,0.6666666666666666
trace_00080,trace_00094,causal_004,commonsense_003,causal_micro_world,commonsense_multihop,correct,incorrect,False,False,False,0.5176503615477757,0.6666666666666666
trace_00080,trace_00095,causal_004,commonsense_003,causal_micro_world,commonsense_multihop,correct,incorrect,False,False,False,0.6666666666666666,0.6666666666666666
trace_00080,trace_00096,causal_004,commonsense_004,causal_micro_world,commonsense_multihop,correct,incorrect,False,False,False,0.32518928103806,0.5
trace_00080,trace_00097,causal_004,commonsense_004,causal_micro_world,commonsense_multihop,correct,incorrect,False,False,False,0.6666666666666666,0.6666666666666666
trace_00080,trace_00098,causal_004,commonsense_004,causal_micro_world,commonsense_multihop,correct,incorrect,False,False,False,1.0,0.9999999999999999
trace_00080,trace_00099,causal_004,commonsense_004,causal_micro_world,commonsense_multihop,correct,incorrect,False,False,False,0.5180495027954102,0.7142857142857142
trace_00080,trace_00100,causal_004,commonsense_004,causal_micro_world,commonsense_multihop,correct,incorrect,False,False,False,0.32518928103806,0.5
trace_00081,trace_00082,commonsense_001,commonsense_001,commonsense_multihop,commonsense_multihop,incorrect,correct,True,True,False,0.35221700146248247,0.5
trace_00081,trace_00083,commonsense_001,commonsense_001,commonsense_multihop,commonsense_multihop,incorrect,correct,True,True,False,0.2977186261552774,0.3333333333333333
trace_00081,trace_00084,commonsense_001,commonsense_001,commonsense_multihop,commonsense_multihop,incorrect,incorrect,True,True,True,0.1057976721225089,0.25
trace_00081,trace_00085,commonsense_001,commonsense_001,commonsense_multihop,commonsense_multihop,incorrect,incorrect,True,True,True,0.3310236596092001,0.39999999999999997
trace_00081,trace_00086,commonsense_001,commonsense_002,commonsense_multihop,commonsense_multihop,incorrect,correct,False,True,False,0.40563906222956636,0.5
trace_00081,trace_00087,commonsense_001,commonsense_002,commonsense_multihop,commonsense_multihop,incorrect,correct,False,True,False,0.3112781244591328,0.5
trace_00081,trace_00088,commonsense_001,commonsense_002,commonsense_multihop,commonsense_multihop,incorrect,correct,False,True,False,0.1556390622295664,0.25
trace_00081,trace_00089,commonsense_001,commonsense_002,commonsense_multihop,commonsense_multihop,incorrect,incorrect,False,True,True,0.6556390622295665,0.75
trace_00081,trace_00090,commonsense_001,commonsense_002,commonsense_multihop,commonsense_multihop,incorrect,correct,False,True,False,0.2519235740744792,0.4
trace_00081,trace_00091,commonsense_001,commonsense_003,commonsense_multihop,commonsense_multihop,incorrect,incorrect,False,True,True,0.1556390622295664,0.25
trace_00081,trace_00092,commonsense_001,commonsense_003,commonsense_multihop,commonsense_multihop,incorrect,correct,False,True,False,0.30807904596723146,0.41666666666666663
trace_00081,trace_00093,commonsense_001,commonsense_003,commonsense_multihop,commonsense_multihop,incorrect,incorrect,False,True,True,0.020720839623908215,0.16666666666666666
trace_00081,trace_00094,commonsense_001,commonsense_003,commonsense_multihop,commonsense_multihop,incorrect,incorrect,False,True,True,0.1431558784658321,0.25
trace_00081,trace_00095,commonsense_001,commonsense_003,commonsense_multihop,commonsense_multihop,incorrect,incorrect,False,True,True,0.30807904596723146,0.41666666666666663
trace_00081,trace_00096,commonsense_001,commonsense_004,commonsense_multihop,commonsense_multihop,incorrect,incorrect,False,True,True,0.6556390622295665,0.75
trace_00081,trace_00097,commonsense_001,commonsense_004,commonsense_multihop,commonsense_multihop,incorrect,incorrect,False,True,True,0.5954372523105548,0.6666666666666666
trace_00081,trace_00098,commonsense_001,commonsense_004,commonsense_multihop,commonsense_multihop,incorrect,incorrect,False,True,True,0.6556390622295665,0.75
trace_00081,trace_00099,commonsense_001,commonsense_004,commonsense_multihop,commonsense_multihop,incorrect,incorrect,False,True,True,0.5686081345042464,0.7142857142857143
trace_00081,trace_00100,commonsense_001,commonsense_004,commonsense_multihop,commonsense_multihop,incorrect,incorrect,False,True,True,0.6556390622295665,0.75
trace_00082,trace_00083,commonsense_001,commonsense_001,commonsense_multihop,commonsense_multihop,correct,correct,True,True,True,0.1271060366601309,0.33333333333333337
trace_00082,trace_00084,commonsense_001,commonsense_001,commonsense_multihop,commonsense_multihop,correct,incorrect,True,True,False,0.21568053864595343,0.29166666666666663
trace_00082,trace_00085,commonsense_001,commonsense_001,commonsense_multihop,commonsense_multihop,correct,incorrect,True,True,False,0.040422966044204096,0.225
trace_00082,trace_00086,commonsense_001,commonsense_002,commonsense_multihop,commonsense_multihop,correct,correct,False,True,True,0.10221700146248243,0.25
trace_00082,trace_00087,commonsense_001,commonsense_002,commonsense_multihop,commonsense_multihop,correct,correct,False,True,True,0.06896269048501495,0.125
trace_00082,trace_00088,commonsense_001,commonsense_002,commonsense_multihop,commonsense_multihop,correct,correct,False,True,True,0.19657793923291605,0.25
trace_00082,trace_00089,commonsense_001,commonsense_002,commonsense_multihop,commonsense_multihop,correct,incorrect,False,True,False,0.14678222159979815,0.25
trace_00082,trace_00090,commonsense_001,commonsense_002,commonsense_multihop,commonsense_multihop,correct,correct,False,True,True,0.12983274911553877,0.275
trace_00082,trace_00091,commonsense_001,commonsense_003,commonsense_multihop,commonsense_multihop,correct,incorrect,False,True,False,0.22460175271458135,0.375
trace_00082,trace_00092,commonsense_001,commonsense_003,commonsense_multihop,commonsense_multihop,correct,correct,False,True,True,0.0720014354742918,0.16666666666666666
trace_00082,trace_00093,commonsense_001,commonsense_003,commonsense_multihop,commonsense_multihop,correct,incorrect,False,True,False,0.3593596418176151,0.41666666666666663
trace_00082,trace_00094,commonsense_001,commonsense_003,commonsense_multihop,commonsense_multihop,correct,incorrect,False,True,False,0.29093887700334964,0.5
trace_00082,trace_00095,commonsense_001,commonsense_003,commonsense_multihop,commonsense_multihop,correct,incorrect,False,True,False,0.0720014354742918,0.16666666666666666
trace_00082,trace_00096,commonsense_001,commonsense_004,commonsense_multihop,commonsense_multihop,correct,incorrect,False,True,False,0.2334585933443496,0.375
trace_00082,trace_00097,commonsense_001,commonsense_004,commonsense_multihop,commonsense_multihop,correct,incorrect,False,True,False,0.32518928103806,0.5
trace_00082,trace_00098,commonsense_001,commonsense_004,commonsense_multihop,commonsense_multihop,correct,incorrect,False,True,False,0.22460175271458133,0.375
trace_00082,trace_00099,commonsense_001,commonsense_004,commonsense_multihop,commonsense_multihop,correct,incorrect,False,True,False,0.31663140847540383,0.4821428571428571
trace_00082,trace_00100,commonsense_001,commonsense_004,commonsense_multihop,commonsense_multihop,correct,incorrect,False,True,False,0.2334585933443496,0.375
trace_00083,trace_00084,commonsense_001,commonsense_001,commonsense_multihop,commonsense_multihop,correct,incorrect,True,True,False,0.3658632937969324,0.5
trace_00083,trace_00085,commonsense_001,commonsense_001,commonsense_multihop,commonsense_multihop,correct,incorrect,True,True,False,0.11726116685536736,0.23333333333333334
trace_00083,trace_00086,commonsense_001,commonsense_002,commonsense_multihop,commonsense_multihop,correct,correct,False,True,True,0.04879494069539858,0.25
trace_00083,trace_00087,commonsense_001,commonsense_002,commonsense_multihop,commonsense_multihop,correct,correct,False,True,True,0.09785481439986547,0.33333333333333337
trace_00083,trace_00088,commonsense_001,commonsense_002,commonsense_multihop,commonsense_multihop,correct,correct,False,True,True,0.16599948204152049,0.3333333333333333
trace_00083,trace_00089,commonsense_001,commonsense_002,commonsense_multihop,commonsense_multihop,correct,incorrect,False,True,False,0.44221575217029907,0.5833333333333334
trace_00083,trace_00090,commonsense_001,commonsense_002,commonsense_multihop,commonsense_multihop,correct,correct,False,True,True,0.2611531947842465,0.43333333333333335
trace_00083,trace_00091,commonsense_001,commonsense_003,commonsense_multihop,commonsense_multihop,correct,incorrect,False,True,False,0.2295739585136224,0.33333333333333337
trace_00083,trace_00092,commonsense_001,commonsense_003,commonsense_multihop,commonsense_multihop,correct,correct,False,True,True,0.032529960463599066,0.16666666666666669
trace_00083,trace_00093,commonsense_001,commonsense_003,commonsense_multihop,commonsense_multihop,correct,incorrect,False,True,False,0.3658632937969324,0.5
trace_00083,trace_00094,commonsense_001,commonsense_003,commonsense_multihop,commonsense_multihop,correct,incorrect,False,True,False,0.19087450462110947,0.3333333333333333
trace_00083,trace_00095,commonsense_001,commonsense_003,commonsense_multihop,commonsense_multihop,correct,incorrect,False,True,False,0.032529960463599066,0.16666666666666669
trace_00083,trace_00096,commonsense_001,commonsense_004,commonsense_multihop,commonsense_multihop,correct,incorrect,False,True,False,0.2510763145401212,0.41666666666666663
trace_00083,trace_00097,commonsense_001,commonsense_004,commonsense_multihop,commonsense_multihop,correct,incorrect,False,True,False,0.13628933528331,0.33333333333333337
trace_00083,trace_00098,commonsense_001,commonsense_004,commonsense_multihop,commonsense_multihop,correct,incorrect,False,True,False,0.32501121082417717,0.5
trace_00083,trace_00099,commonsense_001,commonsense_004,commonsense_multihop,commonsense_multihop,correct,incorrect,False,True,False,0.32484883023244315,0.5238095238095238
trace_00083,trace_00100,commonsense_001,commonsense_004,commonsense_multihop,commonsense_multihop,correct,incorrect,False,True,False,0.2510763145401212,0.41666666666666663
trace_00084,trace_00085,commonsense_001,commonsense_001,commonsense_multihop,commonsense_multihop,incorrect,incorrect,True,True,True,0.1987676495743499,0.30000000000000004
trace_00084,trace_00086,commonsense_001,commonsense_002,commonsense_multihop,commonsense_multihop,incorrect,correct,False,True,False,0.42528358731335336,0.5
trace_00084,trace_00087,commonsense_001,commonsense_002,commonsense_multihop,commonsense_multihop,incorrect,correct,False,True,False,0.3080790459672315,0.41666666666666663
trace_00084,trace_00088,commonsense_001,commonsense_002,commonsense_multihop,commonsense_multihop,incorrect,correct,False,True,False,0.2230022134686308,0.33333333333333337
trace_00084,trace_00089,commonsense_001,commonsense_002,commonsense_multihop,commonsense_multihop,incorrect,incorrect,False,True,True,0.39315587846583216,0.5
trace_00084,trace_00090,commonsense_001,commonsense_002,commonsense_multihop,commonsense_multihop,incorrect,correct,False,True,False,0.1264907875651346,0.26666666666666666
trace_00084,trace_00091,commonsense_001,commonsense_003,commonsense_multihop,commonsense_multihop,incorrect,incorrect,False,True,True,0.1908745046211096,0.33333333333333337
trace_00084,trace_00092,commonsense_001,commonsense_003,commonsense_multihop,commonsense_multihop,incorrect,correct,False,True,False,0.3333333333333333,0.3333333333333333
trace_00084,trace_00093,commonsense_001,commonsense_003,commonsense_multihop,commonsense_multihop,incorrect,incorrect,False,True,True,0.10375937481971093,0.16666666666666666
trace_00084,trace_00094,commonsense_001,commonsense_003,commonsense_multihop,commonsense_multihop,incorrect,incorrect,False,True,True,0.23029215520445234,0.41666666666666663
trace_00084,trace_00095,commonsense_001,commonsense_003,commonsense_multihop,commonsense_multihop,incorrect,incorrect,False,True,True,0.3333333333333333,0.3333333333333333
trace_00084,trace_00096,commonsense_001,commonsense_004,commonsense_multihop,commonsense_multihop,incorrect,incorrect,False,True,True,0.510360419811954,0.5833333333333333
trace_00084,trace_00097,commonsense_001,commonsense_004,commonsense_multihop,commonsense_multihop,incorrect,incorrect,False,True,True,0.6666666666666666,0.6666666666666666
trace_00084,trace_00098,commonsense_001,commonsense_004,commonsense_multihop,commonsense_multihop,incorrect,incorrect,False,True,True,0.5954372523105549,0.6666666666666666
trace_00084,trace_00099,commonsense_001,commonsense_004,commonsense_multihop,commonsense_multihop,incorrect,incorrect,False,True,True,0.48196747929973904,0.5714285714285714
trace_00084,trace_00100,commonsense_001,commonsense_004,commonsense_multihop,commonsense_multihop,incorrect,incorrect,False,True,True,0.510360419811954,0.5833333333333333
trace_00085,trace_00086,commonsense_001,commonsense_002,commonsense_multihop,commonsense_multihop,incorrect,correct,False,True,False,0.16251379100314453,0.35000000000000003
trace_00085,trace_00087,commonsense_001,commonsense_002,commonsense_multihop,commonsense_multihop,incorrect,correct,False,True,False,0.16251379100314456,0.35000000000000003
trace_00085,trace_00088,commonsense_001,commonsense_002,commonsense_multihop,commonsense_multihop,incorrect,correct,False,True,False,0.24161387653786542,0.35000000000000003
trace_00085,trace_00089,commonsense_001,commonsense_002,commonsense_multihop,commonsense_multihop,incorrect,incorrect,False,True,True,0.2519235740744792,0.4
trace_00085,trace_00090,commonsense_001,commonsense_002,commonsense_multihop,commonsense_multihop,incorrect,correct,False,True,False,0.12451124978365312,0.2
trace_00085,trace_00091,commonsense_001,commonsense_003,commonsense_multihop,commonsense_multihop,incorrect,incorrect,False,True,True,0.2519235740744792,0.39999999999999997
trace_00085,trace_00092,commonsense_001,commonsense_003,commonsense_multihop,commonsense_multihop,incorrect,correct,False,True,False,0.1264907875651346,0.26666666666666666
trace_00085,trace_00093,commonsense_001,commonsense_003,commonsense_multihop,commonsense_multihop,incorrect,incorrect,False,True,True,0.38100652167845855,0.4666666666666667
trace_00085,trace_00094,commonsense_001,commonsense_003,commonsense_multihop,commonsense_multihop,incorrect,incorrect,False,True,True,0.2410437351568121,0.4
trace_00085,trace_00095,commonsense_001,commonsense_003,commonsense_multihop,commonsense_multihop,incorrect,incorrect,False,True,True,0.1264907875651346,0.26666666666666666
trace_00085,trace_00096,commonsense_001,commonsense_004,commonsense_multihop,commonsense_multihop,incorrect,incorrect,False,True,True,0.16251379100314453,0.35000000000000003
trace_00085,trace_00097,commonsense_001,commonsense_004,commonsense_multihop,commonsense_multihop,incorrect,incorrect,False,True,True,0.2978039929652123,0.4666666666666667
trace_00085,trace_00098,commonsense_001,commonsense_004,commonsense_multihop,commonsense_multihop,incorrect,incorrect,False,True,True,0.3958156020033583,0.6000000000000001
trace_00085,trace_00099,commonsense_001,commonsense_004,commonsense_multihop,commonsense_multihop,incorrect,incorrect,False,True,True,0.2878806477391163,0.5142857142857142
trace_00085,trace_00100,commonsense_001,commonsense_004,commonsense_multihop,commonsense_multihop,incorrect,incorrect,False,True,True,0.16251379100314453,0.35000000000000003
trace_00086,trace_00087,commonsense_002,commonsense_002,commonsense_multihop,commonsense_multihop,correct,correct,True,True,True,0.06127812445913278,0.25
trace_00086,trace_00088,commonsense_002,commonsense_002,commonsense_multihop,commonsense_multihop,correct,correct,True,True,True,0.1556390622295664,0.25
trace_00086,trace_00089,commonsense_002,commonsense_002,commonsense_multihop,commonsense_multihop,correct,incorrect,True,True,False,0.3112781244591328,0.5
trace_00086,trace_00090,commonsense_002,commonsense_002,commonsense_multihop,commonsense_multihop,correct,correct,True,True,True,0.2519235740744792,0.4
trace_00086,trace_00091,commonsense_002,commonsense_003,commonsense_multihop,commonsense_multihop,correct,incorrect,False,True,False,0.3112781244591328,0.5
trace_00086,trace_00092,commonsense_002,commonsense_003,commonsense_multihop,commonsense_multihop,correct,correct,False,True,True,0.020720839623908215,0.16666666666666666
trace_00086,trace_00093,commonsense_002,commonsense_003,commonsense_multihop,commonsense_multihop,correct,incorrect,False,True,False,0.42528358731335336,0.4999999999999999
trace_00086,trace_00094,commonsense_002,commonsense_003,commonsense_multihop,commonsense_multihop,correct,incorrect,False,True,False,0.3443609377704336,0.5
trace_00086,trace_00095,commonsense_002,commonsense_003,commonsense_multihop,commonsense_multihop,correct,incorrect,False,True,False,0.020720839623908215,0.16666666666666666
trace_00086,trace_00096,commonsense_002,commonsense_004,commonsense_multihop,commonsense_multihop,correct,incorrect,False,True,False,0.25,0.25
trace_00086,trace_00097,commonsense_002,commonsense_004,commonsense_multihop,commonsense_multihop,correct,incorrect,False,True,False,0.13792538097003013,0.24999999999999997
trace_00086,trace_00098,commonsense_002,commonsense_004,commonsense_multihop,commonsense_multihop,correct,incorrect,False,True,False,0.1556390622295664,0.25
trace_00086,trace_00099,commonsense_002,commonsense_004,commonsense_multihop,commonsense_multihop,correct,incorrect,False,True,False,0.28024978017756896,0.3571428571428571
trace_00086,trace_00100,commonsense_002,commonsense_004,commonsense_multihop,commonsense_multihop,correct,incorrect,False,True,False,0.25,0.25
trace_00087,trace_00088,commonsense_002,commonsense_002,commonsense_multihop,commonsense_multihop,correct,correct,True,True,True,0.1556390622295664,0.25
trace_00087,trace_00089,commonsense_002,commonsense_002,commonsense_multihop,commonsense_multihop,correct,incorrect,True,True,False,0.25,0.25
trace_00087,trace_00090,commonsense_002,commonsense_002,commonsense_multihop,commonsense_multihop,correct,correct,True,True,True,0.2519235740744792,0.4
trace_00087,trace_00091,commonsense_002,commonsense_003,commonsense_multihop,commonsense_multihop,correct,incorrect,False,True,False,0.1556390622295664,0.25
trace_00087,trace_00092,commonsense_002,commonsense_003,commonsense_multihop,commonsense_multihop,correct,correct,False,True,True,0.020720839623908215,0.16666666666666666
trace_00087,trace_00093,commonsense_002,commonsense_003,commonsense_multihop,commonsense_multihop,correct,incorrect,False,True,False,0.3080790459672315,0.41666666666666663
trace_00087,trace_00094,commonsense_002,commonsense_003,commonsense_multihop,commonsense_multihop,correct,incorrect,False,True,False,0.24999999999999997,0.5
trace_00087,trace_00095,commonsense_002,commonsense_003,commonsense_multihop,commonsense_multihop,correct,incorrect,False,True,False,0.020720839623908215,0.16666666666666666
trace_00087,trace_00096,commonsense_002,commonsense_004,commonsense_multihop,commonsense_multihop,correct,incorrect,False,True,False,0.40563906222956636,0.5
trace_00087,trace_00097,commonsense_002,commonsense_004,commonsense_multihop,commonsense_multihop,correct,incorrect,False,True,False,0.32518928103806,0.5
trace_00087,trace_00098,commonsense_002,commonsense_004,commonsense_multihop,commonsense_multihop,correct,incorrect,False,True,False,0.1556390622295664,0.25
trace_00087,trace_00099,commonsense_002,commonsense_004,commonsense_multihop,commonsense_multihop,correct,incorrect,False,True,False,0.4501302877586588,0.6071428571428571
trace_00087,trace_00100,commonsense_002,commonsense_004,commonsense_multihop,commonsense_multihop,correct,incorrect,False,True,False,0.40563906222956636,0.5
trace_00088,trace_00089,commonsense_002,commonsense_002,commonsense_multihop,commonsense_multihop,correct,incorrect,True,True,False,0.40563906222956636,0.5
trace_00088,trace_00090,commonsense_002,commonsense_002,commonsense_multihop,commonsense_multihop,correct,correct,True,True,True,0.10803154614560011,0.19999999999999998
trace_00088,trace_00091,commonsense_002,commonsense_003,commonsense_multihop,commonsense_multihop,correct,incorrect,False,True,False,0.3112781244591328,0.5
trace_00088,trace_00092,commonsense_002,commonsense_003,commonsense_multihop,commonsense_multihop,correct,correct,False,True,True,0.13792538097003013,0.24999999999999997
trace_00088,trace_00093,commonsense_002,commonsense_003,commonsense_multihop,commonsense_multihop,correct,incorrect,False,True,False,0.1379253809700301,0.24999999999999997
trace_00088,trace_00094,commonsense_002,commonsense_003,commonsense_multihop,commonsense_multihop,correct,incorrect,False,True,False,0.3443609377704336,0.5
trace_00088,trace_00095,commonsense_002,commonsense_003,commonsense_multihop,commonsense_multihop,correct,incorrect,False,True,False,0.13792538097003013,0.24999999999999997
trace_00088,trace_00096,commonsense_002,commonsense_004,commonsense_multihop,commonsense_multihop,correct,incorrect,False,True,False,0.40563906222956636,0.5
trace_00088,trace_00097,commonsense_002,commonsense_004,commonsense_multihop,commonsense_multihop,correct,incorrect,False,True,False,0.32518928103806,0.5
trace_00088,trace_00098,commonsense_002,commonsense_004,commonsense_multihop,commonsense_multihop,correct,incorrect,False,True,False,0.3112781244591328,0.5
trace_00088,trace_00099,commonsense_002,commonsense_004,commonsense_multihop,commonsense_multihop,correct,incorrect,False,True,False,0.2643755850692473,0.4642857142857143
trace_00088,trace_00100,commonsense_002,commonsense_004,commonsense_multihop,commonsense_multihop,correct,incorrect,False,True,False,0.40563906222956636,0.5
trace_00089,trace_00090,commonsense_002,commonsense_002,commonsense_multihop,commonsense_multihop,incorrect,correct,True,True,False,0.2519235740744792,0.4
trace_00089,trace_00091,commonsense_002,commonsense_003,commonsense_multihop,commonsense_multihop,incorrect,incorrect,False,True,True,0.5,0.5
trace_00089,trace_00092,commonsense_002,commonsense_003,commonsense_multihop,commonsense_multihop,incorrect,correct,False,True,False,0.3080790459672315,0.41666666666666663
trace_00089,trace_00093,commonsense_002,commonsense_003,commonsense_multihop,commonsense_multihop,incorrect,incorrect,False,True,True,0.5954372523105549,0.6666666666666666
trace_00089,trace_00094,commonsense_002,commonsense_003,commonsense_multihop,commonsense_multihop,incorrect,incorrect,False,True,True,0.6556390622295665,0.75
trace_00089,trace_00095,commonsense_002,commonsense_003,commonsense_multihop,commonsense_multihop,incorrect,incorrect,False,True,True,0.3080790459672315,0.41666666666666663
trace_00089,trace_00096,commonsense_002,commonsense_004,commonsense_multihop,commonsense_multihop,incorrect,incorrect,False,True,True,0.40563906222956636,0.5
trace_00089,trace_00097,commonsense_002,commonsense_004,commonsense_multihop,commonsense_multihop,incorrect,incorrect,False,True,True,0.6125474873813833,0.7499999999999999
trace_00089,trace_00098,commonsense_002,commonsense_004,commonsense_multihop,commonsense_multihop,incorrect,incorrect,False,True,True,0.1556390622295664,0.25
trace_00089,trace_00099,commonsense_002,commonsense_004,commonsense_multihop,commonsense_multihop,incorrect,incorrect,False,True,True,0.45013028775865876,0.6071428571428571
trace_00089,trace_00100,commonsense_002,commonsense_004,commonsense_multihop,commonsense_multihop,incorrect,incorrect,False,True,True,0.40563906222956636,0.5
trace_00090,trace_00091,commonsense_002,commonsense_003,commonsense_multihop,commonsense_multihop,correct,incorrect,False,True,False,0.3958156020033583,0.6
trace_00090,trace_00092,commonsense_002,commonsense_003,commonsense_multihop,commonsense_multihop,correct,correct,False,True,True,0.236452797660028,0.39999999999999997
trace_00090,trace_00093,commonsense_002,commonsense_003,commonsense_multihop,commonsense_multihop,correct,incorrect,False,True,False,0.236452797660028,0.39999999999999997
trace_00090,trace_00094,commonsense_002,commonsense_003,commonsense_multihop,commonsense_multihop,correct,incorrect,False,True,False,0.4243262910038914,0.6000000000000001
trace_00090,trace_00095,commonsense_002,commonsense_003,commonsense_multihop,commonsense_multihop,correct,incorrect,False,True,False,0.236452797660028,0.39999999999999997
trace_00090,trace_00096,commonsense_002,commonsense_004,commonsense_multihop,commonsense_multihop,correct,incorrect,False,True,False,0.2519235740744792,0.4
trace_00090,trace_00097,commonsense_002,commonsense_004,commonsense_multihop,commonsense_multihop,correct,incorrect,False,True,False,0.4077660030601058,0.6
trace_00090,trace_00098,commonsense_002,commonsense_004,commonsense_multihop,commonsense_multihop,correct,incorrect,False,True,False,0.3958156020033583,0.6
trace_00090,trace_00099,commonsense_002,commonsense_004,commonsense_multihop,commonsense_multihop,correct,incorrect,False,True,False,0.17761155077564755,0.37142857142857144
trace_00090,trace_00100,commonsense_002,commonsense_004,commonsense_multihop,commonsense_multihop,correct,incorrect,False,True,False,0.2519235740744792,0.4
trace_00091,trace_00092,commonsense_003,commonsense_003,commonsense_multihop,commonsense_multihop,incorrect,correct,True,True,False,0.1908745046211096,0.33333333333333337
trace_00091,trace_00093,commonsense_003,commonsense_003,commonsense_multihop,commonsense_multihop,incorrect,incorrect,True,True,True,0.1908745046211096,0.33333333333333337
trace_00091,trace_00094,commonsense_003,commonsense_003,commonsense_multihop,commonsense_multihop,incorrect,incorrect,True,True,True,0.048794940695398484,0.25
trace_00091,trace_00095,commonsense_003,commonsense_003,commonsense_multihop,commonsense_multihop,incorrect,incorrect,True,True,True,0.1908745046211096,0.33333333333333337
trace_00091,trace_00096,commonsense_003,commonsense_004,commonsense_multihop,commonsense_multihop,incorrect,incorrect,False,True,True,0.6556390622295665,0.75
trace_00091,trace_00097,commonsense_003,commonsense_004,commonsense_multihop,commonsense_multihop,incorrect,incorrect,False,True,True,0.5954372523105548,0.6666666666666666
trace_00091,trace_00098,commonsense_003,commonsense_004,commonsense_multihop,commonsense_multihop,incorrect,incorrect,False,True,True,0.5,0.5
trace_00091,trace_00099,commonsense_003,commonsense_004,commonsense_multihop,commonsense_multihop,incorrect,incorrect,False,True,True,0.7543628371936577,0.8571428571428571
trace_00091,trace_00100,commonsense_003,commonsense_004,commonsense_multihop,commonsense_multihop,incorrect,incorrect,False,True,True,0.6556390622295665,0.75
trace_00092,trace_00093,commonsense_003,commonsense_003,commonsense_multihop,commonsense_multihop,correct,incorrect,True,True,False,0.3333333333333333,0.3333333333333333
trace_00092,trace_00094,commonsense_003,commonsense_003,commonsense_multihop,commonsense_multihop,correct,incorrect,True,True,False,0.23029215520445234,0.41666666666666663
trace_00092,trace_00095,commonsense_003,commonsense_003,commonsense_multihop,commonsense_multihop,correct,incorrect,True,True,False,0.0,0.0
trace_00092,trace_00096,commonsense_003,commonsense_004,commonsense_multihop,commonsense_multihop,correct,incorrect,False,True,False,0.3080790459672315,0.41666666666666663
trace_00092,trace_00097,commonsense_003,commonsense_004,commonsense_multihop,commonsense_multihop,correct,incorrect,False,True,False,0.20751874963942185,0.3333333333333333
trace_00092,trace_00098,commonsense_003,commonsense_004,commonsense_multihop,commonsense_multihop,correct,incorrect,False,True,False,0.1908745046211096,0.33333333333333337
trace_00092,trace_00099,commonsense_003,commonsense_004,commonsense_multihop,commonsense_multihop,correct,incorrect,False,True,False,0.360654826555287,0.5238095238095237
trace_00092,trace_00100,commonsense_003,commonsense_004,commonsense_multihop,commonsense_multihop,correct,incorrect,False,True,False,0.3080790459672315,0.41666666666666663
trace_00093,trace_00094,commonsense_003,commonsense_003,commonsense_multihop,commonsense_multihop,incorrect,incorrect,True,True,True,0.23029215520445234,0.41666666666666663
trace_00093,trace_00095,commonsense_003,commonsense_003,commonsense_multihop,commonsense_multihop,incorrect,incorrect,True,True,True,0.3333333333333333,0.3333333333333333
trace_00093,trace_00096,commonsense_003,commonsense_004,commonsense_multihop,commonsense_multihop,incorrect,incorrect,False,True,True,0.7126417936566767,0.7499999999999999
trace_00093,trace_00097,commonsense_003,commonsense_004,commonsense_multihop,commonsense_multihop,incorrect,incorrect,False,True,True,0.6666666666666666,0.6666666666666666
trace_00093,trace_00098,commonsense_003,commonsense_004,commonsense_multihop,commonsense_multihop,incorrect,incorrect,False,True,True,0.5954372523105549,0.6666666666666666
trace_00093,trace_00099,commonsense_003,commonsense_004,commonsense_multihop,commonsense_multihop,incorrect,incorrect,False,True,True,0.5803376670330034,0.7142857142857142
trace_00093,trace_00100,commonsense_003,commonsense_004,commonsense_multihop,commonsense_multihop,incorrect,incorrect,False,True,True,0.7126417936566767,0.7499999999999999
trace_00094,trace_00095,commonsense_003,commonsense_003,commonsense_multihop,commonsense_multihop,incorrect,incorrect,True,True,True,0.23029215520445234,0.41666666666666663
trace_00094,trace_00096,commonsense_003,commonsense_004,commonsense_multihop,commonsense_multihop,incorrect,incorrect,False,True,True,0.5943609377704335,0.75
trace_00094,trace_00097,commonsense_003,commonsense_004,commonsense_multihop,commonsense_multihop,incorrect,incorrect,False,True,True,0.5176503615477757,0.6666666666666666
trace_00094,trace_00098,commonsense_003,commonsense_004,commonsense_multihop,commonsense_multihop,incorrect,incorrect,False,True,True,0.6556390622295665,0.75
trace_00094,trace_00099,commonsense_003,commonsense_004,commonsense_multihop,commonsense_multihop,incorrect,incorrect,False,True,True,0.7168260916783187,0.8571428571428571
trace_00094,trace_00100,commonsense_003,commonsense_004,commonsense_multihop,commonsense_multihop,incorrect,incorrect,False,True,True,0.5943609377704335,0.75
trace_00095,trace_00096,commonsense_003,commonsense_004,commonsense_multihop,commonsense_multihop,incorrect,incorrect,False,True,True,0.3080790459672315,0.41666666666666663
trace_00095,trace_00097,commonsense_003,commonsense_004,commonsense_multihop,commonsense_multihop,incorrect,incorrect,False,True,True,0.20751874963942185,0.3333333333333333
trace_00095,trace_00098,commonsense_003,commonsense_004,commonsense_multihop,commonsense_multihop,incorrect,incorrect,False,True,True,0.1908745046211096,0.33333333333333337
trace_00095,trace_00099,commonsense_003,commonsense_004,commonsense_multihop,commonsense_multihop,incorrect,incorrect,False,True,True,0.360654826555287,0.5238095238095237
trace_00095,trace_00100,commonsense_003,commonsense_004,commonsense_multihop,commonsense_multihop,incorrect,incorrect,False,True,True,0.3080790459672315,0.41666666666666663
trace_00096,trace_00097,commonsense_004,commonsense_004,commonsense_multihop,commonsense_multihop,incorrect,incorrect,True,True,True,0.13792538097003013,0.24999999999999997
trace_00096,trace_00098,commonsense_004,commonsense_004,commonsense_multihop,commonsense_multihop,incorrect,incorrect,True,True,True,0.5,0.5
trace_00096,trace_00099,commonsense_004,commonsense_004,commonsense_multihop,commonsense_multihop,incorrect,incorrect,True,True,True,0.09449507748815748,0.21428571428571427
trace_00096,trace_00100,commonsense_004,commonsense_004,commonsense_multihop,commonsense_multihop,incorrect,incorrect,True,True,True,0.0,0.0
trace_00097,trace_00098,commonsense_004,commonsense_004,commonsense_multihop,commonsense_multihop,incorrect,incorrect,True,True,True,0.42528358731335336,0.5
trace_00097,trace_00099,commonsense_004,commonsense_004,commonsense_multihop,commonsense_multihop,incorrect,incorrect,True,True,True,0.17376612508297634,0.2857142857142857
trace_00097,trace_00100,commonsense_004,commonsense_004,commonsense_multihop,commonsense_multihop,incorrect,incorrect,True,True,True,0.13792538097003013,0.24999999999999997
trace_00098,trace_00099,commonsense_004,commonsense_004,commonsense_multihop,commonsense_multihop,incorrect,incorrect,True,True,True,0.4660044828669804,0.4999999999999999
trace_00098,trace_00100,commonsense_004,commonsense_004,commonsense_multihop,commonsense_multihop,incorrect,incorrect,True,True,True,0.5,0.5
trace_00099,trace_00100,commonsense_004,commonsense_004,commonsense_multihop,commonsense_multihop,incorrect,incorrect,True,True,True,0.09449507748815748,0.21428571428571427
