trace_id,prompt_id,task_family,model,difficulty,outcome,trial_id,repeat_index,from_step_position,to_step_position,from_step_text,to_step_text,static_projection_norm,residual_norm,residual_cluster,residual_pc_1,residual_pc_2,residual_pc_3,residual_pc_4,residual_pc_5,residual_pc_6,residual_pc_7,residual_pc_8
trace_00001,arith_001,arithmetic,llama3.2:latest,easy,correct,arith_001__trial_01,1,0,1,Calculate total number of cans collected.,Subtract the number of damaged cans to find the total number of usable cans.,0.20124678,0.9795406,4,-0.3285708,0.13755056,0.08279093,-0.09892482,0.027520487,0.011076631,-0.09156483,0.081733115
trace_00001,arith_001,arithmetic,llama3.2:latest,easy,correct,arith_001__trial_01,1,1,2,Subtract the number of damaged cans to find the total number of usable cans.,Total cans = 14 + 19 = 33,0.14804475,0.98898065,2,0.49790794,-0.06505657,-0.15516254,0.12360334,-0.06384948,0.03357455,-0.09086406,-0.039650507
trace_00001,arith_001,arithmetic,llama3.2:latest,easy,correct,arith_001__trial_01,1,2,3,Total cans = 14 + 19 = 33,Usable cans = 33 - 6 = 27,0.16714124,0.9859329,4,-0.2079609,0.06407748,0.043406744,-0.04066628,0.0379119,0.014334808,-0.1541937,0.054723043
trace_00002,arith_001,arithmetic,llama3.2:latest,easy,correct,arith_001__trial_02,2,0,1,Add the total number of cans collected on Monday and Tuesday.,Subtract the total number of damaged cans (6).,0.08247294,0.99659336,4,-0.53389555,0.10714481,0.10876967,0.009737886,0.17944944,0.012703487,-0.16334319,0.12887412
trace_00002,arith_001,arithmetic,llama3.2:latest,easy,correct,arith_001__trial_02,2,1,2,Subtract the total number of damaged cans (6).,Calculate the remaining usable cans: 31 - 6 = 25.,0.09596247,0.99538493,2,0.32321662,-0.04184579,-0.05077923,-0.109483264,-0.13169992,0.02532015,-0.0629423,-0.10123621
trace_00003,arith_001,arithmetic,llama3.2:latest,easy,correct,arith_001__trial_03,3,0,1,Calculate total number of cans collected: 14 (Monday) + 19 (Tuesday) = 33,Subtract the number of damaged cans: 33 - 6 = 27,0.079473436,0.9968369,4,-0.5117914,0.17202018,0.109697215,0.046916842,0.16204952,0.022625547,-0.16700844,0.13012958
trace_00003,arith_001,arithmetic,llama3.2:latest,easy,correct,arith_001__trial_03,3,1,2,Subtract the number of damaged cans: 33 - 6 = 27,The remaining number of usable cans is 27.,0.20188117,0.97941,0,0.33575693,0.045398172,-0.04072009,0.11694323,-0.07653698,-0.13592753,0.06619393,-0.20042983
trace_00004,arith_001,arithmetic,llama3.2:latest,easy,correct,arith_001__trial_04,4,0,1,Calculate the total number of cans collected: 14 (Monday) + 19 (Tuesday) = 33,Subtract the number of damaged and discarded cans from the total: 33 - 6 = 27,0.0709643,0.9974788,4,-0.49624822,0.1865286,0.17621171,-0.006424194,0.1842811,-0.024740722,-0.1706735,0.13146229
trace_00004,arith_001,arithmetic,llama3.2:latest,easy,correct,arith_001__trial_04,4,1,2,Subtract the number of damaged and discarded cans from the total: 33 - 6 = 27,Final answer: The class had 27 usable cans remaining.,0.20160782,0.9794664,0,0.2810777,0.0065767653,-0.09866343,0.1146544,-0.035694115,-0.121018335,-0.016679717,-0.1819962
trace_00005,arith_001,arithmetic,llama3.2:latest,easy,correct,arith_001__trial_05,5,0,1,Calculate total number of cans collected: 14 (Monday) + 19 (Tuesday) = 33,Subtract the number of damaged cans: 33 - 6 = 27,0.079473436,0.9968369,4,-0.5117913,0.17201984,0.10969615,0.046916936,0.16204946,0.022625558,-0.16700855,0.13012998
trace_00005,arith_001,arithmetic,llama3.2:latest,easy,correct,arith_001__trial_05,5,1,2,Subtract the number of damaged cans: 33 - 6 = 27,The remaining cans are usable.,0.30147856,0.95347303,0,0.20928353,-0.016569007,-0.00022549549,0.005956031,-0.0376908,-0.14945638,0.13661191,-0.16981846
trace_00006,arith_002,arithmetic,llama3.2:latest,easy,correct,arith_002__trial_01,1,0,1,Add the number of pencils sold in the morning (23) and in the afternoon (18): 23 + 18 = 41,Subtract the number of pencils that were returned (7) from the total: 41 - 7 = 34,0.15539046,0.9878531,4,-0.46758872,0.21730486,0.1716836,-0.13880947,0.032088794,-0.13678788,0.040034134,0.16625406
trace_00006,arith_002,arithmetic,llama3.2:latest,easy,correct,arith_002__trial_01,1,1,2,Subtract the number of pencils that were returned (7) from the total: 41 - 7 = 34,The result is the number of pencils that stayed sold.,0.1710735,0.9852583,0,0.16809419,0.07685409,-0.14765114,0.31865856,0.090132765,-0.08199965,-0.100702964,-0.15974295
trace_00007,arith_002,arithmetic,llama3.2:latest,easy,incorrect,arith_002__trial_02,2,0,1,Calculate the total number of pencils sold by adding the morning and afternoon sales.,Morning sales + Afternoon sales = 23 + 18 = 41,0.27020356,0.96280324,2,0.28595698,-0.08689073,-0.12544434,0.03196345,0.033533547,0.22120994,-0.18663904,0.07433037
trace_00007,arith_002,arithmetic,llama3.2:latest,easy,incorrect,arith_002__trial_02,2,1,2,Morning sales + Afternoon sales = 23 + 18 = 41,Subtract the returned pencils from the total.,0.23932931,0.9709385,4,-0.51413363,0.18142232,0.19311601,-0.07407481,-0.05333005,-0.18826598,0.15841992,0.06970969
trace_00007,arith_002,arithmetic,llama3.2:latest,easy,incorrect,arith_002__trial_02,2,2,3,Subtract the returned pencils from the total.,Total pencils - Returned pencils = 41 - 7 = 34,0.15428261,0.9880268,1,0.3266993,0.0556544,-0.13028572,0.11699028,0.026274282,0.012549018,-0.23661436,-0.044025987
trace_00008,arith_002,arithmetic,llama3.2:latest,easy,correct,arith_002__trial_03,3,0,1,Calculate the total number of pencils sold initially (morning + afternoon):,23 (morning) + 18 (afternoon) = 41,0.24517402,0.9694791,2,0.17644416,-0.14418088,-0.0504489,0.007514506,-0.0708145,0.25502342,-0.18242653,0.07995515
trace_00008,arith_002,arithmetic,llama3.2:latest,easy,correct,arith_002__trial_03,3,1,2,23 (morning) + 18 (afternoon) = 41,Subtract the number of pencils returned from the initial total:,0.24707754,0.9689957,4,-0.4287029,0.22852898,0.12630226,-0.037704308,0.01183255,-0.25048083,0.21766736,0.031948816
trace_00008,arith_002,arithmetic,llama3.2:latest,easy,correct,arith_002__trial_03,3,2,3,Subtract the number of pencils returned from the initial total:,41 - 7 = 34,0.27348763,0.9618755,2,0.1842681,-0.026291072,-0.15209761,-0.055166554,0.0018047331,0.22434387,-0.22279404,0.036440358
trace_00008,arith_002,arithmetic,llama3.2:latest,easy,correct,arith_002__trial_03,3,3,4,41 - 7 = 34,The final answer is the remaining pencils after returns:,0.1675357,0.98586607,0,-0.100381315,0.041494276,0.13067335,0.148766,0.0014555791,-0.2079947,0.06409375,-0.06414284
trace_00009,arith_002,arithmetic,llama3.2:latest,easy,correct,arith_002__trial_04,4,0,1,Calculate the total number of pencils sold: 23 + 18 = 41,Subtract the number of returned pencils from the total: 41 - 7 = 34,0.101746276,0.9948104,4,-0.2706375,0.0986474,0.21908143,-0.24438287,0.0014211617,-0.053336386,0.018977517,0.15786989
trace_00009,arith_002,arithmetic,llama3.2:latest,easy,correct,arith_002__trial_04,4,1,2,Subtract the number of returned pencils from the total: 41 - 7 = 34,The result is the number of pencils that stayed sold.,0.16649447,0.98604244,0,0.14285982,0.06590354,-0.14078914,0.29870114,0.07141035,-0.1320595,-0.10323143,-0.16069892
trace_00010,arith_002,arithmetic,llama3.2:latest,easy,incorrect,arith_002__trial_05,5,0,1,Add the number of pencils sold in the morning (23) to the number sold in the afternoon (18): 23 + 18 = 41,Subtract the number of pencils that were returned (7) from the total: 41 - 7 = 34,0.1615317,0.9868675,4,-0.45433548,0.22483708,0.19196293,-0.10270242,0.016286531,-0.13412285,0.032382764,0.15139855
trace_00011,arith_003,arithmetic,llama3.2:latest,medium,correct,arith_003__trial_01,1,0,1,Calculate the total amount of money raised: $125 + $87 = $212,Subtract the cost of supplies from the total amount: $212 - $36 = $176,0.093475245,0.9956216,4,-0.1792271,0.06880217,0.23594226,-0.2820882,0.07420834,0.09721351,-0.026556995,0.0806291
trace_00011,arith_003,arithmetic,llama3.2:latest,medium,correct,arith_003__trial_01,1,1,2,Subtract the cost of supplies from the total amount: $212 - $36 = $176,The remaining amount is $176.,0.17414677,0.9847197,0,0.11582594,0.03474104,-0.12895618,0.31489024,0.08187708,-0.23096594,-0.09243243,-0.14766935
trace_00012,arith_003,arithmetic,llama3.2:latest,medium,correct,arith_003__trial_02,2,0,1,Calculate the total amount of money raised: $125 + $87 = $212,Subtract the cost of supplies from the total amount raised: $212 - $36 = $176,0.12792653,0.9917836,4,-0.14483382,0.071028635,0.24042457,-0.26739562,0.01823811,0.11189547,-0.0020751343,0.09247969
trace_00012,arith_003,arithmetic,llama3.2:latest,medium,correct,arith_003__trial_02,2,1,2,Subtract the cost of supplies from the total amount raised: $212 - $36 = $176,The remaining amount is $176.,0.21171385,0.97733164,0,0.045145765,0.04601621,-0.08625089,0.23977037,0.14971432,-0.22094929,-0.117548466,-0.14099143
trace_00013,arith_003,arithmetic,llama3.2:latest,medium,correct,arith_003__trial_03,3,0,1,Add the amount raised on Friday and Saturday to find the total amount of money.,Calculate the sum of $125 + $87 = $212,0.099788055,0.9950087,0,-0.1501909,-0.014895255,-0.05078011,0.12287955,0.14665273,-0.0036848213,-0.17119072,0.041414905
trace_00013,arith_003,arithmetic,llama3.2:latest,medium,correct,arith_003__trial_03,3,1,2,Calculate the sum of $125 + $87 = $212,Subtract the cost of supplies from the total amount.,0.12856756,0.9917007,4,-0.2198357,0.013153343,0.2326031,-0.33236405,-0.044593938,0.07590292,0.13879107,0.06552632
trace_00013,arith_003,arithmetic,llama3.2:latest,medium,correct,arith_003__trial_03,3,2,3,Subtract the cost of supplies from the total amount.,Calculate the difference: $212 - $36 = $176,0.13865714,0.9903405,1,0.08743038,0.095898606,-0.16285262,0.19082241,0.010577239,0.111036815,-0.20490596,0.009393829
trace_00013,arith_003,arithmetic,llama3.2:latest,medium,correct,arith_003__trial_03,3,3,4,Calculate the difference: $212 - $36 = $176,The remaining amount is $176,0.28423584,0.9587545,0,0.09491456,-0.026679836,0.02612421,0.12355308,0.06883269,-0.28963974,0.023319053,-0.14298235
trace_00014,arith_003,arithmetic,llama3.2:latest,medium,correct,arith_003__trial_04,4,0,1,Add the amount of money raised on Friday and Saturday to find the total: $125 + $87 = $212,Subtract the amount of money spent on supplies from the total: $212 - $36 = $176,0.13578524,0.9907383,4,-0.3574717,0.13829672,0.20988925,-0.2671301,0.11578353,0.04825173,-0.060418744,0.11478103
trace_00014,arith_003,arithmetic,llama3.2:latest,medium,correct,arith_003__trial_04,4,1,2,Subtract the amount of money spent on supplies from the total: $212 - $36 = $176,Final answer: $176,0.23087364,0.97298366,0,0.10073673,-0.058215186,-0.16315025,0.3491969,0.061163887,-0.1314678,-0.17045596,-0.07481801
trace_00015,arith_003,arithmetic,llama3.2:latest,medium,correct,arith_003__trial_05,5,0,1,Calculate the total amount of money raised by adding the amounts from Friday and Saturday.,Total = 125 + 87,0.16872054,0.9856639,0,-0.14706771,0.12633158,-0.04019785,0.16463618,0.19245923,-0.08125382,-0.22345524,-0.11212693
trace_00015,arith_003,arithmetic,llama3.2:latest,medium,correct,arith_003__trial_05,5,1,2,Total = 125 + 87,Add the two numbers to get the total amount.,0.20077714,0.979637,4,-0.07118078,-0.033344217,0.042446584,-0.228862,-0.13001987,0.0890721,0.16128705,0.12808536
trace_00015,arith_003,arithmetic,llama3.2:latest,medium,correct,arith_003__trial_05,5,2,3,Add the two numbers to get the total amount.,Total = 212,0.21673042,0.97623146,0,-0.014634854,0.11529904,-0.046179395,0.2391226,0.14626491,0.037500106,-0.24175404,-0.021473473
trace_00015,arith_003,arithmetic,llama3.2:latest,medium,correct,arith_003__trial_05,5,3,4,Total = 212,Subtract the cost of supplies from the total amount to find out how much money remained.,0.13933845,0.9902448,4,-0.17547081,-0.16095622,0.19617997,-0.39432862,-0.13720484,-0.026029347,0.20449942,0.068640396
trace_00015,arith_003,arithmetic,llama3.2:latest,medium,correct,arith_003__trial_05,5,4,5,Subtract the cost of supplies from the total amount to find out how much money remained.,Remaining = Total - 36,0.16856027,0.98569137,0,0.2132886,0.18035533,-0.1018333,0.24160963,0.14132465,-0.02484171,-0.28896737,-0.061469767
trace_00015,arith_003,arithmetic,llama3.2:latest,medium,correct,arith_003__trial_05,5,5,6,Remaining = Total - 36,Perform the subtraction.,0.19592515,0.9806189,4,-0.23421103,-0.21815884,-0.050688725,-0.15743539,-0.21240787,0.1144109,0.22345173,0.14688233
trace_00015,arith_003,arithmetic,llama3.2:latest,medium,correct,arith_003__trial_05,5,6,7,Perform the subtraction.,Remaining = 176,0.23260264,0.9725719,0,0.17617714,0.10555227,0.014537837,0.23560464,0.21052521,-0.18973048,-0.21302262,-0.20868501
trace_00016,arith_004,arithmetic,llama3.2:latest,medium,incorrect,arith_004__trial_01,1,0,1,Calculate the total number of books initially checked out.,Subtract the number of books that were returned from the initial number of books for each group (adults and children).,0.17794372,0.9840407,4,-0.23958151,-0.06680205,0.07449645,-0.16557062,-0.014493856,-0.027871583,0.00089964055,0.27161244
trace_00016,arith_004,arithmetic,llama3.2:latest,medium,incorrect,arith_004__trial_01,1,1,2,Subtract the number of books that were returned from the initial number of books for each group (adults and children).,Add the results of step 2 together to find the total number of books still checked out.,0.20589729,0.97857356,1,0.23537065,0.08684539,-0.0033043488,0.18670268,-0.07435735,0.02596163,-0.041636124,-0.2830372
trace_00016,arith_004,arithmetic,llama3.2:latest,medium,incorrect,arith_004__trial_01,1,2,3,Add the results of step 2 together to find the total number of books still checked out.,For adults: 42 - 9 = 33,0.27371648,0.96181047,2,0.029707663,-0.06792287,-0.19987114,0.03407643,0.0668691,0.10177226,-0.23090233,0.2573535
trace_00016,arith_004,arithmetic,llama3.2:latest,medium,incorrect,arith_004__trial_01,1,3,4,For adults: 42 - 9 = 33,For children: 31 - 9 = 22,0.17411003,0.9847263,1,0.09904662,-0.010988575,-0.045342702,-0.07314178,-0.14522512,-0.007884993,0.089193344,-0.047079958
trace_00016,arith_004,arithmetic,llama3.2:latest,medium,incorrect,arith_004__trial_01,1,4,5,For children: 31 - 9 = 22,Total books still checked out: 33 + 22 = 55,0.2792785,0.96021014,1,0.07032032,0.09327676,0.13114138,0.028966794,0.06468611,-0.018077046,0.04794702,-0.22427848
trace_00017,arith_004,arithmetic,llama3.2:latest,medium,correct,arith_004__trial_02,2,0,1,Calculate the total number of books initially checked out.,Subtract the returned books from the total initial check-out.,0.12555858,0.9920862,4,-0.226007,0.07943784,0.16659771,-0.3004022,0.04212792,0.07929366,0.06983631,0.16282788
trace_00017,arith_004,arithmetic,llama3.2:latest,medium,correct,arith_004__trial_02,2,1,2,Subtract the returned books from the total initial check-out.,The number of books remaining is: (42 + 31) - 9 = 64 - 9 = 55,0.15234964,0.98832667,1,0.23082808,0.026557399,-0.039768513,0.1454394,-0.014606605,-0.0023109983,-0.23248696,-0.014221395
trace_00017,arith_004,arithmetic,llama3.2:latest,medium,correct,arith_004__trial_02,2,2,3,The number of books remaining is: (42 + 31) - 9 = 64 - 9 = 55,Final answer: 55,0.29261225,0.9562311,0,-0.09947793,-0.10721948,-0.14628778,0.13952996,0.034158733,-0.00913475,-0.14551581,0.03772851
trace_00018,arith_004,arithmetic,llama3.2:latest,medium,incorrect,arith_004__trial_03,3,0,1,Calculate the total number of books checked out initially.,Subtract the number of returned books from the total number of initial books.,0.121911205,0.99254096,4,-0.21929735,0.008933755,0.19640942,-0.21628156,-0.013944793,0.046017166,0.015882848,0.21806677
trace_00018,arith_004,arithmetic,llama3.2:latest,medium,incorrect,arith_004__trial_03,3,1,2,Subtract the number of returned books from the total number of initial books.,The result is the number of books that did not get returned.,0.3130509,0.9497364,0,0.14096008,0.23344232,-0.12530395,0.28451467,0.12623857,-0.11202177,-0.21266603,-0.094452
trace_00019,arith_004,arithmetic,llama3.2:latest,medium,correct,arith_004__trial_04,4,0,1,Initial number of books for adults: 42,Initial number of books for children: 31,0.12877142,0.9916743,1,-0.0046203937,0.0550793,-0.005973239,-0.050395492,-0.08348546,-0.012727191,0.05752155,-0.04562767
trace_00019,arith_004,arithmetic,llama3.2:latest,medium,correct,arith_004__trial_04,4,1,2,Initial number of books for children: 31,Total initial number of books: 42 + 31 = 73,0.24851966,0.9686268,4,0.062799156,7.712966e-05,0.18316583,-0.07723852,0.03324978,0.07449422,-0.051858496,-0.023056712
trace_00019,arith_004,arithmetic,llama3.2:latest,medium,correct,arith_004__trial_04,4,2,3,Total initial number of books: 42 + 31 = 73,Number of books returned: 9,0.19507958,0.9807874,0,-0.09410984,0.088168904,0.00987305,0.04442698,0.087801084,-0.111609764,0.058379825,-0.0078874
trace_00019,arith_004,arithmetic,llama3.2:latest,medium,correct,arith_004__trial_04,4,3,4,Number of books returned: 9,Subtract the returned books from the total initial number: 73 - 9 = 64,0.29212463,0.9563802,4,-0.10838125,-0.15383342,0.077878274,-0.21080698,-0.10475671,0.14776498,0.013518562,0.11342842
trace_00020,arith_004,arithmetic,llama3.2:latest,medium,correct,arith_004__trial_05,5,0,1,"The total number of books checked out initially is the sum of adult and children books, which is 42 + 31 = 73.","After 9 books are returned, subtract these from the initial total to find the remaining number of books checked out: 73 - 9 = 64.",0.19785595,0.98023117,4,-0.09609843,0.0625799,0.21311055,-0.1273733,-0.0014505927,-0.038245644,0.070091926,-0.0093911365
trace_00021,logic_001,symbolic_logic,llama3.2:latest,easy,incorrect,logic_001__trial_01,1,0,1,We know that all glims are bloops.,Some bloops are razs.,0.15032238,0.98863703,3,0.040159818,0.19527525,-0.15618819,-0.08641895,-0.09282496,0.20040874,-0.39249915,0.4582843
trace_00021,logic_001,symbolic_logic,llama3.2:latest,easy,incorrect,logic_001__trial_01,1,1,2,Some bloops are razs.,"Since some bloops are razs (from step 2), and all glims are bloops (from step 1), we can conclude that some glims must be razs.",0.18549016,0.9826461,2,-0.009448676,-0.22149554,0.2887229,0.048103925,-0.014534009,0.016730921,0.32093427,-0.5520975
trace_00022,logic_001,symbolic_logic,llama3.2:latest,easy,correct,logic_001__trial_02,2,0,1,We know that all glims are bloops (given).,Some bloops are razs (given).,0.19023538,0.9817385,3,0.013868586,0.1999893,-0.13281877,-0.077977136,-0.09903107,0.24024561,-0.3877342,0.45475566
trace_00022,logic_001,symbolic_logic,llama3.2:latest,easy,correct,logic_001__trial_02,2,1,2,Some bloops are razs (given).,"Since all glims are bloops (from step 1), and some bloops are razs (from step 2), we can conclude that some glims are also razs.",0.1541968,0.9880402,2,0.0072849668,-0.266958,0.20261802,0.04460459,-0.0064406167,-0.06520836,0.39930546,-0.4942374
trace_00022,logic_001,symbolic_logic,llama3.2:latest,easy,correct,logic_001__trial_02,2,2,3,"Since all glims are bloops (from step 1), and some bloops are razs (from step 2), we can conclude that some glims are also razs.","This is because the set of razs contains at least some elements from the larger set of bloops, where glims belong.",0.2737876,0.9617902,1,0.169068,0.23215501,-0.111850835,0.12284102,-0.02245848,0.115922,-0.24303213,0.12575293
trace_00023,logic_001,symbolic_logic,llama3.2:latest,easy,incorrect,logic_001__trial_03,3,0,1,"We know that if an object is a glim, then it must also be a bloop.","Since all glims are bloops, every glim satisfies this statement.",0.17662664,0.9842779,2,0.06460275,-0.014467266,0.05807432,0.018429792,0.124970175,0.023228118,0.06013259,-0.071060985
trace_00023,logic_001,symbolic_logic,llama3.2:latest,easy,incorrect,logic_001__trial_03,3,1,2,"Since all glims are bloops, every glim satisfies this statement.","Some bloops are razs, so at least one bloop is also a razz.",0.16675133,0.98599905,3,0.007353173,0.120824814,-0.15044433,-0.078951105,-0.11918231,0.16060878,-0.38769993,0.49680233
trace_00023,logic_001,symbolic_logic,llama3.2:latest,easy,incorrect,logic_001__trial_03,3,2,3,"Some bloops are razs, so at least one bloop is also a razz.","Given statements 1 and 3, we can conclude that there exists a glim (specifically, the glim in question) that is also a razz (since it must be both a glim and a bloop).",0.097135834,0.99527115,2,-0.06455097,-0.27994525,0.16343607,0.13014218,-0.03638742,-0.06803948,0.33305037,-0.5012912
trace_00024,logic_001,symbolic_logic,llama3.2:latest,easy,incorrect,logic_001__trial_04,4,0,1,"Assume ""x"" is a glim.","Since all glims are bloops, x must be a bloop (by definition of ""glim"").",0.12708439,0.99189186,1,0.111987084,0.08797942,-0.042388726,-0.07523715,0.03623849,-0.040963016,-0.245716,0.15399083
trace_00024,logic_001,symbolic_logic,llama3.2:latest,easy,incorrect,logic_001__trial_04,4,1,2,"Since all glims are bloops, x must be a bloop (by definition of ""glim"").","Since some bloops are razs, x must be a razon (by definition of ""bloop"").",0.164298,0.9864108,3,-0.0011818581,0.1543597,-0.10171232,-0.10211916,-0.13149181,0.13440974,-0.39396924,0.49968374
trace_00024,logic_001,symbolic_logic,llama3.2:latest,easy,incorrect,logic_001__trial_04,4,2,3,"Since some bloops are razs, x must be a razon (by definition of ""bloop"").","Therefore, since we know that ""razn"" is a subset of ""ras"", and we already know that ""x"" is an element of ""razn"", we can conclude that ""x"" is also an element of ""ras"".",0.18169014,0.9833559,2,-0.071841896,-0.16174355,0.068507254,0.08443018,-0.07177009,0.01339519,0.21886474,-0.11141354
trace_00025,logic_001,symbolic_logic,llama3.2:latest,easy,correct,logic_001__trial_05,5,0,1,We know all glims are bloops (Premise 1).,Some bloops are razs (Premise 2).,0.18215984,0.9832689,3,0.034310296,0.22350872,-0.11329536,-0.10029266,-0.074049205,0.16223113,-0.37415424,0.4714209
trace_00025,logic_001,symbolic_logic,llama3.2:latest,easy,correct,logic_001__trial_05,5,1,2,Some bloops are razs (Premise 2).,"To determine if some glims are razs, we need to consider if there's any overlap between the set of glims and the set of razs.",0.1449124,0.9894445,2,-0.14474535,-0.29431883,0.111218646,0.118073,-0.064030595,0.13929206,0.28743163,-0.38573048
trace_00025,logic_001,symbolic_logic,llama3.2:latest,easy,correct,logic_001__trial_05,5,2,3,"To determine if some glims are razs, we need to consider if there's any overlap between the set of glims and the set of razs.","Since all glims are bloops and some bloops are razs, it implies that at least some of the elements in the set of glims (as a subset of bloops) also belong to the set of razs.",0.2652702,0.96417415,1,0.24458775,0.13837384,-0.054742575,-0.10862141,0.09549718,-0.20501296,-0.07711203,0.1144155
trace_00025,logic_001,symbolic_logic,llama3.2:latest,easy,correct,logic_001__trial_05,5,3,4,"Since all glims are bloops and some bloops are razs, it implies that at least some of the elements in the set of glims (as a subset of bloops) also belong to the set of razs.","Therefore, we can conclude that some glims are razs.",0.08073688,0.99673545,0,-0.17916673,-0.08794139,-0.020082897,0.124744885,-0.056268148,0.079096,0.001912978,0.036647256
trace_00026,logic_002,symbolic_logic,llama3.2:latest,easy,incorrect,logic_002__trial_01,1,0,1,Given that no kets are lums.,Given that all lums are nops.,0.1330021,0.99111575,3,0.008573116,-0.015939418,-0.11842474,0.09147068,0.6098457,0.44026282,0.069282115,0.11206033
trace_00026,logic_002,symbolic_logic,llama3.2:latest,easy,incorrect,logic_002__trial_01,1,1,2,Given that all lums are nops.,"From (1), we know lums cannot be kets.",0.09232152,0.9957292,1,-0.064322285,0.007848153,0.12188046,-0.05338665,-0.56555426,-0.34808454,-0.13096406,-0.08773909
trace_00026,logic_002,symbolic_logic,llama3.2:latest,easy,incorrect,logic_002__trial_01,1,2,3,"From (1), we know lums cannot be kets.","Since (2) says all lums are nops, if lums can't be kets, then lums must be nops.",0.108942464,0.99404806,3,0.10928226,-0.044339888,-0.045234192,0.0044489554,0.3946255,0.30115783,0.05976418,-0.096001685
trace_00026,logic_002,symbolic_logic,llama3.2:latest,easy,incorrect,logic_002__trial_01,1,3,4,"Since (2) says all lums are nops, if lums can't be kets, then lums must be nops.","Therefore, all kets are nops.",0.19176869,0.9814401,2,0.10472007,-0.11899886,-0.05118495,0.018265525,-0.0042166007,-0.14267753,0.111936115,0.104705386
trace_00027,logic_002,symbolic_logic,llama3.2:latest,easy,incorrect,logic_002__trial_02,2,0,1,We know that if no kets are lums.,We also know that all lums are nops.,0.09880724,0.99510664,3,0.039459303,-0.011726328,-0.110001124,0.107868955,0.56002474,0.43761283,0.07349693,0.16412313
trace_00027,logic_002,symbolic_logic,llama3.2:latest,easy,incorrect,logic_002__trial_02,2,1,2,We also know that all lums are nops.,"From (2), we can conclude that since all lums are nops, there are no lums.",0.18166661,0.9833602,4,-0.014135396,0.09097974,0.18764278,-0.09486788,-0.17758888,0.011428094,-0.14710218,-0.2684364
trace_00027,logic_002,symbolic_logic,llama3.2:latest,easy,incorrect,logic_002__trial_02,2,2,3,"From (2), we can conclude that since all lums are nops, there are no lums.","Given that no kets are lums from (1) and knowing there are no lums from (3), we can conclude that there are also no kets.",0.07857774,0.996908,2,-0.083897695,-0.13457237,0.044026665,-0.06260753,-0.5905999,-0.26994836,-0.051196665,-0.080321744
trace_00027,logic_002,symbolic_logic,llama3.2:latest,easy,incorrect,logic_002__trial_02,2,3,4,"Given that no kets are lums from (1) and knowing there are no lums from (3), we can conclude that there are also no kets.","Since there are no kets, the statement ""no kets are lums"" is vacuously true.",0.3166367,0.9485469,1,0.17417537,0.051885005,-0.06364461,-0.043812703,0.20701048,-0.14605674,0.0626841,0.11028132
trace_00028,logic_002,symbolic_logic,llama3.2:latest,easy,correct,logic_002__trial_03,3,0,1,Given that no kets are lums.,Given that all lums are nops.,0.1330021,0.99111575,3,0.008573116,-0.015939418,-0.11842474,0.09147068,0.6098457,0.44026282,0.069282115,0.11206033
trace_00028,logic_002,symbolic_logic,llama3.2:latest,easy,correct,logic_002__trial_03,3,1,2,Given that all lums are nops.,"From (2), since ""all"" implies every single instance of ""lum"", then if all lums are nops, there are no lums left to be anything else but nops.",0.1583886,0.98737687,1,0.078478485,0.050470833,0.15159103,0.004367244,-0.16929738,-0.138418,-0.09294522,-0.13158672
trace_00028,logic_002,symbolic_logic,llama3.2:latest,easy,correct,logic_002__trial_03,3,2,3,"From (2), since ""all"" implies every single instance of ""lum"", then if all lums are nops, there are no lums left to be anything else but nops.","Since there are no lums and kets cannot be lums, it follows that no kets exist as nops.",0.21262532,0.9771338,2,-0.003388939,-0.09941669,-0.05101752,-0.08116991,-0.20339379,-0.1403248,0.063219875,-0.04605934
trace_00029,logic_002,symbolic_logic,llama3.2:latest,easy,correct,logic_002__trial_04,4,0,1,"Given that there is a relationship between kets, lums, and nops.","Since no kets are lums, we can infer that kets do not overlap with lums.",0.15897302,0.98728293,1,0.08399868,0.12678768,0.072288,-0.006855633,-0.42163497,-0.23781931,-0.0896598,-0.17684594
trace_00029,logic_002,symbolic_logic,llama3.2:latest,easy,correct,logic_002__trial_04,4,1,2,"Since no kets are lums, we can infer that kets do not overlap with lums.",All lums are nops means lums are a subset of nops (lums ⊆ nops).,0.08635169,0.99626476,3,0.017115965,-0.03606504,-0.09735548,0.0050618593,0.51008165,0.2524201,0.017096639,0.13743173
trace_00029,logic_002,symbolic_logic,llama3.2:latest,easy,correct,logic_002__trial_04,4,2,3,All lums are nops means lums are a subset of nops (lums ⊆ nops).,"From steps 2 and 3, we conclude that kets ⊆ nops, as there is no gap between kets and nops.",0.22897024,0.97343343,2,0.051635355,-0.047689945,0.10005615,-0.024955625,-0.406957,-0.16858669,0.039219745,-0.10837434
trace_00030,logic_002,symbolic_logic,llama3.2:latest,easy,incorrect,logic_002__trial_05,5,0,1,"We know that if there are no kets, then we can conclude nothing directly from this statement.","Since all lums are nops, we can conclude that any element that is a lum must also be a nop.",0.1586704,0.9873316,3,0.009411098,-0.03690139,-0.1749708,0.05941404,0.43327355,0.38767904,-0.0651183,0.10098448
trace_00030,logic_002,symbolic_logic,llama3.2:latest,easy,incorrect,logic_002__trial_05,5,1,2,"Since all lums are nops, we can conclude that any element that is a lum must also be a nop.","Given that all lums are nops and there are no kets, we can infer that the set of elements that are both kets and lums is empty.",0.1757691,0.98443145,4,-0.14197358,-0.03532477,0.10797059,-0.19180931,-0.41680348,-0.25344563,-0.04581667,-0.16953166
trace_00030,logic_002,symbolic_logic,llama3.2:latest,easy,incorrect,logic_002__trial_05,5,2,3,"Given that all lums are nops and there are no kets, we can infer that the set of elements that are both kets and lums is empty.","Therefore, since the intersection of kets and lums (kets ∩ lums) is empty, we cannot directly conclude anything about kets from the fact that all lums are nops without additional context.",0.16766037,0.98584485,1,0.15271302,0.06139361,-0.09470125,0.03126932,-0.057059485,-0.07349212,0.19496943,0.014919653
trace_00030,logic_002,symbolic_logic,llama3.2:latest,easy,incorrect,logic_002__trial_05,5,3,4,"Therefore, since the intersection of kets and lums (kets ∩ lums) is empty, we cannot directly conclude anything about kets from the fact that all lums are nops without additional context.","However, we can infer that if an element is a nop, it does not imply that it must be a ket because there are no kets.",0.17107739,0.98525757,2,0.038603965,-0.14196627,0.018053632,0.081612095,-0.023419123,0.033078313,-0.077626005,0.04498997
trace_00031,logic_003,symbolic_logic,llama3.2:latest,medium,incorrect,logic_003__trial_01,1,0,1,Given that all tars are mivs.,And no mivs are pels.,0.14149158,0.98993945,3,-0.13159092,0.12389474,-0.8012993,-0.33163822,0.014168201,-0.018980198,0.19852138,-0.17276302
trace_00031,logic_003,symbolic_logic,llama3.2:latest,medium,incorrect,logic_003__trial_01,1,1,2,And no mivs are pels.,"From steps 1 and 2, we can conclude that no tars can be pels (since being a miv is incompatible with being a pel).",0.19234551,0.98132735,2,0.044203028,-0.17079955,0.6289824,0.2667393,-0.10983111,0.062321298,-0.11081102,0.00027435954
trace_00031,logic_003,symbolic_logic,llama3.2:latest,medium,incorrect,logic_003__trial_01,1,2,3,"From steps 1 and 2, we can conclude that no tars can be pels (since being a miv is incompatible with being a pel).","Therefore, there cannot be any tar that is also a pel.",0.24898705,0.96850675,2,0.048866186,-0.124689,0.01219439,0.06366919,0.021903018,-0.04563506,-0.035639077,-0.049142953
trace_00032,logic_003,symbolic_logic,llama3.2:latest,medium,incorrect,logic_003__trial_02,2,0,1,We know that if all tars are mivs.,No mivs are pels.,0.12276224,0.9924361,3,-0.13828212,0.14610606,-0.8029605,-0.35693303,0.04335984,0.03767371,0.18613486,-0.17115183
trace_00032,logic_003,symbolic_logic,llama3.2:latest,medium,incorrect,logic_003__trial_02,2,1,2,No mivs are pels.,"Since all tars are mivs, any tar must be a miv.",0.13514689,0.99082553,2,0.18401632,-0.17133494,0.7632403,0.35838106,-0.028162315,0.044901773,-0.24168321,0.14992438
trace_00032,logic_003,symbolic_logic,llama3.2:latest,medium,incorrect,logic_003__trial_02,2,2,3,"Since all tars are mivs, any tar must be a miv.","As no mivs are pels, we can conclude that none of the tars (which are mivs) are pels.",0.1931893,0.98116153,3,-0.21111669,0.07905963,-0.46846727,-0.32378322,-0.07717348,-0.010708081,0.19566287,-0.18735941
trace_00033,logic_003,symbolic_logic,llama3.2:latest,medium,incorrect,logic_003__trial_03,3,0,1,We know that if all tars are mivs.,No mivs are pels.,0.12276224,0.9924361,3,-0.13828212,0.14610606,-0.8029605,-0.35693303,0.04335984,0.03767371,0.18613486,-0.17115183
trace_00033,logic_003,symbolic_logic,llama3.2:latest,medium,incorrect,logic_003__trial_03,3,1,2,No mivs are pels.,"By the definition of ""no mivs are pels"", this means every pel is not an mv.",0.19556881,0.98069,1,0.040292457,0.06569911,0.18837246,0.10208655,0.072728015,0.08870807,-0.12265593,-0.057821468
trace_00033,logic_003,symbolic_logic,llama3.2:latest,medium,incorrect,logic_003__trial_03,3,2,3,"By the definition of ""no mivs are pels"", this means every pel is not an mv.","Since all tars are mivs, it follows that every tar must be an mv.",0.12844431,0.99171674,2,0.17675504,-0.15708569,0.71205896,0.31167668,-0.09746077,0.03519596,-0.19627647,0.20306233
trace_00033,logic_003,symbolic_logic,llama3.2:latest,medium,incorrect,logic_003__trial_03,3,3,4,"Since all tars are mivs, it follows that every tar must be an mv.","Therefore, if a tar is an mv and no mivs are pels, then a tar cannot be a pel.",0.11730573,0.9930958,3,-0.15010928,-0.04759804,-0.45020276,-0.27798742,-0.08857126,-0.029160043,0.21600065,-0.18330605
trace_00034,logic_003,symbolic_logic,llama3.2:latest,medium,incorrect,logic_003__trial_04,4,0,1,We know that all tars are mivs.,No mivs are pels.,0.14267546,0.9897696,3,-0.1412083,0.14811942,-0.775403,-0.35462505,0.035008878,0.03083034,0.18812528,-0.21001051
trace_00034,logic_003,symbolic_logic,llama3.2:latest,medium,incorrect,logic_003__trial_04,4,1,2,No mivs are pels.,"Since all tars are mivs (step 1) and no mivs are pels (step 2), we can conclude that there are no pels among the tars.",0.13115874,0.9913614,2,0.096044734,-0.166036,0.73619217,0.28328943,-0.14279369,0.07409739,-0.15264551,-0.044714034
trace_00035,logic_003,symbolic_logic,llama3.2:latest,medium,correct,logic_003__trial_05,5,0,1,We know that all tars are mivs.,This means every tar is also an miv.,0.17516923,0.9845383,1,0.1364715,0.16295165,0.0036807284,0.13289481,0.14052251,0.15649214,-0.11967876,-0.16082054
trace_00035,logic_003,symbolic_logic,llama3.2:latest,medium,correct,logic_003__trial_05,5,1,2,This means every tar is also an miv.,No mivs are pels.,0.15765521,0.9874943,3,-0.19701734,0.046485353,-0.7303897,-0.39848465,-0.042131636,-0.04493175,0.23095144,-0.113200955
trace_00035,logic_003,symbolic_logic,llama3.2:latest,medium,correct,logic_003__trial_05,5,2,3,No mivs are pels.,"Therefore, since all tars are mivs and no mivs are pels, it cannot be the case that any tar is a pel.",0.14058313,0.9900689,2,0.13418844,-0.18007876,0.6713209,0.29108235,-0.08404234,0.06656685,-0.15180066,0.0071603926
trace_00036,logic_004,symbolic_logic,llama3.2:latest,medium,correct,logic_004__trial_01,1,0,1,Identify the given statements:,- Some rens are fads.,0.2796106,0.9601135,1,0.06395823,0.22613388,-0.07165336,-0.007058776,-0.05769488,-0.06469137,0.065025866,0.1348374
trace_00036,logic_004,symbolic_logic,llama3.2:latest,medium,correct,logic_004__trial_01,1,1,2,- Some rens are fads.,- All fads are jops.,0.11393902,0.99348766,2,0.12183877,-0.23842543,-0.11157499,-0.11736508,0.23792315,-0.04327651,-0.112910196,-0.059218828
trace_00036,logic_004,symbolic_logic,llama3.2:latest,medium,correct,logic_004__trial_01,1,2,3,- All fads are jops.,"Analyze the relationship between the concepts of ""fads"" and ""jops"":",0.26411122,0.9644922,2,-0.08574589,-0.21311916,-0.05091844,0.047149207,-0.17078504,0.06823471,0.028613849,0.10858946
trace_00036,logic_004,symbolic_logic,llama3.2:latest,medium,correct,logic_004__trial_01,1,3,4,"Analyze the relationship between the concepts of ""fads"" and ""jops"":","Since all fads are jops, any statement about some rens being fads implies that they are also jops.",0.3306542,0.94375205,1,0.020770065,0.25479916,0.08684989,-0.0779109,-0.0068681315,-0.0029730478,0.07508723,-0.11774913
trace_00036,logic_004,symbolic_logic,llama3.2:latest,medium,correct,logic_004__trial_01,1,4,5,"Since all fads are jops, any statement about some rens being fads implies that they are also jops.",Conclude:,0.3119643,0.9500938,0,-0.06988122,-0.0027035386,0.112552606,0.13074176,-0.02133783,-0.01201542,-0.030313145,-0.06792417
trace_00036,logic_004,symbolic_logic,llama3.2:latest,medium,correct,logic_004__trial_01,1,5,6,Conclude:,Some rens must be jops.,0.28141665,0.9595856,3,0.011308807,0.03460771,-0.09251801,-0.08723835,0.016511608,0.04247603,-0.020614285,0.068450004
trace_00037,logic_004,symbolic_logic,llama3.2:latest,medium,correct,logic_004__trial_02,2,0,1,"Identify the given statements: ""some rens are fads"" and ""all fads are jops"".","Recognize that if all fads are jops, then every statement in the form of ""some R's are X"" implies that ""X is a job"".",0.21381919,0.9768732,2,0.101432435,-0.0754067,-0.062794544,-0.0030428527,0.08019407,-0.1180276,-0.035805464,0.003797837
trace_00037,logic_004,symbolic_logic,llama3.2:latest,medium,correct,logic_004__trial_02,2,1,2,"Recognize that if all fads are jops, then every statement in the form of ""some R's are X"" implies that ""X is a job"".","Apply this understanding to the first statement: since some rens are fads, it means that being a ren implies being a job.",0.20354341,0.9790659,1,-0.091901675,0.21500468,0.05509461,0.054330308,-0.2130237,0.059467167,0.055476446,0.021137858
trace_00037,logic_004,symbolic_logic,llama3.2:latest,medium,correct,logic_004__trial_02,2,2,3,"Apply this understanding to the first statement: since some rens are fads, it means that being a ren implies being a job.",Conclude: some rens are jobs.,0.13093159,0.9913915,4,-0.1198332,-0.044253577,0.07833034,-0.021942653,0.0674494,-0.07943418,0.059263054,0.051668838
trace_00038,logic_004,symbolic_logic,llama3.2:latest,medium,correct,logic_004__trial_03,3,0,1,We know that all fads are jobs.,"Since some rens are fads, then the subset of rens that are fads is a part of the set of all fads.",0.14503713,0.98942626,1,0.02074531,0.13770713,0.08018193,-0.013540753,-0.13621789,0.12545225,0.071933724,-0.08584598
trace_00038,logic_004,symbolic_logic,llama3.2:latest,medium,correct,logic_004__trial_03,3,1,2,"Since some rens are fads, then the subset of rens that are fads is a part of the set of all fads.","Because all fads are jobs, and the subset of rens that are fads is a part of the set of all fads, we can conclude that some rens are jobs.",0.17290145,0.98493916,2,0.00899429,-0.08769783,-0.06345862,0.0036638228,0.019837204,-0.013609427,-0.09342569,0.03810737
trace_00039,logic_004,symbolic_logic,llama3.2:latest,medium,correct,logic_004__trial_04,4,0,1,We know that if some rens are fads.,All fads are jops.,0.12414445,0.9922642,2,0.15300295,-0.19034238,-0.15537919,-0.12720297,0.26991004,0.019918151,-0.14643341,-0.053202648
trace_00039,logic_004,symbolic_logic,llama3.2:latest,medium,correct,logic_004__trial_04,4,1,2,All fads are jops.,"From steps 1 and 2, we can conclude that some rens are also jops.",0.16571495,0.98617375,4,-0.13268055,0.14836633,0.228185,0.01372419,-0.18696772,0.09262445,0.08048681,-0.08401174
trace_00040,logic_004,symbolic_logic,llama3.2:latest,medium,incorrect,logic_004__trial_05,5,0,1,We know that all fads are jumps.,We also know that some rens are fads.,0.09518907,0.9954592,1,-0.015997067,0.14556381,0.055976104,-0.047354955,-0.11622379,0.08182181,0.0727936,0.06322561
trace_00040,logic_004,symbolic_logic,llama3.2:latest,medium,incorrect,logic_004__trial_05,5,1,2,We also know that some rens are fads.,"From steps 1 and 2, we can infer that some rens are jumps.",0.20190097,0.97940594,4,-0.075084,-0.022092586,0.09389345,0.024416916,-0.009079282,0.06883848,-0.055051915,-0.13583529
trace_00041,temporal_001,temporal_ordering,llama3.2:latest,easy,incorrect,temporal_001__trial_01,1,0,1,Analyze the information given:,- Mina arrived before Joon.,0.39021978,0.9207217,1,0.3533781,0.37736234,-0.056240797,-0.15477301,-0.13484311,-0.15771306,-0.030605916,-0.05415721
trace_00041,temporal_001,temporal_ordering,llama3.2:latest,easy,incorrect,temporal_001__trial_01,1,1,2,- Mina arrived before Joon.,- Joon arrived after Sora.,0.08721893,0.9961892,4,0.01253453,0.03422013,0.24682687,0.09076723,0.5299665,-0.03397336,0.31948158,0.16100353
trace_00041,temporal_001,temporal_ordering,llama3.2:latest,easy,incorrect,temporal_001__trial_01,1,2,3,- Joon arrived after Sora.,Identify the relationships between individuals:,0.23395519,0.97224736,2,-0.33707407,-0.49729982,-0.12302506,0.10601711,-0.23769325,0.09515918,-0.12788889,0.14670873
trace_00041,temporal_001,temporal_ordering,llama3.2:latest,easy,incorrect,temporal_001__trial_01,1,3,4,Identify the relationships between individuals:,- Mina and Joon are in a specific order (Mina arrives before Joon).,0.17255522,0.9849998,1,0.36960766,0.38608077,-0.01789091,-0.15036987,-0.11479355,0.08266828,-0.0717832,-0.24797384
trace_00041,temporal_001,temporal_ordering,llama3.2:latest,easy,incorrect,temporal_001__trial_01,1,4,5,- Mina and Joon are in a specific order (Mina arrives before Joon).,- Joon and Sora are also in a specific order (Joon arrives after Sora).,0.10727069,0.99422985,4,0.055919163,0.02429872,0.25660628,0.100733764,0.5543297,0.01952642,0.31273207,0.13148189
trace_00041,temporal_001,temporal_ordering,llama3.2:latest,easy,incorrect,temporal_001__trial_01,1,5,6,- Joon and Sora are also in a specific order (Joon arrives after Sora).,Determine if there is any overlap or inconsistency between these orders.,0.22322328,0.9747674,2,-0.3219444,-0.45730573,-0.08481209,0.042075492,-0.25706875,0.09419608,-0.23491313,-0.054470446
trace_00041,temporal_001,temporal_ordering,llama3.2:latest,easy,incorrect,temporal_001__trial_01,1,6,7,Determine if there is any overlap or inconsistency between these orders.,"Conclusion: Since Mina arrived before Joon, and Joon arrived after Sora, it can be inferred that Mina and Sora must have both arrived at the same time, making them the first to arrive.",0.32422593,0.9459797,1,0.28531766,0.38040814,0.010943755,-0.061242305,0.052288134,-0.19457859,0.17424926,0.014087902
trace_00042,temporal_001,temporal_ordering,llama3.2:latest,easy,incorrect,temporal_001__trial_02,2,0,1,Identify who arrived first among Mina and Joon.,Compare that result with the arrival order of Joon and Sora.,0.2728216,0.9620646,4,0.13945831,0.082594976,0.1349618,0.117411904,0.4440874,0.25155744,0.15158665,-0.022000406
trace_00042,temporal_001,temporal_ordering,llama3.2:latest,easy,incorrect,temporal_001__trial_02,2,1,2,Compare that result with the arrival order of Joon and Sora.,Determine if there is a consistent relationship between these three individuals regarding their arrival times.,0.17910399,0.98383015,2,-0.33930972,-0.50523996,-0.010918904,0.009449162,-0.20535742,-0.070672646,0.017534489,0.10408188
trace_00043,temporal_001,temporal_ordering,llama3.2:latest,easy,correct,temporal_001__trial_03,3,0,1,Determine who arrived before Joon.,"Since Joon arrived after Sora, Sora must have arrived before Joon.",0.25766185,0.96623516,1,0.3440932,0.20918675,0.14502706,0.040786974,0.29788202,0.029071378,0.2660692,-0.0905719
trace_00043,temporal_001,temporal_ordering,llama3.2:latest,easy,correct,temporal_001__trial_03,3,1,2,"Since Joon arrived after Sora, Sora must have arrived before Joon.",Determine who arrived before Mina.,0.20194827,0.9793961,2,-0.28385806,-0.3070786,-0.17361273,0.0118617,-0.4233846,-0.01553442,-0.3480939,0.015822073
trace_00043,temporal_001,temporal_ordering,llama3.2:latest,easy,correct,temporal_001__trial_03,3,2,3,Determine who arrived before Mina.,"Since Mina arrived before Joon, and we know that Sora arrived before Joon, it is also true that Sora arrived before Mina.",0.26311964,0.96476316,1,0.3532122,0.33282423,0.14185824,-0.07829335,0.23300995,0.031276125,0.321193,-0.017044783
trace_00043,temporal_001,temporal_ordering,llama3.2:latest,easy,correct,temporal_001__trial_03,3,3,4,"Since Mina arrived before Joon, and we know that Sora arrived before Joon, it is also true that Sora arrived before Mina.",Conclusion: Sora arrived first.,0.15170614,0.9884256,0,-0.17640892,-0.22660549,0.092819504,0.14270602,0.31736076,-0.066494085,-0.0016313381,0.06607416
trace_00044,temporal_001,temporal_ordering,llama3.2:latest,easy,incorrect,temporal_001__trial_04,4,0,1,Determine who arrived before or after whom.,Compare Mina's arrival time to Joon's arrival time (Mina arrived before Joon).,0.26897925,0.963146,1,0.33919647,0.25706932,-0.15761697,-0.081030756,-0.14558694,0.079157524,0.012674267,-0.092193365
trace_00044,temporal_001,temporal_ordering,llama3.2:latest,easy,incorrect,temporal_001__trial_04,4,1,2,Compare Mina's arrival time to Joon's arrival time (Mina arrived before Joon).,Compare Joon's arrival time to Sora's arrival time (Joon arrived after Sora).,0.10021316,0.994966,4,0.038826607,0.011369693,0.23405911,0.0695204,0.5601764,0.042106263,0.31229126,0.1503582
trace_00044,temporal_001,temporal_ordering,llama3.2:latest,easy,incorrect,temporal_001__trial_04,4,2,3,Compare Joon's arrival time to Sora's arrival time (Joon arrived after Sora).,"Since Mina arrived before Joon, and Joon arrived after Sora, we can conclude that Mina arrived before Sora.",0.26501524,0.96424425,1,-0.038171712,0.083517514,-0.00010181785,-0.049902122,-0.3575051,-0.11671636,-0.10016566,-0.1757226
trace_00044,temporal_001,temporal_ordering,llama3.2:latest,easy,incorrect,temporal_001__trial_04,4,3,4,"Since Mina arrived before Joon, and Joon arrived after Sora, we can conclude that Mina arrived before Sora.",Final answer: Mina,0.2712518,0.9625084,0,-0.21318828,-0.24109282,-0.22199981,0.1398682,-0.1484734,0.03250958,-0.37371525,0.02491231
trace_00045,temporal_001,temporal_ordering,llama3.2:latest,easy,incorrect,temporal_001__trial_05,5,0,1,Analyze statements:,- Mina arrived before Joon.,0.29909796,0.95422244,1,0.29998767,0.33580732,-0.08908513,-0.09920755,-0.08275512,-0.13750292,-0.09357032,-0.022846432
trace_00045,temporal_001,temporal_ordering,llama3.2:latest,easy,incorrect,temporal_001__trial_05,5,1,2,- Mina arrived before Joon.,- Joon arrived after Sora.,0.08721893,0.9961892,4,0.01253453,0.03422013,0.24682687,0.09076723,0.5299665,-0.03397336,0.31948158,0.16100353
trace_00045,temporal_001,temporal_ordering,llama3.2:latest,easy,incorrect,temporal_001__trial_05,5,2,3,- Joon arrived after Sora.,Determine relative time order:,0.35232008,0.9358796,2,-0.22089903,-0.4820345,-0.103392094,-0.10394965,-0.24218234,0.24318887,-0.26670384,-0.02639236
trace_00045,temporal_001,temporal_ordering,llama3.2:latest,easy,incorrect,temporal_001__trial_05,5,3,4,Determine relative time order:,"- Since Mina arrived before Joon, the timeline so far is: Mina -> Joon",0.2617287,0.9651414,1,0.20647447,0.41917193,-0.079973735,0.05317613,-0.16788946,-0.18674482,0.0570326,-0.07720029
trace_00045,temporal_001,temporal_ordering,llama3.2:latest,easy,incorrect,temporal_001__trial_05,5,4,5,"- Since Mina arrived before Joon, the timeline so far is: Mina -> Joon",- Joon arriving after Sora adds to the timeline: Mina -> Joon -> Sora,0.1502995,0.9886405,4,0.18414645,0.062414188,0.15034781,0.10401589,0.434144,-0.0059496993,0.40991417,0.117102325
trace_00045,temporal_001,temporal_ordering,llama3.2:latest,easy,incorrect,temporal_001__trial_05,5,5,6,- Joon arriving after Sora adds to the timeline: Mina -> Joon -> Sora,Identify who arrived first:,0.15884694,0.9873033,2,-0.2967936,-0.37875307,0.03083233,0.08686107,-0.05966638,-0.07635083,-0.24514675,0.10663557
trace_00045,temporal_001,temporal_ordering,llama3.2:latest,easy,incorrect,temporal_001__trial_05,5,6,7,Identify who arrived first:,"- From the timeline, it's clear that Sora arrived first, as there are no preceding events.",0.18122818,0.98344105,1,0.29610664,0.30085772,0.09644357,-0.08931099,0.21800378,0.098724544,0.27615827,-0.16943294
trace_00046,temporal_002,temporal_ordering,llama3.2:latest,easy,incorrect,temporal_002__trial_01,1,0,1,"Identify all events: A, B, C",Determine order of events:,0.19342005,0.98111606,3,-0.036571275,-0.0680542,-0.15412949,-0.06710827,0.033347577,0.20919454,-0.15950432,-0.021905337
trace_00046,temporal_002,temporal_ordering,llama3.2:latest,easy,incorrect,temporal_002__trial_01,1,1,2,Determine order of events:,- A happens first (given),0.27226546,0.96222216,1,0.08006712,0.23608674,0.14100298,-0.042402796,-0.0071636476,-0.09081485,0.06749969,-0.0026299662
trace_00046,temporal_002,temporal_ordering,llama3.2:latest,easy,incorrect,temporal_002__trial_01,1,2,3,- A happens first (given),- B happens after A,0.18116398,0.9834529,1,0.15035646,0.12028924,0.024890698,0.04599933,0.015008701,0.0047295876,-0.08199159,0.1050631
trace_00046,temporal_002,temporal_ordering,llama3.2:latest,easy,incorrect,temporal_002__trial_01,1,3,4,- B happens after A,- C happens after B,0.23717642,0.9714666,2,0.05506934,-0.063266665,0.16942337,-0.10608874,-0.18870838,-0.09610957,0.120671615,-0.18878798
trace_00046,temporal_002,temporal_ordering,llama3.2:latest,easy,incorrect,temporal_002__trial_01,1,4,5,- C happens after B,Analyze the sequence:,0.26842827,0.96329963,3,-0.25455615,-0.24656563,-0.23812017,0.10866502,-0.10610528,0.1105582,0.038796503,0.12887514
trace_00046,temporal_002,temporal_ordering,llama3.2:latest,easy,incorrect,temporal_002__trial_01,1,5,6,Analyze the sequence:,- B happens after A,0.21766694,0.9760231,1,0.23458332,0.21573558,0.14468332,-0.076845214,0.15118459,-0.058451112,-0.097519554,-0.037749007
trace_00046,temporal_002,temporal_ordering,llama3.2:latest,easy,incorrect,temporal_002__trial_01,1,6,7,- B happens after A,- C happens after B,0.23717642,0.9714666,2,0.05506934,-0.063266665,0.16942337,-0.10608874,-0.18870838,-0.09610957,0.120671615,-0.18878798
trace_00046,temporal_002,temporal_ordering,llama3.2:latest,easy,incorrect,temporal_002__trial_01,1,7,8,- C happens after B,"Conclusion: Since C happens last because it is dependent on Event B, which in turn depends on Event A.",0.30425632,0.9525903,0,-0.05796607,-0.18060319,-0.05354792,0.023746341,0.06289385,-0.050590374,0.009117773,-0.07707757
trace_00047,temporal_002,temporal_ordering,llama3.2:latest,easy,correct,temporal_002__trial_02,2,0,1,"If Event A happened before Event B, then Event A must have occurred first.","If Event B happened before Event C, then Event C must have occurred after Event B.",0.109474726,0.9939896,1,0.1036199,0.10759763,0.06495611,0.006437444,-0.068530746,-0.08679054,0.12675093,-0.117390916
trace_00047,temporal_002,temporal_ordering,llama3.2:latest,easy,correct,temporal_002__trial_02,2,1,2,"If Event B happened before Event C, then Event C must have occurred after Event B.","Combining steps 1 and 2, we conclude that Event C is the event that happened last.",0.30618697,0.9519714,0,-0.11605774,-0.07229004,0.06852252,0.043482423,-0.0075140153,-0.027003737,-0.14338866,0.0044343993
trace_00048,temporal_002,temporal_ordering,llama3.2:latest,easy,correct,temporal_002__trial_03,3,0,1,"Determine the sequence of events given that A happens before B, and B happens before C.","Since B is in the middle, it cannot be the first or last event.",0.16829012,0.9857375,0,0.14761434,0.16822502,-0.11442837,0.0065254457,0.14779703,-0.05597313,-0.23633195,-0.110771894
trace_00048,temporal_002,temporal_ordering,llama3.2:latest,easy,correct,temporal_002__trial_03,3,1,2,"Since B is in the middle, it cannot be the first or last event.","Given A comes before B, and B comes before C, the correct order from earliest to latest is: A -> B -> C.",0.19450521,0.98090154,2,-0.015318588,-0.08198156,0.09099818,-0.05379824,-0.17784151,0.28462958,0.010485413,0.13900012
trace_00048,temporal_002,temporal_ordering,llama3.2:latest,easy,correct,temporal_002__trial_03,3,2,3,"Given A comes before B, and B comes before C, the correct order from earliest to latest is: A -> B -> C.",Identify Event C as the last event in the sequence.,0.24322611,0.9699696,0,-0.18922293,-0.1274454,-0.046485327,0.06482321,0.05933815,-0.25116456,0.13924375,-0.07316985
trace_00049,temporal_002,temporal_ordering,llama3.2:latest,easy,correct,temporal_002__trial_04,4,0,1,"Identify the events: Event A, Event B, and Event C",Determine the order of events based on given information:,0.14385062,0.98959947,2,0.041517183,-0.15695296,-0.11344017,-0.071928,0.09346317,0.23415448,-0.14588074,-0.04946806
trace_00049,temporal_002,temporal_ordering,llama3.2:latest,easy,correct,temporal_002__trial_04,4,1,2,Determine the order of events based on given information:,- Event A happens before Event B (A -> B),0.2194317,0.9756279,1,0.122488424,0.33005714,0.07514553,-0.08203942,-0.022685695,-0.2079988,0.124941304,-0.012529829
trace_00049,temporal_002,temporal_ordering,llama3.2:latest,easy,correct,temporal_002__trial_04,4,2,3,- Event A happens before Event B (A -> B),- Event B happens before Event C (B -> C),0.09776666,0.99520934,1,0.16366081,0.08940418,0.1662072,-0.00030526283,-0.1161357,-0.108284034,0.07543588,-0.09776555
trace_00049,temporal_002,temporal_ordering,llama3.2:latest,easy,correct,temporal_002__trial_04,4,3,4,- Event B happens before Event C (B -> C),Use transitive property to determine overall order:,0.36434403,0.93126434,2,-0.15032935,-0.33744553,-0.09640123,0.0032616172,0.0015039004,0.29726747,-0.10335395,0.05941753
trace_00049,temporal_002,temporal_ordering,llama3.2:latest,easy,correct,temporal_002__trial_04,4,4,5,Use transitive property to determine overall order:,"- Since B is between A and C in the sequence, C must be after C has occurred.",0.22893329,0.9734421,1,0.09361816,0.18363965,0.09443081,0.044000402,-0.1139577,-0.15024738,0.108617894,-0.0768413
trace_00049,temporal_002,temporal_ordering,llama3.2:latest,easy,correct,temporal_002__trial_04,4,5,6,"- Since B is between A and C in the sequence, C must be after C has occurred.",Conclusion: Event C happened last,0.13975962,0.9901855,0,0.04158277,0.07422175,-0.016159728,0.025002118,0.16878693,-0.19984113,-0.1658363,-0.03391647
trace_00050,temporal_002,temporal_ordering,llama3.2:latest,easy,correct,temporal_002__trial_05,5,0,1,Identify that Event A happened before Event B.,Determine that Event B also happened before Event C.,0.20926648,0.9778587,2,0.11779221,-0.0052162046,0.17842041,-0.09097037,-0.091511525,0.010147203,0.05960923,-0.169772
trace_00050,temporal_002,temporal_ordering,llama3.2:latest,easy,correct,temporal_002__trial_05,5,1,2,Determine that Event B also happened before Event C.,Combine the information to conclude that Event C is the last event among the three.,0.2446852,0.9696026,0,-0.024560511,-0.027644329,0.041844,0.11704855,-0.02010236,0.15160586,-0.09347836,-0.1396924
trace_00051,temporal_003,temporal_ordering,llama3.2:latest,medium,correct,temporal_003__trial_01,1,0,1,Identify the relationship between Event D and Event B.,"Since Event D happens before Event B, it is one of the earliest events.",0.18601224,0.9825475,1,0.3558131,0.24648975,0.05157756,-0.017910363,-0.05954202,0.044911895,-0.19047914,-0.16063467
trace_00051,temporal_003,temporal_ordering,llama3.2:latest,medium,correct,temporal_003__trial_01,1,1,2,"Since Event D happens before Event B, it is one of the earliest events.",Determine if Event A or Event C happen first by comparing their relationships with Event B.,0.12827973,0.99173796,4,-0.27399397,-0.26650146,0.043566834,-0.018434053,-0.067196436,0.014170152,0.2365202,0.11556855
trace_00051,temporal_003,temporal_ordering,llama3.2:latest,medium,correct,temporal_003__trial_01,1,2,3,Determine if Event A or Event C happen first by comparing their relationships with Event B.,"Since Event A happens after Event B but before Event C, it is later than Event B but earlier than Event C.",0.110423215,0.9938847,1,0.38467142,0.35919574,-0.05630543,-0.03614172,0.09188171,0.03604383,-0.13008995,-0.17763723
trace_00051,temporal_003,temporal_ordering,llama3.2:latest,medium,correct,temporal_003__trial_01,1,3,4,"Since Event A happens after Event B but before Event C, it is later than Event B but earlier than Event C.","Given that Event A happens between Events B and C, it must be the event immediately before Event C.",0.25581628,0.96672547,2,-0.13300437,-0.2919084,0.052321434,0.062271878,-0.08540317,-0.07518407,0.10194754,-0.029990511
trace_00051,temporal_003,temporal_ordering,llama3.2:latest,medium,correct,temporal_003__trial_01,1,4,5,"Given that Event A happens between Events B and C, it must be the event immediately before Event C.","Conclude the order of events from earliest to latest: Event D, Event B, Event A, Event C.",0.2655585,0.9640948,2,-0.106880225,-0.16545402,-0.10497159,-0.028683199,-0.03707126,0.23437564,-0.20809609,0.1062159
trace_00052,temporal_003,temporal_ordering,llama3.2:latest,medium,incorrect,temporal_003__trial_02,2,0,1,Determine the relationship between Event D and Event B,"Since Event D happens before Event B, it also happens before Event A",0.21873493,0.9757843,1,0.3201871,0.35203782,0.09830024,-0.04643129,-0.004949318,-0.0009787017,-0.09870417,-0.2527668
trace_00052,temporal_003,temporal_ordering,llama3.2:latest,medium,incorrect,temporal_003__trial_02,2,1,2,"Since Event D happens before Event B, it also happens before Event A","Establish the order of all three: Event D, Event B, Event A",0.28446501,0.9586864,2,-0.08912181,-0.27606767,-0.044766467,0.035239697,-0.1349316,0.22479492,-0.0604193,0.08512792
trace_00052,temporal_003,temporal_ordering,llama3.2:latest,medium,incorrect,temporal_003__trial_02,2,2,3,"Establish the order of all three: Event D, Event B, Event A","Given that Event A occurs before Event C, add this information to establish the complete order: Event D, Event B, Event A, Event C",0.22571018,0.97419447,1,-0.021850804,0.044608254,0.02284688,0.016333519,-0.0011823727,-0.09129191,0.13477044,-0.086939484
trace_00053,temporal_003,temporal_ordering,llama3.2:latest,medium,incorrect,temporal_003__trial_03,3,0,1,Determine the relationship between Event D and Event B.,Establish the position of Event B in the timeline based on its relationships with Events A and D.,0.1707842,0.9853084,2,0.16196468,0.02025832,0.067019016,-0.12868509,-0.18195902,0.046327386,-0.0009424194,-0.07782882
trace_00053,temporal_003,temporal_ordering,llama3.2:latest,medium,incorrect,temporal_003__trial_03,3,1,2,Establish the position of Event B in the timeline based on its relationships with Events A and D.,"Identify the correct order of Events A, B, C based on their temporal sequence.",0.1545562,0.987984,2,0.047403857,-0.14262426,0.038746867,0.06516003,-0.021253956,0.1421576,-0.052922588,-0.018083826
trace_00053,temporal_003,temporal_ordering,llama3.2:latest,medium,incorrect,temporal_003__trial_03,3,2,3,"Identify the correct order of Events A, B, C based on their temporal sequence.",Place Event D at an earlier time than Event B.,0.19830154,0.9801411,1,0.0901679,0.22114748,-0.11088818,-0.10439882,0.098154314,-0.13388279,-0.011281498,-0.024503132
trace_00054,temporal_003,temporal_ordering,llama3.2:latest,medium,correct,temporal_003__trial_04,4,0,1,"Since Event D happened before Event B, and Event B happened before Event A, then Event D happened before Event A.","Given that Event A occurred before Event C, we can conclude that Event D, which occurs before Event A, also occurs before Event C.",0.14831424,0.9889403,2,-0.06868078,-0.21550553,0.1396369,-0.03799591,-0.10486667,-0.042048443,0.17541778,-0.075451806
trace_00054,temporal_003,temporal_ordering,llama3.2:latest,medium,correct,temporal_003__trial_04,4,1,2,"Given that Event A occurred before Event C, we can conclude that Event D, which occurs before Event A, also occurs before Event C.","Therefore, the order from earliest to latest is: Event D, Event B, Event A, Event C.",0.2678215,0.9634686,2,0.1078677,-0.072365716,-0.18678409,0.0762792,-0.017448885,0.2708838,-0.27472016,0.1122075
trace_00055,temporal_003,temporal_ordering,llama3.2:latest,medium,correct,temporal_003__trial_05,5,0,1,Identify Event D as the earliest event.,"Since Event D happens before Event B, and Event A happens after Event B, Event D must happen before both Event B and Event A.",0.14324214,0.9896877,1,0.07778653,0.2336752,0.062852904,-0.049543057,0.035182163,0.06332517,0.16856058,-0.16524848
trace_00055,temporal_003,temporal_ordering,llama3.2:latest,medium,correct,temporal_003__trial_05,5,1,2,"Since Event D happens before Event B, and Event A happens after Event B, Event D must happen before both Event B and Event A.",Place Event B in between Event D and Event A in the sequence.,0.13664943,0.9906194,4,-0.19116017,-0.19199382,-0.095420234,-0.057970542,-0.11375053,-0.013339099,0.12807344,0.23451173
trace_00055,temporal_003,temporal_ordering,llama3.2:latest,medium,correct,temporal_003__trial_05,5,2,3,Place Event B in between Event D and Event A in the sequence.,"Since Event A happens after Event B, Event C must happen after Event A.",0.11450605,0.9934226,1,0.19715406,0.08588205,0.15957895,0.06123577,0.063995294,-0.041561484,-0.022100583,-0.17495969
trace_00055,temporal_003,temporal_ordering,llama3.2:latest,medium,correct,temporal_003__trial_05,5,3,4,"Since Event A happens after Event B, Event C must happen after Event A.","Therefore, the correct order is: Event D, Event B, Event A, Event C",0.29763213,0.95468056,3,-0.0957972,-0.102841616,-0.17028774,0.008948962,-0.05357514,0.2538996,-0.25777215,0.121943265
trace_00056,temporal_004,temporal_ordering,llama3.2:latest,medium,incorrect,temporal_004__trial_01,1,0,1,Phone call,Breakfast,0.16917774,0.9855856,2,0.32748935,-0.44264635,0.09129999,-0.27009466,0.11596518,-0.016646326,-0.3308954,-0.058634058
trace_00056,temporal_004,temporal_ordering,llama3.2:latest,medium,incorrect,temporal_004__trial_01,1,1,2,Breakfast,Meeting,0.16215903,0.9867647,1,-0.3540904,0.2964966,0.0021120347,0.3288811,-0.25596485,0.17004794,0.29909894,-0.00983235
trace_00057,temporal_004,temporal_ordering,llama3.2:latest,medium,incorrect,temporal_004__trial_02,2,0,1,Phone call happened.,Breakfast occurred.,0.19879283,0.98004144,2,0.33974975,-0.45895958,0.13418326,-0.2702676,0.10489962,-0.04149178,-0.25167623,-0.1189277
trace_00057,temporal_004,temporal_ordering,llama3.2:latest,medium,incorrect,temporal_004__trial_02,2,1,2,Breakfast occurred.,Meeting started.,0.13267131,0.99116004,1,-0.24252737,0.32679522,-0.018284813,0.3146763,-0.28582165,0.18996586,0.28278497,0.015775695
trace_00058,temporal_004,temporal_ordering,llama3.2:latest,medium,incorrect,temporal_004__trial_03,3,0,1,Phone call occurred.,Breakfast was eaten.,0.2444955,0.9696504,2,0.31168142,-0.44586378,0.086564645,-0.36976036,0.08920027,-0.10373133,-0.24787082,-0.065415196
trace_00058,temporal_004,temporal_ordering,llama3.2:latest,medium,incorrect,temporal_004__trial_03,3,1,2,Breakfast was eaten.,Meeting took place.,0.22742455,0.97379565,1,-0.2760852,0.37069324,0.0043567657,0.31743377,-0.24369033,0.20113835,0.28883997,0.02037378
trace_00059,temporal_004,temporal_ordering,llama3.2:latest,medium,incorrect,temporal_004__trial_04,4,0,1,Phone call happened.,Breakfast occurred.,0.19879283,0.98004144,2,0.33974975,-0.45895958,0.13418326,-0.2702676,0.10489962,-0.04149178,-0.25167623,-0.1189277
trace_00059,temporal_004,temporal_ordering,llama3.2:latest,medium,incorrect,temporal_004__trial_04,4,1,2,Breakfast occurred.,Meeting started.,0.13267131,0.99116004,1,-0.24252737,0.32679522,-0.018284813,0.3146763,-0.28582165,0.18996586,0.28278497,0.015775695
trace_00060,temporal_004,temporal_ordering,llama3.2:latest,medium,incorrect,temporal_004__trial_05,5,0,1,Phone call,Breakfast,0.16917777,0.98558563,2,0.32748932,-0.44264656,0.09129996,-0.27009466,0.11596514,-0.016646406,-0.33089533,-0.05863399
trace_00060,temporal_004,temporal_ordering,llama3.2:latest,medium,incorrect,temporal_004__trial_05,5,1,2,Breakfast,Meeting,0.16215903,0.98676467,1,-0.3540904,0.29649672,0.0021119935,0.3288811,-0.25596488,0.170048,0.29909894,-0.009832473
trace_00061,causal_001,causal_micro_world,llama3.2:latest,easy,incorrect,causal_001__trial_01,1,0,1,"This month, if rainfall drops, then plant growth will fall.","Since plant growth falls, the rabbit population will later fall.",0.2719615,0.96230817,0,-0.15489279,-0.013838223,0.031872094,0.023805916,0.20918533,-0.5334344,-0.00911724,0.18466426
trace_00061,causal_001,causal_micro_world,llama3.2:latest,easy,incorrect,causal_001__trial_01,1,1,2,"Since plant growth falls, the rabbit population will later fall.","In the next month, since the rabbit population is lower than usual, it is more likely that plant growth will also be lower than usual.",0.12907739,0.99163455,2,0.18849085,-0.06566081,-0.053725615,0.092647545,-0.1110477,0.31528407,0.029435918,-0.043846704
trace_00061,causal_001,causal_micro_world,llama3.2:latest,easy,incorrect,causal_001__trial_01,1,2,3,"In the next month, since the rabbit population is lower than usual, it is more likely that plant growth will also be lower than usual.","If plant growth is lower than usual in the next month, then rainfall must have continued to drop, leading to another decrease in plant growth.",0.3060063,0.95202947,4,-0.01997108,0.0024732952,0.0434953,-0.2055068,-0.1649089,0.4426454,0.023183651,-0.16296287
trace_00062,causal_001,causal_micro_world,llama3.2:latest,easy,correct,causal_001__trial_02,2,0,1,"This month, if rainfall drops, plant growth will fall.","Since plant growth has fallen, the rabbit population will also fall in subsequent months (due to lower food availability).",0.35540843,0.93471104,0,-0.09962916,-0.047524884,0.05546705,-0.032645375,0.18275449,-0.47474772,-0.04733688,0.10095423
trace_00062,causal_001,causal_micro_world,llama3.2:latest,easy,correct,causal_001__trial_02,2,1,2,"Since plant growth has fallen, the rabbit population will also fall in subsequent months (due to lower food availability).","In the next few months, as a result of low rabbit population, there may be fewer rabbits reproducing and dying off.",0.23366843,0.9723164,0,-0.13744311,0.09646955,-0.035885617,0.27260074,0.041856468,0.028742794,0.031288445,-0.02223989
trace_00062,causal_001,causal_micro_world,llama3.2:latest,easy,correct,causal_001__trial_02,2,2,3,"In the next few months, as a result of low rabbit population, there may be fewer rabbits reproducing and dying off.","Over time, the rabbit population is likely to decrease significantly.",0.17266175,0.9849812,4,-0.09094862,-0.16154818,-0.018620579,-0.10097435,0.04291693,-0.109289594,0.053129308,0.24230382
trace_00063,causal_001,causal_micro_world,llama3.2:latest,easy,uncertain,causal_001__trial_03,3,0,1,Rainfall for the current month is low.,Plant growth in this month is expected to be lower than average due to low rainfall.,0.2690811,0.9631175,1,0.07898995,0.028884398,-0.08077496,0.012747206,-0.06807855,-0.07611122,0.020712685,0.097771384
trace_00063,causal_001,causal_micro_world,llama3.2:latest,easy,uncertain,causal_001__trial_03,3,1,2,Plant growth in this month is expected to be lower than average due to low rainfall.,"As a result of reduced plant growth, rabbit population in this month is also expected to decrease compared to previous months.",0.3520861,0.93596756,0,-0.119351774,0.06670368,0.09307808,0.06099686,0.16337985,-0.47162458,-0.02778664,0.14690168
trace_00063,causal_001,causal_micro_world,llama3.2:latest,easy,uncertain,causal_001__trial_03,3,2,3,"As a result of reduced plant growth, rabbit population in this month is also expected to decrease compared to previous months.",The decrease in plant growth and subsequent reduction in rabbit population will likely lead to a higher mortality rate among rabbits due to food scarcity.,0.057144627,0.99836594,0,-0.02056155,-0.1518733,-0.03673935,0.020708537,0.116073415,-0.1728088,0.10326534,0.10261116
trace_00063,causal_001,causal_micro_world,llama3.2:latest,easy,uncertain,causal_001__trial_03,3,3,4,The decrease in plant growth and subsequent reduction in rabbit population will likely lead to a higher mortality rate among rabbits due to food scarcity.,"Consequently, the rabbit population for next month is expected to be lower than it was in the previous month.",0.19132568,0.9815266,1,0.04968332,0.061380778,-0.017805655,0.08097055,-0.07988058,0.16981128,-0.07891808,-0.14062764
trace_00063,causal_001,causal_micro_world,llama3.2:latest,easy,uncertain,causal_001__trial_03,3,4,5,"Consequently, the rabbit population for next month is expected to be lower than it was in the previous month.","The decrease in rabbit population over time may also affect other predators or competitors of rabbits, leading to further changes in ecosystem dynamics.",0.21083733,0.9775212,0,-0.115321495,-0.08163766,-0.021601232,-0.03515172,0.0048884246,-0.1457239,0.118975356,0.23144567
trace_00063,causal_001,causal_micro_world,llama3.2:latest,easy,uncertain,causal_001__trial_03,3,5,6,"The decrease in rabbit population over time may also affect other predators or competitors of rabbits, leading to further changes in ecosystem dynamics.","However, without more information on the specifics of this ecosystem and how each component interacts with others, predicting the exact outcome for subsequent months is uncertain.",0.34792402,0.93752277,2,-0.002180253,-0.1093411,0.02821852,0.02029911,-0.10199746,0.29517382,-0.12149306,-0.13780195
trace_00064,causal_001,causal_micro_world,llama3.2:latest,easy,incorrect,causal_001__trial_04,4,0,1,"If rainfall drops this month, then plant growth will fall.","Since plant growth fell, the rabbit population will later decrease.",0.32270733,0.9464988,0,-0.18625847,0.030849325,0.029622026,0.026067078,0.20951189,-0.5126245,-0.025432637,0.20884353
trace_00064,causal_001,causal_micro_world,llama3.2:latest,easy,incorrect,causal_001__trial_04,4,1,2,"Since plant growth fell, the rabbit population will later decrease.","With a decreasing rabbit population, predation on other prey species may increase.",0.14218214,0.98984057,2,0.038385525,-0.21312761,-0.090881616,0.17669147,-0.03247367,0.15632012,0.19016147,0.12637624
trace_00065,causal_001,causal_micro_world,llama3.2:latest,easy,incorrect,causal_001__trial_05,5,0,1,Rainfall drops this month.,Plant growth falls this month.,0.20683181,0.9783765,0,0.034485787,-0.026190571,-0.06477993,0.03224937,-0.099473946,-0.21452907,-0.08442656,0.10182579
trace_00065,causal_001,causal_micro_world,llama3.2:latest,easy,incorrect,causal_001__trial_05,5,1,2,Plant growth falls this month.,Rabbit population later falls this month.,0.23813868,0.97123116,0,-0.12303186,-0.0025488462,0.023952603,0.09245577,0.20982172,-0.33339155,0.013754347,0.046623033
trace_00066,causal_002,causal_micro_world,llama3.2:latest,easy,correct,causal_002__trial_01,1,0,1,Given that the alarm triggers only when both the sensor fails and the backup stays off.,"Since the sensor has already failed, it cannot be in the ""on"" state required for the alarm to not trigger.",0.12945585,0.9915852,3,-0.037812427,-0.22494662,-0.24347086,0.068447426,0.08012309,-0.07745623,0.050119244,-0.2405415
trace_00066,causal_002,causal_micro_world,llama3.2:latest,easy,correct,causal_002__trial_01,1,1,2,"Since the sensor has already failed, it cannot be in the ""on"" state required for the alarm to not trigger.",The failure of the sensor alone is sufficient to meet one condition of triggering the alarm.,0.12436513,0.99223655,0,-0.21753147,-0.0727394,0.18764168,0.086463675,0.053370263,0.0633117,-0.08335409,-0.10382052
trace_00066,causal_002,causal_micro_world,llama3.2:latest,easy,correct,causal_002__trial_01,1,2,3,The failure of the sensor alone is sufficient to meet one condition of triggering the alarm.,"However, since the backup stayed on instead of staying off, it meets a different part of the condition (the other part being the backup staying off).",0.17967333,0.98372626,1,0.11736846,0.31998724,0.055698585,-0.18212798,-0.104378745,0.017814813,-0.07961778,0.2609113
trace_00066,causal_002,causal_micro_world,llama3.2:latest,easy,correct,causal_002__trial_01,1,3,4,"However, since the backup stayed on instead of staying off, it meets a different part of the condition (the other part being the backup staying off).","Since both conditions must be met simultaneously for the alarm to trigger, and they are not directly contradictory in this scenario, we need to further analyze if meeting one condition negates or fulfills the other.",0.35069355,0.93649024,2,0.033851825,-0.49488783,-0.09685506,0.04365688,-0.017566008,0.06738536,0.2107323,-0.15245011
trace_00066,causal_002,causal_micro_world,llama3.2:latest,easy,correct,causal_002__trial_01,1,4,5,"Since both conditions must be met simultaneously for the alarm to trigger, and they are not directly contradictory in this scenario, we need to further analyze if meeting one condition negates or fulfills the other.","In this case, since the sensor failed, it inherently means the alarm's ""sensor failed"" part of its condition is fulfilled.",0.33283675,0.9429845,0,-0.23320481,0.3387098,-0.054178894,0.19138467,0.1745269,-0.08987984,-0.35789064,-0.10136137
trace_00066,causal_002,causal_micro_world,llama3.2:latest,easy,correct,causal_002__trial_01,1,5,6,"In this case, since the sensor failed, it inherently means the alarm's ""sensor failed"" part of its condition is fulfilled.",The backup staying on does fulfill a necessary condition for the alarm not to trigger (the backup not staying off).,0.10759421,0.99419487,2,0.42507046,-0.090157226,0.08029059,-0.24501556,-0.23011367,-0.013777696,0.20523761,0.33829507
trace_00066,causal_002,causal_micro_world,llama3.2:latest,easy,correct,causal_002__trial_01,1,6,7,The backup staying on does fulfill a necessary condition for the alarm not to trigger (the backup not staying off).,"However, given that one part of the condition (the backup staying off) is not met and another part is met (the sensor failing), we can conclude it does not meet both conditions simultaneously.",0.14561339,0.9893416,0,-0.52531254,0.16158237,0.093019985,0.014450892,0.10144259,0.13731375,-0.20249374,-0.356728
trace_00066,causal_002,causal_micro_world,llama3.2:latest,easy,correct,causal_002__trial_01,1,7,8,"However, given that one part of the condition (the backup staying off) is not met and another part is met (the sensor failing), we can conclude it does not meet both conditions simultaneously.","Therefore, since both conditions are necessary but not met simultaneously, the alarm will not trigger under these circumstances.",0.23077533,0.9730071,2,0.37498608,-0.34504673,-0.14026842,0.040660072,-0.04903033,-0.038312256,0.2544219,0.063759066
trace_00067,causal_002,causal_micro_world,llama3.2:latest,easy,incorrect,causal_002__trial_02,2,0,1,Identify the conditions under which the alarm triggers.,Determine that one of the conditions (the sensor failing) has been met.,0.2163031,0.9763263,0,-0.5168848,0.24707705,0.007298525,-3.1542182e-05,0.1096698,0.020079413,-0.31132206,-0.37168986
trace_00067,causal_002,causal_micro_world,llama3.2:latest,easy,incorrect,causal_002__trial_02,2,1,2,Determine that one of the conditions (the sensor failing) has been met.,Check what happens when a condition is met and others are not.,0.23153634,0.9728263,1,0.23165795,-0.03376175,0.016845878,-0.008321268,-0.123267636,0.08150804,0.26054838,0.1402099
trace_00067,causal_002,causal_micro_world,llama3.2:latest,easy,incorrect,causal_002__trial_02,2,2,3,Check what happens when a condition is met and others are not.,"Realize that only both conditions must be true for the alarm to trigger, but since the backup stayed on, at least one other condition (in this case, the backup staying on) is also met.",0.37245092,0.9280518,1,0.46380517,-0.009478981,0.061486255,-0.17670384,-0.07210515,-0.15343633,-0.0056855376,0.2904661
trace_00067,causal_002,causal_micro_world,llama3.2:latest,easy,incorrect,causal_002__trial_02,2,3,4,"Realize that only both conditions must be true for the alarm to trigger, but since the backup stayed on, at least one other condition (in this case, the backup staying on) is also met.","Conclude that because more than one condition has been met, there is no need to check further.",0.41529417,0.90968716,0,-0.41670525,0.017270356,-0.051435158,0.11604049,0.030857388,0.1596211,-0.024713714,-0.38015932
trace_00067,causal_002,causal_micro_world,llama3.2:latest,easy,incorrect,causal_002__trial_02,2,4,5,"Conclude that because more than one condition has been met, there is no need to check further.",Final answer: No,0.2791914,0.9602355,0,0.1451236,0.07941955,-0.148334,0.012340672,0.045322865,-0.19550128,-0.08304001,0.24194472
trace_00068,causal_002,causal_micro_world,llama3.2:latest,easy,correct,causal_002__trial_03,3,0,1,Determine the conditions required to trigger the alarm (both the sensor failing and the backup being off).,Assess whether the condition of the sensor has been met (it has failed).,0.26194698,0.9650822,0,-0.50497496,0.13479023,-0.09846223,0.09677016,0.12740055,-0.036117617,-0.1838985,-0.4006023
trace_00068,causal_002,causal_micro_world,llama3.2:latest,easy,correct,causal_002__trial_03,3,1,2,Assess whether the condition of the sensor has been met (it has failed).,Compare the current state of the backup system with the required condition for the alarm to trigger.,0.18356203,0.9830081,2,0.5729523,-0.1354488,0.09387923,-0.1638319,-0.20243616,0.06243694,0.22834644,0.44208905
trace_00068,causal_002,causal_micro_world,llama3.2:latest,easy,correct,causal_002__trial_03,3,2,3,Compare the current state of the backup system with the required condition for the alarm to trigger.,"Since the backup stayed on, it does not meet the requirement that the backup must be off for the alarm to trigger.",0.2324044,0.9726192,1,0.22949214,0.24524134,-0.102469936,-0.043987263,0.026934233,-0.23559088,-0.08427446,0.055765353
trace_00068,causal_002,causal_micro_world,llama3.2:latest,easy,correct,causal_002__trial_03,3,3,4,"Since the backup stayed on, it does not meet the requirement that the backup must be off for the alarm to trigger.",Conclusion: The alarm will not trigger because one condition is met (the sensor failed) and the other condition (backup being off) is not met.,0.17078944,0.9853075,0,-0.36475497,-0.11996034,-0.00045996637,0.15367985,0.10901053,0.10752207,-0.06532244,-0.35788733
trace_00069,causal_002,causal_micro_world,llama3.2:latest,easy,correct,causal_002__trial_04,4,0,1,"Given conditions: Sensor failed, Backup is off.",Alarm condition for activation: Both sensor failed AND backup is off.,0.19748634,0.9803056,2,0.27018955,-0.3212765,-0.14535476,0.092489436,-0.005123398,0.028273778,0.20981252,0.05868388
trace_00069,causal_002,causal_micro_world,llama3.2:latest,easy,correct,causal_002__trial_04,4,1,2,Alarm condition for activation: Both sensor failed AND backup is off.,"Since backup is not off, only one condition remains to be met (sensor failed).",0.13324142,0.9910837,4,-0.26060164,0.2537599,0.2684102,-0.06573916,0.039849177,0.11666293,-0.20078208,-0.12655893
trace_00069,causal_002,causal_micro_world,llama3.2:latest,easy,correct,causal_002__trial_04,4,2,3,"Since backup is not off, only one condition remains to be met (sensor failed).",The sensor failed condition is met.,0.20880081,0.97795814,0,-0.2620012,-0.16320841,-0.21455112,0.21342102,0.1547421,-0.025396788,0.0036955262,-0.25796995
trace_00069,causal_002,causal_micro_world,llama3.2:latest,easy,correct,causal_002__trial_04,4,3,4,The sensor failed condition is met.,Conclusion: Alarm does trigger because the required condition of both failing is met.,0.25233138,0.9676409,2,0.48153773,-0.28633577,0.041407242,-0.05290253,-0.153021,-0.08000289,0.24257465,0.24792051
trace_00070,causal_002,causal_micro_world,llama3.2:latest,easy,correct,causal_002__trial_05,5,0,1,We know that the alarm will only trigger if both conditions are met (sensor failure AND backup is off).,"Since the backup stayed on after the sensor failed, one of the conditions (backup being off) is not met.",0.29603827,0.9551762,1,-0.1819973,0.42547953,-0.0631379,-0.09566038,0.03520748,-0.036082305,-0.29004335,-0.111153804
trace_00070,causal_002,causal_micro_world,llama3.2:latest,easy,correct,causal_002__trial_05,5,1,2,"Since the backup stayed on after the sensor failed, one of the conditions (backup being off) is not met.","Because this condition is not met, the alarm does NOT trigger.",0.19677551,0.9804486,2,0.2619224,-0.4266829,-0.10427216,0.13710675,-0.032258894,0.050094962,0.25428367,0.016781945
trace_00071,causal_003,causal_micro_world,llama3.2:latest,medium,incorrect,causal_003__trial_01,1,0,1,Overnight temperatures drop below freezing.,"As temperatures drop, more road ice forms.",0.32928282,0.94423133,0,-0.18158808,0.25325787,0.0035988037,0.45567793,-0.1756667,0.11000362,0.14711447,0.1964349
trace_00071,causal_003,causal_micro_world,llama3.2:latest,medium,incorrect,causal_003__trial_01,1,1,2,"As temperatures drop, more road ice forms.","With more road ice, vehicles are less likely to move on the roads without slowing down or stopping.",0.30704877,0.95169383,3,-0.0107224975,-0.118034154,-0.13373466,0.0033161147,0.07227427,-0.027431961,0.24837822,0.124444775
trace_00071,causal_003,causal_micro_world,llama3.2:latest,medium,incorrect,causal_003__trial_01,1,2,3,"With more road ice, vehicles are less likely to move on the roads without slowing down or stopping.","When vehicles slow down or stop, traffic congestion increases.",0.32177743,0.9468153,3,0.08790991,-0.08506683,-0.12795605,0.01422593,-0.061215673,-0.09409097,0.05387543,0.08651059
trace_00071,causal_003,causal_micro_world,llama3.2:latest,medium,incorrect,causal_003__trial_01,1,3,4,"When vehicles slow down or stop, traffic congestion increases.",Increased traffic congestion leads to longer travel times and higher traffic delays.,0.06958504,0.99757606,1,0.14500731,0.049215198,-0.13663359,0.061631914,-0.054850556,0.08391041,0.0025850297,-0.009672448
trace_00072,causal_003,causal_micro_world,llama3.2:latest,medium,correct,causal_003__trial_02,2,0,1,Overnight temperatures falling below freezing.,Road ice forms on the roads due to lower temperatures.,0.28454152,0.9586637,0,-0.14356099,0.14472248,-0.026184877,0.42271832,-0.20792605,0.1774223,0.17866005,0.24650177
trace_00072,causal_003,causal_micro_world,llama3.2:latest,medium,correct,causal_003__trial_02,2,1,2,Road ice forms on the roads due to lower temperatures.,Vehicle speed decreases as drivers slow down to navigate through icy conditions.,0.36647296,0.9304287,3,-0.076718904,-0.0943535,-0.110494256,-0.15315959,0.20478927,-0.0400354,0.07818537,0.097955436
trace_00072,causal_003,causal_micro_world,llama3.2:latest,medium,correct,causal_003__trial_02,2,2,3,Vehicle speed decreases as drivers slow down to navigate through icy conditions.,Traffic delay increases as slower speeds cause congestion and reduced travel times.,0.27021408,0.9628003,1,0.24580316,0.06764247,-0.10735949,0.05651519,-0.16785903,-0.0778174,0.11685721,-0.013012901
trace_00073,causal_003,causal_micro_world,llama3.2:latest,medium,correct,causal_003__trial_03,3,0,1,Overnight temperatures fall below freezing.,Road ice increases as a result of the cold temperature.,0.2880437,0.9576173,0,-0.09803139,0.16629371,-0.060304094,0.46530008,-0.20263045,0.13989927,0.19559118,0.25307375
trace_00073,causal_003,causal_micro_world,llama3.2:latest,medium,correct,causal_003__trial_03,3,1,2,Road ice increases as a result of the cold temperature.,Vehicle speed decreases due to road ice.,0.25021505,0.96819025,4,-0.1796855,-0.097480506,-0.03443316,-0.2550356,0.26753867,0.015853776,0.027536074,-0.03556769
trace_00073,causal_003,causal_micro_world,llama3.2:latest,medium,correct,causal_003__trial_03,3,2,3,Vehicle speed decreases due to road ice.,Traffic delay increases due to decreased vehicle speed on icy roads.,0.23639804,0.97165626,3,0.18184243,0.015871227,-0.19991587,0.23685502,-0.11959706,-0.016259227,0.11847963,0.14579616
trace_00074,causal_003,causal_micro_world,llama3.2:latest,medium,incorrect,causal_003__trial_04,4,0,1,Overnight temperatures fall below freezing.,Road ice forms as a result of the cold temperatures.,0.28033018,0.9599036,0,-0.15230805,0.16060579,-0.012793212,0.45204514,-0.20891088,0.11964797,0.14211093,0.2305905
trace_00074,causal_003,causal_micro_world,llama3.2:latest,medium,incorrect,causal_003__trial_04,4,1,2,Road ice forms as a result of the cold temperatures.,Road ice increases.,0.2804735,0.9598617,1,0.13445584,0.040031068,-0.23197423,0.14368115,0.09032013,-0.067808814,0.07355724,0.11328358
trace_00074,causal_003,causal_micro_world,llama3.2:latest,medium,incorrect,causal_003__trial_04,4,2,3,Road ice increases.,Vehicle speed decreases due to road ice.,0.2538853,0.9672343,4,-0.21339747,-0.13872987,0.095413424,-0.35483024,0.17093538,0.12580167,0.050423514,-0.08984004
trace_00074,causal_003,causal_micro_world,llama3.2:latest,medium,incorrect,causal_003__trial_04,4,3,4,Vehicle speed decreases due to road ice.,Traffic delay increases due to decreased vehicle speed.,0.44245908,0.8967888,3,0.17870241,-0.0046504214,-0.2227103,0.053255096,-0.0823259,-0.11676377,0.09984758,0.07003343
trace_00075,causal_003,causal_micro_world,llama3.2:latest,medium,correct,causal_003__trial_05,5,0,1,Overnight temperatures fall below freezing.,"As a result, road ice increases.",0.28478864,0.9585903,0,-0.09095068,0.20496605,-0.09772583,0.4826044,-0.13335016,0.06882787,0.17960832,0.25161478
trace_00075,causal_003,causal_micro_world,llama3.2:latest,medium,correct,causal_003__trial_05,5,1,2,"As a result, road ice increases.","With increased road ice, when vehicles travel at their normal speeds, vehicle speed decreases due to the slippery conditions.",0.15419589,0.98804027,4,-0.100812376,-0.15420829,0.057253197,-0.22218743,0.11124897,0.09847349,0.0877395,0.021065934
trace_00075,causal_003,causal_micro_world,llama3.2:latest,medium,correct,causal_003__trial_05,5,2,3,"With increased road ice, when vehicles travel at their normal speeds, vehicle speed decreases due to the slippery conditions.","When vehicle speed decreases, traffic delay increases as drivers slow down or stop more frequently.",0.47305942,0.88103044,3,0.11156295,-0.042851023,-0.18851973,-0.0076180166,-0.07802767,-0.1228058,0.072547436,0.06326399
trace_00076,causal_004,causal_micro_world,llama3.2:latest,medium,correct,causal_004__trial_01,1,0,1,A heat spike occurs in the pond.,"As the water temperature rises, dissolved oxygen levels decrease due to increased evaporation and decomposition of organic matter.",0.13058357,0.9914373,4,0.067004755,0.2770321,0.21572177,-0.40611607,-0.10900857,0.33249012,-0.026835047,-0.05559151
trace_00076,causal_004,causal_micro_world,llama3.2:latest,medium,correct,causal_004__trial_01,1,1,2,"As the water temperature rises, dissolved oxygen levels decrease due to increased evaporation and decomposition of organic matter.","With decreased dissolved oxygen levels, fish in the pond experience increased stress.",0.24002945,0.9707656,0,-0.022616735,-0.2864016,-0.20896776,0.27905735,0.10955956,-0.34233892,0.054171927,0.10518311
trace_00076,causal_004,causal_micro_world,llama3.2:latest,medium,correct,causal_004__trial_01,1,2,3,"With decreased dissolved oxygen levels, fish in the pond experience increased stress.",The heightened stress on the fish population likely results in an increase in mortality or a decline in the overall health of the fish.,0.21800084,0.9759486,0,0.04406046,-0.16710362,-0.07723377,0.17769818,0.02824307,-0.063694425,0.008960053,-0.030914191
trace_00077,causal_004,causal_micro_world,llama3.2:latest,medium,correct,causal_004__trial_02,2,0,1,A heat spike occurs in the pond.,"As the water temperature rises, dissolved oxygen levels decrease due to increased rate of oxidation by warmer water and decreased solubility.",0.16393061,0.98647195,4,0.061510477,0.26199585,0.17105174,-0.34732124,-0.11313008,0.37819102,-0.033481702,-0.008974448
trace_00077,causal_004,causal_micro_world,llama3.2:latest,medium,correct,causal_004__trial_02,2,1,2,"As the water temperature rises, dissolved oxygen levels decrease due to increased rate of oxidation by warmer water and decreased solubility.","Since dissolved oxygen levels fall, fish stress increases as they become hypoxic (oxygen-poor).",0.27354917,0.96185803,0,0.028563581,-0.13186121,-0.055892456,0.086896144,0.090469524,-0.33043146,0.035564464,0.012178509
trace_00077,causal_004,causal_micro_world,llama3.2:latest,medium,correct,causal_004__trial_02,2,2,3,"Since dissolved oxygen levels fall, fish stress increases as they become hypoxic (oxygen-poor).",Fish stress is likely to lead to increased mortality or other negative impacts on fish populations in the pond.,0.160491,0.98703736,0,-0.03219595,-0.32707268,-0.19036701,0.32228225,0.08298864,-0.1750254,0.052596115,0.042873025
trace_00078,causal_004,causal_micro_world,llama3.2:latest,medium,correct,causal_004__trial_03,3,0,1,A heat spike occurs in the pond.,"The increased water temperature causes water to expand and rise, potentially causing an increase in water level.",0.25169507,0.9678066,1,0.21071927,0.2583422,0.067603305,-0.11822862,-0.16957545,0.35243094,0.0747283,-0.059250683
trace_00078,causal_004,causal_micro_world,llama3.2:latest,medium,correct,causal_004__trial_03,3,1,2,"The increased water temperature causes water to expand and rise, potentially causing an increase in water level.",This increase in water level can lead to erosion of the surrounding shoreline.,0.2323523,0.9726317,0,-0.08587374,0.02216237,-0.032879345,0.0015800075,0.11333199,-0.14946966,-0.022442717,0.12349811
trace_00078,causal_004,causal_micro_world,llama3.2:latest,medium,correct,causal_004__trial_03,3,2,3,This increase in water level can lead to erosion of the surrounding shoreline.,"Erosion exposes new areas for aquatic plants to grow, increasing plant cover.",0.15511267,0.9878968,4,0.061929483,-0.039622113,0.056960728,-0.16654117,-0.12823293,-0.04671691,0.051729742,0.054579277
trace_00078,causal_004,causal_micro_world,llama3.2:latest,medium,correct,causal_004__trial_03,3,3,4,"Erosion exposes new areas for aquatic plants to grow, increasing plant cover.",Increased plant cover can lead to decreased light penetration.,0.23712623,0.9714788,2,-0.072366975,-0.06193203,-0.02768503,0.052896418,0.13413174,-0.03505681,-0.07997043,-0.12954451
trace_00078,causal_004,causal_micro_world,llama3.2:latest,medium,correct,causal_004__trial_03,3,4,5,Increased plant cover can lead to decreased light penetration.,"Decreased light penetration results in a shift in aquatic community composition, potentially favoring more shade-tolerant species.",0.19303754,0.9811914,0,-0.06213216,-0.19940557,-0.016603014,-0.017006494,0.02500627,0.0030493287,0.03056809,0.04190074
trace_00079,causal_004,causal_micro_world,llama3.2:latest,medium,correct,causal_004__trial_04,4,0,1,A heat spike occurs in the pond.,The rise in water temperature leads to an increase in the rate of evaporation from the water's surface.,0.19882481,0.98003507,4,0.11092685,0.22931118,0.15590839,-0.29309836,-0.04286911,0.3780629,0.12725626,-0.019232916
trace_00079,causal_004,causal_micro_world,llama3.2:latest,medium,correct,causal_004__trial_04,4,1,2,The rise in water temperature leads to an increase in the rate of evaporation from the water's surface.,"As a result of increased evaporation, dissolved oxygen levels decrease due to its higher concentration being removed from the water.",0.20003217,0.97978926,4,-0.048214972,0.18985355,0.08848977,-0.21083462,-0.03265526,-0.045270603,-0.10478064,-0.0204141
trace_00079,causal_004,causal_micro_world,llama3.2:latest,medium,correct,causal_004__trial_04,4,2,3,"As a result of increased evaporation, dissolved oxygen levels decrease due to its higher concentration being removed from the water.","With decreased dissolved oxygen levels, fish stress increases as they struggle to survive with insufficient oxygen for their metabolic needs.",0.30153668,0.9534546,0,-0.025838112,-0.33731958,-0.11845257,0.18706486,0.0035710009,-0.29793552,-0.02550071,0.04608383
trace_00079,causal_004,causal_micro_world,llama3.2:latest,medium,correct,causal_004__trial_04,4,3,4,"With decreased dissolved oxygen levels, fish stress increases as they struggle to survive with insufficient oxygen for their metabolic needs.",The stressed fish are more susceptible to illness and death due to the lack of sufficient oxygen in the water.,0.17207822,0.9850833,0,0.029264428,-0.15229233,-0.12160567,0.2112459,0.10083713,0.034247052,-0.05284338,-0.087921105
trace_00080,causal_004,causal_micro_world,llama3.2:latest,medium,correct,causal_004__trial_05,5,0,1,A heat spike occurs in the pond.,The rise in water temperature causes dissolved oxygen to fall.,0.15103279,0.98852867,4,0.062083956,0.2748383,0.1782321,-0.3421182,-0.08697443,0.27201498,-0.09351517,-0.1142597
trace_00080,causal_004,causal_micro_world,llama3.2:latest,medium,correct,causal_004__trial_05,5,1,2,The rise in water temperature causes dissolved oxygen to fall.,"As dissolved oxygen levels decrease, fish stress increases.",0.35108858,0.93634224,0,0.0218209,-0.19848469,-0.11238711,0.124996215,0.045253474,-0.18358105,0.17706864,0.18759353
trace_00080,causal_004,causal_micro_world,llama3.2:latest,medium,correct,causal_004__trial_05,5,2,3,"As dissolved oxygen levels decrease, fish stress increases.","With increased fish stress, fish populations may experience population declines or even mortality.",0.27954432,0.9601327,0,-0.07648553,-0.19092953,-0.05760944,0.13400413,0.11175478,-0.18432899,0.022690061,-0.031167017
trace_00081,commonsense_001,commonsense_multihop,llama3.2:latest,easy,incorrect,commonsense_001__trial_01,1,0,1,The person left the ice cube in direct sunlight.,The sun's rays caused the ice cube to melt.,0.18073554,0.9835318,1,0.20046858,-0.009827668,-0.0936056,0.2787075,-0.15626927,0.05311979,0.07675317,-0.013200216
trace_00081,commonsense_001,commonsense_multihop,llama3.2:latest,easy,incorrect,commonsense_001__trial_01,1,1,2,The sun's rays caused the ice cube to melt.,"As the ice cube melted, it turned into water.",0.2109345,0.97750026,4,-0.16503057,0.10618914,0.1178503,-0.32305896,0.0280712,-0.13231996,-0.0046077366,0.054249126
trace_00081,commonsense_001,commonsense_multihop,llama3.2:latest,easy,incorrect,commonsense_001__trial_01,1,2,3,"As the ice cube melted, it turned into water.",The water from the melting ice cube dripped onto the metal tray.,0.13746095,0.99050725,3,-0.02009186,-0.20174439,-0.14796883,0.11239661,-0.040109403,0.109442376,0.14821398,-0.028932326
trace_00081,commonsense_001,commonsense_multihop,llama3.2:latest,easy,incorrect,commonsense_001__trial_01,1,3,4,The water from the melting ice cube dripped onto the metal tray.,"The tray was wet due to the water that evaporated or dripped onto it, warming up and turning into liquid.",0.2619098,0.96509236,4,0.03869381,-0.024208229,0.06609719,-0.19452013,0.10191331,-0.060230426,0.04123728,-0.1834176
trace_00082,commonsense_001,commonsense_multihop,llama3.2:latest,easy,correct,commonsense_001__trial_02,2,0,1,The metal tray is conducting heat from the sun.,"As it receives direct sunlight, its temperature increases.",0.40527117,0.91419655,1,0.19561857,0.17175645,0.12052622,-0.20831327,-0.06492656,0.2704192,-0.019363854,-0.0605404
trace_00082,commonsense_001,commonsense_multihop,llama3.2:latest,easy,correct,commonsense_001__trial_02,2,1,2,"As it receives direct sunlight, its temperature increases.",Heat from the tray warms the surrounding air.,0.28724647,0.9578567,1,-0.05868982,-0.110643916,-0.06232209,0.0111136045,-0.06053513,-0.22393323,0.13374218,0.07938247
trace_00082,commonsense_001,commonsense_multihop,llama3.2:latest,easy,correct,commonsense_001__trial_02,2,2,3,Heat from the tray warms the surrounding air.,"Warm air rises, creating a convective current near the surface.",0.17002021,0.98544055,2,0.120141685,0.016505307,-0.032662086,0.07333636,-0.0562471,0.14801219,-0.14813645,0.0052314964
trace_00082,commonsense_001,commonsense_multihop,llama3.2:latest,easy,correct,commonsense_001__trial_02,2,3,4,"Warm air rises, creating a convective current near the surface.",The warm air touches and heats the wet ice cube.,0.31781423,0.948153,4,-0.1285063,0.040791728,-0.020645702,-0.038774665,0.041819848,0.03246683,0.14544892,0.13418025
trace_00082,commonsense_001,commonsense_multihop,llama3.2:latest,easy,correct,commonsense_001__trial_02,2,4,5,The warm air touches and heats the wet ice cube.,"The warmed ice cube melts into water, evaporating quickly due to increased ambient temperature.",0.23200247,0.9727152,2,0.116465114,0.08638785,0.1324495,-0.101134196,-0.039477237,0.01630643,-0.12430666,-0.05785355
trace_00082,commonsense_001,commonsense_multihop,llama3.2:latest,easy,correct,commonsense_001__trial_02,2,5,6,"The warmed ice cube melts into water, evaporating quickly due to increased ambient temperature.",Water vapor in the air condenses onto the metal tray as it cools slightly.,0.19443151,0.9809161,4,-0.11524927,-0.10112293,0.0290103,-0.052912313,0.0067088534,-0.03920474,0.08994786,-0.1739679
trace_00082,commonsense_001,commonsense_multihop,llama3.2:latest,easy,correct,commonsense_001__trial_02,2,6,7,Water vapor in the air condenses onto the metal tray as it cools slightly.,"As more and more water droplets form on the tray's surface, they accumulate to create condensation.",0.2949927,0.9554995,1,0.16949868,0.05561735,0.09428707,-0.004250564,0.056136876,0.036630012,0.21630162,0.02147708
trace_00082,commonsense_001,commonsense_multihop,llama3.2:latest,easy,correct,commonsense_001__trial_02,2,7,8,"As more and more water droplets form on the tray's surface, they accumulate to create condensation.","Therefore, the metal tray became wet.",0.29274487,0.95619065,0,-0.12900564,-0.013409343,-0.16036539,0.08667265,0.044508357,-0.322072,-0.27759156,0.063943215
trace_00083,commonsense_001,commonsense_multihop,llama3.2:latest,easy,correct,commonsense_001__trial_03,3,0,1,The sun's rays are intense enough to cause melting of ice.,"Since the ice cube was placed in direct sunlight, it absorbed heat from the environment.",0.2709996,0.9625795,4,-0.12222019,0.09417722,0.05480223,-0.27767247,0.01709536,-0.032065187,-0.030456109,0.10299228
trace_00083,commonsense_001,commonsense_multihop,llama3.2:latest,easy,correct,commonsense_001__trial_03,3,1,2,"Since the ice cube was placed in direct sunlight, it absorbed heat from the environment.","As a result, the temperature of the ice cube increased significantly.",0.31382,0.94948256,1,0.1331706,0.027310625,-0.09636628,0.19853054,-0.0900195,0.10856337,0.01967437,0.06150628
trace_00083,commonsense_001,commonsense_multihop,llama3.2:latest,easy,correct,commonsense_001__trial_03,3,2,3,"As a result, the temperature of the ice cube increased significantly.","At some point during this process, the ice cube reached its melting point (0°C or 32°F at standard atmospheric pressure).",0.36382318,0.93146807,2,-0.048034936,-0.07578209,0.062033594,-0.097688735,-0.0013366617,0.0036046775,-0.11507182,-0.12657852
trace_00083,commonsense_001,commonsense_multihop,llama3.2:latest,easy,correct,commonsense_001__trial_03,3,3,4,"At some point during this process, the ice cube reached its melting point (0°C or 32°F at standard atmospheric pressure).",The melting of the ice cube transferred liquid water to the metal tray.,0.19169025,0.9814555,4,-0.07010229,-0.06826196,-0.066303425,0.00084354484,-0.073767126,-0.11914204,0.2009924,0.13315083
trace_00083,commonsense_001,commonsense_multihop,llama3.2:latest,easy,correct,commonsense_001__trial_03,3,4,5,The melting of the ice cube transferred liquid water to the metal tray.,"Since the ice was initially in contact with the tray and it is metal, conduction occurred, causing the tray to warm up as well.",0.32539895,0.9455768,2,0.011698029,-0.11914014,-0.038026694,0.10758696,0.065862454,-0.03693176,-0.045296002,-0.113546565
trace_00083,commonsense_001,commonsense_multihop,llama3.2:latest,easy,correct,commonsense_001__trial_03,3,5,6,"Since the ice was initially in contact with the tray and it is metal, conduction occurred, causing the tray to warm up as well.","As a result, moisture from condensation on the metal tray evaporated into the air or remained on its surface, leading to wetness.",0.123550765,0.99233824,4,-0.016338864,0.08300807,0.12922926,-0.2921423,0.04630955,0.068287574,0.062914215,-0.1261892
trace_00084,commonsense_001,commonsense_multihop,llama3.2:latest,easy,incorrect,commonsense_001__trial_04,4,0,1,The person placed the ice cube in direct sunlight.,"The sun's rays heated the ice cube, causing it to melt.",0.15239665,0.98831934,1,0.12931804,0.09324942,-0.049294893,0.17885225,-0.10903828,-0.08964843,-0.03660527,-0.041914497
trace_00084,commonsense_001,commonsense_multihop,llama3.2:latest,easy,incorrect,commonsense_001__trial_04,4,1,2,"The sun's rays heated the ice cube, causing it to melt.","As the ice melted, it released heat energy.",0.09094794,0.9958557,4,-0.2242869,-0.030299975,0.12591283,-0.22849105,0.10074884,-0.1481259,-0.006178648,0.00053814094
trace_00084,commonsense_001,commonsense_multihop,llama3.2:latest,easy,incorrect,commonsense_001__trial_04,4,2,3,"As the ice melted, it released heat energy.",This heat energy caused the metal tray beneath the ice cube to warm up.,0.16048798,0.9870379,1,0.13391799,-0.06024477,-0.1305897,0.18865147,-0.149578,0.18802424,0.12980181,0.044115663
trace_00084,commonsense_001,commonsense_multihop,llama3.2:latest,easy,incorrect,commonsense_001__trial_04,4,3,4,This heat energy caused the metal tray beneath the ice cube to warm up.,"Once warmed enough, a portion of the metal tray's surface temperature exceeded its melting point.",0.2854806,0.9583845,0,-0.09020895,-0.014664627,-0.0014425571,0.017532246,0.10301676,-0.112173714,-0.18632996,-0.36600444
trace_00084,commonsense_001,commonsense_multihop,llama3.2:latest,easy,incorrect,commonsense_001__trial_04,4,4,5,"Once warmed enough, a portion of the metal tray's surface temperature exceeded its melting point.",The warmth and humidity from the surrounding environment caused water vapor on the tray to condense into liquid droplets.,0.26760098,0.9635299,4,0.06933781,-0.06404399,0.17719933,-0.36570105,0.01742969,0.13025211,0.2328017,0.14009386
trace_00084,commonsense_001,commonsense_multihop,llama3.2:latest,easy,incorrect,commonsense_001__trial_04,4,5,6,The warmth and humidity from the surrounding environment caused water vapor on the tray to condense into liquid droplets.,"These liquid droplets accumulated on the tray, making it wet.",0.2881225,0.95759356,3,-0.0013809645,0.07789086,-0.27056187,0.09793078,-0.05816455,-0.096500725,0.087343454,0.11721638
trace_00085,commonsense_001,commonsense_multihop,llama3.2:latest,easy,incorrect,commonsense_001__trial_05,5,0,1,The sun's rays hit the metal tray directly.,The heat from the sun's rays transferred to the metal tray.,0.27273458,0.96208936,4,-0.13035408,-0.017574392,0.111355476,-0.16532359,-0.052365713,0.080970556,0.02892522,0.07757634
trace_00085,commonsense_001,commonsense_multihop,llama3.2:latest,easy,incorrect,commonsense_001__trial_05,5,1,2,The heat from the sun's rays transferred to the metal tray.,The increased temperature of the metal tray caused the ice cube to melt slightly.,0.20751448,0.97823197,1,0.13209167,0.11324037,-0.049346138,0.14433812,-0.09340731,0.0070967223,0.033952713,0.054660257
trace_00085,commonsense_001,commonsense_multihop,llama3.2:latest,easy,incorrect,commonsense_001__trial_05,5,2,3,The increased temperature of the metal tray caused the ice cube to melt slightly.,"As the ice cube melted, it turned into water and dripped onto the metal tray.",0.35188884,0.93604183,4,-0.18989173,-0.020449905,0.09788736,-0.36190134,0.08545186,-0.15710108,0.009219656,0.074621126
trace_00085,commonsense_001,commonsense_multihop,llama3.2:latest,easy,incorrect,commonsense_001__trial_05,5,3,4,"As the ice cube melted, it turned into water and dripped onto the metal tray.",The water that formed on the surface of the tray was likely due to condensation from the air surrounding the tray.,0.32431713,0.94594836,2,0.0830487,-0.013836725,0.043362714,-0.08510582,-0.034427196,0.21689475,0.01428245,-0.29969567
trace_00085,commonsense_001,commonsense_multihop,llama3.2:latest,easy,incorrect,commonsense_001__trial_05,5,4,5,The water that formed on the surface of the tray was likely due to condensation from the air surrounding the tray.,"Over time, the water accumulated on the tray until it became wet.",0.14193101,0.98987657,0,-0.0525714,0.019461729,-0.12065075,-0.046854824,0.07822622,-0.24865216,-0.016412772,0.19489323
trace_00086,commonsense_002,commonsense_multihop,llama3.2:latest,easy,correct,commonsense_002__trial_01,1,0,1,"The chef's initial oversight suggests that the dough was exposed to a consistent temperature, as baking occurs when dough is heated.","If the dough was left at room temperature, it would likely rise due to the natural yeast fermentation process.",0.26552957,0.96410275,4,0.14100362,0.02932728,0.17255826,-0.11954789,-0.0764841,-0.035129756,0.05640632,-0.00572429
trace_00086,commonsense_002,commonsense_multihop,llama3.2:latest,easy,correct,commonsense_002__trial_01,1,1,2,"If the dough was left at room temperature, it would likely rise due to the natural yeast fermentation process.","In a warm kitchen environment (e.g., above 75°F/24°C), yeast activity increases rapidly.",0.16928637,0.98556685,2,0.0041297628,-0.25040928,-0.1464954,0.10445703,-0.08038794,0.2486677,0.22751099,0.07916396
trace_00086,commonsense_002,commonsense_multihop,llama3.2:latest,easy,correct,commonsense_002__trial_01,1,2,3,"In a warm kitchen environment (e.g., above 75°F/24°C), yeast activity increases rapidly.","As the yeast fermented, the dough's carbon dioxide production increased, causing it to expand and become larger.",0.11183719,0.9937266,1,0.016807329,0.28146252,0.032116614,0.0012103486,-0.041957352,-0.21670598,0.022248343,0.10696682
trace_00086,commonsense_002,commonsense_multihop,llama3.2:latest,easy,correct,commonsense_002__trial_01,1,3,4,"As the yeast fermented, the dough's carbon dioxide production increased, causing it to expand and become larger.","The dough was not baked, but its increase in size can be attributed to the effects of fermentation rather than baking.",0.28582278,0.9582825,2,-0.013214356,-0.120219804,-0.108928144,-0.090514086,0.12091538,-0.138233,-0.21269628,-0.0905521
trace_00087,commonsense_002,commonsense_multihop,llama3.2:latest,easy,correct,commonsense_002__trial_02,2,0,1,The environment of a warm kitchen is conducive to yeast fermentation.,"Yeast ferments sugars in the dough, producing carbon dioxide gas as a byproduct.",0.14251292,0.98979294,4,0.00075358985,0.10865179,0.13094233,0.009648933,0.054970384,-0.08459635,0.087559216,0.034758102
trace_00087,commonsense_002,commonsense_multihop,llama3.2:latest,easy,correct,commonsense_002__trial_02,2,1,2,"Yeast ferments sugars in the dough, producing carbon dioxide gas as a byproduct.",The increased CO2 levels cause the dough to expand.,0.33063814,0.9437576,1,0.16493611,0.21505877,-0.22348791,0.14052105,-0.063021354,-0.016520431,-0.18669765,0.001279228
trace_00087,commonsense_002,commonsense_multihop,llama3.2:latest,easy,correct,commonsense_002__trial_02,2,2,3,The increased CO2 levels cause the dough to expand.,"As the warmer temperature and moisture promote yeast activity, the dough continues to ferment.",0.1947804,0.98084694,2,-0.030144323,-0.25104722,0.09153442,-0.21961874,0.059217237,0.081025,0.027386427,-0.0015918309
trace_00087,commonsense_002,commonsense_multihop,llama3.2:latest,easy,correct,commonsense_002__trial_02,2,3,4,"As the warmer temperature and moisture promote yeast activity, the dough continues to ferment.",The result is an increase in volume without baking.,0.13624927,0.9906746,1,0.034843206,0.18235947,-0.06646727,0.16992323,-0.026573835,0.030961046,-0.029824262,0.002555224
trace_00088,commonsense_002,commonsense_multihop,llama3.2:latest,easy,correct,commonsense_002__trial_03,3,0,1,The chef initially forgot to put the dough in the oven.,"After discovering the dough, they found it larger than expected.",0.2629654,0.9648052,1,0.029851085,0.010205203,0.057383817,0.20112766,-0.080760986,0.0702931,0.059932515,0.207834
trace_00088,commonsense_002,commonsense_multihop,llama3.2:latest,easy,correct,commonsense_002__trial_03,3,1,2,"After discovering the dough, they found it larger than expected.","The dough was exposed to a warmer environment in the kitchen, possibly due to being left on the counter or near an open flame.",0.32638133,0.9452382,3,-0.04713119,-0.07347948,-0.027584827,-0.14135271,0.09173589,0.096240886,-0.10693075,-0.21711333
trace_00088,commonsense_002,commonsense_multihop,llama3.2:latest,easy,correct,commonsense_002__trial_03,3,2,3,"The dough was exposed to a warmer environment in the kitchen, possibly due to being left on the counter or near an open flame.","Warmer temperatures cause yeast to ferment more quickly, leading to faster expansion of the dough.",0.3666507,0.93035865,2,0.1530121,-0.06595625,0.05218285,0.06558849,-0.15207443,0.29681748,0.24028783,0.110460274
trace_00088,commonsense_002,commonsense_multihop,llama3.2:latest,easy,correct,commonsense_002__trial_03,3,3,4,"Warmer temperatures cause yeast to ferment more quickly, leading to faster expansion of the dough.","The increased moisture and warmth allowed the yeast to produce carbon dioxide gas more rapidly, causing the dough to rise.",0.10031013,0.99495625,4,0.06251872,0.025359485,0.07757486,-0.120570116,0.018896662,-0.23494129,0.06369966,0.032929737
trace_00089,commonsense_002,commonsense_multihop,llama3.2:latest,easy,incorrect,commonsense_002__trial_04,4,0,1,The dough was exposed to a warmer temperature than its original environment.,Warmth can cause moisture in the air to condense and increase humidity.,0.1764603,0.98430777,1,0.09874338,-0.020154076,0.030501315,-0.04303199,-0.0783205,0.32244843,0.28163055,-0.049083255
trace_00089,commonsense_002,commonsense_multihop,llama3.2:latest,easy,incorrect,commonsense_002__trial_04,4,1,2,Warmth can cause moisture in the air to condense and increase humidity.,Increased humidity allows the dough to absorb more water from its surroundings.,0.22966102,0.9732707,0,-0.035293806,0.034163434,-0.06122368,-0.07041106,0.08253205,-0.17896669,-0.09852043,0.065645225
trace_00089,commonsense_002,commonsense_multihop,llama3.2:latest,easy,incorrect,commonsense_002__trial_04,4,2,3,Increased humidity allows the dough to absorb more water from its surroundings.,"As the dough absorbed more water, it became softer and expanded due to increased moisture content.",0.13458833,0.9909016,1,0.09307243,0.17410211,-0.12605514,0.119982295,-0.11741374,-0.20412087,-0.07124812,0.12762223
trace_00089,commonsense_002,commonsense_multihop,llama3.2:latest,easy,incorrect,commonsense_002__trial_04,4,3,4,"As the dough absorbed more water, it became softer and expanded due to increased moisture content.",The increased weight of the water inside the dough caused it to rise.,0.09578723,0.9954019,2,0.051002722,-0.20655549,-0.032232136,0.19480634,-0.036909968,-0.06574813,-0.07260959,-0.08464234
trace_00090,commonsense_002,commonsense_multihop,llama3.2:latest,easy,correct,commonsense_002__trial_05,5,0,1,"The increased warmth of the kitchen can cause the yeast in the dough to ferment more rapidly, leading to a rise.",This rapid fermentation process would likely result in the dough becoming over-proofed and ultimately larger in size.,0.23003505,0.9731824,0,-0.10016691,0.084879,0.10421153,-0.067999855,0.04331779,-0.20822711,-0.019815682,-0.04345924
trace_00090,commonsense_002,commonsense_multihop,llama3.2:latest,easy,correct,commonsense_002__trial_05,5,1,2,This rapid fermentation process would likely result in the dough becoming over-proofed and ultimately larger in size.,Over-proofing occurs when the dough is allowed to rise for too long or at too high an internal temperature.,0.24364142,0.9698654,3,-0.015313299,0.02050142,-0.07414352,0.09146584,0.053849105,0.21715373,-0.07758786,-0.1719146
trace_00090,commonsense_002,commonsense_multihop,llama3.2:latest,easy,correct,commonsense_002__trial_05,5,2,3,Over-proofing occurs when the dough is allowed to rise for too long or at too high an internal temperature.,"As a result of this increased activity, the yeast consumes more sugars in the dough, producing carbon dioxide gas as a byproduct.",0.28023887,0.9599303,4,0.02122824,-0.11721798,0.068587385,-0.13316302,-0.05190036,-0.060494497,0.21790464,0.17461197
trace_00090,commonsense_002,commonsense_multihop,llama3.2:latest,easy,correct,commonsense_002__trial_05,5,3,4,"As a result of this increased activity, the yeast consumes more sugars in the dough, producing carbon dioxide gas as a byproduct.",The increased air pockets within the dough expand and cause it to become larger in size.,0.19297655,0.98120344,1,0.1083702,0.10823836,-0.21217647,0.12300152,-0.08815097,0.018064171,-0.21718965,0.033934385
trace_00090,commonsense_002,commonsense_multihop,llama3.2:latest,easy,correct,commonsense_002__trial_05,5,4,5,The increased air pockets within the dough expand and cause it to become larger in size.,This phenomenon is often observed in bread-making when the proofing time or oven temperature exceeds optimal levels.,0.24438211,0.96967906,2,-0.11644273,-0.15592021,0.049370434,-0.042881064,0.06851065,0.13473576,-0.0866923,-0.20284744
trace_00091,commonsense_003,commonsense_multihop,llama3.2:latest,medium,incorrect,commonsense_003__trial_01,1,0,1,The person initially took their wet shoes outside under the umbrella.,"The umbrella provided some protection from rain, but not enough to completely keep the shoes dry.",0.23351397,0.9723534,1,0.18900083,0.031204583,-0.020592669,0.0642989,-0.07894981,0.07841767,0.05845607,-0.13598137
trace_00091,commonsense_003,commonsense_multihop,llama3.2:latest,medium,incorrect,commonsense_003__trial_01,1,1,2,"The umbrella provided some protection from rain, but not enough to completely keep the shoes dry.","After returning inside, the shoes were allowed to dry and became less wet.",0.13104907,0.9913759,4,-0.12787922,0.08046887,0.14835039,-0.24941577,0.056394294,-0.215612,-0.014698192,0.057540014
trace_00092,commonsense_003,commonsense_multihop,llama3.2:latest,medium,correct,commonsense_003__trial_02,2,0,1,"The person brought the umbrella outside, indicating they expected to be in the rain.","They then went back inside, suggesting they found shelter from the rain.",0.2111798,0.9774472,1,0.023299072,0.14179909,0.16211544,-0.09476767,-0.098154895,-0.28090134,-0.120747514,0.112401746
trace_00092,commonsense_003,commonsense_multihop,llama3.2:latest,medium,correct,commonsense_003__trial_02,2,1,2,"They then went back inside, suggesting they found shelter from the rain.","Upon returning, they had wet shoes, implying water was present on their feet when they exited.",0.15550795,0.98783463,4,-0.03471951,0.037659135,-0.031399284,-0.028235067,0.064911425,0.058313172,0.06691625,-0.020704111
trace_00092,commonsense_003,commonsense_multihop,llama3.2:latest,medium,correct,commonsense_003__trial_02,2,2,3,"Upon returning, they had wet shoes, implying water was present on their feet when they exited.","However, they wore a dry shirt, suggesting that water did not come into contact with their upper body.",0.16634156,0.98606825,2,-0.06668844,-0.1358538,-0.11550583,-0.092575565,-0.037107218,0.013850804,0.031054549,-0.105235614
trace_00093,commonsense_003,commonsense_multihop,llama3.2:latest,medium,incorrect,commonsense_003__trial_03,3,0,1,The person took an umbrella outside.,"It was raining or had rained, causing water to fall on the shoes.",0.07630066,0.99708486,1,0.060819518,0.08444015,0.046025526,-0.028913027,-0.053504515,-0.05287078,-0.020785788,-0.04510248
trace_00093,commonsense_003,commonsense_multihop,llama3.2:latest,medium,incorrect,commonsense_003__trial_03,3,1,2,"It was raining or had rained, causing water to fall on the shoes.","They opened or used the umbrella for protection from the rain, but not from getting wet in the shoes.",0.21043678,0.9776074,3,0.01821187,-0.11823169,-0.08280439,-0.0037832682,-0.050421447,0.080234975,0.19065009,0.039450016
trace_00093,commonsense_003,commonsense_multihop,llama3.2:latest,medium,incorrect,commonsense_003__trial_03,3,2,3,"They opened or used the umbrella for protection from the rain, but not from getting wet in the shoes.","Afterward, they walked back inside with the wet shoes and dry shirt.",0.1778572,0.9840563,4,-0.04307339,0.058575407,0.14839406,-0.21503669,0.066032745,-0.22116561,0.037786763,0.13518775
trace_00094,commonsense_003,commonsense_multihop,llama3.2:latest,medium,incorrect,commonsense_003__trial_04,4,0,1,The umbrella was used to protect against rain or other forms of precipitation.,"It is unlikely that the umbrella would keep someone completely dry, especially if it's not designed for heavy rain or wind.",0.14304484,0.9897162,4,-0.07212815,-0.035537466,0.08280859,-0.21662948,0.05924647,-0.10176627,-0.04514402,-0.012082074
trace_00094,commonsense_003,commonsense_multihop,llama3.2:latest,medium,incorrect,commonsense_003__trial_04,4,1,2,"It is unlikely that the umbrella would keep someone completely dry, especially if it's not designed for heavy rain or wind.","After using the umbrella, some water may have entered through gaps in the umbrella or its seams.",0.1407296,0.9900481,1,0.021144757,0.16710973,-0.06806472,0.17416392,-0.1568246,0.12675078,-0.04659137,-0.08549695
trace_00094,commonsense_003,commonsense_multihop,llama3.2:latest,medium,incorrect,commonsense_003__trial_04,4,2,3,"After using the umbrella, some water may have entered through gaps in the umbrella or its seams.",The wet shoes suggest that the person stepped into puddles or splashed water while outside.,0.200566,0.9796802,4,-0.076405406,-0.09048767,0.03328916,-0.060831316,0.110352576,-0.13467756,0.049767837,0.25480008
trace_00094,commonsense_003,commonsense_multihop,llama3.2:latest,medium,incorrect,commonsense_003__trial_04,4,3,4,The wet shoes suggest that the person stepped into puddles or splashed water while outside.,"However, the fact that the shirt remained dry implies that the water was not deeply penetrating the fabric.",0.17368124,0.98480195,4,-0.007390384,0.021754814,0.115231484,-0.19350053,0.023608465,-0.08730329,-0.0462801,-0.15109201
trace_00095,commonsense_003,commonsense_multihop,llama3.2:latest,medium,incorrect,commonsense_003__trial_05,5,0,1,The person walked outside on a rainy day with an umbrella to protect themselves from the rain.,"Upon returning, they noticed that their shoes were wet, indicating contact with water.",0.12984964,0.99153364,4,-0.10662284,0.097814485,0.086391576,0.046975404,-0.034846447,-0.15529574,0.08644318,0.10667731
trace_00095,commonsense_003,commonsense_multihop,llama3.2:latest,medium,incorrect,commonsense_003__trial_05,5,1,2,"Upon returning, they noticed that their shoes were wet, indicating contact with water.","However, their shirt remained dry, which is unlikely given the rain and potential splashing of water from the umbrella during the walk.",0.11605627,0.9932426,2,0.05410591,-0.12958641,0.036094323,-0.21095271,0.03812496,0.04847429,-0.0725357,-0.19601706
trace_00095,commonsense_003,commonsense_multihop,llama3.2:latest,medium,incorrect,commonsense_003__trial_05,5,2,3,"However, their shirt remained dry, which is unlikely given the rain and potential splashing of water from the umbrella during the walk.","A likely explanation is that the person used their umbrella to splash or pour water onto someone else's clothes, such as their friend's coat or another person's umbrella, while keeping themselves under cover.",0.18986058,0.9818111,1,0.1360601,-0.01633855,-0.16001448,0.26891032,-0.026800906,0.04014493,0.022079637,0.17718183
trace_00096,commonsense_004,commonsense_multihop,llama3.2:latest,medium,incorrect,commonsense_004__trial_01,1,0,1,The phone's battery might have been drained due to an unexpected power drain while charging.,It's possible that the charger itself malfunctioned or stopped working for some reason.,0.16352226,0.98653966,2,-0.120549664,-0.043292716,-0.016148286,0.15232411,0.01995518,0.047573254,0.008861999,-0.13632676
trace_00096,commonsense_004,commonsense_multihop,llama3.2:latest,medium,incorrect,commonsense_004__trial_01,1,1,2,It's possible that the charger itself malfunctioned or stopped working for some reason.,"There could be a fault with the phone's charging circuitry, causing it to not properly charge the battery overnight.",0.11921598,0.9928683,2,0.34721783,-0.20440207,0.018954441,-0.20655209,0.0046848077,0.0038821534,-0.055233397,0.08355119
trace_00096,commonsense_004,commonsense_multihop,llama3.2:latest,medium,incorrect,commonsense_004__trial_01,1,2,3,"There could be a fault with the phone's charging circuitry, causing it to not properly charge the battery overnight.",The room temperature and humidity levels during the night might have affected the charging process.,0.2278202,0.9737032,4,-0.15101425,-0.028711133,0.19471143,-0.043066245,0.026854582,0.17710997,0.08115394,-0.04013366
trace_00096,commonsense_004,commonsense_multihop,llama3.2:latest,medium,incorrect,commonsense_004__trial_01,1,3,4,The room temperature and humidity levels during the night might have affected the charging process.,A power surge or electrical issue in the house might have caused the charger to malfunction.,0.1401937,0.9901241,0,-0.17927592,0.065971464,-0.24204297,0.20486665,-0.038389344,-0.1485742,-0.033921584,0.046222314
trace_00097,commonsense_004,commonsense_multihop,llama3.2:latest,medium,incorrect,commonsense_004__trial_02,2,0,1,The phone's capacity to hold a charge may have been reduced over time due to various factors such as battery degradation or chemical reactions that occur within the battery.,"Even though the phone was plugged in and charging, the battery's ability to absorb energy and store it effectively may have been compromised.",0.36018544,0.93288076,2,0.04456059,-0.055331923,-0.07224729,-0.12399518,0.008900266,-0.17279539,-0.049356557,0.05505657
trace_00097,commonsense_004,commonsense_multihop,llama3.2:latest,medium,incorrect,commonsense_004__trial_02,2,1,2,"Even though the phone was plugged in and charging, the battery's ability to absorb energy and store it effectively may have been compromised.","A common cause of this issue is thermal stress, which can occur when a battery is subjected to high temperatures over an extended period.",0.17860965,0.9839201,2,-0.020290602,-0.02852002,0.08301648,0.17995517,-0.010914488,0.20874684,-0.043863807,-0.24021445
trace_00097,commonsense_004,commonsense_multihop,llama3.2:latest,medium,incorrect,commonsense_004__trial_02,2,2,3,"A common cause of this issue is thermal stress, which can occur when a battery is subjected to high temperatures over an extended period.","It's possible that the ambient temperature in the room where the phone was left overnight was higher than usual, causing the battery to heat up and lead to reduced capacity.",0.20410304,0.9789494,4,0.22450373,-0.08760656,-0.020763712,-0.21869135,0.08144584,-0.101615414,0.024163784,0.18441358
trace_00098,commonsense_004,commonsense_multihop,llama3.2:latest,medium,incorrect,commonsense_004__trial_03,3,0,1,Consider the phone's battery capacity and self-discharge rate.,"Take into account environmental factors that could affect the battery's health, such as temperature and humidity.",0.2287552,0.973484,2,-0.064684704,-0.083981946,0.10192428,-0.018584564,-0.02125763,0.03845967,-0.17133623,-0.21708082
trace_00098,commonsense_004,commonsense_multihop,llama3.2:latest,medium,incorrect,commonsense_004__trial_03,3,1,2,"Take into account environmental factors that could affect the battery's health, such as temperature and humidity.","Reflect on potential causes of excessive self-discharge, including manufacturing defects or previous usage patterns.",0.2579856,0.9661489,1,0.032558043,0.0077359388,-0.008959767,0.12814905,0.071618386,-0.063530855,0.08253024,0.04138415
trace_00098,commonsense_004,commonsense_multihop,llama3.2:latest,medium,incorrect,commonsense_004__trial_03,3,2,3,"Reflect on potential causes of excessive self-discharge, including manufacturing defects or previous usage patterns.","Think about possible ways the charging process might have impacted the battery's state, such as overcharging or improper charge cycles.",0.22476618,0.9744128,1,-0.0024296152,0.077226914,-0.023355208,-0.11110564,-0.18909979,-0.045677513,-0.067776226,0.0875028
trace_00098,commonsense_004,commonsense_multihop,llama3.2:latest,medium,incorrect,commonsense_004__trial_03,3,3,4,"Think about possible ways the charging process might have impacted the battery's state, such as overcharging or improper charge cycles.","Consider external factors that could have reduced the battery's capacity, like age-related degradation.",0.28051037,0.959851,2,-0.060691297,-0.0881984,-0.020841831,-0.051908117,0.090522915,0.07451447,-0.12694752,-0.07093846
trace_00099,commonsense_004,commonsense_multihop,llama3.2:latest,medium,incorrect,commonsense_004__trial_04,4,0,1,The phone's battery may have been partially drained due to ambient temperature changes during the night.,The low outside temperature may have caused the battery to lose more capacity than normal.,0.21954426,0.97560257,0,-0.23205993,0.13369168,0.037061863,0.10339399,0.022774119,0.050880287,-0.01929471,-0.2154112
trace_00099,commonsense_004,commonsense_multihop,llama3.2:latest,medium,incorrect,commonsense_004__trial_04,4,1,2,The low outside temperature may have caused the battery to lose more capacity than normal.,"The charger cable or port may be damaged, causing a short circuit that reduces the charging efficiency.",0.1922759,0.98134094,3,0.018278822,0.028865656,-0.085299484,0.05813198,-0.11071509,-0.06978159,0.14459896,0.23604919
trace_00099,commonsense_004,commonsense_multihop,llama3.2:latest,medium,incorrect,commonsense_004__trial_04,4,2,3,"The charger cable or port may be damaged, causing a short circuit that reduces the charging efficiency.","The charger itself might be faulty or of poor quality, leading to reduced charging speed or effectiveness.",0.19037035,0.98171234,2,-0.06599632,-0.07438905,-0.010901751,0.08675428,0.091074705,0.23871413,0.0432447,-0.018650856
trace_00099,commonsense_004,commonsense_multihop,llama3.2:latest,medium,incorrect,commonsense_004__trial_04,4,3,4,"The charger itself might be faulty or of poor quality, leading to reduced charging speed or effectiveness.",A software issue or bug in the phone's power management system could be responsible for the low battery level.,0.15956251,0.98718774,2,0.047934487,-0.048209284,-0.039370723,-0.07693398,-0.09272768,-0.025496371,-0.09519307,-0.005843795
trace_00099,commonsense_004,commonsense_multihop,llama3.2:latest,medium,incorrect,commonsense_004__trial_04,4,4,5,A software issue or bug in the phone's power management system could be responsible for the low battery level.,There might have been a software update overnight that temporarily disabled some power-saving features.,0.2724515,0.9621695,2,0.28194818,-0.043783356,-0.016868388,-0.038438626,0.12125059,-0.15447006,-0.06377287,-0.007100207
trace_00099,commonsense_004,commonsense_multihop,llama3.2:latest,medium,incorrect,commonsense_004__trial_04,4,5,6,There might have been a software update overnight that temporarily disabled some power-saving features.,"The phone's battery health and capacity may have decreased over time due to aging, leading to reduced performance.",0.36356312,0.9315695,4,-0.2598397,0.023363352,-0.052238286,-0.036447253,-0.051190823,0.13125324,0.08679667,0.066886686
trace_00099,commonsense_004,commonsense_multihop,llama3.2:latest,medium,incorrect,commonsense_004__trial_04,4,6,7,"The phone's battery health and capacity may have decreased over time due to aging, leading to reduced performance.","It is possible that there was an unusual event or interference during the night, such as a nearby electrical source or a short circuit in another device.",0.43747768,0.89922917,2,0.11384582,-0.20628649,0.07609728,0.08335489,0.027942756,-0.095257774,-0.08282932,-0.03417204
trace_00100,commonsense_004,commonsense_multihop,llama3.2:latest,medium,incorrect,commonsense_004__trial_05,5,0,1,The phone's battery capacity may have been set too low for the device.,The charger may not be delivering the expected amount of power to the phone.,0.1987944,0.9800412,4,-0.106058255,-0.039251667,-0.017341923,-0.033096686,-0.062682584,0.04335085,0.14735225,0.15745948
trace_00100,commonsense_004,commonsense_multihop,llama3.2:latest,medium,incorrect,commonsense_004__trial_05,5,1,2,The charger may not be delivering the expected amount of power to the phone.,The phone's internal temperature regulation system may have limited its own battery charging due to overheating.,0.19392581,0.9810162,2,0.017812116,-0.089459494,0.10892852,-0.016867353,-0.00552957,0.05296344,-0.08163698,-0.12960662
trace_00100,commonsense_004,commonsense_multihop,llama3.2:latest,medium,incorrect,commonsense_004__trial_05,5,2,3,The phone's internal temperature regulation system may have limited its own battery charging due to overheating.,"The battery itself may be old, damaged, or of poor quality.",0.1541634,0.98804533,0,-0.07531911,0.05211904,-0.027399192,0.0006099953,0.048238806,-0.05518381,-0.12304329,-0.08096047
trace_00100,commonsense_004,commonsense_multihop,llama3.2:latest,medium,incorrect,commonsense_004__trial_05,5,3,4,"The battery itself may be old, damaged, or of poor quality.","Some device hardware may be designed to throttle power consumption, limiting the battery's ability to charge faster during certain conditions.",0.23673481,0.9715743,2,0.08463652,-0.13098173,0.012698794,0.016199043,-0.062716074,0.053814135,0.21013176,0.19826806
