pair_id,question,error_family,truthful_sample_id,hallucinated_sample_id,truthful_answer,hallucinated_answer,delta_norm,base_id,atlas_pca1,atlas_pca2,atlas_umap1,atlas_umap2,own_family_projection_energy,best_other_projection_energy,projection_margin,proj_causal_substitution,proj_definition_substitution,proj_entity_swap,proj_numeric_distortion,proj_role_inversion
b01_causal_substitution,Evaluate the short factual answer below for the given knowledge item.,causal_substitution,truthful_b01_causal_substitution,hallucinated_b01_causal_substitution,"In this case, mercury is the planet closest to the Sun. It has the shortest orbital period in the Solar System.","In this case, mercury is the planet closest to the Sun because it has the brightest clouds. It has the shortest orbital period in the Solar System.",0.4367680847644806,b01,0.049321644,0.5559289,3.3768501,-1.2244682,0.21220676600933075,0.11705048382282257,0.09515628218650818,0.21220676600933075,0.02935609593987465,0.05059640109539032,0.11705048382282257,0.08350896090269089
b01_definition_substitution,Evaluate the short factual answer below for the given knowledge item.,definition_substitution,truthful_b01_definition_substitution,hallucinated_b01_definition_substitution,A concise response would be that mercury is the planet closest to the Sun. It has the shortest orbital period in the Solar System.,A concise response would be that mercury is the star closest to the Sun. It has the shortest orbital period in the Solar System.,0.272483766078949,b01,0.41428453,-0.33825445,5.7405853,5.6443872,0.020397020503878593,0.11340738832950592,-0.09301036782562733,0.061004992574453354,0.020397020503878593,0.07772726565599442,0.11340738832950592,0.0704229399561882
b01_entity_swap,Evaluate the short factual answer below for the given knowledge item.,entity_swap,truthful_b01_entity_swap,hallucinated_b01_entity_swap,Mercury is the planet closest to the Sun. It has the shortest orbital period in the Solar System.,Venus is the planet closest to the Sun. It has the shortest orbital period in the Solar System.,0.6653795838356018,b01,1.5680176,-0.44176298,8.523897,7.3627357,0.2029523104429245,0.04445475712418556,0.15849755331873894,0.02819724753499031,0.026282044127583504,0.2029523104429245,0.043510302901268005,0.04445475712418556
b01_numeric_distortion,Evaluate the short factual answer below for the given knowledge item.,numeric_distortion,truthful_b01_numeric_distortion,hallucinated_b01_numeric_distortion,The short answer is: Mercury is the planet closest to the Sun. It has the shortest orbital period in the Solar System.,The short answer is: Mercury is the second planet closest to the Sun. It has the shortest orbital period in the Solar System.,0.1962934136390686,b01,-0.351903,-0.1526903,2.5621953,1.8576196,0.10901705175638199,0.15219832956790924,-0.04318127781152725,0.07683465629816055,0.006968634203076363,0.02758551947772503,0.10901705175638199,0.15219832956790924
b01_role_inversion,Evaluate the short factual answer below for the given knowledge item.,role_inversion,truthful_b01_role_inversion,hallucinated_b01_role_inversion,The relevant fact is that mercury is the planet closest to the Sun. It has the shortest orbital period in the Solar System.,The relevant fact is that the Sun is the object closest to Mercury rather than Mercury being the planet closest to the Sun. It has the shortest orbital period in the Solar System.,0.2507108747959137,b01,-0.047949374,-0.22123487,2.5566025,3.3453028,0.1479487270116806,0.08714792132377625,0.06080080568790436,0.05716946721076965,0.0077966307289898396,0.059544581919908524,0.08714792132377625,0.1479487270116806
b02_causal_substitution,Evaluate the short factual answer below for the given knowledge item.,causal_substitution,truthful_b02_causal_substitution,hallucinated_b02_causal_substitution,The relevant fact is that the heart is the organ that pumps blood through the human body. Its contractions drive circulation through the vascular system.,The relevant fact is that the heart is the organ that pumps blood through the human body because it stores oxygen like a reservoir. Its contractions drive circulation through the vascular system.,0.25112250447273254,b02,-0.872938,0.28173074,1.9190664,0.17155075,0.12117484211921692,0.228323295712471,-0.10714845359325409,0.12117484211921692,0.05212351679801941,0.019129496067762375,0.11423929035663605,0.228323295712471
b02_definition_substitution,Evaluate the short factual answer below for the given knowledge item.,definition_substitution,truthful_b02_definition_substitution,hallucinated_b02_definition_substitution,"In this case, the heart is the organ that pumps blood through the human body. Its contractions drive circulation through the vascular system.","In this case, the heart is the gland that pumps blood through the human body. Its contractions drive circulation through the vascular system.",0.24104857444763184,b02,-0.11822945,-0.4284706,2.5964575,3.0698924,0.027090169489383698,0.14779417216777802,-0.12070400267839432,0.031192602589726448,0.027090169489383698,0.05995435640215874,0.11645738035440445,0.14779417216777802
b02_entity_swap,Evaluate the short factual answer below for the given knowledge item.,entity_swap,truthful_b02_entity_swap,hallucinated_b02_entity_swap,The short answer is: The heart is the organ that pumps blood through the human body. Its contractions drive circulation through the vascular system.,The short answer is: The liver is the organ that pumps blood through the human body. Its contractions drive circulation through the vascular system.,0.6170546412467957,b02,0.27442378,-0.30860788,5.0850434,5.655242,0.04979797825217247,0.08747335523366928,-0.03767537698149681,0.030622776597738266,0.015707653015851974,0.04979797825217247,0.08586262911558151,0.08747335523366928
b02_numeric_distortion,Evaluate the short factual answer below for the given knowledge item.,numeric_distortion,truthful_b02_numeric_distortion,hallucinated_b02_numeric_distortion,A concise response would be that the heart is the organ that pumps blood through the human body. Its contractions drive circulation through the vascular system.,A concise response would be that the heart is the organ that pumps blood through the human body's three main chambers. Its contractions drive circulation through the vascular system.,0.348931223154068,b02,-1.5751042,-1.9892664,-1.0678968,2.1234028,0.4740866720676422,0.13874997198581696,0.33533670008182526,0.06963004916906357,0.021097049117088318,0.02469733916223049,0.4740866720676422,0.13874997198581696
b02_role_inversion,Evaluate the short factual answer below for the given knowledge item.,role_inversion,truthful_b02_role_inversion,hallucinated_b02_role_inversion,Briefly: the heart is the organ that pumps blood through the human body. Its contractions drive circulation through the vascular system.,Briefly: blood pumps the heart through the human body rather than the heart pumping blood through the body. Its contractions drive circulation through the vascular system.,0.551349937915802,b02,-0.14384817,-0.05500185,5.2674007,3.8060977,0.08237890899181366,0.13239087164402008,-0.05001196265220642,0.08603629469871521,0.03738316521048546,0.007096270564943552,0.13239087164402008,0.08237890899181366
b03_causal_substitution,Evaluate the short factual answer below for the given knowledge item.,causal_substitution,truthful_b03_causal_substitution,hallucinated_b03_causal_substitution,Briefly: gold has the chemical symbol Au. The abbreviation comes from the Latin word aurum.,Briefly: gold has the chemical symbol Au because its atoms are heavier than silver. The abbreviation comes from the Latin word aurum.,0.32151472568511963,b03,-0.5135707,0.23934658,2.605945,0.4976798,0.13044190406799316,0.15253907442092896,-0.02209717035293579,0.13044190406799316,0.05904403701424599,0.019441381096839905,0.13543854653835297,0.15253907442092896
b03_definition_substitution,Evaluate the short factual answer below for the given knowledge item.,definition_substitution,truthful_b03_definition_substitution,hallucinated_b03_definition_substitution,The relevant fact is that gold has the chemical symbol Au. The abbreviation comes from the Latin word aurum.,The relevant fact is that gold has the chemical formula Au. The abbreviation comes from the Latin word aurum.,0.16634944081306458,b03,-0.93769056,-0.38188437,1.4722936,0.998491,0.0156782865524292,0.22990576922893524,-0.21422748267650604,0.08602054417133331,0.0156782865524292,0.04009110480546951,0.16724158823490143,0.22990576922893524
b03_entity_swap,Evaluate the short factual answer below for the given knowledge item.,entity_swap,truthful_b03_entity_swap,hallucinated_b03_entity_swap,A concise response would be that gold has the chemical symbol Au. The abbreviation comes from the Latin word aurum.,A concise response would be that gold has the chemical symbol Ag. The abbreviation comes from the Latin word aurum.,0.23089714348316193,b03,-0.68708646,0.06680963,2.4073477,1.0842742,0.006287779659032822,0.18587781488895416,-0.17959003522992134,0.09392789006233215,0.028341112658381462,0.006287779659032822,0.11290796846151352,0.18587781488895416
b03_numeric_distortion,Evaluate the short factual answer below for the given knowledge item.,numeric_distortion,truthful_b03_numeric_distortion,hallucinated_b03_numeric_distortion,"In this case, gold has the chemical symbol Au. The abbreviation comes from the Latin word aurum.","In this case, gold has the chemical symbol Au2. The abbreviation comes from the Latin word aurum.",0.20023629069328308,b03,-1.1305757,0.24414623,1.0524596,-1.3184422,0.07741107791662216,0.29070335626602173,-0.21329227834939957,0.09493017941713333,0.025874419137835503,0.012673108838498592,0.07741107791662216,0.29070335626602173
b03_role_inversion,Evaluate the short factual answer below for the given knowledge item.,role_inversion,truthful_b03_role_inversion,hallucinated_b03_role_inversion,Gold has the chemical symbol Au. The abbreviation comes from the Latin word aurum.,Au has the chemical symbol gold rather than gold having the chemical symbol Au. The abbreviation comes from the Latin word aurum.,0.3744698762893677,b03,-0.052233554,0.06732845,4.439048,4.1602907,0.1019616574048996,0.08584219217300415,0.016119465231895447,0.07837233692407608,0.023082124069333076,0.013972579501569271,0.08584219217300415,0.1019616574048996
b04_causal_substitution,Evaluate the short factual answer below for the given knowledge item.,causal_substitution,truthful_b04_causal_substitution,hallucinated_b04_causal_substitution,Lisbon is the capital of Portugal. It lies on the western side of the Iberian Peninsula.,Lisbon is the capital of Portugal because it is the country's tallest mountain. It lies on the western side of the Iberian Peninsula.,0.4067886769771576,b04,-0.4573024,1.1529202,3.4317255,-1.7730653,0.28284698724746704,0.13093751668930054,0.1519094705581665,0.28284698724746704,0.043755970895290375,0.012222442775964737,0.10573926568031311,0.13093751668930054
b04_definition_substitution,Evaluate the short factual answer below for the given knowledge item.,definition_substitution,truthful_b04_definition_substitution,hallucinated_b04_definition_substitution,Briefly: lisbon is the capital of Portugal. It lies on the western side of the Iberian Peninsula.,Briefly: lisbon is the largest province of Portugal. It lies on the western side of the Iberian Peninsula.,0.38753825426101685,b04,0.24589866,0.2411365,3.642088,4.726138,0.052872054278850555,0.11600993573665619,-0.06313788145780563,0.046225909143686295,0.052872054278850555,0.03901175409555435,0.03142095357179642,0.11600993573665619
b04_entity_swap,Evaluate the short factual answer below for the given knowledge item.,entity_swap,truthful_b04_entity_swap,hallucinated_b04_entity_swap,"In this case, lisbon is the capital of Portugal. It lies on the western side of the Iberian Peninsula.","In this case, madrid is the capital of Portugal. It lies on the western side of the Iberian Peninsula.",0.5697066187858582,b04,0.6218078,-0.09871908,6.8902597,6.3664093,0.08314026147127151,0.07714495807886124,0.005995303392410278,0.053078994154930115,0.01884656399488449,0.08314026147127151,0.05451691895723343,0.07714495807886124
b04_numeric_distortion,Evaluate the short factual answer below for the given knowledge item.,numeric_distortion,truthful_b04_numeric_distortion,hallucinated_b04_numeric_distortion,The relevant fact is that lisbon is the capital of Portugal. It lies on the western side of the Iberian Peninsula.,The relevant fact is that lisbon is one of the two capitals of Portugal. It lies on the western side of the Iberian Peninsula.,0.199143186211586,b04,-0.28648093,0.41999087,2.5401611,-0.12684274,0.04733508452773094,0.22356966137886047,-0.17623457685112953,0.1331806778907776,0.023616230115294456,0.0786338597536087,0.04733508452773094,0.22356966137886047
b04_role_inversion,Evaluate the short factual answer below for the given knowledge item.,role_inversion,truthful_b04_role_inversion,hallucinated_b04_role_inversion,The short answer is: Lisbon is the capital of Portugal. It lies on the western side of the Iberian Peninsula.,The short answer is: Portugal is the capital of Lisbon rather than Lisbon being the capital of Portugal. It lies on the western side of the Iberian Peninsula.,0.4278746545314789,b04,0.032804,-0.106224366,5.318355,4.2387633,0.07244040817022324,0.10736482590436935,-0.03492441773414612,0.07095739245414734,0.017312228679656982,0.01189445611089468,0.10736482590436935,0.07244040817022324
b05_causal_substitution,Evaluate the short factual answer below for the given knowledge item.,causal_substitution,truthful_b05_causal_substitution,hallucinated_b05_causal_substitution,The short answer is: Day and night alternate because Earth rotates on its axis. The cycle repeats over roughly twenty-four hours.,The short answer is: Day and night alternate because the Moon covers different parts of the sky on a schedule. The cycle repeats over roughly twenty-four hours.,0.3577835261821747,b05,0.12219382,0.8959026,3.011263,-0.7885954,0.2098643183708191,0.1831076443195343,0.02675667405128479,0.2098643183708191,0.032257162034511566,0.10639485716819763,0.026824090629816055,0.1831076443195343
b05_definition_substitution,Evaluate the short factual answer below for the given knowledge item.,definition_substitution,truthful_b05_definition_substitution,hallucinated_b05_definition_substitution,Day and night alternate because Earth rotates on its axis. The cycle repeats over roughly twenty-four hours.,Day and night alternate because Earth revolves on its axis. The cycle repeats over roughly twenty-four hours.,0.07289675623178482,b05,0.63605577,-0.36907563,7.693341,8.599974,0.060243699699640274,0.215114563703537,-0.1548708640038967,0.08854018896818161,0.060243699699640274,0.215114563703537,0.118602454662323,0.16631753742694855
b05_entity_swap,Evaluate the short factual answer below for the given knowledge item.,entity_swap,truthful_b05_entity_swap,hallucinated_b05_entity_swap,The relevant fact is that day and night alternate because Earth rotates on its axis. The cycle repeats over roughly twenty-four hours.,The relevant fact is that day and night alternate because Mars rotates on its axis. The cycle repeats over roughly twenty-four hours.,0.6341157555580139,b05,2.6463227,-0.9669113,9.953887,8.75237,0.4897916316986084,0.1509087234735489,0.3388829082250595,0.020315799862146378,0.07358558475971222,0.4897916316986084,0.043526094406843185,0.1509087234735489
b05_numeric_distortion,Evaluate the short factual answer below for the given knowledge item.,numeric_distortion,truthful_b05_numeric_distortion,hallucinated_b05_numeric_distortion,Briefly: day and night alternate because Earth rotates on its axis. The cycle repeats over roughly twenty-four hours.,Briefly: day and night alternate because Earth rotates on its axis every twelve hours. The cycle repeats over roughly twenty-four hours.,0.1272658407688141,b05,0.6392574,-0.30459547,7.6371827,7.5602994,0.12303856015205383,0.1529543548822403,-0.029915794730186462,0.08565723896026611,0.05111534520983696,0.1529543548822403,0.12303856015205383,0.10018769651651382
b05_role_inversion,Evaluate the short factual answer below for the given knowledge item.,role_inversion,truthful_b05_role_inversion,hallucinated_b05_role_inversion,A concise response would be that day and night alternate because Earth rotates on its axis. The cycle repeats over roughly twenty-four hours.,A concise response would be that earth rotates because day and night alternate rather than day and night alternating because Earth rotates. The cycle repeats over roughly twenty-four hours.,0.579706072807312,b05,-1.0280558,0.30312756,0.6153924,-1.5749049,0.3355240225791931,0.07660958915948868,0.25891443341970444,0.07660958915948868,0.061156246811151505,0.05657393857836723,0.05644733086228371,0.3355240225791931
b06_causal_substitution,Evaluate the short factual answer below for the given knowledge item.,causal_substitution,truthful_b06_causal_substitution,hallucinated_b06_causal_substitution,A concise response would be that jane Austen wrote Pride and Prejudice. The novel is a standard work in English literature courses.,A concise response would be that jane Austen wrote Pride and Prejudice because the title was assigned to her by a royal court. The novel is a standard work in English literature courses.,0.7095414400100708,b06,-0.73812646,4.5014534,4.0680857,-2.6041899,0.8888185024261475,0.13077135384082794,0.7580471485853195,0.8888185024261475,0.040903836488723755,0.02889145351946354,0.07245234400033951,0.13077135384082794
b06_definition_substitution,Evaluate the short factual answer below for the given knowledge item.,definition_substitution,truthful_b06_definition_substitution,hallucinated_b06_definition_substitution,The short answer is: Jane Austen wrote Pride and Prejudice. The novel is a standard work in English literature courses.,The short answer is: Jane Austen translated Pride and Prejudice. The novel is a standard work in English literature courses.,0.4928281009197235,b06,-0.0956961,1.7795812,3.4514978,-1.3735319,0.1679530143737793,0.22055530548095703,-0.052602291107177734,0.22055530548095703,0.1679530143737793,0.006007480900734663,0.02413926087319851,0.1314878910779953
b06_entity_swap,Evaluate the short factual answer below for the given knowledge item.,entity_swap,truthful_b06_entity_swap,hallucinated_b06_entity_swap,Briefly: jane Austen wrote Pride and Prejudice. The novel is a standard work in English literature courses.,Briefly: charlotte Bronte wrote Pride and Prejudice. The novel is a standard work in English literature courses.,0.35299426317214966,b06,0.08981528,1.0051894,3.1344664,-1.2337027,0.047336284071207047,0.22201991081237793,-0.17468362674117088,0.22201991081237793,0.022161215543746948,0.047336284071207047,0.036035895347595215,0.12111122906208038
b06_numeric_distortion,Evaluate the short factual answer below for the given knowledge item.,numeric_distortion,truthful_b06_numeric_distortion,hallucinated_b06_numeric_distortion,Jane Austen wrote Pride and Prejudice. The novel is a standard work in English literature courses.,Jane Austen wrote the three-volume poem Pride and Prejudice. The novel is a standard work in English literature courses.,0.3775564730167389,b06,-0.62198067,0.22532679,3.322274,-0.8005186,0.16919538378715515,0.1942467987537384,-0.025051414966583252,0.1942467987537384,0.01649523712694645,0.019028164446353912,0.16919538378715515,0.13752132654190063
b06_role_inversion,Evaluate the short factual answer below for the given knowledge item.,role_inversion,truthful_b06_role_inversion,hallucinated_b06_role_inversion,"In this case, jane Austen wrote Pride and Prejudice. The novel is a standard work in English literature courses.","In this case, pride and Prejudice wrote Jane Austen rather than Jane Austen writing Pride and Prejudice. The novel is a standard work in English literature courses.",0.6236276626586914,b06,-0.8253798,0.06302232,1.5299037,-1.3402661,0.2611097991466522,0.06120212376117706,0.19990767538547516,0.042041752487421036,0.034234922379255295,0.017790477722883224,0.06120212376117706,0.2611097991466522
b07_causal_substitution,Evaluate the short factual answer below for the given knowledge item.,causal_substitution,truthful_b07_causal_substitution,hallucinated_b07_causal_substitution,"In this case, the mantle is the layer directly beneath Earth's crust. It is made largely of hot rock over geological timescales.","In this case, the mantle is the layer directly beneath Earth's crust because sunlight pushes it downward. It is made largely of hot rock over geological timescales.",0.19566309452056885,b07,-0.5114051,-0.10377344,1.4868267,-0.3331136,0.041907839477062225,0.250246524810791,-0.2083386853337288,0.041907839477062225,0.06348232179880142,0.07618065923452377,0.08976682275533676,0.250246524810791
b07_definition_substitution,Evaluate the short factual answer below for the given knowledge item.,definition_substitution,truthful_b07_definition_substitution,hallucinated_b07_definition_substitution,A concise response would be that the mantle is the layer directly beneath Earth's crust. It is made largely of hot rock over geological timescales.,A concise response would be that the mantle is the atmosphere directly beneath Earth's crust. It is made largely of hot rock over geological timescales.,0.2730798125267029,b07,0.022931948,0.08947136,4.7683105,1.8622575,0.09326307475566864,0.16577427089214325,-0.07251119613647461,0.025559378787875175,0.09326307475566864,0.06320273131132126,0.06312812119722366,0.16577427089214325
b07_entity_swap,Evaluate the short factual answer below for the given knowledge item.,entity_swap,truthful_b07_entity_swap,hallucinated_b07_entity_swap,The mantle is the layer directly beneath Earth's crust. It is made largely of hot rock over geological timescales.,The core is the layer directly beneath Earth's crust. It is made largely of hot rock over geological timescales.,0.7192088961601257,b07,1.647686,-0.9098113,8.712441,7.906268,0.25334569811820984,0.10502978414297104,0.1483159139752388,0.013949455693364143,0.036820825189352036,0.25334569811820984,0.10502978414297104,0.046313706785440445
b07_numeric_distortion,Evaluate the short factual answer below for the given knowledge item.,numeric_distortion,truthful_b07_numeric_distortion,hallucinated_b07_numeric_distortion,The short answer is: The mantle is the layer directly beneath Earth's crust. It is made largely of hot rock over geological timescales.,The short answer is: The mantle is the second layer directly beneath Earth's crust. It is made largely of hot rock over geological timescales.,0.2556114196777344,b07,-1.2706503,-1.6144702,-0.13160701,1.9221485,0.3525311052799225,0.19090329110622406,0.16162781417369843,0.03672831133008003,0.01734481379389763,0.05029391124844551,0.3525311052799225,0.19090329110622406
b07_role_inversion,Evaluate the short factual answer below for the given knowledge item.,role_inversion,truthful_b07_role_inversion,hallucinated_b07_role_inversion,The relevant fact is that the mantle is the layer directly beneath Earth's crust. It is made largely of hot rock over geological timescales.,The relevant fact is that earth's crust is the layer directly beneath the mantle rather than the mantle being directly beneath the crust. It is made largely of hot rock over geological timescales.,0.4538510739803314,b07,-0.26944074,-0.33410153,2.7805936,3.61643,0.14287211000919342,0.0988379493355751,0.04403416067361832,0.023946624249219894,0.013446332886815071,0.018298644572496414,0.0988379493355751,0.14287211000919342
b08_causal_substitution,Evaluate the short factual answer below for the given knowledge item.,causal_substitution,truthful_b08_causal_substitution,hallucinated_b08_causal_substitution,The relevant fact is that a thermometer measures body temperature. Clinicians use it when checking for fever.,The relevant fact is that a thermometer measures body temperature because it listens to the heartbeat. Clinicians use it when checking for fever.,0.24087342619895935,b08,-0.47443017,-0.1650613,2.8164525,1.4493892,0.05011419951915741,0.20302370190620422,-0.15290950238704681,0.05011419951915741,0.01936822012066841,0.04019353166222572,0.08940121531486511,0.20302370190620422
b08_definition_substitution,Evaluate the short factual answer below for the given knowledge item.,definition_substitution,truthful_b08_definition_substitution,hallucinated_b08_definition_substitution,"In this case, a thermometer measures body temperature. Clinicians use it when checking for fever.","In this case, a thermometer is a treatment for body temperature. Clinicians use it when checking for fever.",0.30210378766059875,b08,0.26427794,-0.054985743,3.1031375,4.6721263,0.024793706834316254,0.14263585209846497,-0.11784214526414871,0.03601209446787834,0.024793706834316254,0.07440587878227234,0.039312899112701416,0.14263585209846497
b08_entity_swap,Evaluate the short factual answer below for the given knowledge item.,entity_swap,truthful_b08_entity_swap,hallucinated_b08_entity_swap,The short answer is: A thermometer measures body temperature. Clinicians use it when checking for fever.,The short answer is: A stethoscope measures body temperature. Clinicians use it when checking for fever.,0.6009726524353027,b08,0.6829354,-0.5114998,7.503276,7.4966383,0.14507094025611877,0.10388272255659103,0.04118821769952774,0.040469590574502945,0.025265472009778023,0.14507094025611877,0.09875354915857315,0.10388272255659103
b08_numeric_distortion,Evaluate the short factual answer below for the given knowledge item.,numeric_distortion,truthful_b08_numeric_distortion,hallucinated_b08_numeric_distortion,A concise response would be that a thermometer measures body temperature. Clinicians use it when checking for fever.,A concise response would be that a thermometer measures the body's ten-point temperature scale. Clinicians use it when checking for fever.,0.36850911378860474,b08,-0.9474492,-2.418946,-0.97213537,2.2153182,0.4751300513744354,0.10313424468040466,0.37199580669403076,0.023490160703659058,0.01909594237804413,0.09182725101709366,0.4751300513744354,0.10313424468040466
b08_role_inversion,Evaluate the short factual answer below for the given knowledge item.,role_inversion,truthful_b08_role_inversion,hallucinated_b08_role_inversion,Briefly: a thermometer measures body temperature. Clinicians use it when checking for fever.,Briefly: body temperature measures a thermometer rather than a thermometer measuring body temperature. Clinicians use it when checking for fever.,0.5513882637023926,b08,0.40753585,0.19764975,5.162368,4.853703,0.05153268948197365,0.07196266949176788,-0.020429980009794235,0.07196266949176788,0.022015735507011414,0.01942388527095318,0.04851415380835533,0.05153268948197365
b09_causal_substitution,Evaluate the short factual answer below for the given knowledge item.,causal_substitution,truthful_b09_causal_substitution,hallucinated_b09_causal_substitution,Briefly: the Bill of Rights contains ten amendments. These amendments protect a set of foundational civil liberties.,Briefly: the Bill of Rights contains ten amendments because the Supreme Court rewrites them daily. These amendments protect a set of foundational civil liberties.,0.38248398900032043,b09,-0.43490967,0.44117448,2.963799,-0.16817904,0.1577906310558319,0.14526350796222687,0.012527123093605042,0.1577906310558319,0.014759253710508347,0.007419238798320293,0.09316225349903107,0.14526350796222687
b09_definition_substitution,Evaluate the short factual answer below for the given knowledge item.,definition_substitution,truthful_b09_definition_substitution,hallucinated_b09_definition_substitution,The relevant fact is that the Bill of Rights contains ten amendments. These amendments protect a set of foundational civil liberties.,The relevant fact is that the Bill of Rights contains ten court rulings. These amendments protect a set of foundational civil liberties.,0.36296552419662476,b09,-0.44100988,0.03192244,4.2275333,1.0668644,0.07268915325403214,0.21405792236328125,-0.14136876910924911,0.028540903702378273,0.07268915325403214,0.0395570769906044,0.07325973361730576,0.21405792236328125
b09_entity_swap,Evaluate the short factual answer below for the given knowledge item.,entity_swap,truthful_b09_entity_swap,hallucinated_b09_entity_swap,A concise response would be that the Bill of Rights contains ten amendments. These amendments protect a set of foundational civil liberties.,A concise response would be that the Constitution contains ten amendments. These amendments protect a set of foundational civil liberties.,0.47390252351760864,b09,-0.0918396,-0.08149677,2.8654366,4.125442,0.036014992743730545,0.1452339142560959,-0.10921892151236534,0.045950982719659805,0.020539049059152603,0.036014992743730545,0.06982266157865524,0.1452339142560959
b09_numeric_distortion,Evaluate the short factual answer below for the given knowledge item.,numeric_distortion,truthful_b09_numeric_distortion,hallucinated_b09_numeric_distortion,"In this case, the Bill of Rights contains ten amendments. These amendments protect a set of foundational civil liberties.","In this case, the Bill of Rights contains twelve amendments. These amendments protect a set of foundational civil liberties.",0.347432941198349,b09,-1.9925059,-2.5862784,-1.4782209,2.150467,0.5379275679588318,0.18090568482875824,0.35702188313007355,0.020076507702469826,0.019139142706990242,0.026929643005132675,0.5379275679588318,0.18090568482875824
b09_role_inversion,Evaluate the short factual answer below for the given knowledge item.,role_inversion,truthful_b09_role_inversion,hallucinated_b09_role_inversion,The Bill of Rights contains ten amendments. These amendments protect a set of foundational civil liberties.,Ten amendments contain the Bill of Rights rather than the Bill of Rights containing ten amendments. These amendments protect a set of foundational civil liberties.,0.5793958902359009,b09,-0.5588357,-0.3229642,2.2482965,2.1397502,0.16006259620189667,0.13600881397724152,0.02405378222465515,0.054125476628541946,0.01861039735376835,0.012081249617040157,0.13600881397724152,0.16006259620189667
b10_causal_substitution,Evaluate the short factual answer below for the given knowledge item.,causal_substitution,truthful_b10_causal_substitution,hallucinated_b10_causal_substitution,An antonym is a word with an opposite meaning. This concept is taught in basic vocabulary study.,An antonym is a word with an opposite meaning because opposite words always rhyme. This concept is taught in basic vocabulary study.,0.3544063866138458,b10,0.032278556,0.24412492,4.3906946,3.9563308,0.10018009692430496,0.10437009483575821,-0.004189997911453247,0.10018009692430496,0.047056645154953,0.03179198503494263,0.08546999096870422,0.10437009483575821
b10_definition_substitution,Evaluate the short factual answer below for the given knowledge item.,definition_substitution,truthful_b10_definition_substitution,hallucinated_b10_definition_substitution,Briefly: an antonym is a word with an opposite meaning. This concept is taught in basic vocabulary study.,Briefly: an antonym is a sentence with an opposite meaning. This concept is taught in basic vocabulary study.,0.2341623455286026,b10,0.14246352,-0.10668946,4.68805,5.110064,0.057280488312244415,0.09719233959913254,-0.03991185128688812,0.0298630278557539,0.057280488312244415,0.012901208363473415,0.09719233959913254,0.06987855583429337
b10_entity_swap,Evaluate the short factual answer below for the given knowledge item.,entity_swap,truthful_b10_entity_swap,hallucinated_b10_entity_swap,"In this case, an antonym is a word with an opposite meaning. This concept is taught in basic vocabulary study.","In this case, a synonym is a word with an opposite meaning. This concept is taught in basic vocabulary study.",0.7072038054466248,b10,0.9027372,-0.26272738,6.5696297,6.5386477,0.10413927584886551,0.07335817813873291,0.0307810977101326,0.012054729275405407,0.006888804025948048,0.10413927584886551,0.023663220927119255,0.07335817813873291
b10_numeric_distortion,Evaluate the short factual answer below for the given knowledge item.,numeric_distortion,truthful_b10_numeric_distortion,hallucinated_b10_numeric_distortion,The relevant fact is that an antonym is a word with an opposite meaning. This concept is taught in basic vocabulary study.,The relevant fact is that an antonym is a word with two opposite meanings at once. This concept is taught in basic vocabulary study.,0.2241254448890686,b10,-0.30401558,0.57685053,3.4199471,0.6992652,0.04479087516665459,0.17559464275836945,-0.13080376759171486,0.10619641840457916,0.0592229925096035,0.019552068784832954,0.04479087516665459,0.17559464275836945
b10_role_inversion,Evaluate the short factual answer below for the given knowledge item.,role_inversion,truthful_b10_role_inversion,hallucinated_b10_role_inversion,The short answer is: An antonym is a word with an opposite meaning. This concept is taught in basic vocabulary study.,The short answer is: An opposite meaning is a word with an antonym rather than an antonym being a word with an opposite meaning. This concept is taught in basic vocabulary study.,0.4570390284061432,b10,0.1817302,-0.1591921,4.9724083,5.4810433,0.08588235080242157,0.053758226335048676,0.032124124467372894,0.014580375514924526,0.010054653510451317,0.010768294334411621,0.053758226335048676,0.08588235080242157
b11_causal_substitution,Evaluate the short factual answer below for the given knowledge item.,causal_substitution,truthful_b11_causal_substitution,hallucinated_b11_causal_substitution,The short answer is: A triangle has three sides. This is one of the most basic geometric definitions.,The short answer is: A triangle has three sides because parallel lines force it to close that way. This is one of the most basic geometric definitions.,0.36053764820098877,b11,0.21995695,0.28500378,3.0844162,0.504357,0.11096920818090439,0.1591721922159195,-0.048202984035015106,0.11096920818090439,0.027646899223327637,0.09611725807189941,0.04351861774921417,0.1591721922159195
b11_definition_substitution,Evaluate the short factual answer below for the given knowledge item.,definition_substitution,truthful_b11_definition_substitution,hallucinated_b11_definition_substitution,A triangle has three sides. This is one of the most basic geometric definitions.,A triangle is a curve with three sides. This is one of the most basic geometric definitions.,0.4214772880077362,b11,0.36586776,0.51026666,3.186623,0.1992527,0.10247747600078583,0.1622283160686493,-0.059750840067863464,0.1193985790014267,0.10247747600078583,0.12681008875370026,0.05582311749458313,0.1622283160686493
b11_entity_swap,Evaluate the short factual answer below for the given knowledge item.,entity_swap,truthful_b11_entity_swap,hallucinated_b11_entity_swap,The relevant fact is that a triangle has three sides. This is one of the most basic geometric definitions.,The relevant fact is that a square has three sides. This is one of the most basic geometric definitions.,0.7940375208854675,b11,2.663675,-0.76515794,9.794076,8.650449,0.4309999942779541,0.09305866062641144,0.33794133365154266,0.04685568809509277,0.0339861698448658,0.4309999942779541,0.02511417865753174,0.09305866062641144
b11_numeric_distortion,Evaluate the short factual answer below for the given knowledge item.,numeric_distortion,truthful_b11_numeric_distortion,hallucinated_b11_numeric_distortion,Briefly: a triangle has three sides. This is one of the most basic geometric definitions.,Briefly: a triangle has four sides. This is one of the most basic geometric definitions.,0.30610334873199463,b11,-0.45985124,-0.44294614,1.4930161,-0.13937369,0.10447916388511658,0.24635344743728638,-0.1418742835521698,0.04557671770453453,0.00784983579069376,0.0953705832362175,0.10447916388511658,0.24635344743728638
b11_role_inversion,Evaluate the short factual answer below for the given knowledge item.,role_inversion,truthful_b11_role_inversion,hallucinated_b11_role_inversion,A concise response would be that a triangle has three sides. This is one of the most basic geometric definitions.,A concise response would be that three sides have a triangle rather than a triangle having three sides. This is one of the most basic geometric definitions.,0.627242386341095,b11,-0.42519057,0.18683343,3.4513817,1.1489241,0.21614991128444672,0.06645893305540085,0.14969097822904587,0.06645893305540085,0.01049125287681818,0.031336214393377304,0.03479890152812004,0.21614991128444672
b12_causal_substitution,Evaluate the short factual answer below for the given knowledge item.,causal_substitution,truthful_b12_causal_substitution,hallucinated_b12_causal_substitution,A concise response would be that a standard violin has four strings. The instrument is commonly tuned in fifths.,A concise response would be that a standard violin has four strings because the wood grain grows in quarters. The instrument is commonly tuned in fifths.,0.3081604838371277,b12,-0.104993746,0.3590922,3.4318793,1.3474587,0.0745282843708992,0.1676226407289505,-0.0930943563580513,0.0745282843708992,0.039947234094142914,0.034575555473566055,0.03088962659239769,0.1676226407289505
b12_definition_substitution,Evaluate the short factual answer below for the given knowledge item.,definition_substitution,truthful_b12_definition_substitution,hallucinated_b12_definition_substitution,The short answer is: A standard violin has four strings. The instrument is commonly tuned in fifths.,The short answer is: A standard violin has four keys. The instrument is commonly tuned in fifths.,0.5187997817993164,b12,0.4332262,0.7691391,6.261669,1.4787437,0.2817133069038391,0.10339298844337463,0.17832031846046448,0.012841868214309216,0.2817133069038391,0.06032876670360565,0.07279758155345917,0.10339298844337463
b12_entity_swap,Evaluate the short factual answer below for the given knowledge item.,entity_swap,truthful_b12_entity_swap,hallucinated_b12_entity_swap,Briefly: a standard violin has four strings. The instrument is commonly tuned in fifths.,Briefly: a standard cello has four strings. The instrument is commonly tuned in fifths.,0.5921632647514343,b12,1.7632775,-0.21226169,8.516638,7.1441603,0.21498118340969086,0.043362151831388474,0.17161903157830238,0.040918368846178055,0.043362151831388474,0.21498118340969086,0.0200344305485487,0.03677884116768837
b12_numeric_distortion,Evaluate the short factual answer below for the given knowledge item.,numeric_distortion,truthful_b12_numeric_distortion,hallucinated_b12_numeric_distortion,A standard violin has four strings. The instrument is commonly tuned in fifths.,A standard violin has five strings. The instrument is commonly tuned in fifths.,0.20501701533794403,b12,-0.64737785,-0.85927844,0.6769198,2.1215184,0.215081125497818,0.12901568412780762,0.08606544137001038,0.03798807039856911,0.009237072430551052,0.012875407934188843,0.215081125497818,0.12901568412780762
b12_role_inversion,Evaluate the short factual answer below for the given knowledge item.,role_inversion,truthful_b12_role_inversion,hallucinated_b12_role_inversion,"In this case, a standard violin has four strings. The instrument is commonly tuned in fifths.","In this case, four strings have a standard violin rather than a standard violin having four strings. The instrument is commonly tuned in fifths.",0.3895604908466339,b12,0.28515756,0.061376218,5.4436255,4.4918275,0.05431564152240753,0.08460353314876556,-0.030287891626358032,0.07701914012432098,0.029083581641316414,0.02331823669373989,0.08460353314876556,0.05431564152240753
b13_causal_substitution,Evaluate the short factual answer below for the given knowledge item.,causal_substitution,truthful_b13_causal_substitution,hallucinated_b13_causal_substitution,"In this case, binary uses the digits 0 and 1. This representation underlies digital computation.","In this case, binary uses the digits 0 and 1 because processors can only display two colors. This representation underlies digital computation.",0.4195249676704407,b13,-0.05016409,2.5039864,3.754608,-2.3314705,0.402578204870224,0.1772100329399109,0.2253681719303131,0.402578204870224,0.1772100329399109,0.03169830143451691,0.06674345582723618,0.09816120564937592
b13_definition_substitution,Evaluate the short factual answer below for the given knowledge item.,definition_substitution,truthful_b13_definition_substitution,hallucinated_b13_definition_substitution,A concise response would be that binary uses the digits 0 and 1. This representation underlies digital computation.,A concise response would be that binary uses the letters 0 and 1. This representation underlies digital computation.,0.22493566572666168,b13,-0.060968343,-0.15483433,4.531444,2.693232,0.10948023945093155,0.13900238275527954,-0.029522143304347992,0.03653369098901749,0.10948023945093155,0.0541033111512661,0.13900238275527954,0.12425004690885544
b13_entity_swap,Evaluate the short factual answer below for the given knowledge item.,entity_swap,truthful_b13_entity_swap,hallucinated_b13_entity_swap,Binary uses the digits 0 and 1. This representation underlies digital computation.,Decimal uses the digits 0 and 1. This representation underlies digital computation.,0.7636493444442749,b13,0.8082949,-0.044910964,7.346019,6.628156,0.1116122305393219,0.08372894674539566,0.02788328379392624,0.08372894674539566,0.03284367173910141,0.1116122305393219,0.07342299073934555,0.05861847475171089
b13_numeric_distortion,Evaluate the short factual answer below for the given knowledge item.,numeric_distortion,truthful_b13_numeric_distortion,hallucinated_b13_numeric_distortion,The short answer is: Binary uses the digits 0 and 1. This representation underlies digital computation.,"The short answer is: Binary uses the digits 0, 1, and 2. This representation underlies digital computation.",0.08369480818510056,b13,-0.34911975,-0.7002507,0.9941612,1.5402286,0.20176656544208527,0.20182447135448456,-5.790591239929199e-05,0.04330303892493248,0.08468382060527802,0.1230480968952179,0.20176656544208527,0.20182447135448456
b13_role_inversion,Evaluate the short factual answer below for the given knowledge item.,role_inversion,truthful_b13_role_inversion,hallucinated_b13_role_inversion,The relevant fact is that binary uses the digits 0 and 1. This representation underlies digital computation.,The relevant fact is that the digits 0 and 1 use binary rather than binary using the digits 0 and 1. This representation underlies digital computation.,0.3065969944000244,b13,0.100868315,0.19712755,4.242288,4.3111086,0.10282298922538757,0.0781671404838562,0.024655848741531372,0.0781671404838562,0.023350264877080917,0.022981151938438416,0.056128859519958496,0.10282298922538757
b14_causal_substitution,Evaluate the short factual answer below for the given knowledge item.,causal_substitution,truthful_b14_causal_substitution,hallucinated_b14_causal_substitution,The relevant fact is that inflation refers to a sustained rise in the general price level. It reduces purchasing power when wages do not keep up.,The relevant fact is that inflation refers to a sustained rise in the general price level because coins become physically larger. It reduces purchasing power when wages do not keep up.,0.2876642346382141,b14,-1.665913,1.4455525,1.037745,-1.2437155,0.3179951608181,0.39749953150749207,-0.07950437068939209,0.3179951608181,0.014826049096882343,0.04459669068455696,0.053991083055734634,0.39749953150749207
b14_definition_substitution,Evaluate the short factual answer below for the given knowledge item.,definition_substitution,truthful_b14_definition_substitution,hallucinated_b14_definition_substitution,"In this case, inflation refers to a sustained rise in the general price level. It reduces purchasing power when wages do not keep up.","In this case, inflation refers to a sustained rise in the general employment level. It reduces purchasing power when wages do not keep up.",0.21332170069217682,b14,-1.07185,0.21571231,0.7736285,-1.9363787,0.05022452399134636,0.31362584233283997,-0.2634013183414936,0.0519622303545475,0.05022452399134636,0.023188401013612747,0.05402360111474991,0.31362584233283997
b14_entity_swap,Evaluate the short factual answer below for the given knowledge item.,entity_swap,truthful_b14_entity_swap,hallucinated_b14_entity_swap,The short answer is: Inflation refers to a sustained rise in the general price level. It reduces purchasing power when wages do not keep up.,The short answer is: Deflation refers to a sustained rise in the general price level. It reduces purchasing power when wages do not keep up.,0.6398448944091797,b14,0.5219376,0.051110856,3.2628195,4.857014,0.09007420390844345,0.12729501724243164,-0.03722081333398819,0.03348429501056671,0.039093825966119766,0.09007420390844345,0.019786287099123,0.12729501724243164
b14_numeric_distortion,Evaluate the short factual answer below for the given knowledge item.,numeric_distortion,truthful_b14_numeric_distortion,hallucinated_b14_numeric_distortion,A concise response would be that inflation refers to a sustained rise in the general price level. It reduces purchasing power when wages do not keep up.,A concise response would be that inflation refers to a sustained tenfold rise in the general price level. It reduces purchasing power when wages do not keep up.,0.20199823379516602,b14,-2.3089943,-0.8799805,0.6954524,0.27613539,0.278094619512558,0.37722542881965637,-0.09913080930709839,0.07342781126499176,0.027534067630767822,0.015270217321813107,0.278094619512558,0.37722542881965637
b14_role_inversion,Evaluate the short factual answer below for the given knowledge item.,role_inversion,truthful_b14_role_inversion,hallucinated_b14_role_inversion,Briefly: inflation refers to a sustained rise in the general price level. It reduces purchasing power when wages do not keep up.,Briefly: the general price level refers to inflation rather than inflation referring to the price level trend. It reduces purchasing power when wages do not keep up.,0.8415035605430603,b14,-4.753541,1.0557784,-0.15195714,-1.5222263,0.9335636496543884,0.18938732147216797,0.7441763281822205,0.18938732147216797,0.02669222094118595,0.015590518712997437,0.03669045493006706,0.9335636496543884
b15_causal_substitution,Evaluate the short factual answer below for the given knowledge item.,causal_substitution,truthful_b15_causal_substitution,hallucinated_b15_causal_substitution,Briefly: a standard basketball team has five players on the court at one time. Bench players are not counted in the live on-court lineup.,Briefly: a standard basketball team has five players on the court because each hoop requires two defenders and a referee. Bench players are not counted in the live on-court lineup.,0.24706120789051056,b15,-0.34565434,0.1607561,3.2385404,1.0266516,0.08605875819921494,0.19877466559410095,-0.11271590739488602,0.08605875819921494,0.017188601195812225,0.04478408396244049,0.05897154286503792,0.19877466559410095
b15_definition_substitution,Evaluate the short factual answer below for the given knowledge item.,definition_substitution,truthful_b15_definition_substitution,hallucinated_b15_definition_substitution,The relevant fact is that a standard basketball team has five players on the court at one time. Bench players are not counted in the live on-court lineup.,The relevant fact is that a standard basketball team has five coaches on the court at one time. Bench players are not counted in the live on-court lineup.,0.48539242148399353,b15,0.22438669,0.10556448,3.624719,4.884452,0.07154978811740875,0.11715082079172134,-0.04560103267431259,0.021074609830975533,0.07154978811740875,0.040584586560726166,0.04652193933725357,0.11715082079172134
b15_entity_swap,Evaluate the short factual answer below for the given knowledge item.,entity_swap,truthful_b15_entity_swap,hallucinated_b15_entity_swap,A concise response would be that a standard basketball team has five players on the court at one time. Bench players are not counted in the live on-court lineup.,A concise response would be that a standard soccer team has five players on the court at one time. Bench players are not counted in the live on-court lineup.,0.5152397751808167,b15,0.7918359,-0.09126029,6.65156,6.2830763,0.06481382250785828,0.05683037266135216,0.007983449846506119,0.010883843526244164,0.022203955799341202,0.06481382250785828,0.019887695088982582,0.05683037266135216
b15_numeric_distortion,Evaluate the short factual answer below for the given knowledge item.,numeric_distortion,truthful_b15_numeric_distortion,hallucinated_b15_numeric_distortion,"In this case, a standard basketball team has five players on the court at one time. Bench players are not counted in the live on-court lineup.","In this case, a standard basketball team has six players on the court at one time. Bench players are not counted in the live on-court lineup.",0.16878347098827362,b15,-0.49041745,-0.34853312,2.1578634,1.9947335,0.1286511868238449,0.18116514384746552,-0.052513957023620605,0.05098588764667511,0.022716566920280457,0.03958185017108917,0.1286511868238449,0.18116514384746552
b15_role_inversion,Evaluate the short factual answer below for the given knowledge item.,role_inversion,truthful_b15_role_inversion,hallucinated_b15_role_inversion,A standard basketball team has five players on the court at one time. Bench players are not counted in the live on-court lineup.,Five players have a basketball court at one time rather than a basketball team having five players on the court. Bench players are not counted in the live on-court lineup.,0.49194931983947754,b15,0.017841332,-0.106323145,4.8066354,5.229515,0.0920790433883667,0.0769043117761612,0.015174731612205505,0.04691113159060478,0.007660470437258482,0.0076031372882425785,0.0769043117761612,0.0920790433883667
b16_causal_substitution,Evaluate the short factual answer below for the given knowledge item.,causal_substitution,truthful_b16_causal_substitution,hallucinated_b16_causal_substitution,Vaccines help the immune system recognize pathogens in advance. This can improve protection during later exposure.,Vaccines help the immune system recognize pathogens in advance because they trap germs behind a permanent barrier. This can improve protection during later exposure.,0.1650877147912979,b16,-0.64388704,-0.4677313,1.3111961,0.1642037,0.07583220303058624,0.2512630224227905,-0.17543081939220428,0.07583220303058624,0.013047551736235619,0.0969654843211174,0.1446676403284073,0.2512630224227905
b16_definition_substitution,Evaluate the short factual answer below for the given knowledge item.,definition_substitution,truthful_b16_definition_substitution,hallucinated_b16_definition_substitution,Briefly: vaccines help the immune system recognize pathogens in advance. This can improve protection during later exposure.,Briefly: vaccines help the digestive system recognize pathogens in advance. This can improve protection during later exposure.,0.3527236878871918,b16,0.63108474,-0.42524874,6.457196,6.6278934,0.02747800201177597,0.09739053249359131,-0.06991253048181534,0.01553271058946848,0.02747800201177597,0.09739053249359131,0.07972380518913269,0.08038176596164703
b16_entity_swap,Evaluate the short factual answer below for the given knowledge item.,entity_swap,truthful_b16_entity_swap,hallucinated_b16_entity_swap,"In this case, vaccines help the immune system recognize pathogens in advance. This can improve protection during later exposure.","In this case, antibiotics help the immune system recognize pathogens in advance. This can improve protection during later exposure.",0.7216836810112,b16,0.96418166,-1.1257167,8.24043,7.917991,0.17701753973960876,0.1820269674062729,-0.0050094276666641235,0.021525267511606216,0.025353191420435905,0.17701753973960876,0.1820269674062729,0.038639530539512634
b16_numeric_distortion,Evaluate the short factual answer below for the given knowledge item.,numeric_distortion,truthful_b16_numeric_distortion,hallucinated_b16_numeric_distortion,The relevant fact is that vaccines help the immune system recognize pathogens in advance. This can improve protection during later exposure.,The relevant fact is that vaccines help the immune system recognize ten pathogens in advance. This can improve protection during later exposure.,0.34081199765205383,b16,-1.965105,-2.6515334,-1.4556992,1.9674243,0.5623123049736023,0.19366291165351868,0.3686493933200836,0.05895715579390526,0.006157272960990667,0.0658499076962471,0.5623123049736023,0.19366291165351868
b16_role_inversion,Evaluate the short factual answer below for the given knowledge item.,role_inversion,truthful_b16_role_inversion,hallucinated_b16_role_inversion,The short answer is: Vaccines help the immune system recognize pathogens in advance. This can improve protection during later exposure.,The short answer is: Pathogens help vaccines recognize the immune system in advance rather than vaccines helping the immune system recognize pathogens. This can improve protection during later exposure.,0.5570085644721985,b16,0.27431002,0.020094544,5.40435,4.508323,0.03994307667016983,0.08678313344717026,-0.04684005677700043,0.07195314019918442,0.020356936380267143,0.008498599752783775,0.08678313344717026,0.03994307667016983
b17_causal_substitution,Evaluate the short factual answer below for the given knowledge item.,causal_substitution,truthful_b17_causal_substitution,hallucinated_b17_causal_substitution,The short answer is: A legislature is the branch of government that makes laws. Different systems organize it in different ways.,The short answer is: A legislature is the branch of government that makes laws because courthouses print them overnight. Different systems organize it in different ways.,0.21657909452915192,b17,-0.18644471,-0.539383,2.6317973,2.92811,0.01728970557451248,0.13908866047859192,-0.12179895490407944,0.01728970557451248,0.028450921177864075,0.046377573162317276,0.1310211569070816,0.13908866047859192
b17_definition_substitution,Evaluate the short factual answer below for the given knowledge item.,definition_substitution,truthful_b17_definition_substitution,hallucinated_b17_definition_substitution,A legislature is the branch of government that makes laws. Different systems organize it in different ways.,A legislature is the branch of government that enforces laws. Different systems organize it in different ways.,0.10369371622800827,b17,-0.15180582,-0.380551,2.3378565,2.9549773,0.017656398937106133,0.1812904328107834,-0.16363403387367725,0.050140224397182465,0.017656398937106133,0.08562938123941422,0.10778488963842392,0.1812904328107834
b17_entity_swap,Evaluate the short factual answer below for the given knowledge item.,entity_swap,truthful_b17_entity_swap,hallucinated_b17_entity_swap,The relevant fact is that a legislature is the branch of government that makes laws. Different systems organize it in different ways.,The relevant fact is that a judiciary is the branch of government that makes laws. Different systems organize it in different ways.,0.7699114084243774,b17,0.80224043,-0.4745099,6.8870087,6.80777,0.12332077324390411,0.08569257706403732,0.03762819617986679,0.008255070075392723,0.023729095235466957,0.12332077324390411,0.06640372425317764,0.08569257706403732
b17_numeric_distortion,Evaluate the short factual answer below for the given knowledge item.,numeric_distortion,truthful_b17_numeric_distortion,hallucinated_b17_numeric_distortion,Briefly: a legislature is the branch of government that makes laws. Different systems organize it in different ways.,Briefly: a legislature is the branch of government that makes three laws. Different systems organize it in different ways.,0.2102721780538559,b17,-0.80999416,-1.6380513,0.00020152154,2.0064185,0.3382582664489746,0.16931645572185516,0.16894181072711945,0.0416836179792881,0.017945915460586548,0.10017798840999603,0.3382582664489746,0.16931645572185516
b17_role_inversion,Evaluate the short factual answer below for the given knowledge item.,role_inversion,truthful_b17_role_inversion,hallucinated_b17_role_inversion,A concise response would be that a legislature is the branch of government that makes laws. Different systems organize it in different ways.,A concise response would be that laws are the branch of government that make a legislature rather than a legislature making laws. Different systems organize it in different ways.,0.6518597602844238,b17,-1.4943509,-0.37548292,0.5250904,-1.7516057,0.3304460048675537,0.12593616545200348,0.20450983941555023,0.02587699331343174,0.021823512390255928,0.009796712547540665,0.12593616545200348,0.3304460048675537
b18_causal_substitution,Evaluate the short factual answer below for the given knowledge item.,causal_substitution,truthful_b18_causal_substitution,hallucinated_b18_causal_substitution,A concise response would be that a barometer measures atmospheric pressure. Weather forecasters use it to monitor changing systems.,A concise response would be that a barometer measures atmospheric pressure because clouds push numbers into the dial. Weather forecasters use it to monitor changing systems.,0.28364238142967224,b18,-0.2297473,0.15164126,2.7232368,0.80206037,0.10567130893468857,0.15965433418750763,-0.05398302525281906,0.10567130893468857,0.02951028384268284,0.046318065375089645,0.08952925354242325,0.15965433418750763
b18_definition_substitution,Evaluate the short factual answer below for the given knowledge item.,definition_substitution,truthful_b18_definition_substitution,hallucinated_b18_definition_substitution,The short answer is: A barometer measures atmospheric pressure. Weather forecasters use it to monitor changing systems.,The short answer is: A barometer measures atmospheric temperature. Weather forecasters use it to monitor changing systems.,0.3744315803050995,b18,0.19169311,0.8674712,6.2484612,1.5655742,0.2504296898841858,0.09538725763559341,0.15504243224859238,0.04909174516797066,0.2504296898841858,0.024301348254084587,0.0823901817202568,0.09538725763559341
b18_entity_swap,Evaluate the short factual answer below for the given knowledge item.,entity_swap,truthful_b18_entity_swap,hallucinated_b18_entity_swap,Briefly: a barometer measures atmospheric pressure. Weather forecasters use it to monitor changing systems.,Briefly: a thermometer measures atmospheric pressure. Weather forecasters use it to monitor changing systems.,0.5540890097618103,b18,0.4122977,-0.17499489,5.3027153,5.511993,0.018868204206228256,0.05763768404722214,-0.03876947984099388,0.020533716306090355,0.009514986537396908,0.018868204206228256,0.05763768404722214,0.05076971277594566
b18_numeric_distortion,Evaluate the short factual answer below for the given knowledge item.,numeric_distortion,truthful_b18_numeric_distortion,hallucinated_b18_numeric_distortion,A barometer measures atmospheric pressure. Weather forecasters use it to monitor changing systems.,A barometer measures atmospheric pressure in two fixed levels. Weather forecasters use it to monitor changing systems.,0.23511047661304474,b18,-0.2934174,0.11223041,3.5814216,1.5886097,0.03934767469763756,0.17806893587112427,-0.1387212611734867,0.05200686678290367,0.009732258506119251,0.016994845122098923,0.03934767469763756,0.17806893587112427
b18_role_inversion,Evaluate the short factual answer below for the given knowledge item.,role_inversion,truthful_b18_role_inversion,hallucinated_b18_role_inversion,"In this case, a barometer measures atmospheric pressure. Weather forecasters use it to monitor changing systems.","In this case, atmospheric pressure measures a barometer rather than a barometer measuring atmospheric pressure. Weather forecasters use it to monitor changing systems.",0.5073525309562683,b18,0.5611222,0.2062307,5.790877,3.2647095,0.03300073370337486,0.0929054394364357,-0.05990470573306084,0.04192706197500229,0.0929054394364357,0.029794439673423767,0.06885462999343872,0.03300073370337486
b19_causal_substitution,Evaluate the short factual answer below for the given knowledge item.,causal_substitution,truthful_b19_causal_substitution,hallucinated_b19_causal_substitution,"In this case, a pronoun can replace a noun in a sentence. This helps reduce repetition in ordinary writing.","In this case, a pronoun can replace a noun in a sentence because it always adds a second verb. This helps reduce repetition in ordinary writing.",0.40403953194618225,b19,0.8052889,3.0942724,4.1356974,-2.6777146,0.691385805606842,0.15769162774085999,0.5336941778659821,0.691385805606842,0.009607421234250069,0.15769162774085999,0.05101994797587395,0.031196627765893936
b19_definition_substitution,Evaluate the short factual answer below for the given knowledge item.,definition_substitution,truthful_b19_definition_substitution,hallucinated_b19_definition_substitution,A concise response would be that a pronoun can replace a noun in a sentence. This helps reduce repetition in ordinary writing.,A concise response would be that a pronoun can replace punctuation in a sentence. This helps reduce repetition in ordinary writing.,0.4269512891769409,b19,0.88702476,1.6834702,6.599421,1.1667229,0.4307595193386078,0.12602730095386505,0.30473221838474274,0.045109499245882034,0.4307595193386078,0.12232328951358795,0.022342629730701447,0.12602730095386505
b19_entity_swap,Evaluate the short factual answer below for the given knowledge item.,entity_swap,truthful_b19_entity_swap,hallucinated_b19_entity_swap,A pronoun can replace a noun in a sentence. This helps reduce repetition in ordinary writing.,An adjective can replace a noun in a sentence. This helps reduce repetition in ordinary writing.,0.8577690720558167,b19,2.4004567,-0.13363428,9.410133,8.365013,0.3999130129814148,0.19168290495872498,0.20823010802268982,0.19168290495872498,0.09515785425901413,0.3999130129814148,0.11665868014097214,0.035672008991241455
b19_numeric_distortion,Evaluate the short factual answer below for the given knowledge item.,numeric_distortion,truthful_b19_numeric_distortion,hallucinated_b19_numeric_distortion,The short answer is: A pronoun can replace a noun in a sentence. This helps reduce repetition in ordinary writing.,The short answer is: A pronoun can replace two nouns in every sentence. This helps reduce repetition in ordinary writing.,0.38354185223579407,b19,-0.8338851,-1.8868568,-0.42560482,2.1173425,0.4054938852787018,0.12123638391494751,0.2842575013637543,0.04161632061004639,0.035056792199611664,0.08798369765281677,0.4054938852787018,0.12123638391494751
b19_role_inversion,Evaluate the short factual answer below for the given knowledge item.,role_inversion,truthful_b19_role_inversion,hallucinated_b19_role_inversion,The relevant fact is that a pronoun can replace a noun in a sentence. This helps reduce repetition in ordinary writing.,The relevant fact is that a noun can replace a pronoun in a sentence rather than a pronoun replacing a noun. This helps reduce repetition in ordinary writing.,0.3187064826488495,b19,0.27926928,-0.23325013,5.429683,3.480629,0.04831859841942787,0.14677219092845917,-0.0984535925090313,0.057776130735874176,0.07305726408958435,0.04804472252726555,0.14677219092845917,0.04831859841942787
b20_causal_substitution,Evaluate the short factual answer below for the given knowledge item.,causal_substitution,truthful_b20_causal_substitution,hallucinated_b20_causal_substitution,The relevant fact is that airplanes fly because wings generate lift as air moves around them. Engine thrust and wing shape both matter in normal flight.,The relevant fact is that airplanes fly because engines directly cancel gravity rather than enabling aerodynamic lift. Engine thrust and wing shape both matter in normal flight.,0.3470935821533203,b20,1.266787,-0.5604705,8.463391,7.6845317,0.047800831496715546,0.2167055457830429,-0.16890471428632736,0.047800831496715546,0.025951528921723366,0.2167055457830429,0.08165385574102402,0.084211565554142
b20_definition_substitution,Evaluate the short factual answer below for the given knowledge item.,definition_substitution,truthful_b20_definition_substitution,hallucinated_b20_definition_substitution,"In this case, airplanes fly because wings generate lift as air moves around them. Engine thrust and wing shape both matter in normal flight.","In this case, airplanes fly because wheels generate lift as air moves around them. Engine thrust and wing shape both matter in normal flight.",0.4299147129058838,b20,1.0109291,0.1747926,7.8563385,6.90594,0.09385078400373459,0.1687723994255066,-0.074921615421772,0.06096065044403076,0.09385078400373459,0.1687723994255066,0.03172822669148445,0.1149643138051033
b20_entity_swap,Evaluate the short factual answer below for the given knowledge item.,entity_swap,truthful_b20_entity_swap,hallucinated_b20_entity_swap,The short answer is: Airplanes fly because wings generate lift as air moves around them. Engine thrust and wing shape both matter in normal flight.,The short answer is: Helicopters fly because wings generate lift as air moves around them. Engine thrust and wing shape both matter in normal flight.,0.8831818699836731,b20,4.017339,-1.0690197,10.265028,9.0163,0.5897198915481567,0.06528332084417343,0.5244365707039833,0.06528332084417343,0.03449279069900513,0.5897198915481567,0.025853483006358147,0.014881542883813381
b20_numeric_distortion,Evaluate the short factual answer below for the given knowledge item.,numeric_distortion,truthful_b20_numeric_distortion,hallucinated_b20_numeric_distortion,A concise response would be that airplanes fly because wings generate lift as air moves around them. Engine thrust and wing shape both matter in normal flight.,A concise response would be that airplanes fly because wings generate five units of lift as air moves around them. Engine thrust and wing shape both matter in normal flight.,0.273339182138443,b20,0.37281886,-0.5217018,7.2346225,8.391443,0.0921643003821373,0.17152206599712372,-0.07935776561498642,0.03388012573122978,0.02571021020412445,0.15386554598808289,0.0921643003821373,0.17152206599712372
b20_role_inversion,Evaluate the short factual answer below for the given knowledge item.,role_inversion,truthful_b20_role_inversion,hallucinated_b20_role_inversion,Briefly: airplanes fly because wings generate lift as air moves around them. Engine thrust and wing shape both matter in normal flight.,Briefly: lift generates airplane wings as air moves around them rather than wings generating lift. Engine thrust and wing shape both matter in normal flight.,0.5748944878578186,b20,-1.1694819,-0.05859272,0.45896515,-1.926965,0.3669356405735016,0.04899274557828903,0.31794289499521255,0.018893644213676453,0.02453463152050972,0.04899274557828903,0.041180115193128586,0.3669356405735016
b21_causal_substitution,Evaluate the short factual answer below for the given knowledge item.,causal_substitution,truthful_b21_causal_substitution,hallucinated_b21_causal_substitution,Briefly: photosynthesis mainly occurs in the chloroplasts of plant cells. These organelles contain chlorophyll and other pigments.,Briefly: photosynthesis mainly occurs in chloroplasts because roots pump sunlight into them. These organelles contain chlorophyll and other pigments.,0.3407919108867645,b21,-0.4337872,0.40312758,2.8694224,0.4357801,0.12393707782030106,0.17242643237113953,-0.04848935455083847,0.12393707782030106,0.0296253003180027,0.016850188374519348,0.0739481970667839,0.17242643237113953
b21_definition_substitution,Evaluate the short factual answer below for the given knowledge item.,definition_substitution,truthful_b21_definition_substitution,hallucinated_b21_definition_substitution,The relevant fact is that photosynthesis mainly occurs in the chloroplasts of plant cells. These organelles contain chlorophyll and other pigments.,The relevant fact is that photosynthesis mainly occurs in the membranes of plant cells. These organelles contain chlorophyll and other pigments.,0.18387441337108612,b21,-0.666043,-0.30734777,1.8274599,1.4811645,0.02684824727475643,0.20115748047828674,-0.1743092332035303,0.06761740893125534,0.02684824727475643,0.039421357214450836,0.14210627973079681,0.20115748047828674
b21_entity_swap,Evaluate the short factual answer below for the given knowledge item.,entity_swap,truthful_b21_entity_swap,hallucinated_b21_entity_swap,A concise response would be that photosynthesis mainly occurs in the chloroplasts of plant cells. These organelles contain chlorophyll and other pigments.,A concise response would be that photosynthesis mainly occurs in the mitochondria of plant cells. These organelles contain chlorophyll and other pigments.,0.12759625911712646,b21,-1.0605595,-0.47198105,1.5576822,1.2234827,0.012036893516778946,0.21895968914031982,-0.20692279562354088,0.0699075385928154,0.010467663407325745,0.012036893516778946,0.17681345343589783,0.21895968914031982
b21_numeric_distortion,Evaluate the short factual answer below for the given knowledge item.,numeric_distortion,truthful_b21_numeric_distortion,hallucinated_b21_numeric_distortion,"In this case, photosynthesis mainly occurs in the chloroplasts of plant cells. These organelles contain chlorophyll and other pigments.","In this case, photosynthesis mainly occurs in the two chloroplasts of plant cells. These organelles contain chlorophyll and other pigments.",0.1556219905614853,b21,-0.5010454,0.28757828,3.551283,1.0904846,0.03723184019327164,0.2252833992242813,-0.18805155903100967,0.0767519474029541,0.02267894335091114,0.029263736680150032,0.03723184019327164,0.2252833992242813
b21_role_inversion,Evaluate the short factual answer below for the given knowledge item.,role_inversion,truthful_b21_role_inversion,hallucinated_b21_role_inversion,Photosynthesis mainly occurs in the chloroplasts of plant cells. These organelles contain chlorophyll and other pigments.,Plant cells mainly occur in the chloroplasts of photosynthesis rather than photosynthesis occurring in chloroplasts. These organelles contain chlorophyll and other pigments.,0.5850462913513184,b21,-1.1527892,-0.17186254,0.61536556,-1.9619209,0.3253140151500702,0.07092404365539551,0.2543899714946747,0.016835911199450493,0.025857368484139442,0.02828969433903694,0.07092404365539551,0.3253140151500702
b22_causal_substitution,Evaluate the short factual answer below for the given knowledge item.,causal_substitution,truthful_b22_causal_substitution,hallucinated_b22_causal_substitution,"The Pacific Ocean is the largest ocean on Earth. It stretches between Asia, Australia, and the Americas.","The Pacific Ocean is the largest ocean on Earth because it receives the most moonlight. It stretches between Asia, Australia, and the Americas.",0.41661760210990906,b22,-0.27977175,1.2028358,3.4751625,-2.0290232,0.30166497826576233,0.11321176588535309,0.18845321238040924,0.30166497826576233,0.047629594802856445,0.0221523679792881,0.11321176588535309,0.10319431126117706
b22_definition_substitution,Evaluate the short factual answer below for the given knowledge item.,definition_substitution,truthful_b22_definition_substitution,hallucinated_b22_definition_substitution,"Briefly: the Pacific Ocean is the largest ocean on Earth. It stretches between Asia, Australia, and the Americas.","Briefly: the Pacific Ocean is the largest sea on Earth. It stretches between Asia, Australia, and the Americas.",0.17361265420913696,b22,-0.91819525,0.04781583,1.6989257,0.50955653,0.030522635206580162,0.2229454219341278,-0.19242278672754765,0.14398416876792908,0.030522635206580162,0.03724881634116173,0.15709862112998962,0.2229454219341278
b22_entity_swap,Evaluate the short factual answer below for the given knowledge item.,entity_swap,truthful_b22_entity_swap,hallucinated_b22_entity_swap,"In this case, the Pacific Ocean is the largest ocean on Earth. It stretches between Asia, Australia, and the Americas.","In this case, the Atlantic Ocean is the largest ocean on Earth. It stretches between Asia, Australia, and the Americas.",0.3098529279232025,b22,0.08359254,-0.34401822,2.6799536,2.9697108,0.08566053956747055,0.13737431168556213,-0.05171377211809158,0.05201536789536476,0.033842094242572784,0.08566053956747055,0.114643894135952,0.13737431168556213
b22_numeric_distortion,Evaluate the short factual answer below for the given knowledge item.,numeric_distortion,truthful_b22_numeric_distortion,hallucinated_b22_numeric_distortion,"The relevant fact is that the Pacific Ocean is the largest ocean on Earth. It stretches between Asia, Australia, and the Americas.","The relevant fact is that the Pacific Ocean is the second-largest ocean on Earth. It stretches between Asia, Australia, and the Americas.",0.30583181977272034,b22,-1.4800524,-0.6468528,0.40698564,1.5465856,0.3059062957763672,0.22068920731544495,0.08521708846092224,0.15389306843280792,0.029655110090970993,0.030732234939932823,0.3059062957763672,0.22068920731544495
b22_role_inversion,Evaluate the short factual answer below for the given knowledge item.,role_inversion,truthful_b22_role_inversion,hallucinated_b22_role_inversion,"The short answer is: The Pacific Ocean is the largest ocean on Earth. It stretches between Asia, Australia, and the Americas.","The short answer is: Earth is the largest ocean in the Pacific rather than the Pacific being Earth's largest ocean. It stretches between Asia, Australia, and the Americas.",0.39398011565208435,b22,-0.27644205,-0.12753443,3.6441464,3.6459744,0.12409517168998718,0.10511987656354904,0.01897529512643814,0.06793408840894699,0.009633319452404976,0.008779800496995449,0.10511987656354904,0.12409517168998718
b23_causal_substitution,Evaluate the short factual answer below for the given knowledge item.,causal_substitution,truthful_b23_causal_substitution,hallucinated_b23_causal_substitution,The short answer is: A right angle measures ninety degrees. It forms the corner seen in a square.,The short answer is: A right angle measures ninety degrees because circles divide themselves into four moods. It forms the corner seen in a square.,0.3421536982059479,b23,0.035044048,-0.055640154,3.7977638,5.013639,0.04129163175821304,0.11947278678417206,-0.07818115502595901,0.04129163175821304,0.03913763910531998,0.03364992514252663,0.07567384839057922,0.11947278678417206
b23_definition_substitution,Evaluate the short factual answer below for the given knowledge item.,definition_substitution,truthful_b23_definition_substitution,hallucinated_b23_definition_substitution,A right angle measures ninety degrees. It forms the corner seen in a square.,A right angle measures ninety radians. It forms the corner seen in a square.,0.3234480619430542,b23,-0.0011833381,-0.030405516,4.625252,3.147545,0.0730881541967392,0.11363453418016434,-0.04054637998342514,0.05570831149816513,0.0730881541967392,0.03338707238435745,0.11363453418016434,0.10291435569524765
b23_entity_swap,Evaluate the short factual answer below for the given knowledge item.,entity_swap,truthful_b23_entity_swap,hallucinated_b23_entity_swap,The relevant fact is that a right angle measures ninety degrees. It forms the corner seen in a square.,The relevant fact is that an acute angle measures ninety degrees. It forms the corner seen in a square.,0.7062820792198181,b23,0.60896397,0.13889672,6.5409045,6.166516,0.05552150309085846,0.07506460696458817,-0.019543103873729706,0.046924397349357605,0.023393822833895683,0.05552150309085846,0.018465736880898476,0.07506460696458817
b23_numeric_distortion,Evaluate the short factual answer below for the given knowledge item.,numeric_distortion,truthful_b23_numeric_distortion,hallucinated_b23_numeric_distortion,Briefly: a right angle measures ninety degrees. It forms the corner seen in a square.,Briefly: a right angle measures eighty degrees. It forms the corner seen in a square.,0.17258018255233765,b23,-0.60499305,-0.6194637,1.0769031,1.9683051,0.18802517652511597,0.16758596897125244,0.020439207553863525,0.03227946162223816,0.05310080945491791,0.03751609846949577,0.18802517652511597,0.16758596897125244
b23_role_inversion,Evaluate the short factual answer below for the given knowledge item.,role_inversion,truthful_b23_role_inversion,hallucinated_b23_role_inversion,A concise response would be that a right angle measures ninety degrees. It forms the corner seen in a square.,A concise response would be that ninety degrees measures a right angle rather than a right angle measuring ninety degrees. It forms the corner seen in a square.,0.5863919854164124,b23,0.4159633,-0.11610649,5.349897,5.386981,0.05842379853129387,0.07382683455944061,-0.015403036028146744,0.02777547389268875,0.042906761169433594,0.03526904433965683,0.07382683455944061,0.05842379853129387
b24_causal_substitution,Evaluate the short factual answer below for the given knowledge item.,causal_substitution,truthful_b24_causal_substitution,hallucinated_b24_causal_substitution,A concise response would be that the Roman Empire was centered on the city of Rome. Its influence spread across much of Europe and the Mediterranean.,A concise response would be that the Roman Empire was centered on Rome because marble roads magnetically pulled provinces inward. Its influence spread across much of Europe and the Mediterranean.,0.532261848449707,b24,-0.18237458,2.754409,3.9109726,-2.5120132,0.47784358263015747,0.11683522164821625,0.3610083609819412,0.47784358263015747,0.11683522164821625,0.02062288485467434,0.05158247426152229,0.10356035828590393
b24_definition_substitution,Evaluate the short factual answer below for the given knowledge item.,definition_substitution,truthful_b24_definition_substitution,hallucinated_b24_definition_substitution,The short answer is: The Roman Empire was centered on the city of Rome. Its influence spread across much of Europe and the Mediterranean.,The short answer is: The Roman Empire was centered on the island of Rome. Its influence spread across much of Europe and the Mediterranean.,0.23210981488227844,b24,-0.6563448,0.37804517,3.3003979,-0.8619701,0.03564000874757767,0.21270911395549774,-0.17706910520792007,0.21270911395549774,0.03564000874757767,0.029792800545692444,0.1698172688484192,0.15290626883506775
b24_entity_swap,Evaluate the short factual answer below for the given knowledge item.,entity_swap,truthful_b24_entity_swap,hallucinated_b24_entity_swap,Briefly: the Roman Empire was centered on the city of Rome. Its influence spread across much of Europe and the Mediterranean.,Briefly: the Roman Empire was centered on the city of Athens. Its influence spread across much of Europe and the Mediterranean.,0.22239439189434052,b24,-0.3284394,0.27145705,3.3466356,-0.8265935,0.03499240428209305,0.18300554156303406,-0.148013137280941,0.18300554156303406,0.028080055490136147,0.03499240428209305,0.14975662529468536,0.11720968782901764
b24_numeric_distortion,Evaluate the short factual answer below for the given knowledge item.,numeric_distortion,truthful_b24_numeric_distortion,hallucinated_b24_numeric_distortion,The Roman Empire was centered on the city of Rome. Its influence spread across much of Europe and the Mediterranean.,The Roman Empire was centered on two cities named Rome. Its influence spread across much of Europe and the Mediterranean.,0.3562355637550354,b24,-0.12407682,0.154295,3.772828,4.036316,0.06189228966832161,0.13494908809661865,-0.07305679842829704,0.07269159704446793,0.02348972111940384,0.01888854056596756,0.06189228966832161,0.13494908809661865
b24_role_inversion,Evaluate the short factual answer below for the given knowledge item.,role_inversion,truthful_b24_role_inversion,hallucinated_b24_role_inversion,"In this case, the Roman Empire was centered on the city of Rome. Its influence spread across much of Europe and the Mediterranean.","In this case, rome was centered on the Roman Empire rather than the empire being centered on Rome. Its influence spread across much of Europe and the Mediterranean.",0.457444429397583,b24,0.15949906,-0.02384144,5.272711,4.5818005,0.06723743677139282,0.08280936628580093,-0.015571929514408112,0.06656907498836517,0.013668620958924294,0.01321222260594368,0.08280936628580093,0.06723743677139282
b25_causal_substitution,Evaluate the short factual answer below for the given knowledge item.,causal_substitution,truthful_b25_causal_substitution,hallucinated_b25_causal_substitution,"In this case, the femur is the thigh bone in the human leg. It is one of the strongest bones in the body.","In this case, the femur is the thigh bone because it absorbs all body heat first. It is one of the strongest bones in the body.",0.6106614470481873,b25,0.05954382,3.6329226,4.2320476,-2.7580473,0.705104649066925,0.041659723967313766,0.6634449250996113,0.705104649066925,0.009526516310870647,0.02470860444009304,0.023752423003315926,0.041659723967313766
b25_definition_substitution,Evaluate the short factual answer below for the given knowledge item.,definition_substitution,truthful_b25_definition_substitution,hallucinated_b25_definition_substitution,A concise response would be that the femur is the thigh bone in the human leg. It is one of the strongest bones in the body.,A concise response would be that the femur is the thigh muscle in the human leg. It is one of the strongest bones in the body.,0.13314013183116913,b25,-0.39808527,-0.32324198,1.8540485,0.56750506,0.027015499770641327,0.18419618904590607,-0.15718068927526474,0.12842732667922974,0.027015499770641327,0.10011442750692368,0.1793043613433838,0.18419618904590607
b25_entity_swap,Evaluate the short factual answer below for the given knowledge item.,entity_swap,truthful_b25_entity_swap,hallucinated_b25_entity_swap,The femur is the thigh bone in the human leg. It is one of the strongest bones in the body.,The tibia is the thigh bone in the human leg. It is one of the strongest bones in the body.,0.6397233009338379,b25,1.3543619,-0.08959543,8.030731,6.997587,0.20408205687999725,0.12625207006931305,0.0778299868106842,0.12625207006931305,0.025367477908730507,0.20408205687999725,0.07580302655696869,0.0487745963037014
b25_numeric_distortion,Evaluate the short factual answer below for the given knowledge item.,numeric_distortion,truthful_b25_numeric_distortion,hallucinated_b25_numeric_distortion,The short answer is: The femur is the thigh bone in the human leg. It is one of the strongest bones in the body.,The short answer is: The femur is the upper pair of thigh bones in the human leg. It is one of the strongest bones in the body.,0.2009710967540741,b25,-0.20719847,-0.15583023,2.1029212,0.08059628,0.12028023600578308,0.20397038757801056,-0.08369015157222748,0.11335373669862747,0.022151600569486618,0.1148289144039154,0.12028023600578308,0.20397038757801056
b25_role_inversion,Evaluate the short factual answer below for the given knowledge item.,role_inversion,truthful_b25_role_inversion,hallucinated_b25_role_inversion,The relevant fact is that the femur is the thigh bone in the human leg. It is one of the strongest bones in the body.,The relevant fact is that the human leg is the thigh bone in the femur rather than the femur being the thigh bone in the leg. It is one of the strongest bones in the body.,0.46261072158813477,b25,0.0050971597,0.34709597,3.7265608,4.1933775,0.1369413137435913,0.07648360729217529,0.060457706451416016,0.07648360729217529,0.026137566193938255,0.02294345572590828,0.028397750109434128,0.1369413137435913
b26_causal_substitution,Evaluate the short factual answer below for the given knowledge item.,causal_substitution,truthful_b26_causal_substitution,hallucinated_b26_causal_substitution,The relevant fact is that a verb typically expresses an action or a state. Grammar lessons often contrast verbs with nouns and adjectives.,The relevant fact is that a verb typically expresses an action or a state because sentences need extra decoration in the middle. Grammar lessons often contrast verbs with nouns and adjectives.,0.3309685289859772,b26,-0.16139801,0.36914712,2.7427108,-0.20655717,0.1494102030992508,0.19931212067604065,-0.049901917576789856,0.1494102030992508,0.04063631221652031,0.09642363339662552,0.0791277289390564,0.19931212067604065
b26_definition_substitution,Evaluate the short factual answer below for the given knowledge item.,definition_substitution,truthful_b26_definition_substitution,hallucinated_b26_definition_substitution,"In this case, a verb typically expresses an action or a state. Grammar lessons often contrast verbs with nouns and adjectives.","In this case, a verb typically expresses a punctuation mark or a state. Grammar lessons often contrast verbs with nouns and adjectives.",0.2898692190647125,b26,-0.25853035,0.5389793,4.638885,1.2158626,0.13693128526210785,0.19538788497447968,-0.058456599712371826,0.04506527632474899,0.13693128526210785,0.033334922045469284,0.046988457441329956,0.19538788497447968
b26_entity_swap,Evaluate the short factual answer below for the given knowledge item.,entity_swap,truthful_b26_entity_swap,hallucinated_b26_entity_swap,The short answer is: A verb typically expresses an action or a state. Grammar lessons often contrast verbs with nouns and adjectives.,The short answer is: A noun typically expresses an action or a state. Grammar lessons often contrast verbs with nouns and adjectives.,0.5877795815467834,b26,1.3249032,-0.5929911,8.724893,7.9759917,0.25485333800315857,0.11848104000091553,0.13637229800224304,0.0626378133893013,0.06563114374876022,0.25485333800315857,0.11848104000091553,0.0910261869430542
b26_numeric_distortion,Evaluate the short factual answer below for the given knowledge item.,numeric_distortion,truthful_b26_numeric_distortion,hallucinated_b26_numeric_distortion,A concise response would be that a verb typically expresses an action or a state. Grammar lessons often contrast verbs with nouns and adjectives.,A concise response would be that a verb typically expresses three actions or a state. Grammar lessons often contrast verbs with nouns and adjectives.,0.4114375114440918,b26,-1.7469004,-2.9293811,-1.4369478,2.23505,0.5915383100509644,0.13942034542560577,0.4521179646253586,0.024670220911502838,0.0185106061398983,0.061567869037389755,0.5915383100509644,0.13942034542560577
b26_role_inversion,Evaluate the short factual answer below for the given knowledge item.,role_inversion,truthful_b26_role_inversion,hallucinated_b26_role_inversion,Briefly: a verb typically expresses an action or a state. Grammar lessons often contrast verbs with nouns and adjectives.,Briefly: an action or a state typically expresses a verb rather than a verb expressing an action or a state. Grammar lessons often contrast verbs with nouns and adjectives.,0.6175759434700012,b26,-0.98739356,-0.20123246,1.5799263,0.9888336,0.20008745789527893,0.17160283029079437,0.028484627604484558,0.11711831390857697,0.007963675074279308,0.009554775431752205,0.17160283029079437,0.20008745789527893
b27_causal_substitution,Evaluate the short factual answer below for the given knowledge item.,causal_substitution,truthful_b27_causal_substitution,hallucinated_b27_causal_substitution,Briefly: solar panels convert sunlight into electrical energy. Photovoltaic cells are the key components in that process.,Briefly: solar panels convert sunlight into electrical energy because rainwater charges the glass by memory. Photovoltaic cells are the key components in that process.,0.27362769842147827,b27,-0.1083834,0.35978204,5.0129614,3.069703,0.11077936738729477,0.13802868127822876,-0.02724931389093399,0.11077936738729477,0.12247677892446518,0.028400665149092674,0.13802868127822876,0.09780141711235046
b27_definition_substitution,Evaluate the short factual answer below for the given knowledge item.,definition_substitution,truthful_b27_definition_substitution,hallucinated_b27_definition_substitution,The relevant fact is that solar panels convert sunlight into electrical energy. Photovoltaic cells are the key components in that process.,The relevant fact is that solar panels convert sunlight into magnetic energy. Photovoltaic cells are the key components in that process.,0.5848978757858276,b27,0.68893933,3.5402646,7.1510844,0.6967104,0.7630093693733215,0.10379115492105484,0.6592182144522667,0.10379115492105484,0.7630093693733215,0.038624830543994904,0.03503759950399399,0.08795599639415741
b27_entity_swap,Evaluate the short factual answer below for the given knowledge item.,entity_swap,truthful_b27_entity_swap,hallucinated_b27_entity_swap,A concise response would be that solar panels convert sunlight into electrical energy. Photovoltaic cells are the key components in that process.,A concise response would be that wind turbines convert sunlight into electrical energy. Photovoltaic cells are the key components in that process.,0.6316161751747131,b27,0.63736814,0.26214394,5.6850166,1.9702929,0.11334540694952011,0.14773288369178772,-0.03438747674226761,0.024308715015649796,0.14773288369178772,0.11334540694952011,0.04794692248106003,0.12373944371938705
b27_numeric_distortion,Evaluate the short factual answer below for the given knowledge item.,numeric_distortion,truthful_b27_numeric_distortion,hallucinated_b27_numeric_distortion,"In this case, solar panels convert sunlight into electrical energy. Photovoltaic cells are the key components in that process.","In this case, solar panels convert sunlight into two forms of electrical energy. Photovoltaic cells are the key components in that process.",0.24790924787521362,b27,-0.30080932,-0.050127,4.9522877,3.2177246,0.1562146544456482,0.11005998402833939,0.04615467041730881,0.09197265654802322,0.06642231345176697,0.02057107351720333,0.1562146544456482,0.11005998402833939
b27_role_inversion,Evaluate the short factual answer below for the given knowledge item.,role_inversion,truthful_b27_role_inversion,hallucinated_b27_role_inversion,Solar panels convert sunlight into electrical energy. Photovoltaic cells are the key components in that process.,Sunlight converts solar panels into electrical energy rather than solar panels converting sunlight into electricity. Photovoltaic cells are the key components in that process.,0.44623857736587524,b27,0.00023738242,0.21495844,4.5450006,3.6439934,0.10546896606683731,0.08792310208082199,0.01754586398601532,0.07959873974323273,0.06474395841360092,0.024484967812895775,0.08792310208082199,0.10546896606683731
b28_causal_substitution,Evaluate the short factual answer below for the given knowledge item.,causal_substitution,truthful_b28_causal_substitution,hallucinated_b28_causal_substitution,Granite is an igneous rock. It forms from slowly cooling magma beneath the surface.,Granite is an igneous rock because rivers polish it into crystals overnight. It forms from slowly cooling magma beneath the surface.,0.3797113299369812,b28,-0.047398288,0.41133568,3.3993292,-0.92358536,0.18568815290927887,0.14297856390476227,0.0427095890045166,0.18568815290927887,0.07099468261003494,0.07202577590942383,0.14297856390476227,0.1131010353565216
b28_definition_substitution,Evaluate the short factual answer below for the given knowledge item.,definition_substitution,truthful_b28_definition_substitution,hallucinated_b28_definition_substitution,Briefly: granite is an igneous rock. It forms from slowly cooling magma beneath the surface.,Briefly: granite is an igneous mineral. It forms from slowly cooling magma beneath the surface.,0.1700028032064438,b28,0.062444378,-0.43641874,3.0350864,2.870167,0.05223391205072403,0.13868528604507446,-0.08645137399435043,0.04729777202010155,0.05223391205072403,0.09565563499927521,0.13837258517742157,0.13868528604507446
b28_entity_swap,Evaluate the short factual answer below for the given knowledge item.,entity_swap,truthful_b28_entity_swap,hallucinated_b28_entity_swap,"In this case, granite is an igneous rock. It forms from slowly cooling magma beneath the surface.","In this case, limestone is an igneous rock. It forms from slowly cooling magma beneath the surface.",0.6897712349891663,b28,1.6406734,-0.7559389,8.900759,7.7782645,0.2673155665397644,0.08705460280179977,0.18026096373796463,0.04786992818117142,0.01613457500934601,0.2673155665397644,0.08705460280179977,0.06610172241926193
b28_numeric_distortion,Evaluate the short factual answer below for the given knowledge item.,numeric_distortion,truthful_b28_numeric_distortion,hallucinated_b28_numeric_distortion,The relevant fact is that granite is an igneous rock. It forms from slowly cooling magma beneath the surface.,The relevant fact is that granite is the second type of igneous rock. It forms from slowly cooling magma beneath the surface.,0.3137596845626831,b28,-1.2167498,-2.0267437,-0.6249164,2.0045044,0.4188491702079773,0.17669548094272614,0.24215368926525116,0.045766547322273254,0.010789738036692142,0.087908074259758,0.4188491702079773,0.17669548094272614
b28_role_inversion,Evaluate the short factual answer below for the given knowledge item.,role_inversion,truthful_b28_role_inversion,hallucinated_b28_role_inversion,The short answer is: Granite is an igneous rock. It forms from slowly cooling magma beneath the surface.,The short answer is: An igneous rock is granite rather than granite being an igneous rock. It forms from slowly cooling magma beneath the surface.,0.441303014755249,b28,-0.26169106,0.09823941,2.6099856,1.0978866,0.14380747079849243,0.10729790478944778,0.03650956600904465,0.09560215473175049,0.04404914006590843,0.03329817205667496,0.10729790478944778,0.14380747079849243
b29_causal_substitution,Evaluate the short factual answer below for the given knowledge item.,causal_substitution,truthful_b29_causal_substitution,hallucinated_b29_causal_substitution,The short answer is: Saturn is known for its prominent ring system. Those rings are made mostly of ice and rock particles.,The short answer is: Saturn is known for its prominent ring system because its atmosphere paints circles in space. Those rings are made mostly of ice and rock particles.,0.40026670694351196,b29,0.758354,-0.21699853,7.6052656,8.699038,0.08154752105474472,0.2375328689813614,-0.15598534792661667,0.08154752105474472,0.05646952614188194,0.2375328689813614,0.06865581125020981,0.19908380508422852
b29_definition_substitution,Evaluate the short factual answer below for the given knowledge item.,definition_substitution,truthful_b29_definition_substitution,hallucinated_b29_definition_substitution,Saturn is known for its prominent ring system. Those rings are made mostly of ice and rock particles.,Saturn is known for its prominent moon system. Those rings are made mostly of ice and rock particles.,0.18405936658382416,b29,0.6693907,-0.8244298,8.111174,8.264372,0.06574706733226776,0.21744471788406372,-0.15169765055179596,0.0781053826212883,0.06574706733226776,0.21744471788406372,0.1987800896167755,0.1154414489865303
b29_entity_swap,Evaluate the short factual answer below for the given knowledge item.,entity_swap,truthful_b29_entity_swap,hallucinated_b29_entity_swap,The relevant fact is that saturn is known for its prominent ring system. Those rings are made mostly of ice and rock particles.,The relevant fact is that mars is known for its prominent ring system. Those rings are made mostly of ice and rock particles.,0.8473942875862122,b29,4.259101,-1.5968173,10.2340975,9.001458,0.6838415861129761,0.06379218399524689,0.6200494021177292,0.023112483322620392,0.06150573864579201,0.6838415861129761,0.06379218399524689,0.052454348653554916
b29_numeric_distortion,Evaluate the short factual answer below for the given knowledge item.,numeric_distortion,truthful_b29_numeric_distortion,hallucinated_b29_numeric_distortion,Briefly: saturn is known for its prominent ring system. Those rings are made mostly of ice and rock particles.,Briefly: saturn is known for its seven prominent ring systems. Those rings are made mostly of ice and rock particles.,0.1505354791879654,b29,0.713301,-1.3924282,7.9162426,8.546868,0.21608906984329224,0.2844758927822113,-0.06838682293891907,0.030785486102104187,0.048717498779296875,0.2844758927822113,0.21608906984329224,0.16982857882976532
b29_role_inversion,Evaluate the short factual answer below for the given knowledge item.,role_inversion,truthful_b29_role_inversion,hallucinated_b29_role_inversion,A concise response would be that saturn is known for its prominent ring system. Those rings are made mostly of ice and rock particles.,A concise response would be that the ring system is known for its prominent Saturn rather than Saturn being known for the ring system. Those rings are made mostly of ice and rock particles.,0.5624024271965027,b29,0.9575855,-0.14674425,7.6952214,7.078647,0.09317295253276825,0.1518593579530716,-0.058686405420303345,0.05168339982628822,0.04239479824900627,0.1518593579530716,0.049653127789497375,0.09317295253276825
b30_causal_substitution,Evaluate the short factual answer below for the given knowledge item.,causal_substitution,truthful_b30_causal_substitution,hallucinated_b30_causal_substitution,A concise response would be that boiling water reaches a rolling state when vapor bubbles rise throughout the liquid. At sea level this usually occurs around one hundred degrees Celsius.,A concise response would be that boiling water reaches a rolling state because the pot pulls heat downward into the table. At sea level this usually occurs around one hundred degrees Celsius.,0.41926902532577515,b30,0.3189223,0.48359552,4.734139,4.5300994,0.11855627596378326,0.06912051886320114,0.04943575710058212,0.11855627596378326,0.019180508330464363,0.022063855081796646,0.03810536116361618,0.06912051886320114
b30_definition_substitution,Evaluate the short factual answer below for the given knowledge item.,definition_substitution,truthful_b30_definition_substitution,hallucinated_b30_definition_substitution,The short answer is: Boiling water reaches a rolling state when vapor bubbles rise throughout the liquid. At sea level this usually occurs around one hundred degrees Celsius.,The short answer is: Boiling water reaches a rolling state when solid crystals rise throughout the liquid. At sea level this usually occurs around one hundred degrees Celsius.,0.21571052074432373,b30,-0.42305174,-0.07833968,3.6359026,2.5207746,0.066355399787426,0.14195039868354797,-0.07559499889612198,0.050964176654815674,0.066355399787426,0.007102892268449068,0.12629206478595734,0.14195039868354797
b30_entity_swap,Evaluate the short factual answer below for the given knowledge item.,entity_swap,truthful_b30_entity_swap,hallucinated_b30_entity_swap,Briefly: boiling water reaches a rolling state when vapor bubbles rise throughout the liquid. At sea level this usually occurs around one hundred degrees Celsius.,Briefly: freezing water reaches a rolling state when vapor bubbles rise throughout the liquid. At sea level this usually occurs around one hundred degrees Celsius.,0.596179187297821,b30,1.071922,0.09594218,7.0639973,6.1038294,0.08677513152360916,0.06274057924747467,0.02403455227613449,0.06274057924747467,0.021789899095892906,0.08677513152360916,0.025355139747262,0.01959342509508133
b30_numeric_distortion,Evaluate the short factual answer below for the given knowledge item.,numeric_distortion,truthful_b30_numeric_distortion,hallucinated_b30_numeric_distortion,Boiling water reaches a rolling state when vapor bubbles rise throughout the liquid. At sea level this usually occurs around one hundred degrees Celsius.,Boiling water reaches a rolling state at about eighty degrees Celsius. At sea level this usually occurs around one hundred degrees Celsius.,0.35406485199928284,b30,-0.7894217,-1.4834125,-0.067686975,2.1834917,0.3601588308811188,0.05852017551660538,0.3016386553645134,0.056510914117097855,0.013994602486491203,0.009345005266368389,0.3601588308811188,0.05852017551660538
b30_role_inversion,Evaluate the short factual answer below for the given knowledge item.,role_inversion,truthful_b30_role_inversion,hallucinated_b30_role_inversion,"In this case, boiling water reaches a rolling state when vapor bubbles rise throughout the liquid. At sea level this usually occurs around one hundred degrees Celsius.","In this case, vapor bubbles rise throughout boiling water because the rolling state reaches the liquid first rather than the liquid reaching a boil. At sea level this usually occurs around one hundred degrees Celsius.",0.436258465051651,b30,-1.2199789,-0.097881876,0.6146542,-1.969932,0.3267301321029663,0.08562270551919937,0.24110742658376694,0.013942734338343143,0.06189841032028198,0.0237010195851326,0.08562270551919937,0.3267301321029663
b31_causal_substitution,Evaluate the short factual answer below for the given knowledge item.,causal_substitution,truthful_b31_causal_substitution,hallucinated_b31_causal_substitution,"In this case, predators hunt other organisms for food. This relationship is a basic part of many food webs.","In this case, predators hunt other organisms for food because forests assign meals by lottery. This relationship is a basic part of many food webs.",0.4958510100841522,b31,-0.25471964,1.7926257,3.6281154,-2.2840085,0.3939965069293976,0.08631810545921326,0.3076784014701843,0.3939965069293976,0.026631124317646027,0.0063641988672316074,0.08368686586618423,0.08631810545921326
b31_definition_substitution,Evaluate the short factual answer below for the given knowledge item.,definition_substitution,truthful_b31_definition_substitution,hallucinated_b31_definition_substitution,A concise response would be that predators hunt other organisms for food. This relationship is a basic part of many food webs.,A concise response would be that predators hunt habitats for food. This relationship is a basic part of many food webs.,0.30766376852989197,b31,-0.10888326,-0.19971241,3.9894352,5.1285686,0.03999793902039528,0.11799279600381851,-0.07799485698342323,0.016012148931622505,0.03999793902039528,0.011683838441967964,0.08867685496807098,0.11799279600381851
b31_entity_swap,Evaluate the short factual answer below for the given knowledge item.,entity_swap,truthful_b31_entity_swap,hallucinated_b31_entity_swap,Predators hunt other organisms for food. This relationship is a basic part of many food webs.,Herbivores hunt other organisms for food. This relationship is a basic part of many food webs.,0.6148839592933655,b31,0.15557247,0.34508076,4.813417,4.4655757,0.01227477751672268,0.10440664738416672,-0.09213186986744404,0.10440664738416672,0.02232343703508377,0.01227477751672268,0.058032095432281494,0.0775989294052124
b31_numeric_distortion,Evaluate the short factual answer below for the given knowledge item.,numeric_distortion,truthful_b31_numeric_distortion,hallucinated_b31_numeric_distortion,The short answer is: Predators hunt other organisms for food. This relationship is a basic part of many food webs.,The short answer is: Predators hunt two other organisms for food. This relationship is a basic part of many food webs.,0.20200543105602264,b31,-0.9421659,-0.8802928,0.4361379,1.9431382,0.2803279459476471,0.13955017924308777,0.14077776670455933,0.08370652794837952,0.02749929018318653,0.01740574650466442,0.2803279459476471,0.13955017924308777
b31_role_inversion,Evaluate the short factual answer below for the given knowledge item.,role_inversion,truthful_b31_role_inversion,hallucinated_b31_role_inversion,The relevant fact is that predators hunt other organisms for food. This relationship is a basic part of many food webs.,The relevant fact is that other organisms hunt predators for food rather than predators hunting other organisms. This relationship is a basic part of many food webs.,0.33040904998779297,b31,-0.07209744,-0.3969275,5.1946964,3.7592318,0.07158807665109634,0.14398930966854095,-0.07240123301744461,0.057795923203229904,0.010688286274671555,0.014088388532400131,0.14398930966854095,0.07158807665109634
b32_causal_substitution,Evaluate the short factual answer below for the given knowledge item.,causal_substitution,truthful_b32_causal_substitution,hallucinated_b32_causal_substitution,"The relevant fact is that a budget is a plan for spending and saving money. Individuals, families, and governments all use budgets.","The relevant fact is that a budget is a plan for spending and saving money because coins naturally sort themselves into envelopes. Individuals, families, and governments all use budgets.",0.3385867476463318,b32,0.47354993,1.7846175,3.9042287,-2.4911652,0.5154432058334351,0.2895827889442444,0.22586041688919067,0.5154432058334351,0.0007801427855156362,0.2895827889442444,0.059896547347307205,0.2400238960981369
b32_definition_substitution,Evaluate the short factual answer below for the given knowledge item.,definition_substitution,truthful_b32_definition_substitution,hallucinated_b32_definition_substitution,"In this case, a budget is a plan for spending and saving money. Individuals, families, and governments all use budgets.","In this case, a budget is a tax for spending and saving money. Individuals, families, and governments all use budgets.",0.31985902786254883,b32,2.0495427,-0.5847795,9.468159,8.430024,0.10088218748569489,0.36586689949035645,-0.26498471200466156,0.04001185670495033,0.10088218748569489,0.36586689949035645,0.07007718086242676,0.11295236647129059
b32_entity_swap,Evaluate the short factual answer below for the given knowledge item.,entity_swap,truthful_b32_entity_swap,hallucinated_b32_entity_swap,"The short answer is: A budget is a plan for spending and saving money. Individuals, families, and governments all use budgets.","The short answer is: A mortgage is a plan for spending and saving money. Individuals, families, and governments all use budgets.",1.0382466316223145,b32,5.158768,-1.5583882,10.159352,8.920628,0.8717550039291382,0.11294856667518616,0.758806437253952,0.11294856667518616,0.02983049303293228,0.8717550039291382,0.03492093086242676,0.08775834739208221
b32_numeric_distortion,Evaluate the short factual answer below for the given knowledge item.,numeric_distortion,truthful_b32_numeric_distortion,hallucinated_b32_numeric_distortion,"A concise response would be that a budget is a plan for spending and saving money. Individuals, families, and governments all use budgets.","A concise response would be that a budget is a two-step plan for spending and saving money. Individuals, families, and governments all use budgets.",0.24402983486652374,b32,1.8690401,-0.7118805,9.545829,8.503353,0.1010892242193222,0.40807926654815674,-0.30699004232883453,0.12616287171840668,0.022922754287719727,0.40807926654815674,0.1010892242193222,0.14883826673030853
b32_role_inversion,Evaluate the short factual answer below for the given knowledge item.,role_inversion,truthful_b32_role_inversion,hallucinated_b32_role_inversion,"Briefly: a budget is a plan for spending and saving money. Individuals, families, and governments all use budgets.","Briefly: spending and saving money is a plan for a budget rather than a budget being a plan for spending and saving. Individuals, families, and governments all use budgets.",0.6246487498283386,b32,-1.2776735,0.21994148,0.6745205,-1.1566367,0.368588924407959,0.13611681759357452,0.23247210681438446,0.13611681759357452,0.015232600271701813,0.07774435728788376,0.08764424175024033,0.368588924407959
b33_causal_substitution,Evaluate the short factual answer below for the given knowledge item.,causal_substitution,truthful_b33_causal_substitution,hallucinated_b33_causal_substitution,Briefly: humidity describes the amount of water vapor in the air. High humidity can make hot weather feel more oppressive.,Briefly: humidity describes the amount of water vapor in the air because clouds weigh the sky down into the streets. High humidity can make hot weather feel more oppressive.,0.20113646984100342,b33,-0.20820703,0.69617885,3.1226656,-0.49044898,0.17423835396766663,0.15145990252494812,0.022778451442718506,0.17423835396766663,0.05399637669324875,0.041702814400196075,0.07679315656423569,0.15145990252494812
b33_definition_substitution,Evaluate the short factual answer below for the given knowledge item.,definition_substitution,truthful_b33_definition_substitution,hallucinated_b33_definition_substitution,The relevant fact is that humidity describes the amount of water vapor in the air. High humidity can make hot weather feel more oppressive.,The relevant fact is that humidity describes the amount of oxygen in the air. High humidity can make hot weather feel more oppressive.,0.24543508887290955,b33,0.07913219,0.25394872,5.2152643,2.5366387,0.1502774953842163,0.10710959136486053,0.043167904019355774,0.03755699843168259,0.1502774953842163,0.024462416768074036,0.10710959136486053,0.09307965636253357
b33_entity_swap,Evaluate the short factual answer below for the given knowledge item.,entity_swap,truthful_b33_entity_swap,hallucinated_b33_entity_swap,A concise response would be that humidity describes the amount of water vapor in the air. High humidity can make hot weather feel more oppressive.,A concise response would be that pressure describes the amount of water vapor in the air. High humidity can make hot weather feel more oppressive.,0.6371510028839111,b33,0.8199143,0.708904,6.308869,1.6071986,0.1014394536614418,0.25710633397102356,-0.15566688030958176,0.03609554469585419,0.25710633397102356,0.1014394536614418,0.06786011159420013,0.07535582780838013
b33_numeric_distortion,Evaluate the short factual answer below for the given knowledge item.,numeric_distortion,truthful_b33_numeric_distortion,hallucinated_b33_numeric_distortion,"In this case, humidity describes the amount of water vapor in the air. High humidity can make hot weather feel more oppressive.","In this case, humidity describes the amount of two water vapors in the air. High humidity can make hot weather feel more oppressive.",0.19067449867725372,b33,-0.40716282,0.61114746,3.9073286,0.87055427,0.03601400554180145,0.21563787758350372,-0.17962387204170227,0.09837391972541809,0.07333958894014359,0.033938318490982056,0.03601400554180145,0.21563787758350372
b33_role_inversion,Evaluate the short factual answer below for the given knowledge item.,role_inversion,truthful_b33_role_inversion,hallucinated_b33_role_inversion,Humidity describes the amount of water vapor in the air. High humidity can make hot weather feel more oppressive.,The air describes the amount of humidity in water vapor rather than humidity describing water vapor in the air. High humidity can make hot weather feel more oppressive.,0.44328007102012634,b33,0.178501,-0.003944408,5.351751,4.354994,0.07770349830389023,0.09370554983615875,-0.016002051532268524,0.08097323030233383,0.025297537446022034,0.034637585282325745,0.09370554983615875,0.07770349830389023
b34_causal_substitution,Evaluate the short factual answer below for the given knowledge item.,causal_substitution,truthful_b34_causal_substitution,hallucinated_b34_causal_substitution,A piano produces sound when hammers strike strings. Pressing a key triggers the mechanism inside the instrument.,A piano produces sound when hammers strike strings because the wooden frame hums musical notes by itself. Pressing a key triggers the mechanism inside the instrument.,0.28655001521110535,b34,-0.29781386,0.049632654,2.7501097,1.1741885,0.0864982083439827,0.1663682460784912,-0.07987003773450851,0.0864982083439827,0.008301115594804287,0.033405281603336334,0.07823833078145981,0.1663682460784912
b34_definition_substitution,Evaluate the short factual answer below for the given knowledge item.,definition_substitution,truthful_b34_definition_substitution,hallucinated_b34_definition_substitution,Briefly: a piano produces sound when hammers strike strings. Pressing a key triggers the mechanism inside the instrument.,Briefly: a piano produces sound when hammers strike pipes. Pressing a key triggers the mechanism inside the instrument.,0.25551870465278625,b34,-0.1576467,0.52827096,4.960629,1.4459971,0.14785431325435638,0.16539937257766724,-0.017545059323310852,0.043421778827905655,0.14785431325435638,0.026874376460909843,0.05859990045428276,0.16539937257766724
b34_entity_swap,Evaluate the short factual answer below for the given knowledge item.,entity_swap,truthful_b34_entity_swap,hallucinated_b34_entity_swap,"In this case, a piano produces sound when hammers strike strings. Pressing a key triggers the mechanism inside the instrument.","In this case, a flute produces sound when hammers strike strings. Pressing a key triggers the mechanism inside the instrument.",0.4601907432079315,b34,0.01511199,-0.0490758,2.927,4.4170547,0.04286355897784233,0.15205609798431396,-0.10919253900647163,0.031301889568567276,0.01778947189450264,0.04286355897784233,0.042810339480638504,0.15205609798431396
b34_numeric_distortion,Evaluate the short factual answer below for the given knowledge item.,numeric_distortion,truthful_b34_numeric_distortion,hallucinated_b34_numeric_distortion,The relevant fact is that a piano produces sound when hammers strike strings. Pressing a key triggers the mechanism inside the instrument.,The relevant fact is that a piano produces sound when two hammers strike strings. Pressing a key triggers the mechanism inside the instrument.,0.13349281251430511,b34,-0.24140185,0.62006354,4.421989,1.045154,0.04222051799297333,0.21985480189323425,-0.17763428390026093,0.07923313975334167,0.12387646734714508,0.06361310929059982,0.04222051799297333,0.21985480189323425
b34_role_inversion,Evaluate the short factual answer below for the given knowledge item.,role_inversion,truthful_b34_role_inversion,hallucinated_b34_role_inversion,The short answer is: A piano produces sound when hammers strike strings. Pressing a key triggers the mechanism inside the instrument.,The short answer is: Strings produce sound when a piano strikes hammers rather than hammers striking strings in a piano. Pressing a key triggers the mechanism inside the instrument.,0.48604676127433777,b34,0.33735013,0.23997554,5.579053,2.8749084,0.04434344917535782,0.11931055784225464,-0.07496710866689682,0.05086640641093254,0.11931055784225464,0.019814779981970787,0.09868387877941132,0.04434344917535782
b35_causal_substitution,Evaluate the short factual answer below for the given knowledge item.,causal_substitution,truthful_b35_causal_substitution,hallucinated_b35_causal_substitution,The short answer is: Insulin helps regulate blood glucose levels. The hormone is produced by the pancreas.,The short answer is: Insulin helps regulate blood glucose levels because the liver turns thoughts into sugar on command. The hormone is produced by the pancreas.,0.34817570447921753,b35,-0.37076047,0.29913896,2.594925,0.38350362,0.11994456499814987,0.18083061277866364,-0.06088604778051376,0.11994456499814987,0.03954178839921951,0.04235320910811424,0.08645378798246384,0.18083061277866364
b35_definition_substitution,Evaluate the short factual answer below for the given knowledge item.,definition_substitution,truthful_b35_definition_substitution,hallucinated_b35_definition_substitution,Insulin helps regulate blood glucose levels. The hormone is produced by the pancreas.,Insulin helps regulate blood pressure levels. The hormone is produced by the pancreas.,0.5727713108062744,b35,-0.51719993,2.028343,6.678346,1.0323002,0.515900194644928,0.22782257199287415,0.28807762265205383,0.03415931761264801,0.515900194644928,0.004310249350965023,0.07386989891529083,0.22782257199287415
b35_entity_swap,Evaluate the short factual answer below for the given knowledge item.,entity_swap,truthful_b35_entity_swap,hallucinated_b35_entity_swap,The relevant fact is that insulin helps regulate blood glucose levels. The hormone is produced by the pancreas.,The relevant fact is that adrenaline helps regulate blood glucose levels. The hormone is produced by the pancreas.,0.6344638466835022,b35,0.6808094,-0.5520396,7.4341497,8.598423,0.2043408900499344,0.1755935549736023,0.028747335076332092,0.027927033603191376,0.04692593589425087,0.2043408900499344,0.08549059182405472,0.1755935549736023
b35_numeric_distortion,Evaluate the short factual answer below for the given knowledge item.,numeric_distortion,truthful_b35_numeric_distortion,hallucinated_b35_numeric_distortion,Briefly: insulin helps regulate blood glucose levels. The hormone is produced by the pancreas.,Briefly: insulin helps regulate two blood glucose levels. The hormone is produced by the pancreas.,0.2311629205942154,b35,-0.85633105,-0.05909911,1.5334022,-0.6502469,0.10124439746141434,0.25804197788238525,-0.15679758042097092,0.05530299246311188,0.046827077865600586,0.034751661121845245,0.10124439746141434,0.25804197788238525
b35_role_inversion,Evaluate the short factual answer below for the given knowledge item.,role_inversion,truthful_b35_role_inversion,hallucinated_b35_role_inversion,A concise response would be that insulin helps regulate blood glucose levels. The hormone is produced by the pancreas.,A concise response would be that blood glucose levels help regulate insulin rather than insulin helping regulate blood glucose levels. The hormone is produced by the pancreas.,0.6781380772590637,b35,-2.613408,0.5220065,-0.19545595,-1.5634149,0.5945553183555603,0.07011240720748901,0.5244429111480713,0.07011240720748901,0.06802729517221451,0.026291729882359505,0.035176876932382584,0.5945553183555603
b36_causal_substitution,Evaluate the short factual answer below for the given knowledge item.,causal_substitution,truthful_b36_causal_substitution,hallucinated_b36_causal_substitution,A concise response would be that a contract is a legally enforceable agreement. Its exact requirements depend on the jurisdiction and context.,A concise response would be that a contract is a legally enforceable agreement because signatures physically seal the paper with state power. Its exact requirements depend on the jurisdiction and context.,0.40153172612190247,b36,0.39576668,-0.030120317,3.8863506,3.0019927,0.0742729976773262,0.11565250903367996,-0.04137951135635376,0.0742729976773262,0.09013279527425766,0.09880596399307251,0.11565250903367996,0.09740636497735977
b36_definition_substitution,Evaluate the short factual answer below for the given knowledge item.,definition_substitution,truthful_b36_definition_substitution,hallucinated_b36_definition_substitution,The short answer is: A contract is a legally enforceable agreement. Its exact requirements depend on the jurisdiction and context.,The short answer is: A contract is a legally enforceable accusation. Its exact requirements depend on the jurisdiction and context.,0.6604177355766296,b36,-0.2895878,3.3658872,6.9947495,0.7920587,0.8232133388519287,0.25710776448249817,0.5661055743694305,0.023317264392971992,0.8232133388519287,0.028184296563267708,0.04553680121898651,0.25710776448249817
b36_entity_swap,Evaluate the short factual answer below for the given knowledge item.,entity_swap,truthful_b36_entity_swap,hallucinated_b36_entity_swap,Briefly: a contract is a legally enforceable agreement. Its exact requirements depend on the jurisdiction and context.,Briefly: a lawsuit is a legally enforceable agreement. Its exact requirements depend on the jurisdiction and context.,0.9000000953674316,b36,1.7692815,-1.825534,8.732982,8.206958,0.36542561650276184,0.22389480471611023,0.1415308117866516,0.012669597752392292,0.029447555541992188,0.36542561650276184,0.22389480471611023,0.06425618380308151
b36_numeric_distortion,Evaluate the short factual answer below for the given knowledge item.,numeric_distortion,truthful_b36_numeric_distortion,hallucinated_b36_numeric_distortion,A contract is a legally enforceable agreement. Its exact requirements depend on the jurisdiction and context.,A contract is a two-party legally enforceable agreement. Its exact requirements depend on the jurisdiction and context.,0.2691235840320587,b36,-2.3161647,-3.6010933,-1.5177228,2.1604438,0.7699392437934875,0.15606051683425903,0.6138787269592285,0.08758983761072159,0.016208650544285774,0.09829491376876831,0.7699392437934875,0.15606051683425903
b36_role_inversion,Evaluate the short factual answer below for the given knowledge item.,role_inversion,truthful_b36_role_inversion,hallucinated_b36_role_inversion,"In this case, a contract is a legally enforceable agreement. Its exact requirements depend on the jurisdiction and context.","In this case, a legally enforceable agreement is a contract for the law rather than a contract being an enforceable agreement. Its exact requirements depend on the jurisdiction and context.",0.7485851645469666,b36,-3.6609695,0.88861215,-0.15922281,-1.5215269,0.7835280895233154,0.22261759638786316,0.5609104931354523,0.06939242780208588,0.22261759638786316,0.0512431338429451,0.08519251644611359,0.7835280895233154
b37_causal_substitution,Evaluate the short factual answer below for the given knowledge item.,causal_substitution,truthful_b37_causal_substitution,hallucinated_b37_causal_substitution,"In this case, a bicycle typically has two wheels. Balance and steering depend on both rider input and motion.","In this case, a bicycle typically has two wheels because roads demand paired circles for legal reasons. Balance and steering depend on both rider input and motion.",0.42909136414527893,b37,0.29777053,-0.26915878,4.346466,5.4383054,0.02949010394513607,0.10841314494609833,-0.07892304100096226,0.02949010394513607,0.033469490706920624,0.0708370953798294,0.08230868726968765,0.10841314494609833
b37_definition_substitution,Evaluate the short factual answer below for the given knowledge item.,definition_substitution,truthful_b37_definition_substitution,hallucinated_b37_definition_substitution,A concise response would be that a bicycle typically has two wheels. Balance and steering depend on both rider input and motion.,A concise response would be that a bicycle typically has two pedals only. Balance and steering depend on both rider input and motion.,0.40277060866355896,b37,0.23588753,-0.007963115,3.454285,4.8049645,0.03125540912151337,0.11687397211790085,-0.08561856299638748,0.033018071204423904,0.03125540912151337,0.046375829726457596,0.04495280608534813,0.11687397211790085
b37_entity_swap,Evaluate the short factual answer below for the given knowledge item.,entity_swap,truthful_b37_entity_swap,hallucinated_b37_entity_swap,A bicycle typically has two wheels. Balance and steering depend on both rider input and motion.,A tricycle typically has two wheels. Balance and steering depend on both rider input and motion.,0.664184033870697,b37,2.1363962,-1.0064099,8.916122,8.130404,0.32870110869407654,0.09933831542730331,0.22936279326677322,0.0280220415443182,0.033222030848264694,0.32870110869407654,0.09933831542730331,0.0385383777320385
b37_numeric_distortion,Evaluate the short factual answer below for the given knowledge item.,numeric_distortion,truthful_b37_numeric_distortion,hallucinated_b37_numeric_distortion,The short answer is: A bicycle typically has two wheels. Balance and steering depend on both rider input and motion.,The short answer is: A bicycle typically has three wheels. Balance and steering depend on both rider input and motion.,0.12412551045417786,b37,-1.6754477,-2.8965793,-1.4627115,2.18416,0.5552132725715637,0.1451214998960495,0.4100917726755142,0.006170185282826424,0.002411002293229103,0.056043386459350586,0.5552132725715637,0.1451214998960495
b37_role_inversion,Evaluate the short factual answer below for the given knowledge item.,role_inversion,truthful_b37_role_inversion,hallucinated_b37_role_inversion,The relevant fact is that a bicycle typically has two wheels. Balance and steering depend on both rider input and motion.,The relevant fact is that two wheels typically have a bicycle rather than a bicycle typically having two wheels. Balance and steering depend on both rider input and motion.,0.5296712517738342,b37,-0.29535085,-1.1189374,0.75845003,1.88708,0.15088964998722076,0.23930396139621735,-0.08841431140899658,0.050366032868623734,0.017445148900151253,0.11125394701957703,0.23930396139621735,0.15088964998722076
b38_causal_substitution,Evaluate the short factual answer below for the given knowledge item.,causal_substitution,truthful_b38_causal_substitution,hallucinated_b38_causal_substitution,The relevant fact is that rAM stores data that the computer can access quickly while running. It is commonly treated as working memory rather than long-term storage.,The relevant fact is that rAM stores data that the computer can access quickly because the monitor reflects the bits back into the case. It is commonly treated as working memory rather than long-term storage.,0.29916250705718994,b38,0.11610251,-0.15581119,3.171027,4.515337,0.037943508476018906,0.1301533430814743,-0.0922098346054554,0.037943508476018906,0.01782163977622986,0.05308634415268898,0.06510471552610397,0.1301533430814743
b38_definition_substitution,Evaluate the short factual answer below for the given knowledge item.,definition_substitution,truthful_b38_definition_substitution,hallucinated_b38_definition_substitution,"In this case, rAM stores data that the computer can access quickly while running. It is commonly treated as working memory rather than long-term storage.","In this case, rAM stores data that the computer can print quickly while running. It is commonly treated as working memory rather than long-term storage.",0.364646852016449,b38,0.8253469,0.43281358,5.8871007,2.3083844,0.13343364000320435,0.07708236575126648,0.056351274251937866,0.04205585643649101,0.13343364000320435,0.07708236575126648,0.03644448518753052,0.058063920587301254
b38_entity_swap,Evaluate the short factual answer below for the given knowledge item.,entity_swap,truthful_b38_entity_swap,hallucinated_b38_entity_swap,The short answer is: RAM stores data that the computer can access quickly while running. It is commonly treated as working memory rather than long-term storage.,The short answer is: A hard drive stores data that the computer can access quickly while running. It is commonly treated as working memory rather than long-term storage.,0.7976623177528381,b38,0.94358164,-1.0690228,8.225338,8.073845,0.20328694581985474,0.19299717247486115,0.010289773344993591,0.018264083191752434,0.0700790137052536,0.20328694581985474,0.19299717247486115,0.06607401371002197
b38_numeric_distortion,Evaluate the short factual answer below for the given knowledge item.,numeric_distortion,truthful_b38_numeric_distortion,hallucinated_b38_numeric_distortion,A concise response would be that rAM stores data that the computer can access quickly while running. It is commonly treated as working memory rather than long-term storage.,A concise response would be that rAM stores data that the computer can access in exactly one cycle while running. It is commonly treated as working memory rather than long-term storage.,0.40121644735336304,b38,-1.3023515,-2.1717093,-1.0027397,2.2092993,0.47437727451324463,0.11861157417297363,0.355765700340271,0.05912249535322189,0.007867913693189621,0.0515085905790329,0.47437727451324463,0.11861157417297363
b38_role_inversion,Evaluate the short factual answer below for the given knowledge item.,role_inversion,truthful_b38_role_inversion,hallucinated_b38_role_inversion,Briefly: rAM stores data that the computer can access quickly while running. It is commonly treated as working memory rather than long-term storage.,Briefly: the computer stores RAM that data can access quickly while running rather than RAM storing quickly accessible data. It is commonly treated as working memory rather than long-term storage.,0.4940280616283417,b38,0.17438924,0.056293707,5.4903865,4.158737,0.05747807398438454,0.10798188298940659,-0.05050380900502205,0.09732980281114578,0.030970962718129158,0.024387584999203682,0.10798188298940659,0.05747807398438454
b39_causal_substitution,Evaluate the short factual answer below for the given knowledge item.,causal_substitution,truthful_b39_causal_substitution,hallucinated_b39_causal_substitution,Briefly: penguins are birds that cannot fly. They are adapted for swimming instead.,Briefly: penguins are birds that cannot fly because ice freezes their wings shut from birth. They are adapted for swimming instead.,0.2504579722881317,b39,0.8773699,-0.37130675,8.03568,7.803464,0.0817989930510521,0.19573168456554413,-0.11393269151449203,0.0817989930510521,0.013793280348181725,0.19573168456554413,0.08133610337972641,0.12500512599945068
b39_definition_substitution,Evaluate the short factual answer below for the given knowledge item.,definition_substitution,truthful_b39_definition_substitution,hallucinated_b39_definition_substitution,The relevant fact is that penguins are birds that cannot fly. They are adapted for swimming instead.,The relevant fact is that penguins are fish that cannot fly. They are adapted for swimming instead.,0.16342389583587646,b39,0.64400995,-0.9191472,7.5672297,8.4594555,0.031592365354299545,0.20883184671401978,-0.17723948135972023,0.027598857879638672,0.031592365354299545,0.20883184671401978,0.14139699935913086,0.15081848204135895
b39_entity_swap,Evaluate the short factual answer below for the given knowledge item.,entity_swap,truthful_b39_entity_swap,hallucinated_b39_entity_swap,A concise response would be that penguins are birds that cannot fly. They are adapted for swimming instead.,A concise response would be that seals are birds that cannot fly. They are adapted for swimming instead.,0.8147002458572388,b39,3.3448622,-1.3214176,10.032501,8.788474,0.502778947353363,0.04476316273212433,0.4580157846212387,0.004753726534545422,0.01154321152716875,0.502778947353363,0.035551637411117554,0.04476316273212433
b39_numeric_distortion,Evaluate the short factual answer below for the given knowledge item.,numeric_distortion,truthful_b39_numeric_distortion,hallucinated_b39_numeric_distortion,"In this case, penguins are birds that cannot fly. They are adapted for swimming instead.","In this case, penguins are birds that cannot fly above two meters. They are adapted for swimming instead.",0.29325610399246216,b39,0.26181117,-0.4433326,2.34671,3.3624728,0.07971511781215668,0.1467488408088684,-0.06703372299671173,0.029169218614697456,0.006979108788073063,0.10334576666355133,0.07971511781215668,0.1467488408088684
b39_role_inversion,Evaluate the short factual answer below for the given knowledge item.,role_inversion,truthful_b39_role_inversion,hallucinated_b39_role_inversion,Penguins are birds that cannot fly. They are adapted for swimming instead.,Birds are penguins that cannot fly rather than penguins being birds that cannot fly. They are adapted for swimming instead.,0.43012574315071106,b39,0.8540503,-0.14668371,7.4317784,6.7091465,0.04547008126974106,0.1171264573931694,-0.07165637612342834,0.09092400223016739,0.020491212606430054,0.1171264573931694,0.08755425363779068,0.04547008126974106
b40_causal_substitution,Evaluate the short factual answer below for the given knowledge item.,causal_substitution,truthful_b40_causal_substitution,hallucinated_b40_causal_substitution,An arch spans an opening by redirecting weight into its supports. This structural idea has been used for centuries.,An arch spans an opening by redirecting weight because the stones float slightly upward at the center. This structural idea has been used for centuries.,0.3560287654399872,b40,-0.10208714,0.18346272,3.8760629,4.142687,0.06812907755374908,0.125798299908638,-0.057669222354888916,0.06812907755374908,0.031005248427391052,0.011658999137580395,0.06083256006240845,0.125798299908638
b40_definition_substitution,Evaluate the short factual answer below for the given knowledge item.,definition_substitution,truthful_b40_definition_substitution,hallucinated_b40_definition_substitution,Briefly: an arch spans an opening by redirecting weight into its supports. This structural idea has been used for centuries.,Briefly: an arch paints an opening by redirecting weight into its supports. This structural idea has been used for centuries.,0.5047725439071655,b40,0.20578915,0.99915195,6.3328943,1.6089094,0.2505171597003937,0.08296853303909302,0.16754862666130066,0.06852810829877853,0.2505171597003937,0.010492873378098011,0.08296853303909302,0.07595913112163544
b40_entity_swap,Evaluate the short factual answer below for the given knowledge item.,entity_swap,truthful_b40_entity_swap,hallucinated_b40_entity_swap,"In this case, an arch spans an opening by redirecting weight into its supports. This structural idea has been used for centuries.","In this case, a column spans an opening by redirecting weight into its supports. This structural idea has been used for centuries.",0.5268422365188599,b40,0.7312681,-0.14255203,6.705368,6.3350973,0.08169493824243546,0.06917108595371246,0.012523852288722992,0.01975923590362072,0.0378643237054348,0.08169493824243546,0.044544853270053864,0.06917108595371246
b40_numeric_distortion,Evaluate the short factual answer below for the given knowledge item.,numeric_distortion,truthful_b40_numeric_distortion,hallucinated_b40_numeric_distortion,The relevant fact is that an arch spans an opening by redirecting weight into its supports. This structural idea has been used for centuries.,The relevant fact is that an arch spans an opening by redirecting weight into two extra supports. This structural idea has been used for centuries.,0.1832691729068756,b40,-0.40106162,0.45883927,4.2356696,0.9404588,0.06091815233230591,0.21237793564796448,-0.15145978331565857,0.07729364931583405,0.09860680997371674,0.04192632809281349,0.06091815233230591,0.21237793564796448
b40_role_inversion,Evaluate the short factual answer below for the given knowledge item.,role_inversion,truthful_b40_role_inversion,hallucinated_b40_role_inversion,The short answer is: An arch spans an opening by redirecting weight into its supports. This structural idea has been used for centuries.,The short answer is: An opening spans an arch by redirecting weight into supports rather than an arch spanning an opening. This structural idea has been used for centuries.,0.3529956042766571,b40,0.02027212,0.060306698,4.541218,4.9391165,0.09305205196142197,0.0812545195221901,0.011797532439231873,0.0534362830221653,0.044983889907598495,0.00946259219199419,0.0812545195221901,0.09305205196142197
b41_causal_substitution,Evaluate the short factual answer below for the given knowledge item.,causal_substitution,truthful_b41_causal_substitution,hallucinated_b41_causal_substitution,The short answer is: Genes are segments of DNA. They carry instructions involved in building and maintaining organisms.,The short answer is: Genes are segments of DNA because cells fold memories into spirals during sleep. They carry instructions involved in building and maintaining organisms.,0.5378188490867615,b41,-0.20754616,2.7109814,4.099062,-2.6614704,0.5915188193321228,0.08385789394378662,0.5076609253883362,0.5915188193321228,0.005631713662296534,0.037866003811359406,0.07750992476940155,0.08385789394378662
b41_definition_substitution,Evaluate the short factual answer below for the given knowledge item.,definition_substitution,truthful_b41_definition_substitution,hallucinated_b41_definition_substitution,Genes are segments of DNA. They carry instructions involved in building and maintaining organisms.,Genes are segments of RNA polymerase. They carry instructions involved in building and maintaining organisms.,0.3848336338996887,b41,0.37480086,0.60537386,5.800981,2.2470944,0.16255508363246918,0.09144880622625351,0.07110627740621567,0.04209974780678749,0.16255508363246918,0.03678205981850624,0.047252997756004333,0.09144880622625351
b41_entity_swap,Evaluate the short factual answer below for the given knowledge item.,entity_swap,truthful_b41_entity_swap,hallucinated_b41_entity_swap,The relevant fact is that genes are segments of DNA. They carry instructions involved in building and maintaining organisms.,The relevant fact is that proteins are segments of DNA. They carry instructions involved in building and maintaining organisms.,0.7412976622581482,b41,1.3786182,0.14212476,8.041826,6.872879,0.17423832416534424,0.08656855672597885,0.08766976743936539,0.08656855672597885,0.040493641048669815,0.17423832416534424,0.01609869673848152,0.05823063477873802
b41_numeric_distortion,Evaluate the short factual answer below for the given knowledge item.,numeric_distortion,truthful_b41_numeric_distortion,hallucinated_b41_numeric_distortion,Briefly: genes are segments of DNA. They carry instructions involved in building and maintaining organisms.,Briefly: genes are two segments of DNA. They carry instructions involved in building and maintaining organisms.,0.12697619199752808,b41,-0.584774,0.14163277,3.7448387,0.9525248,0.07517629116773605,0.22209423780441284,-0.1469179466366768,0.05669669061899185,0.059100162237882614,0.02903173677623272,0.07517629116773605,0.22209423780441284
b41_role_inversion,Evaluate the short factual answer below for the given knowledge item.,role_inversion,truthful_b41_role_inversion,hallucinated_b41_role_inversion,A concise response would be that genes are segments of DNA. They carry instructions involved in building and maintaining organisms.,A concise response would be that dNA is a segment of genes rather than genes being segments of DNA. They carry instructions involved in building and maintaining organisms.,0.5310576558113098,b41,-0.11801611,-0.16664068,2.741216,3.9827058,0.14846529066562653,0.08126663416624069,0.06719865649938583,0.032258424907922745,0.03290190547704697,0.03876443952322006,0.08126663416624069,0.14846529066562653
b42_causal_substitution,Evaluate the short factual answer below for the given knowledge item.,causal_substitution,truthful_b42_causal_substitution,hallucinated_b42_causal_substitution,A concise response would be that a delta forms where a river deposits sediment near its mouth. These landforms often appear where water flow slows down.,A concise response would be that a delta forms where a river deposits sediment because tides sculpt triangles on command each evening. These landforms often appear where water flow slows down.,0.4425664246082306,b42,-0.20651574,1.5587686,3.5510335,-2.0899632,0.33759045600891113,0.11384367942810059,0.22374677658081055,0.33759045600891113,0.034197643399238586,0.024506574496626854,0.06904401630163193,0.11384367942810059
b42_definition_substitution,Evaluate the short factual answer below for the given knowledge item.,definition_substitution,truthful_b42_definition_substitution,hallucinated_b42_definition_substitution,The short answer is: A delta forms where a river deposits sediment near its mouth. These landforms often appear where water flow slows down.,The short answer is: A delta forms where a river deposits salt near its mouth. These landforms often appear where water flow slows down.,0.3561322093009949,b42,-0.34566805,-0.22568738,2.6771455,2.4789116,0.04517798125743866,0.16135592758655548,-0.11617794632911682,0.04037905111908913,0.04517798125743866,0.032944146543741226,0.11472883075475693,0.16135592758655548
b42_entity_swap,Evaluate the short factual answer below for the given knowledge item.,entity_swap,truthful_b42_entity_swap,hallucinated_b42_entity_swap,Briefly: a delta forms where a river deposits sediment near its mouth. These landforms often appear where water flow slows down.,Briefly: a canyon forms where a river deposits sediment near its mouth. These landforms often appear where water flow slows down.,0.5937836766242981,b42,0.20535284,0.21277782,3.7717664,4.3742704,0.04351203516125679,0.12172109633684158,-0.0782090611755848,0.06853622943162918,0.020463671535253525,0.04351203516125679,0.031362488865852356,0.12172109633684158
b42_numeric_distortion,Evaluate the short factual answer below for the given knowledge item.,numeric_distortion,truthful_b42_numeric_distortion,hallucinated_b42_numeric_distortion,A delta forms where a river deposits sediment near its mouth. These landforms often appear where water flow slows down.,A delta forms where a river deposits two sediments near its mouth. These landforms often appear where water flow slows down.,0.21273575723171234,b42,-0.14132012,0.094585024,3.079281,1.1743917,0.05751293525099754,0.16535362601280212,-0.10784069076180458,0.07260362803936005,0.0175469983369112,0.04396062716841698,0.05751293525099754,0.16535362601280212
b42_role_inversion,Evaluate the short factual answer below for the given knowledge item.,role_inversion,truthful_b42_role_inversion,hallucinated_b42_role_inversion,"In this case, a delta forms where a river deposits sediment near its mouth. These landforms often appear where water flow slows down.","In this case, a river mouth forms where a delta deposits sediment rather than a delta forming where a river deposits it. These landforms often appear where water flow slows down.",0.46335190534591675,b42,-0.14603797,0.2613574,4.2363763,3.9467876,0.11995412409305573,0.08933700621128082,0.030617117881774902,0.08933700621128082,0.04087003692984581,0.0100450674071908,0.07652387022972107,0.11995412409305573
b43_causal_substitution,Evaluate the short factual answer below for the given knowledge item.,causal_substitution,truthful_b43_causal_substitution,hallucinated_b43_causal_substitution,"In this case, a democracy is a system in which citizens participate in choosing their government. The details vary widely across countries.","In this case, a democracy is a system in which citizens participate in choosing their government because ballots generate leaders automatically from paper. The details vary widely across countries.",0.2193056344985962,b43,-0.92402655,0.47284737,0.8009665,-1.1746508,0.15083637833595276,0.332224577665329,-0.18138819932937622,0.15083637833595276,0.025944489985704422,0.08533630520105362,0.05759114399552345,0.332224577665329
b43_definition_substitution,Evaluate the short factual answer below for the given knowledge item.,definition_substitution,truthful_b43_definition_substitution,hallucinated_b43_definition_substitution,A concise response would be that a democracy is a system in which citizens participate in choosing their government. The details vary widely across countries.,A concise response would be that a democracy is a building in which citizens participate in choosing their government. The details vary widely across countries.,0.24667930603027344,b43,-0.18458727,-0.060981054,1.4556416,-0.30208024,0.07406044751405716,0.2622883915901184,-0.18822794407606125,0.0486954040825367,0.07406044751405716,0.1328185498714447,0.07052993029356003,0.2622883915901184
b43_entity_swap,Evaluate the short factual answer below for the given knowledge item.,entity_swap,truthful_b43_entity_swap,hallucinated_b43_entity_swap,A democracy is a system in which citizens participate in choosing their government. The details vary widely across countries.,A monarchy is a system in which citizens participate in choosing their government. The details vary widely across countries.,0.8371127247810364,b43,2.012941,-1.074649,8.939386,7.9546266,0.3156577944755554,0.10008891671895981,0.2155688777565956,0.010421170853078365,0.03226161375641823,0.3156577944755554,0.10008891671895981,0.048783428966999054
b43_numeric_distortion,Evaluate the short factual answer below for the given knowledge item.,numeric_distortion,truthful_b43_numeric_distortion,hallucinated_b43_numeric_distortion,The short answer is: A democracy is a system in which citizens participate in choosing their government. The details vary widely across countries.,The short answer is: A democracy is a two-level system in which citizens participate in choosing their government. The details vary widely across countries.,0.28709039092063904,b43,-0.7455013,-0.907516,1.0413888,1.3538909,0.20891092717647552,0.22340214252471924,-0.014491215348243713,0.04487839341163635,0.02037293091416359,0.08610783517360687,0.20891092717647552,0.22340214252471924
b43_role_inversion,Evaluate the short factual answer below for the given knowledge item.,role_inversion,truthful_b43_role_inversion,hallucinated_b43_role_inversion,The relevant fact is that a democracy is a system in which citizens participate in choosing their government. The details vary widely across countries.,The relevant fact is that citizens are a system in which democracy chooses its government rather than democracy involving citizens choosing government. The details vary widely across countries.,0.7956234812736511,b43,-3.531562,0.22097866,-0.2824783,-1.5644214,0.7262296676635742,0.07469567656517029,0.6515339910984039,0.0717507004737854,0.037337932735681534,0.025917701423168182,0.07469567656517029,0.7262296676635742
b44_causal_substitution,Evaluate the short factual answer below for the given knowledge item.,causal_substitution,truthful_b44_causal_substitution,hallucinated_b44_causal_substitution,The relevant fact is that watercolor paint is usually diluted with water. Its transparency is one of its distinctive visual qualities.,The relevant fact is that watercolor paint is usually diluted with water because paper pulls color out by static attraction. Its transparency is one of its distinctive visual qualities.,0.33119645714759827,b44,-0.35571253,0.06579321,2.6909676,1.7348993,0.07182934135198593,0.1602787971496582,-0.08844945579767227,0.07182934135198593,0.053898826241493225,0.02557380311191082,0.101225845515728,0.1602787971496582
b44_definition_substitution,Evaluate the short factual answer below for the given knowledge item.,definition_substitution,truthful_b44_definition_substitution,hallucinated_b44_definition_substitution,"In this case, watercolor paint is usually diluted with water. Its transparency is one of its distinctive visual qualities.","In this case, watercolor paint is usually diluted with sand. Its transparency is one of its distinctive visual qualities.",0.38690710067749023,b44,0.43355358,0.19536322,5.4224515,5.08253,0.05109279230237007,0.054398488253355026,-0.003305695950984955,0.04358024522662163,0.05109279230237007,0.017790833488106728,0.044359780848026276,0.054398488253355026
b44_entity_swap,Evaluate the short factual answer below for the given knowledge item.,entity_swap,truthful_b44_entity_swap,hallucinated_b44_entity_swap,The short answer is: Watercolor paint is usually diluted with water. Its transparency is one of its distinctive visual qualities.,The short answer is: Oil paint is usually diluted with water. Its transparency is one of its distinctive visual qualities.,0.595170259475708,b44,0.7653387,0.04805592,6.3276567,5.923755,0.04598958045244217,0.05875258892774582,-0.01276300847530365,0.007278698030859232,0.05875258892774582,0.04598958045244217,0.02774103358387947,0.0412401407957077
b44_numeric_distortion,Evaluate the short factual answer below for the given knowledge item.,numeric_distortion,truthful_b44_numeric_distortion,hallucinated_b44_numeric_distortion,A concise response would be that watercolor paint is usually diluted with water. Its transparency is one of its distinctive visual qualities.,A concise response would be that watercolor paint is usually diluted with two kinds of water. Its transparency is one of its distinctive visual qualities.,0.15437668561935425,b44,-0.23417279,0.35261282,3.2001216,0.8605973,0.05093488469719887,0.17572450637817383,-0.12478962168097496,0.0908527597784996,0.04182073473930359,0.034780263900756836,0.05093488469719887,0.17572450637817383
b44_role_inversion,Evaluate the short factual answer below for the given knowledge item.,role_inversion,truthful_b44_role_inversion,hallucinated_b44_role_inversion,Briefly: watercolor paint is usually diluted with water. Its transparency is one of its distinctive visual qualities.,Briefly: water usually dilutes watercolor paint because the paint commands the brush rather than being diluted with water. Its transparency is one of its distinctive visual qualities.,0.4627653956413269,b44,-0.11585053,0.004214674,3.0919392,4.25429,0.14053773880004883,0.06091390177607536,0.07962383702397346,0.03792011737823486,0.030922716483473778,0.01974569447338581,0.06091390177607536,0.14053773880004883
b45_causal_substitution,Evaluate the short factual answer below for the given knowledge item.,causal_substitution,truthful_b45_causal_substitution,hallucinated_b45_causal_substitution,Briefly: heat naturally flows from a hotter object to a cooler one. This tendency underlies many everyday thermal processes.,Briefly: heat naturally flows from a hotter object to a cooler one because cold objects attract fire particles by charge. This tendency underlies many everyday thermal processes.,0.37196362018585205,b45,-0.1231765,2.3009036,3.6247396,-2.0074968,0.29685109853744507,0.28282150626182556,0.014029592275619507,0.29685109853744507,0.28282150626182556,0.023233357816934586,0.08841212093830109,0.11280331760644913
b45_definition_substitution,Evaluate the short factual answer below for the given knowledge item.,definition_substitution,truthful_b45_definition_substitution,hallucinated_b45_definition_substitution,The relevant fact is that heat naturally flows from a hotter object to a cooler one. This tendency underlies many everyday thermal processes.,The relevant fact is that heat naturally flows from a hotter color to a cooler one. This tendency underlies many everyday thermal processes.,0.7347677946090698,b45,0.32239217,4.037762,7.107594,0.6859249,0.8808518648147583,0.16677682101726532,0.714075043797493,0.16677682101726532,0.8808518648147583,0.02786214090883732,0.10683751851320267,0.09742502868175507
b45_entity_swap,Evaluate the short factual answer below for the given knowledge item.,entity_swap,truthful_b45_entity_swap,hallucinated_b45_entity_swap,A concise response would be that heat naturally flows from a hotter object to a cooler one. This tendency underlies many everyday thermal processes.,A concise response would be that light naturally flows from a hotter object to a cooler one. This tendency underlies many everyday thermal processes.,0.5772393345832825,b45,0.33908173,-0.08137575,5.546003,3.9474483,0.05394623428583145,0.14124633371829987,-0.08730009943246841,0.09229044616222382,0.062487997114658356,0.05394623428583145,0.14124633371829987,0.04150642827153206
b45_numeric_distortion,Evaluate the short factual answer below for the given knowledge item.,numeric_distortion,truthful_b45_numeric_distortion,hallucinated_b45_numeric_distortion,"In this case, heat naturally flows from a hotter object to a cooler one. This tendency underlies many everyday thermal processes.","In this case, heat naturally flows from a hotter object to two cooler ones. This tendency underlies many everyday thermal processes.",0.3551081717014313,b45,-1.0540143,-0.5091282,-0.32460827,2.1261377,0.37754175066947937,0.21183514595031738,0.165706604719162,0.10469701141119003,0.21183514595031738,0.027298279106616974,0.37754175066947937,0.12149620056152344
b45_role_inversion,Evaluate the short factual answer below for the given knowledge item.,role_inversion,truthful_b45_role_inversion,hallucinated_b45_role_inversion,Heat naturally flows from a hotter object to a cooler one. This tendency underlies many everyday thermal processes.,A cooler object naturally flows from heat to a hotter one rather than heat flowing from hot to cool. This tendency underlies many everyday thermal processes.,0.3668951392173767,b45,-0.16520116,1.2445539,5.5264835,1.2887465,0.18660099804401398,0.24266605079174042,-0.05606505274772644,0.09910828620195389,0.24266605079174042,0.040879685431718826,0.04925408586859703,0.18660099804401398
b46_causal_substitution,Evaluate the short factual answer below for the given knowledge item.,causal_substitution,truthful_b46_causal_substitution,hallucinated_b46_causal_substitution,Mushrooms are fungi. They are biologically distinct from plants and animals.,Mushrooms are fungi because damp soil turns leaves into umbrellas overnight. They are biologically distinct from plants and animals.,0.3411027789115906,b46,0.17690752,0.24557519,4.0775895,4.152077,0.09670194238424301,0.11165385693311691,-0.014951914548873901,0.09670194238424301,0.024754799902439117,0.047206416726112366,0.05585029348731041,0.11165385693311691
b46_definition_substitution,Evaluate the short factual answer below for the given knowledge item.,definition_substitution,truthful_b46_definition_substitution,hallucinated_b46_definition_substitution,Briefly: mushrooms are fungi. They are biologically distinct from plants and animals.,Briefly: mushrooms are bacteria. They are biologically distinct from plants and animals.,0.27686136960983276,b46,-0.13986528,-0.20552969,4.1952176,2.8101695,0.07816404849290848,0.13078436255455017,-0.05262031406164169,0.03672560676932335,0.07816404849290848,0.03803218528628349,0.13078436255455017,0.12418274581432343
b46_entity_swap,Evaluate the short factual answer below for the given knowledge item.,entity_swap,truthful_b46_entity_swap,hallucinated_b46_entity_swap,"In this case, mushrooms are fungi. They are biologically distinct from plants and animals.","In this case, mosses are fungi. They are biologically distinct from plants and animals.",0.737227737903595,b46,1.6517178,-0.3909879,8.450881,7.153759,0.19162219762802124,0.03322453051805496,0.15839766710996628,0.015035529620945454,0.02317534200847149,0.19162219762802124,0.022293342277407646,0.03322453051805496
b46_numeric_distortion,Evaluate the short factual answer below for the given knowledge item.,numeric_distortion,truthful_b46_numeric_distortion,hallucinated_b46_numeric_distortion,The relevant fact is that mushrooms are fungi. They are biologically distinct from plants and animals.,The relevant fact is that mushrooms are two fungi. They are biologically distinct from plants and animals.,0.15682439506053925,b46,-0.2011091,-0.019657308,2.0636451,-0.00017782339,0.08595898002386093,0.2143436074256897,-0.12838462740182877,0.08332463353872299,0.04138198494911194,0.0993339940905571,0.08595898002386093,0.2143436074256897
b46_role_inversion,Evaluate the short factual answer below for the given knowledge item.,role_inversion,truthful_b46_role_inversion,hallucinated_b46_role_inversion,The short answer is: Mushrooms are fungi. They are biologically distinct from plants and animals.,The short answer is: Fungi are mushrooms rather than mushrooms being fungi. They are biologically distinct from plants and animals.,0.328372985124588,b46,0.6093253,-0.3678156,6.071768,6.108201,0.055786553770303726,0.08699177205562592,-0.03120521828532219,0.026705188676714897,0.024033261463046074,0.07548554986715317,0.08699177205562592,0.055786553770303726
b47_causal_substitution,Evaluate the short factual answer below for the given knowledge item.,causal_substitution,truthful_b47_causal_substitution,hallucinated_b47_causal_substitution,The short answer is: Interest is the cost of borrowing money. It can also describe earnings on savings or investments.,The short answer is: Interest is the cost of borrowing money because banks weigh coins before lending them out. It can also describe earnings on savings or investments.,0.23746424913406372,b47,-0.88261795,0.65200526,1.2272271,-1.0007155,0.18561002612113953,0.2806034982204437,-0.0949934720993042,0.18561002612113953,0.02203958109021187,0.053468551486730576,0.06920313835144043,0.2806034982204437
b47_definition_substitution,Evaluate the short factual answer below for the given knowledge item.,definition_substitution,truthful_b47_definition_substitution,hallucinated_b47_definition_substitution,Interest is the cost of borrowing money. It can also describe earnings on savings or investments.,Interest is the speed of borrowing money. It can also describe earnings on savings or investments.,0.3532431721687317,b47,0.019362038,-0.004746207,2.9518776,4.4766116,0.04511595889925957,0.16271668672561646,-0.11760072782635689,0.0148063525557518,0.04511595889925957,0.04671548679471016,0.03810684382915497,0.16271668672561646
b47_entity_swap,Evaluate the short factual answer below for the given knowledge item.,entity_swap,truthful_b47_entity_swap,hallucinated_b47_entity_swap,The relevant fact is that interest is the cost of borrowing money. It can also describe earnings on savings or investments.,The relevant fact is that tax is the cost of borrowing money. It can also describe earnings on savings or investments.,0.7431886196136475,b47,1.3758594,-0.36111733,8.286032,7.243074,0.21017178893089294,0.07301672548055649,0.13715506345033646,0.0584561862051487,0.025245361030101776,0.21017178893089294,0.05591166019439697,0.07301672548055649
b47_numeric_distortion,Evaluate the short factual answer below for the given knowledge item.,numeric_distortion,truthful_b47_numeric_distortion,hallucinated_b47_numeric_distortion,Briefly: interest is the cost of borrowing money. It can also describe earnings on savings or investments.,Briefly: interest is the ten-percent cost of borrowing money. It can also describe earnings on savings or investments.,0.27120867371559143,b47,-2.38618,-2.2666957,-1.3726877,1.9854797,0.5264557600021362,0.2773541510105133,0.24910160899162292,0.08533185720443726,0.01269194483757019,0.05768291652202606,0.5264557600021362,0.2773541510105133
b47_role_inversion,Evaluate the short factual answer below for the given knowledge item.,role_inversion,truthful_b47_role_inversion,hallucinated_b47_role_inversion,A concise response would be that interest is the cost of borrowing money. It can also describe earnings on savings or investments.,A concise response would be that borrowing money is the cost of interest rather than interest being the cost of borrowing money. It can also describe earnings on savings or investments.,0.6522535085678101,b47,-1.2292786,0.26556605,1.2098651,-0.8914902,0.27300190925598145,0.14908333122730255,0.1239185780286789,0.14908333122730255,0.005548075772821903,0.009653165005147457,0.11378394812345505,0.27300190925598145
b48_causal_substitution,Evaluate the short factual answer below for the given knowledge item.,causal_substitution,truthful_b48_causal_substitution,hallucinated_b48_causal_substitution,A concise response would be that the mean is found by summing values and dividing by the number of values. It is one common measure of central tendency.,A concise response would be that the mean is found by summing values and dividing by the number of values because arithmetic balances numbers emotionally. It is one common measure of central tendency.,0.40638604760169983,b48,0.08247382,0.8612441,3.2636952,-1.5483344,0.2499326914548874,0.09103160351514816,0.15890108793973923,0.2499326914548874,0.00208530412055552,0.046376876533031464,0.07622198760509491,0.09103160351514816
b48_definition_substitution,Evaluate the short factual answer below for the given knowledge item.,definition_substitution,truthful_b48_definition_substitution,hallucinated_b48_definition_substitution,The short answer is: The mean is found by summing values and dividing by the number of values. It is one common measure of central tendency.,The short answer is: The mean is found by sorting values and taking the middle one. It is one common measure of central tendency.,0.3206608295440674,b48,0.1691103,0.20689344,5.0407233,4.6726627,0.028002368286252022,0.07642850279808044,-0.04842613451182842,0.07642850279808044,0.028002368286252022,0.008782261982560158,0.062144648283720016,0.07364907115697861
b48_entity_swap,Evaluate the short factual answer below for the given knowledge item.,entity_swap,truthful_b48_entity_swap,hallucinated_b48_entity_swap,Briefly: the mean is found by summing values and dividing by the number of values. It is one common measure of central tendency.,Briefly: the median is found by summing values and dividing by the number of values. It is one common measure of central tendency.,0.6164628267288208,b48,0.7377662,-0.31167212,7.5104284,7.01012,0.12835925817489624,0.09895989298820496,0.029399365186691284,0.0842118188738823,0.009304443374276161,0.12835925817489624,0.09895989298820496,0.06991256773471832
b48_numeric_distortion,Evaluate the short factual answer below for the given knowledge item.,numeric_distortion,truthful_b48_numeric_distortion,hallucinated_b48_numeric_distortion,The mean is found by summing values and dividing by the number of values. It is one common measure of central tendency.,The mean is found by summing values and dividing by the largest value. It is one common measure of central tendency.,0.1567728966474533,b48,-0.6934441,-0.6426821,0.662525,1.9864144,0.22688235342502594,0.13743644952774048,0.08944590389728546,0.07546564936637878,0.033343955874443054,0.02380969747900963,0.22688235342502594,0.13743644952774048
b48_role_inversion,Evaluate the short factual answer below for the given knowledge item.,role_inversion,truthful_b48_role_inversion,hallucinated_b48_role_inversion,"In this case, the mean is found by summing values and dividing by the number of values. It is one common measure of central tendency.","In this case, the number of values is found by summing the mean rather than the mean being found from the values. It is one common measure of central tendency.",0.5417461395263672,b48,0.2598098,0.36910304,4.786878,4.6499925,0.08678677678108215,0.06455127149820328,0.022235505282878876,0.06455127149820328,0.04253896325826645,0.01373841892927885,0.028079580515623093,0.08678677678108215
b49_causal_substitution,Evaluate the short factual answer below for the given knowledge item.,causal_substitution,truthful_b49_causal_substitution,hallucinated_b49_causal_substitution,"In this case, enamel is the hard outer layer of a tooth. It helps protect the softer tissues underneath.","In this case, enamel is the hard outer layer of a tooth because chewing compresses minerals outward after birth. It helps protect the softer tissues underneath.",0.3681238293647766,b49,0.34120673,-0.29817268,5.497213,5.6228576,0.04270026087760925,0.09229295700788498,-0.049592696130275726,0.04270026087760925,0.008493063040077686,0.04438616335391998,0.09229295700788498,0.06417740881443024
b49_definition_substitution,Evaluate the short factual answer below for the given knowledge item.,definition_substitution,truthful_b49_definition_substitution,hallucinated_b49_definition_substitution,A concise response would be that enamel is the hard outer layer of a tooth. It helps protect the softer tissues underneath.,A concise response would be that enamel is the hard outer nerve of a tooth. It helps protect the softer tissues underneath.,0.31016045808792114,b49,-0.10308826,-0.21499225,4.8364477,3.34395,0.05269404873251915,0.13287316262722015,-0.080179113894701,0.050909966230392456,0.05269404873251915,0.02244330756366253,0.13287316262722015,0.09670370817184448
b49_entity_swap,Evaluate the short factual answer below for the given knowledge item.,entity_swap,truthful_b49_entity_swap,hallucinated_b49_entity_swap,Enamel is the hard outer layer of a tooth. It helps protect the softer tissues underneath.,Dentin is the hard outer layer of a tooth. It helps protect the softer tissues underneath.,0.5753877758979797,b49,0.2275808,-0.22406116,4.578978,5.318655,0.03411039710044861,0.08683836460113525,-0.052727967500686646,0.01091891061514616,0.04850229248404503,0.03411039710044861,0.08347378671169281,0.08683836460113525
b49_numeric_distortion,Evaluate the short factual answer below for the given knowledge item.,numeric_distortion,truthful_b49_numeric_distortion,hallucinated_b49_numeric_distortion,The short answer is: Enamel is the hard outer layer of a tooth. It helps protect the softer tissues underneath.,The short answer is: Enamel is the second hard outer layer of a tooth. It helps protect the softer tissues underneath.,0.2959035634994507,b49,-0.93679565,-1.3658869,0.29190236,2.0863922,0.29296061396598816,0.13037404417991638,0.16258656978607178,0.014746109955012798,0.01023839134722948,0.00866112019866705,0.29296061396598816,0.13037404417991638
b49_role_inversion,Evaluate the short factual answer below for the given knowledge item.,role_inversion,truthful_b49_role_inversion,hallucinated_b49_role_inversion,The relevant fact is that enamel is the hard outer layer of a tooth. It helps protect the softer tissues underneath.,The relevant fact is that a tooth is the hard outer layer of enamel rather than enamel being the hard outer layer of a tooth. It helps protect the softer tissues underneath.,0.30598053336143494,b49,-0.14728038,-0.23711395,2.8337064,3.7334008,0.13432250916957855,0.09601237624883652,0.038310132920742035,0.03931548818945885,0.021035967394709587,0.030666450038552284,0.09601237624883652,0.13432250916957855
b50_causal_substitution,Evaluate the short factual answer below for the given knowledge item.,causal_substitution,truthful_b50_causal_substitution,hallucinated_b50_causal_substitution,The relevant fact is that latitude measures how far north or south a place is from the equator. It is commonly expressed in degrees.,The relevant fact is that latitude measures how far north or south a place is because maps stretch upward when heated by sunlight. It is commonly expressed in degrees.,0.29090744256973267,b50,-1.1744549,0.21246912,0.9399545,-1.4630389,0.08899190276861191,0.29583868384361267,-0.20684678107500076,0.08899190276861191,0.029971452429890633,0.011551836505532265,0.08151998370885849,0.29583868384361267
b50_definition_substitution,Evaluate the short factual answer below for the given knowledge item.,definition_substitution,truthful_b50_definition_substitution,hallucinated_b50_definition_substitution,"In this case, latitude measures how far north or south a place is from the equator. It is commonly expressed in degrees.","In this case, latitude measures how far east or west a place is from the equator. It is commonly expressed in degrees.",0.12424822896718979,b50,-0.99333274,-0.51256996,0.7056217,-0.80971307,0.012779519893229008,0.34100276231765747,-0.32822324242442846,0.11170555651187897,0.012779519893229008,0.14647185802459717,0.16984893381595612,0.34100276231765747
b50_entity_swap,Evaluate the short factual answer below for the given knowledge item.,entity_swap,truthful_b50_entity_swap,hallucinated_b50_entity_swap,The short answer is: Latitude measures how far north or south a place is from the equator. It is commonly expressed in degrees.,The short answer is: Longitude measures how far north or south a place is from the equator. It is commonly expressed in degrees.,0.4581034779548645,b50,-0.038801957,-0.3961958,2.4185925,3.2565439,0.07757719606161118,0.1666671484708786,-0.08908995240926743,0.03045360930263996,0.013962477445602417,0.07757719606161118,0.09059930592775345,0.1666671484708786
b50_numeric_distortion,Evaluate the short factual answer below for the given knowledge item.,numeric_distortion,truthful_b50_numeric_distortion,hallucinated_b50_numeric_distortion,A concise response would be that latitude measures how far north or south a place is from the equator. It is commonly expressed in degrees.,A concise response would be that latitude measures how far north or south a place is in two-degree steps from the equator. It is commonly expressed in degrees.,0.1524517834186554,b50,-1.5182467,-0.1826649,0.5036247,-1.1989956,0.14688646793365479,0.3609471619129181,-0.2140606939792633,0.09923592954874039,0.027290739119052887,0.058738451451063156,0.14688646793365479,0.3609471619129181
b50_role_inversion,Evaluate the short factual answer below for the given knowledge item.,role_inversion,truthful_b50_role_inversion,hallucinated_b50_role_inversion,Briefly: latitude measures how far north or south a place is from the equator. It is commonly expressed in degrees.,Briefly: the equator measures how far latitude is from a place rather than latitude measuring a place from the equator. It is commonly expressed in degrees.,0.6190778613090515,b50,-1.3383228,0.22405218,0.74327505,-1.6295106,0.3286345601081848,0.07827804982662201,0.2503565102815628,0.07827804982662201,0.0282596442848444,0.0073045529425144196,0.06970175355672836,0.3286345601081848
b51_causal_substitution,Evaluate the short factual answer below for the given knowledge item.,causal_substitution,truthful_b51_causal_substitution,hallucinated_b51_causal_substitution,Briefly: neurons communicate using electrical signals and chemical neurotransmitters. Synapses are the junctions where much of that signaling occurs.,Briefly: neurons communicate using electrical signals and chemical neurotransmitters because the skull echoes thoughts through the bloodstream. Synapses are the junctions where much of that signaling occurs.,0.2925384044647217,b51,0.1258662,-0.103682056,4.4697423,5.373843,0.043339330703020096,0.10082629323005676,-0.05748696252703667,0.043339330703020096,0.029768189415335655,0.03374949097633362,0.07879742980003357,0.10082629323005676
b51_definition_substitution,Evaluate the short factual answer below for the given knowledge item.,definition_substitution,truthful_b51_definition_substitution,hallucinated_b51_definition_substitution,The relevant fact is that neurons communicate using electrical signals and chemical neurotransmitters. Synapses are the junctions where much of that signaling occurs.,The relevant fact is that neurons communicate using electrical signals and nutritional vitamins. Synapses are the junctions where much of that signaling occurs.,0.3099912405014038,b51,0.111197986,-0.05538919,4.190353,5.252327,0.04694802686572075,0.10260962694883347,-0.05566160008311272,0.03741342946887016,0.04694802686572075,0.03079066053032875,0.07890406996011734,0.10260962694883347
b51_entity_swap,Evaluate the short factual answer below for the given knowledge item.,entity_swap,truthful_b51_entity_swap,hallucinated_b51_entity_swap,A concise response would be that neurons communicate using electrical signals and chemical neurotransmitters. Synapses are the junctions where much of that signaling occurs.,A concise response would be that muscles communicate using electrical signals and chemical neurotransmitters. Synapses are the junctions where much of that signaling occurs.,0.7309825420379639,b51,0.87759423,-0.24073547,6.6240454,6.3883667,0.08915294706821442,0.05241820216178894,0.036734744906425476,0.01652473956346512,0.019414832815527916,0.08915294706821442,0.04095785692334175,0.05241820216178894
b51_numeric_distortion,Evaluate the short factual answer below for the given knowledge item.,numeric_distortion,truthful_b51_numeric_distortion,hallucinated_b51_numeric_distortion,"In this case, neurons communicate using electrical signals and chemical neurotransmitters. Synapses are the junctions where much of that signaling occurs.","In this case, neurons communicate using two electrical signals and chemical neurotransmitters. Synapses are the junctions where much of that signaling occurs.",0.170566126704216,b51,-0.31690055,0.14578652,3.4401019,1.3312486,0.03580624237656593,0.19619642198085785,-0.16039017960429192,0.05235580727458,0.018653880804777145,0.028112877160310745,0.03580624237656593,0.19619642198085785
b51_role_inversion,Evaluate the short factual answer below for the given knowledge item.,role_inversion,truthful_b51_role_inversion,hallucinated_b51_role_inversion,Neurons communicate using electrical signals and chemical neurotransmitters. Synapses are the junctions where much of that signaling occurs.,Electrical signals communicate using neurons and neurotransmitters rather than neurons using signals and transmitters. Synapses are the junctions where much of that signaling occurs.,0.5327953696250916,b51,0.2769435,-0.17127855,5.358833,5.509733,0.07591503113508224,0.08841422200202942,-0.012499190866947174,0.05489343777298927,0.01749028079211712,0.04357064515352249,0.08841422200202942,0.07591503113508224
b52_causal_substitution,Evaluate the short factual answer below for the given knowledge item.,causal_substitution,truthful_b52_causal_substitution,hallucinated_b52_causal_substitution,Steel is an alloy made primarily of iron and carbon. Different grades adjust the composition for different uses.,Steel is an alloy made primarily of iron and carbon because furnaces fuse shadows into metal grain. Different grades adjust the composition for different uses.,0.25357747077941895,b52,0.5569519,-0.7175868,7.545179,8.666129,0.04957904294133186,0.22168558835983276,-0.1721065454185009,0.04957904294133186,0.029599322006106377,0.22168558835983276,0.11828839778900146,0.189783975481987
b52_definition_substitution,Evaluate the short factual answer below for the given knowledge item.,definition_substitution,truthful_b52_definition_substitution,hallucinated_b52_definition_substitution,Briefly: steel is an alloy made primarily of iron and carbon. Different grades adjust the composition for different uses.,Briefly: steel is an element made primarily of iron and carbon. Different grades adjust the composition for different uses.,0.11347358673810959,b52,0.6284514,-0.8905679,7.6199517,8.726793,0.07637836039066315,0.28222280740737915,-0.205844447016716,0.03458487614989281,0.07637836039066315,0.28222280740737915,0.14758653938770294,0.22624444961547852
b52_entity_swap,Evaluate the short factual answer below for the given knowledge item.,entity_swap,truthful_b52_entity_swap,hallucinated_b52_entity_swap,"In this case, steel is an alloy made primarily of iron and carbon. Different grades adjust the composition for different uses.","In this case, bronze is an alloy made primarily of iron and carbon. Different grades adjust the composition for different uses.",0.8257738351821899,b52,3.6947227,-1.2725878,10.1267185,8.87982,0.5593208074569702,0.0702495202422142,0.489071287214756,0.04275602102279663,0.05061202868819237,0.5593208074569702,0.0702495202422142,0.017461588606238365
b52_numeric_distortion,Evaluate the short factual answer below for the given knowledge item.,numeric_distortion,truthful_b52_numeric_distortion,hallucinated_b52_numeric_distortion,The relevant fact is that steel is an alloy made primarily of iron and carbon. Different grades adjust the composition for different uses.,The relevant fact is that steel is an alloy made primarily of iron and three carbons. Different grades adjust the composition for different uses.,0.14420916140079498,b52,0.9823495,-0.5365083,7.537593,8.766746,0.048291802406311035,0.30110809206962585,-0.2528162896633148,0.022442255169153214,0.06579630821943283,0.30110809206962585,0.048291802406311035,0.24585428833961487
b52_role_inversion,Evaluate the short factual answer below for the given knowledge item.,role_inversion,truthful_b52_role_inversion,hallucinated_b52_role_inversion,The short answer is: Steel is an alloy made primarily of iron and carbon. Different grades adjust the composition for different uses.,The short answer is: Iron and carbon are an alloy made primarily of steel rather than steel being an alloy of them. Different grades adjust the composition for different uses.,0.5917871594429016,b52,-0.21823178,-0.29825813,2.674422,3.582171,0.14797185361385345,0.09863930940628052,0.04933254420757294,0.022933054715394974,0.029800565913319588,0.030575821176171303,0.09863930940628052,0.14797185361385345
b53_causal_substitution,Evaluate the short factual answer below for the given knowledge item.,causal_substitution,truthful_b53_causal_substitution,hallucinated_b53_causal_substitution,The short answer is: Compost adds organic matter to soil. Gardeners use it to improve structure and fertility.,The short answer is: Compost adds organic matter to soil because worms assign nutrients by tunneling patterns. Gardeners use it to improve structure and fertility.,0.3142743706703186,b53,1.483704,-0.13338695,9.122617,8.239948,0.13482999801635742,0.29185423254966736,-0.15702423453330994,0.13482999801635742,0.05187421292066574,0.29185423254966736,0.07548084110021591,0.1157858818769455
b53_definition_substitution,Evaluate the short factual answer below for the given knowledge item.,definition_substitution,truthful_b53_definition_substitution,hallucinated_b53_definition_substitution,Compost adds organic matter to soil. Gardeners use it to improve structure and fertility.,Compost adds organic matter to water. Gardeners use it to improve structure and fertility.,0.28181958198547363,b53,0.25352067,0.33518705,5.9527345,1.5462993,0.2162620574235916,0.14997369050979614,0.06628836691379547,0.042246442288160324,0.2162620574235916,0.10936252027750015,0.11211416870355606,0.14997369050979614
b53_entity_swap,Evaluate the short factual answer below for the given knowledge item.,entity_swap,truthful_b53_entity_swap,hallucinated_b53_entity_swap,The relevant fact is that compost adds organic matter to soil. Gardeners use it to improve structure and fertility.,The relevant fact is that pesticide adds organic matter to soil. Gardeners use it to improve structure and fertility.,0.8790627121925354,b53,3.9355893,-1.3759978,10.248244,8.996269,0.6357043981552124,0.07734853029251099,0.5583558678627014,0.03606531023979187,0.02556636743247509,0.6357043981552124,0.028004633262753487,0.07734853029251099
b53_numeric_distortion,Evaluate the short factual answer below for the given knowledge item.,numeric_distortion,truthful_b53_numeric_distortion,hallucinated_b53_numeric_distortion,Briefly: compost adds organic matter to soil. Gardeners use it to improve structure and fertility.,Briefly: compost adds two kinds of organic matter to soil. Gardeners use it to improve structure and fertility.,0.2382548302412033,b53,1.9371185,-0.469531,9.30142,8.401424,0.04375770315527916,0.34257474541664124,-0.2988170422613621,0.05793709680438042,0.060217276215553284,0.34257474541664124,0.04375770315527916,0.11929058283567429
b53_role_inversion,Evaluate the short factual answer below for the given knowledge item.,role_inversion,truthful_b53_role_inversion,hallucinated_b53_role_inversion,A concise response would be that compost adds organic matter to soil. Gardeners use it to improve structure and fertility.,A concise response would be that soil adds organic matter to compost rather than compost adding organic matter to soil. Gardeners use it to improve structure and fertility.,0.5531193017959595,b53,0.82622504,0.047716673,6.855957,6.1874547,0.03761390596628189,0.07688251882791519,-0.0392686128616333,0.06129086762666702,0.03739394247531891,0.07688251882791519,0.05157630145549774,0.03761390596628189
b54_causal_substitution,Evaluate the short factual answer below for the given knowledge item.,causal_substitution,truthful_b54_causal_substitution,hallucinated_b54_causal_substitution,A concise response would be that a convex lens can focus light rays inward. Magnifying glasses are a familiar example.,A concise response would be that a convex lens can focus light rays inward because glass teaches beams to curve toward the middle. Magnifying glasses are a familiar example.,0.29442229866981506,b54,-0.4532737,0.90919745,6.359939,1.2326025,0.0312043447047472,0.35809388756752014,-0.32688954286277294,0.0312043447047472,0.35809388756752014,0.02169700339436531,0.14884252846240997,0.17523193359375
b54_definition_substitution,Evaluate the short factual answer below for the given knowledge item.,definition_substitution,truthful_b54_definition_substitution,hallucinated_b54_definition_substitution,The short answer is: A convex lens can focus light rays inward. Magnifying glasses are a familiar example.,The short answer is: A convex lens can focus sound waves inward. Magnifying glasses are a familiar example.,0.6824758648872375,b54,0.9225779,3.905581,7.0814056,0.7109905,0.9309090375900269,0.04469316080212593,0.8862158767879009,0.03299586474895477,0.9309090375900269,0.01451245229691267,0.03929793834686279,0.04469316080212593
b54_entity_swap,Evaluate the short factual answer below for the given knowledge item.,entity_swap,truthful_b54_entity_swap,hallucinated_b54_entity_swap,Briefly: a convex lens can focus light rays inward. Magnifying glasses are a familiar example.,Briefly: a concave lens can focus light rays inward. Magnifying glasses are a familiar example.,0.3494488596916199,b54,0.11243181,-0.042213887,5.221968,2.8745217,0.017879627645015717,0.12721966207027435,-0.10934003442525864,0.023673895746469498,0.11929901689291,0.017879627645015717,0.12721966207027435,0.06767383217811584
b54_numeric_distortion,Evaluate the short factual answer below for the given knowledge item.,numeric_distortion,truthful_b54_numeric_distortion,hallucinated_b54_numeric_distortion,A convex lens can focus light rays inward. Magnifying glasses are a familiar example.,A convex lens can focus two light rays inward. Magnifying glasses are a familiar example.,0.2950809597969055,b54,-0.48616946,-0.023110239,4.743135,2.7199614,0.1961851418018341,0.18401247262954712,0.012172669172286987,0.0362984724342823,0.18401247262954712,0.009744607843458652,0.1961851418018341,0.12444714456796646
b54_role_inversion,Evaluate the short factual answer below for the given knowledge item.,role_inversion,truthful_b54_role_inversion,hallucinated_b54_role_inversion,"In this case, a convex lens can focus light rays inward. Magnifying glasses are a familiar example.","In this case, light rays can focus a convex lens inward rather than a convex lens focusing light rays inward. Magnifying glasses are a familiar example.",0.40311598777770996,b54,0.21714787,0.9426591,6.4081597,1.7203356,0.07376885414123535,0.23221039772033691,-0.15844154357910156,0.07007226347923279,0.23221039772033691,0.010434550233185291,0.08038453757762909,0.07376885414123535
b55_causal_substitution,Evaluate the short factual answer below for the given knowledge item.,causal_substitution,truthful_b55_causal_substitution,hallucinated_b55_causal_substitution,"In this case, white blood cells help defend the body against infection. Different types play different immune roles.","In this case, white blood cells help defend the body against infection because bones pre-label microbes with warning colors. Different types play different immune roles.",0.44346702098846436,b55,-0.48691761,3.0748808,4.080155,-2.6555853,0.5790199041366577,0.16568730771541595,0.41333259642124176,0.5790199041366577,0.16568730771541595,0.03611630201339722,0.12807448208332062,0.11458665132522583
b55_definition_substitution,Evaluate the short factual answer below for the given knowledge item.,definition_substitution,truthful_b55_definition_substitution,hallucinated_b55_definition_substitution,A concise response would be that white blood cells help defend the body against infection. Different types play different immune roles.,A concise response would be that white blood cells help defend the body against dehydration. Different types play different immune roles.,0.802605390548706,b55,0.8067667,4.2662525,7.055636,0.7353408,0.9717883467674255,0.12139272689819336,0.8503956198692322,0.12139272689819336,0.9717883467674255,0.028213541954755783,0.08826528489589691,0.039288707077503204
b55_entity_swap,Evaluate the short factual answer below for the given knowledge item.,entity_swap,truthful_b55_entity_swap,hallucinated_b55_entity_swap,White blood cells help defend the body against infection. Different types play different immune roles.,Red blood cells help defend the body against infection. Different types play different immune roles.,0.5773466229438782,b55,0.8944509,0.74317604,6.3279643,1.8238767,0.05917569622397423,0.2178540974855423,-0.15867840126156807,0.0433536097407341,0.2178540974855423,0.05917569622397423,0.05468859151005745,0.023739608004689217
b55_numeric_distortion,Evaluate the short factual answer below for the given knowledge item.,numeric_distortion,truthful_b55_numeric_distortion,hallucinated_b55_numeric_distortion,The short answer is: White blood cells help defend the body against infection. Different types play different immune roles.,The short answer is: White blood cells help defend the body against two infections at once. Different types play different immune roles.,0.40421923995018005,b55,-1.7308887,-2.4389594,-1.2986587,2.191754,0.6508986353874207,0.17634934186935425,0.4745492935180664,0.03144438564777374,0.17634934186935425,0.021402258425951004,0.6508986353874207,0.07198286056518555
b55_role_inversion,Evaluate the short factual answer below for the given knowledge item.,role_inversion,truthful_b55_role_inversion,hallucinated_b55_role_inversion,The relevant fact is that white blood cells help defend the body against infection. Different types play different immune roles.,The relevant fact is that the body helps defend white blood cells against infection rather than white blood cells helping defend the body. Different types play different immune roles.,0.3687024712562561,b55,0.0078067402,0.43959394,5.2676983,2.6011064,0.10526440292596817,0.12059682607650757,-0.015332423150539398,0.06666509807109833,0.12059682607650757,0.015074617229402065,0.08134371787309647,0.10526440292596817
b56_causal_substitution,Evaluate the short factual answer below for the given knowledge item.,causal_substitution,truthful_b56_causal_substitution,hallucinated_b56_causal_substitution,The relevant fact is that an earthquake is a sudden shaking of the ground caused by movement in Earth's crust. Many earthquakes occur near faults.,The relevant fact is that an earthquake is a sudden shaking of the ground because mountains release built-up wind through underground chambers. Many earthquakes occur near faults.,0.38882553577423096,b56,-0.08940926,-0.104519084,2.7520647,4.092832,0.03265070915222168,0.16001972556114197,-0.1273690164089203,0.03265070915222168,0.04616844654083252,0.050481267273426056,0.07529206573963165,0.16001972556114197
b56_definition_substitution,Evaluate the short factual answer below for the given knowledge item.,definition_substitution,truthful_b56_definition_substitution,hallucinated_b56_definition_substitution,"In this case, an earthquake is a sudden shaking of the ground caused by movement in Earth's crust. Many earthquakes occur near faults.","In this case, an earthquake is a sudden warming of the ground caused by movement in Earth's crust. Many earthquakes occur near faults.",0.25427496433258057,b56,-0.7465056,-0.05496333,1.4482099,-0.3907964,0.08222998678684235,0.25041326880455017,-0.16818328201770782,0.05866265669465065,0.08222998678684235,0.056726131588220596,0.12262608110904694,0.25041326880455017
b56_entity_swap,Evaluate the short factual answer below for the given knowledge item.,entity_swap,truthful_b56_entity_swap,hallucinated_b56_entity_swap,The short answer is: An earthquake is a sudden shaking of the ground caused by movement in Earth's crust. Many earthquakes occur near faults.,The short answer is: A volcano is a sudden shaking of the ground caused by movement in Earth's crust. Many earthquakes occur near faults.,0.703410804271698,b56,0.48992062,-0.51175654,7.2933993,8.3086815,0.15941305458545685,0.16353440284729004,-0.004121348261833191,0.02609439380466938,0.031234649941325188,0.15941305458545685,0.0837649330496788,0.16353440284729004
b56_numeric_distortion,Evaluate the short factual answer below for the given knowledge item.,numeric_distortion,truthful_b56_numeric_distortion,hallucinated_b56_numeric_distortion,A concise response would be that an earthquake is a sudden shaking of the ground caused by movement in Earth's crust. Many earthquakes occur near faults.,A concise response would be that an earthquake is a two-stage shaking of the ground caused by movement in Earth's crust. Many earthquakes occur near faults.,0.29629743099212646,b56,-0.3657861,-0.998682,0.794492,1.9347523,0.2399386763572693,0.1431947648525238,0.09674391150474548,0.046453189104795456,0.039207909256219864,0.08947265893220901,0.2399386763572693,0.1431947648525238
b56_role_inversion,Evaluate the short factual answer below for the given knowledge item.,role_inversion,truthful_b56_role_inversion,hallucinated_b56_role_inversion,Briefly: an earthquake is a sudden shaking of the ground caused by movement in Earth's crust. Many earthquakes occur near faults.,Briefly: earth's crust is a sudden shaking caused by an earthquake rather than an earthquake being shaking caused by crustal movement. Many earthquakes occur near faults.,0.6313511729240417,b56,-1.7928914,-0.2467858,0.3482023,-1.5435038,0.37632256746292114,0.1331201195716858,0.24320244789123535,0.044273123145103455,0.03590407967567444,0.009762000292539597,0.1331201195716858,0.37632256746292114
b57_causal_substitution,Evaluate the short factual answer below for the given knowledge item.,causal_substitution,truthful_b57_causal_substitution,hallucinated_b57_causal_substitution,Briefly: a compass needle points toward magnetic north. That direction is not always identical to true geographic north.,Briefly: a compass needle points toward magnetic north because the map ink pulls it into alignment. That direction is not always identical to true geographic north.,0.36839544773101807,b57,-0.28659815,1.6480347,3.7270405,-2.26514,0.3615897595882416,0.15238162875175476,0.20920813083648682,0.3615897595882416,0.10633103549480438,0.07402253150939941,0.11413326859474182,0.15238162875175476
b57_definition_substitution,Evaluate the short factual answer below for the given knowledge item.,definition_substitution,truthful_b57_definition_substitution,hallucinated_b57_definition_substitution,The relevant fact is that a compass needle points toward magnetic north. That direction is not always identical to true geographic north.,The relevant fact is that a compass needle points toward geographic east. That direction is not always identical to true geographic north.,0.21956020593643188,b57,0.74196875,1.2938268,6.4965305,1.3389244,0.3717575967311859,0.10082264244556427,0.27093495428562164,0.08280463516712189,0.3717575967311859,0.09354177862405777,0.10082264244556427,0.0636235848069191
b57_entity_swap,Evaluate the short factual answer below for the given knowledge item.,entity_swap,truthful_b57_entity_swap,hallucinated_b57_entity_swap,A concise response would be that a compass needle points toward magnetic north. That direction is not always identical to true geographic north.,A concise response would be that a sundial needle points toward magnetic north. That direction is not always identical to true geographic north.,0.6704193353652954,b57,1.2438387,0.6138185,7.763639,6.6261835,0.14216579496860504,0.18152308464050293,-0.03935728967189789,0.18152308464050293,0.017661361023783684,0.14216579496860504,0.018450943753123283,0.032539501786231995
b57_numeric_distortion,Evaluate the short factual answer below for the given knowledge item.,numeric_distortion,truthful_b57_numeric_distortion,hallucinated_b57_numeric_distortion,"In this case, a compass needle points toward magnetic north. That direction is not always identical to true geographic north.","In this case, a compass needle points toward two magnetic norths. That direction is not always identical to true geographic north.",0.19342729449272156,b57,-0.4519214,-0.68951344,0.94692385,2.0015702,0.19412240386009216,0.15031050145626068,0.04381190240383148,0.03703784570097923,0.04675477743148804,0.0516681894659996,0.19412240386009216,0.15031050145626068
b57_role_inversion,Evaluate the short factual answer below for the given knowledge item.,role_inversion,truthful_b57_role_inversion,hallucinated_b57_role_inversion,A compass needle points toward magnetic north. That direction is not always identical to true geographic north.,Magnetic north points toward a compass needle rather than a compass needle pointing toward magnetic north. That direction is not always identical to true geographic north.,0.4276006817817688,b57,0.018151142,0.13515039,4.7024136,2.1691406,0.14319154620170593,0.09862659126520157,0.044564954936504364,0.05000586807727814,0.09862659126520157,0.05715066194534302,0.08636869490146637,0.14319154620170593
b58_causal_substitution,Evaluate the short factual answer below for the given knowledge item.,causal_substitution,truthful_b58_causal_substitution,hallucinated_b58_causal_substitution,A hypothesis is a testable proposed explanation. Scientific investigations often begin by comparing hypotheses with evidence.,A hypothesis is a testable proposed explanation because experiments need a sentence to satisfy the lab equipment. Scientific investigations often begin by comparing hypotheses with evidence.,0.277656614780426,b58,-0.50335264,0.08227033,2.361313,0.31785694,0.13373997807502747,0.17477938532829285,-0.04103940725326538,0.13373997807502747,0.019275246188044548,0.04171111434698105,0.12662650644779205,0.17477938532829285
b58_definition_substitution,Evaluate the short factual answer below for the given knowledge item.,definition_substitution,truthful_b58_definition_substitution,hallucinated_b58_definition_substitution,Briefly: a hypothesis is a testable proposed explanation. Scientific investigations often begin by comparing hypotheses with evidence.,Briefly: a hypothesis is a testable proposed measurement. Scientific investigations often begin by comparing hypotheses with evidence.,0.27964121103286743,b58,-0.9877121,0.37154368,1.3304017,-0.9232271,0.057376254349946976,0.2594127357006073,-0.20203648135066032,0.12045422196388245,0.057376254349946976,0.02116031013429165,0.1002664864063263,0.2594127357006073
b58_entity_swap,Evaluate the short factual answer below for the given knowledge item.,entity_swap,truthful_b58_entity_swap,hallucinated_b58_entity_swap,"In this case, a hypothesis is a testable proposed explanation. Scientific investigations often begin by comparing hypotheses with evidence.","In this case, a conclusion is a testable proposed explanation. Scientific investigations often begin by comparing hypotheses with evidence.",0.7127017378807068,b58,1.2614717,-0.5358626,8.153647,7.3624816,0.1656329482793808,0.07822353392839432,0.08740941435098648,0.031494613736867905,0.020472316071391106,0.1656329482793808,0.07822353392839432,0.0377570204436779
b58_numeric_distortion,Evaluate the short factual answer below for the given knowledge item.,numeric_distortion,truthful_b58_numeric_distortion,hallucinated_b58_numeric_distortion,The relevant fact is that a hypothesis is a testable proposed explanation. Scientific investigations often begin by comparing hypotheses with evidence.,The relevant fact is that a hypothesis is a two-part testable proposed explanation. Scientific investigations often begin by comparing hypotheses with evidence.,0.3036578297615051,b58,-1.7209558,-0.84000003,0.90558076,0.81185395,0.2525637149810791,0.2947225272655487,-0.042158812284469604,0.051634177565574646,0.036703936755657196,0.015143887139856815,0.2525637149810791,0.2947225272655487
b58_role_inversion,Evaluate the short factual answer below for the given knowledge item.,role_inversion,truthful_b58_role_inversion,hallucinated_b58_role_inversion,The short answer is: A hypothesis is a testable proposed explanation. Scientific investigations often begin by comparing hypotheses with evidence.,The short answer is: A testable proposed explanation is a hypothesis for evidence rather than a hypothesis being a proposed explanation. Scientific investigations often begin by comparing hypotheses with evidence.,0.6899507641792297,b58,-3.0195737,-0.019591467,-0.12026616,-1.487149,0.5858933329582214,0.13090859353542328,0.45498473942279816,0.08304613083600998,0.030909307301044464,0.011188929900527,0.13090859353542328,0.5858933329582214
b59_causal_substitution,Evaluate the short factual answer below for the given knowledge item.,causal_substitution,truthful_b59_causal_substitution,hallucinated_b59_causal_substitution,The short answer is: Greenhouse gases trap some heat in Earth's atmosphere. That effect helps keep the planet warmer than it would otherwise be.,The short answer is: Greenhouse gases trap some heat in Earth's atmosphere because the horizon folds sunlight back downward at night. That effect helps keep the planet warmer than it would otherwise be.,0.2668806314468384,b59,-0.11154467,1.0563952,3.1712074,-1.3239697,0.2219795137643814,0.1363012045621872,0.08567830920219421,0.2219795137643814,0.044781725853681564,0.035070616751909256,0.05112838372588158,0.1363012045621872
b59_definition_substitution,Evaluate the short factual answer below for the given knowledge item.,definition_substitution,truthful_b59_definition_substitution,hallucinated_b59_definition_substitution,Greenhouse gases trap some heat in Earth's atmosphere. That effect helps keep the planet warmer than it would otherwise be.,Greenhouse gases trap some light in Earth's oceans. That effect helps keep the planet warmer than it would otherwise be.,0.32517245411872864,b59,0.21511008,0.5931062,3.180505,-0.08554457,0.07515636831521988,0.14123743772506714,-0.06608106940984726,0.14123743772506714,0.07515636831521988,0.07376910001039505,0.0639013946056366,0.12468788027763367
b59_entity_swap,Evaluate the short factual answer below for the given knowledge item.,entity_swap,truthful_b59_entity_swap,hallucinated_b59_entity_swap,The relevant fact is that greenhouse gases trap some heat in Earth's atmosphere. That effect helps keep the planet warmer than it would otherwise be.,The relevant fact is that oxygen traps some heat in Earth's atmosphere. That effect helps keep the planet warmer than it would otherwise be.,0.674601137638092,b59,0.8722655,-0.011414696,7.4821887,6.799405,0.12472481280565262,0.08532778173685074,0.03939703106880188,0.07193177193403244,0.014249740168452263,0.12472481280565262,0.03363105282187462,0.08532778173685074
b59_numeric_distortion,Evaluate the short factual answer below for the given knowledge item.,numeric_distortion,truthful_b59_numeric_distortion,hallucinated_b59_numeric_distortion,Briefly: greenhouse gases trap some heat in Earth's atmosphere. That effect helps keep the planet warmer than it would otherwise be.,Briefly: greenhouse gases trap all heat in Earth's atmosphere. That effect helps keep the planet warmer than it would otherwise be.,0.11365516483783722,b59,-0.37308386,-0.26540798,2.5713193,2.278612,0.11964277178049088,0.15781939029693604,-0.03817661851644516,0.051749780774116516,0.026386583223938942,0.030878113582730293,0.11964277178049088,0.15781939029693604
b59_role_inversion,Evaluate the short factual answer below for the given knowledge item.,role_inversion,truthful_b59_role_inversion,hallucinated_b59_role_inversion,A concise response would be that greenhouse gases trap some heat in Earth's atmosphere. That effect helps keep the planet warmer than it would otherwise be.,A concise response would be that earth's atmosphere traps some greenhouse gases in heat rather than greenhouse gases trapping some heat in the atmosphere. That effect helps keep the planet warmer than it would otherwise be.,0.38999733328819275,b59,0.015573214,-0.021827424,5.205269,4.1035714,0.07895881682634354,0.1032448410987854,-0.024286024272441864,0.08323845267295837,0.01809312030673027,0.014548977836966515,0.1032448410987854,0.07895881682634354
b60_causal_substitution,Evaluate the short factual answer below for the given knowledge item.,causal_substitution,truthful_b60_causal_substitution,hallucinated_b60_causal_substitution,A concise response would be that mitosis is the process by which one cell divides into two daughter cells. It is part of normal growth and tissue repair.,A concise response would be that mitosis is the process by which one cell divides into two daughter cells because chromosomes melt and reassemble around heat gradients. It is part of normal growth and tissue repair.,0.25091084837913513,b60,-0.36671528,-0.007832588,2.5381818,0.98307765,0.08673233538866043,0.1805056482553482,-0.09377331286668777,0.08673233538866043,0.029022788628935814,0.047605324536561966,0.10062556713819504,0.1805056482553482
b60_definition_substitution,Evaluate the short factual answer below for the given knowledge item.,definition_substitution,truthful_b60_definition_substitution,hallucinated_b60_definition_substitution,The short answer is: Mitosis is the process by which one cell divides into two daughter cells. It is part of normal growth and tissue repair.,The short answer is: Mitosis is the process by which one cell fuses into two daughter cells. It is part of normal growth and tissue repair.,0.2065269500017166,b60,-0.5212863,-0.34745255,1.3558025,-0.07855899,0.05100283771753311,0.23805205523967743,-0.18704921752214432,0.04599182680249214,0.05100283771753311,0.08627443015575409,0.12618592381477356,0.23805205523967743
b60_entity_swap,Evaluate the short factual answer below for the given knowledge item.,entity_swap,truthful_b60_entity_swap,hallucinated_b60_entity_swap,Briefly: mitosis is the process by which one cell divides into two daughter cells. It is part of normal growth and tissue repair.,Briefly: meiosis is the process by which one cell divides into two daughter cells. It is part of normal growth and tissue repair.,0.57669997215271,b60,0.9473605,-0.4150269,7.637746,7.171826,0.15098832547664642,0.08319292217493057,0.06779540330171585,0.039791371673345566,0.013861630111932755,0.15098832547664642,0.06616704165935516,0.08319292217493057
b60_numeric_distortion,Evaluate the short factual answer below for the given knowledge item.,numeric_distortion,truthful_b60_numeric_distortion,hallucinated_b60_numeric_distortion,Mitosis is the process by which one cell divides into two daughter cells. It is part of normal growth and tissue repair.,Mitosis is the process by which one cell divides into three daughter cells. It is part of normal growth and tissue repair.,0.2594358026981354,b60,-2.025611,-2.6450157,-1.4719547,2.1157176,0.5614219307899475,0.17696428298950195,0.38445764780044556,0.04021647945046425,0.013062935322523117,0.03503880277276039,0.5614219307899475,0.17696428298950195
b60_role_inversion,Evaluate the short factual answer below for the given knowledge item.,role_inversion,truthful_b60_role_inversion,hallucinated_b60_role_inversion,"In this case, mitosis is the process by which one cell divides into two daughter cells. It is part of normal growth and tissue repair.","In this case, two daughter cells divide into one mitosis rather than one cell dividing into two daughter cells by mitosis. It is part of normal growth and tissue repair.",0.5187804698944092,b60,-0.6384721,0.14615272,2.186568,0.2496841,0.22142556309700012,0.11763934046030045,0.10378622263669968,0.11763934046030045,0.02705945074558258,0.04717857390642166,0.102614626288414,0.22142556309700012
