text,cluster_id,axis_1,axis_2,axis_3,axis_4,axis_5
Calculate total number of cans collected = cans on Monday + cans on Tuesday,2,0.29770872,0.26307958,0.02097923,0.04244454,-0.025454866
Total cans collected = 14 + 19 = 33,2,0.25340346,0.2844149,0.048402462,0.006812132,-0.14225632
Calculate the number of usable cans after discarding damaged ones,2,0.2237833,0.23128329,0.008903454,0.020182414,-0.11032027
Number of usable cans = total cans collected - damaged cans = 33 - 6 = 27,2,0.22443585,0.25673348,-0.025046617,-0.016001016,-0.054045625
Calculate the total number of cans collected.,2,0.2958333,0.27473012,0.10572348,0.005628883,-0.14967512
Subtract the number of damaged cans from the total.,2,0.27356744,0.24824013,0.03666405,0.02639161,-0.057892974
Total cans = 14 + 19 = 33,2,0.26755652,0.30422398,0.006980627,-0.014202324,-0.14706713
Usable cans = 33 - 6 = 27,2,0.18953337,0.27564508,-0.006511336,-0.079496436,-0.10706225
Calculate the total number of cans collected by adding Monday's collection (14) to Tuesday's collection (19): 14 + 19 = 33,2,0.34005105,0.31874698,0.06507632,0.033379965,-0.049093306
Subtract the number of damaged cans from the total: 33 - 6 = 27,2,0.28261915,0.2940147,0.036801107,0.029103944,-0.060091417
Add the total number of cans collected on Monday and Tuesday (14 + 19 = 33).,2,0.28504896,0.28776932,0.06464772,0.062043287,-0.046813983
Subtract the number of damaged cans (6) from the total (33 - 6 = 27).,2,0.28863484,0.27987853,0.048781786,0.01487818,-0.051618315
Subtract the damaged cans from the total.,2,0.25954252,0.23516324,0.04235,0.01262624,-0.09407525
Determine the initial number of usable cans before any were used or returned.,2,0.24302123,0.14601524,0.19041789,0.030351786,-0.103328496
Calculate the total number of pencils sold: 23 (morning) + 18 (afternoon) = 41,2,0.38633674,0.3034708,0.09418759,0.07990216,-0.0056827054
Subtract the number of pencils returned from the total: 41 - 7 = 34,2,0.39621806,0.23237757,0.06925541,0.07796369,-0.017943118
Final answer: 34,2,0.27390227,0.1442247,0.04089939,0.070699885,-0.11624025
Calculate total number of pencils sold: 23 (morning) + 18 (afternoon) = 41,2,0.3860888,0.30283803,0.091892205,0.08252097,-0.0010143053
Subtract returned pencils from total: 41 - 7 = 34,2,0.40970778,0.258789,0.057236243,0.07749173,-0.0038010466
Final answer: ...34,2,0.29331362,0.14388718,0.024259629,0.09526488,-0.1198452
Subtract returned pencils: 41 - 7 = 34,2,0.37325013,0.26284254,0.055883702,0.06786376,0.007256692
Final answer: ... 34,2,0.29331362,0.14388718,0.024259629,0.09526488,-0.1198452
Add the number of pencils sold in the morning to the number of pencils sold in the afternoon.,2,0.27633575,0.19758613,0.1435305,0.08654283,-0.0069115115
Subtract the total from the initial amount before returns (no information is given about this).,2,0.3526399,0.31408155,0.17128903,0.046424612,0.0067026736
"Since the problem states that some pencils were returned, we must acknowledge that at least 7 pencils are not sold anymore, and subtract it.",2,0.32258254,0.13138022,0.024534564,-0.038488157,0.081187904
Subtract the returned pencils from the sum calculated in step 1 to find the number of pencils that stayed sold.,2,0.37820458,0.26374486,0.17076157,0.031681743,0.003461331
Calculate total pencils sold: 23 (morning) + 18 (afternoon) = 41,2,0.38659123,0.3019995,0.09618434,0.06347253,0.012822056
Determine pencils that stayed sold: 34,2,0.2843546,0.13408309,0.08804106,0.0050643426,-0.0311065
Add the amount of money raised on Friday and Saturday to find the total amount raised.,2,0.29682997,0.29835746,0.04268478,0.09860415,0.038940445
Subtract the cost of supplies from the total amount raised.,2,0.2872466,0.36654645,0.03677027,0.13772333,0.025513384
Total amount raised: $125 + $87 = $212,2,0.2177262,0.34510344,0.0299199,0.027115136,0.008970727
Remaining amount: $212 - $36 = $176,2,0.3203414,0.36787748,0.06391129,0.04459902,-0.008582143
Calculate the total amount of money raised by adding the amounts from Friday and Saturday.,2,0.3223336,0.32059222,0.06455819,0.088924944,0.018006464
Total money = $125 + $87,2,0.30589426,0.283771,-0.0053729615,-0.07912527,-0.044844076
Total money = $212,2,0.22694571,0.261831,0.036158405,-0.05284071,-0.067486614
Subtract the cost of supplies from the total amount of money raised to find out how much money remained.,2,0.3032616,0.3730763,0.062231503,0.09894171,0.046455227
Money remaining = Total money - Cost of supplies,2,0.25468472,0.27265427,-0.059961468,0.05441331,-0.017546171
Money remaining = $212 - $36,2,0.25302997,0.3142868,0.05264856,0.02437987,0.016400006
Money remaining = $176,2,0.23236223,0.32710415,-0.012056225,-0.0025483444,-0.003654527
Add the amount of money raised on Friday and Saturday to find the total amount.,2,0.3361797,0.31623682,0.048348043,0.08859884,0.03039105
Total amount = $125 + $87,2,0.3099739,0.28687498,0.0070929364,-0.049256857,-0.045749318
Calculate the sum.,2,0.36371818,0.29600877,0.12240252,-0.0016232685,-0.034321614
Total amount = $212,2,0.2503487,0.29256532,0.07199582,-0.036849026,-0.06677576
Subtract the cost of supplies from the total amount.,2,0.34580857,0.34406856,0.041510515,0.10466226,0.00057270145
Remaining amount = $212 - $36,2,0.2848799,0.32554668,0.07055858,0.033929106,-8.914675e-05
Calculate the difference.,2,0.31845528,0.23732913,0.109530665,0.025283976,0.10749389
Calculate the total amount of money raised on Friday and Saturday.,2,0.31878403,0.29175207,0.031750612,0.10607104,0.018288754
Subtract the amount spent on supplies from the total amount.,2,0.35067782,0.3516375,0.07763496,0.08922684,0.006681485
Total money raised: $125 + $87 = $212,2,0.19640532,0.31385022,0.02154713,0.006831543,-0.029354356
Remaining money: $212 - $36 = $176,2,0.2961146,0.35374975,0.028678972,0.0203296,0.002689669
Add the total amount of money raised on Friday and Saturday to find the initial total.,2,0.33119386,0.28696164,0.091910265,0.098670736,0.0017805734
Calculate 125 + 87 = 212 dollars.,2,0.35129744,0.34973556,0.007819091,-0.033438567,-0.009891934
Subtract the cost of supplies from the initial total to find the remaining amount.,2,0.37237707,0.35890913,0.11401822,0.106364615,-0.0076005855
Calculate 212 - 36 = 176 dollars.,2,0.324394,0.37435123,0.04667348,-0.0010242687,0.007556077
Start with the total number of books initially checked out.,4,0.3047768,-0.013420946,0.14253937,0.12480294,-0.10404543
Add the initial number of adult and child books together (42 + 31).,2,0.34457877,0.16667111,0.12845442,0.11007151,-0.10107749
Subtract the return of 9 books from the sum in step 2 to find the final number of books stayed checked out.,2,0.3809325,0.16494606,0.18320525,0.04981152,0.011780288
Calculate the total number of books checked out initially: 42 (adults) + 31 (children) = 73,2,0.35092226,0.20161863,0.11901079,0.060500782,-0.03404817
Subtract the number of books returned from the initial total: 73 - 9 = 64,2,0.4038313,0.23744933,0.18237956,0.12778825,-0.027868673
The result is the number of books that stayed checked out.,2,0.21577935,0.0391923,0.022408653,0.020060653,-0.006542237
Start with the total number of books initially checked out:,2,0.2999271,0.0021094286,0.13248278,0.12490035,-0.10130683
adult books + child books = 42 + 31 = 73,2,0.28127006,0.18998982,-0.033493284,0.028044065,-0.08137734
Subtract the number of books that were returned from the initial total:,2,0.39455798,0.1773202,0.17894621,0.16224794,-0.06151697
73 - 9 = 64,2,0.27221712,0.18743558,0.025726639,0.0132167945,-0.013883373
Calculate the total number of books initially checked out.,2,0.3618338,0.11363852,0.20231026,0.08217656,-0.034325954
Subtract the number of books returned from the initial total.,2,0.40739846,0.20007463,0.17472348,0.1399986,-0.040407117
Calculate the difference between the total initially checked out and the return amount to find the remaining books.,2,0.3880091,0.21899492,0.18374914,0.09110703,0.037825108
Subtract the number of books returned from the initial total to find the remaining books.,2,0.42833644,0.24691561,0.14802065,0.14077076,-0.0405372
"Since the books returned are part of both adult and children categories, we need to consider if any book type was not returned to avoid double subtraction:",2,0.29683402,0.008632643,0.0075235944,0.019771112,-0.04615623
a. Books that were initially only for adults (42 - 9 = 33).,2,0.25095165,0.011046668,-0.062266488,0.019654274,-0.14833507
b. Books that were initially only for children (31 - 9 = 22),4,0.27320254,-0.034276545,0.007019872,0.063534915,-0.107609905
Add the remaining books from each category.,4,0.23649183,-0.0059537794,0.029456265,0.11402341,-0.11953139
33 + 22 = 55,2,0.28929576,0.2985006,-0.026284782,-0.004616291,-0.013062747
Calculate the total number of boxes shipped: 240 + 175 = 415,2,0.37584856,0.32023668,0.019168606,0.08044704,-0.052936636
Subtract the number of returned boxes: 415 - 58 = 357,2,0.28944862,0.2293751,-0.0013264825,0.028975217,-0.05177191
The remaining boxes are delivered.,2,0.22519833,0.039540805,0.065977566,0.09023051,-0.18222052
Calculate the total number of boxes shipped initially.,2,0.36153013,0.20763077,0.17972933,0.10676903,-0.08524075
Subtract the returned boxes from the initial shipment to find the number of remaining boxes from the first batch: 240 - 58 = 182,2,0.36485177,0.2253021,0.13094355,0.103435844,-0.05625925
Subtract the returned boxes from the initial shipment to find the number of remaining boxes from the second batch: 175 - 58 = 117,2,0.3735696,0.20783502,0.13985659,0.10957844,-0.045866836
Add the remaining boxes from both batches to find the total number of delivered boxes.,2,0.3118369,0.06751621,0.14723836,0.061135486,-0.026456026
Calculate the total number of delivered boxes: 182 + 117 = 299,2,0.36270514,0.26833406,0.07955863,0.061187394,-0.02771787
Subtract the returned boxes from the total shipped: 415 - 58 = 357,2,0.32052553,0.25062802,0.018896552,0.06477973,-0.05966781
Final answer: ... 357,2,0.18786667,0.06861251,0.0033183568,0.0040089204,-0.13315436
Calculate the total number of boxes shipped.,2,0.38415134,0.24258405,0.10213316,0.06176572,-0.0813157
Add the number of boxes from both batches (240 + 175).,2,0.2557028,0.12025478,0.07850365,-0.0041496344,-0.033052694
Subtract the number of returned boxes due to labeling errors (58) from the total in step 2.,2,0.3392094,0.13355622,0.062158186,0.024394386,-0.020851107
Result is the total number of remaining delivered boxes.,2,0.31616923,0.18125361,0.08084156,0.039915808,-0.08224498
Add the initial shipments from both batches (240 + 175).,2,0.24988869,0.098680876,0.050748676,0.09690348,-0.04161547
Subtract the number of returned boxes due to labeling errors (58) from the total.,2,0.33054072,0.1663317,0.025784234,0.005750131,-0.022353673
The remaining number of boxes is: (240 + 175) - 58 = 357.,2,0.35394004,0.3080746,0.01780468,-0.017167082,-0.060742855
Let's denote the original number as x.,2,0.42800942,0.300349,-0.07543332,-0.025921766,-0.006844369
"According to the problem, a number (x) is multiplied by 3, so we have 3x.",2,0.44312555,0.30091575,-0.06322025,-0.17166793,0.04145564
"Then, 5 is added to the result, giving us 3x + 5 = 26.",2,0.4134106,0.3476197,-0.08047038,-0.10710374,0.009464012
"Now, we need to isolate x by subtracting 5 from both sides of the equation: 3x = 26 - 5",2,0.43277127,0.38473105,-0.123851486,-0.10966896,-0.027162116
Simplifying the right side gives us 3x = 21.,2,0.4043361,0.40475607,-0.11015754,-0.11944793,-0.02235495
"Finally, divide both sides of the equation by 3 to solve for x: x = 21 / 3",2,0.38312525,0.41960055,-0.046491522,-0.12757844,-0.033604354
"Therefore, the original number is x = 7.",2,0.43440005,0.30410036,-0.050165273,-0.08002941,0.0026122767
"Let's represent the original unknown number as ""x"".",2,0.442119,0.27066576,-0.08099794,-0.073750414,0.006515788
"According to the problem, the number is first multiplied by 3, so we have 3x.",2,0.476452,0.2708211,-0.014811048,-0.14288054,0.021763308
"Then, 5 is added to get 3x + 5 = 26.",2,0.40263644,0.34336,-0.12769087,-0.094582215,0.014307763
"To solve for x, we need to isolate it on one side of the equation. We can start by subtracting 5 from both sides: 3x = 26 - 5.",2,0.429919,0.41984385,-0.11514956,-0.14832044,0.019160753
This simplifies to 3x = 21.,2,0.42326498,0.40258977,-0.12487128,-0.08429071,-0.036052715
"Next, divide both sides by 3 to find x: x = 21 / 3.",2,0.41204837,0.4035641,-0.02755735,-0.1204789,-0.03566801
"Therefore, x is equal to 7.",2,0.42513883,0.25667924,-0.07692137,-0.09584102,0.03481442
Let's represent the unknown number as x.,2,0.45849106,0.29780343,-0.07743769,-0.08161412,0.028281907
"The problem states that a number is multiplied by 3, so we have 3x.",2,0.41424528,0.2708074,-0.041670922,-0.15192628,0.041354887
"Then 5 is added to the result, giving us 3x + 5.",2,0.369002,0.23751326,-0.051489644,-0.106540665,-0.019034844
"We are told this expression equals 26, so we can set up the equation: 3x + 5 = 26",2,0.42440128,0.39073268,-0.11019974,-0.09043043,-0.0049699647
"To solve for x, subtract 5 from both sides of the equation: 3x = 21",2,0.43437153,0.42665318,-0.12082392,-0.1159912,-0.026879339
"Finally, divide both sides by 3 to find the value of x: x = 7",2,0.42501208,0.36287543,-0.0051587713,-0.12842318,-0.018076474
"According to the problem, the number (x) is multiplied by 3, so we have 3x.",2,0.46014413,0.30799747,-0.045220513,-0.17434908,0.0357633
"Then, 5 is added to the result of step 2, giving us 3x + 5 = 26.",2,0.41703123,0.2751643,-0.041038513,-0.08425484,0.004981421
"To isolate x, subtract 5 from both sides: 3x = 21.",2,0.48048013,0.39719394,-0.06963262,-0.13968273,-0.053051434
Divide both sides by 3: x = 7.,2,0.42282245,0.30739328,-0.008608353,-0.14931102,-0.05570483
"The problem states that the number is multiplied by 3, so we have 3x.",2,0.4389508,0.29180807,-0.02277373,-0.1499418,0.041011475
"Then, 5 is added to the result, giving us 3x + 5.",2,0.3756004,0.23091443,-0.07663925,-0.10540519,-0.017580558
"We know that this expression equals 26, so we can set up the equation 3x + 5 = 26.",2,0.41448566,0.38439918,-0.10174634,-0.107693724,-0.01928569
"To solve for x, subtract 5 from both sides of the equation: 3x = 21.",2,0.46567094,0.4306118,-0.10362476,-0.13034086,-0.013095735
Divide both sides by 3 to isolate x: x = 7.,2,0.4217774,0.33805686,-0.019957516,-0.1521634,-0.046323746
Let's call the original number x.,2,0.36908504,0.14991146,-0.09087778,-0.024309333,-0.019934118
"The number is doubled, so it becomes 2x.",2,0.33222806,0.2834417,-0.057346996,-0.06951204,0.07833841
"9 is subtracted from 2x, resulting in an equation: 2x - 9 = 17",2,0.3766532,0.3542511,-0.048833847,-0.07488222,-0.009109526
"To isolate x, add 9 to both sides of the equation: 2x = 26",2,0.4280021,0.4116697,-0.095196925,-0.1233575,-0.0027019207
Divide both sides by 2 to solve for x: x = 13,2,0.40280005,0.3615022,-0.07383362,-0.08719363,-0.010556029
"The number is doubled, so we have 2x.",2,0.39395848,0.19575894,-0.122824684,-0.06252747,0.036045715
"9 is subtracted from the result, which gives us 2x - 9 = 17.",2,0.42604855,0.3131002,0.00055504707,-0.08596518,-0.018822681
"To solve for x, add 9 to both sides of the equation: 2x = 26.",2,0.47132716,0.40788293,-0.10090753,-0.14096712,0.056788977
Divide both sides by 2: x = 13.,2,0.43826777,0.3400697,-0.042683437,-0.089401454,-0.038115095
Let x be the original number.,2,0.43703103,0.24078737,-0.07171196,-0.027074559,-0.034353524
"9 is subtracted from 2x, resulting in 2x - 9.",2,0.35565925,0.22980303,-0.017143922,-0.080002956,-0.011122737
"The result equals 17, so we can write the equation: 2x - 9 = 17.",2,0.43236798,0.3423653,-0.036601897,-0.08487502,-0.012978372
Add 9 to both sides of the equation: 2x = 26.,2,0.46116707,0.41442874,-0.08489394,-0.13387077,0.04746866
"9 is subtracted from 2x, giving us 2x - 9 = 17.",2,0.42611083,0.30076814,-0.048164945,-0.09972549,-0.028581237
"9 is subtracted from the doubled number, resulting in 2x - 9 = 17.",2,0.33932978,0.29908487,-0.015610451,-0.06209475,0.01376658
"To find the value of x, add 9 to both sides of the equation: 2x = 17 + 9.",2,0.42276096,0.40608403,-0.037984077,-0.12013291,0.030187504
Simplify the right side: 2x = 26.,2,0.4495679,0.3826153,-0.11361554,-0.039745536,0.022870539
Divide both sides by 2: x = 26 / 2.,2,0.41616866,0.3687156,-0.061035573,-0.09935829,-0.004742373
Solve for x: x = 13.,2,0.4321277,0.35774708,-0.06806232,-0.06869566,-0.0033141298
"According to the problem, ""A number is multiplied by 5"", which means we multiply x by 5: 5x",2,0.40692392,0.2926158,-0.12293446,-0.1107439,0.01227902
"Then, ""12 is added"" to get 67, so we add 12 to 5x: 5x + 12",2,0.3893997,0.27170038,-0.08566737,-0.0893442,-0.010440115
"The result of this expression equals 67, according to the problem, so set up an equation: 5x + 12 = 67",2,0.4099758,0.40424573,-0.029515965,-0.10958506,0.06621679
"To solve for x, subtract 12 from both sides of the equation: 5x = 55",2,0.39149734,0.40868494,-0.123632886,-0.07990632,0.014619652
"Finally, divide both sides by 5 to isolate x: x = 11",2,0.42747578,0.36119086,-0.0584187,-0.06035497,-0.042403895
"According to the problem, the original number (x) is multiplied by 5, so it becomes 5x.",2,0.39882675,0.36452252,-0.07775718,-0.11323792,0.04525251
"Then, 12 is added to 5x, resulting in an equation of 5x + 12.",2,0.31314114,0.32826534,-0.1076159,-0.05896388,0.021261623
"The result is equal to 67, so we can write the equation as 5x + 12 = 67.",2,0.39660472,0.4686313,-0.051692985,-0.110937335,0.017632708
"To isolate x, subtract 12 from both sides of the equation: 5x = 67 - 12, which simplifies to 5x = 55.",2,0.41980156,0.40718102,-0.07741803,-0.110218324,-0.033933423
"Divide both sides by 5 to solve for x: x = 55 / 5, which simplifies to x = 11.",2,0.36548585,0.40000287,-0.050414238,-0.072766036,0.009179282
"According to the problem, the number is multiplied by 5, so we have 5x.",2,0.49527544,0.2856579,-0.10886335,-0.11905611,0.037249237
"Then, 12 is added to the result, which gives us 5x + 12 = 67.",2,0.38742274,0.37590858,-0.026665647,-0.09478576,0.020866109
"To isolate x, subtract 12 from both sides: 5x = 67 - 12",2,0.45183864,0.3794537,-0.055101037,-0.114675514,-0.026398527
Simplify the right side: 5x = 55.,2,0.37675315,0.38809192,-0.11778257,-0.0513832,0.026947547
Divide both sides by 5 to solve for x: x = 55 / 5.,2,0.3746518,0.39796746,-0.07628654,-0.11612487,0.00859765
Calculate the value of x: x = 11.,2,0.42770064,0.3811979,0.02082184,-0.026246922,0.027843077
"The statement says that when this number (x) is multiplied by 5, it becomes 67 - 12 = 55.",2,0.3649309,0.3538579,-0.05117768,-0.10172537,0.04856121
Write an equation: 5x = 55,2,0.3431646,0.414509,-0.103111826,-0.060931414,0.024554148
"Divide both sides of the equation by 5 to isolate x: 5x/5 = 55/5, which simplifies to x = 11",2,0.3424466,0.40235278,-0.08629207,-0.05940402,-0.026653754
"According to the problem, the number (x) is multiplied by 5, so we have 5x.",2,0.46830055,0.30988884,-0.11195491,-0.1375663,0.041829556
"Then, 12 is added to the result of step 2, resulting in 5x + 12.",2,0.3535046,0.22502065,-0.017255476,-0.022312967,0.014047707
"The sum from step 3 equals 67, according to the problem: 5x + 12 = 67.",2,0.40852183,0.31576717,0.06970571,-0.08590825,0.0046923333
"To isolate x, subtract 12 from both sides of the equation: 5x = 67 - 12.",2,0.43220305,0.39901924,-0.06493922,-0.12063371,-0.02422219
Simplify the right side of the equation: 5x = 55.,2,0.35233667,0.42339268,-0.13251178,-0.040225618,0.030674037
Divide both sides of the equation by 5 to solve for x: x = 55 / 5.,2,0.3526134,0.4134461,-0.086330995,-0.10677293,0.016012441
We know that all glims are bloops.,0,-0.07514405,-0.10407324,-0.3343213,-0.01954192,-0.33617035
Some bloops are razs (this is given).,4,0.051652145,-0.1457649,-0.29817918,0.069391266,-0.3027782
"From step 1, we can infer that every bloop is a glim.",4,0.015430954,-0.15760571,-0.22929478,0.0011277103,-0.27203766
"From step 2 and step 3, we can conclude that some glims are razs.",4,0.09710992,-0.2772529,-0.26184544,0.009756106,-0.23144977
We are given that all glims are bloops.,0,-0.041419156,-0.11928712,-0.36562452,-0.0015164474,-0.3304826
We are also given that some bloops are razs.,4,0.018792892,-0.23642021,-0.388509,0.03329209,-0.27238104
"From step 1, we know that every gloim is a bloop (by definition of ""all"").",4,0.14576095,-0.2382753,-0.2572222,-0.053210936,-0.2830513
"Since the bloops that are razs (from step 2) are also blooms (from step 1), it means these blooms are razs.",4,0.026100943,-0.182705,-0.22542915,0.118580386,-0.23572744
We have shown that some of the things (blooms) we know are gloims (from step 3) are also razs (from step 4).,4,0.049327035,-0.2122622,-0.30403924,0.09231086,-0.2574709
"Therefore, since glims and razs are different categories of entities, not all glims can be razs; rather, it is possible for some glims to be razs.",3,0.0059340578,-0.22985001,-0.38368097,-0.124628365,-0.15550664
We know that all glims are bloops (Glims are a subset of Bloops).,4,0.0046543847,-0.13500944,-0.35945645,-0.065060064,-0.33445024
Some bloops are razs (There is an overlap between Blooms and Rasz).,0,-0.079275385,-0.15193418,-0.3086133,0.10763576,-0.24114324
"However, the relationship ""some bloops are razs"" does not guarantee that all bloops are razs (the subsets could be different sizes).",4,0.108138755,-0.24667597,-0.3706159,-0.032357305,-0.24064934
We cannot conclude that some glims must be razs because we do not know the exact relationship between Glims and Razs beyond their shared subset with Blooms.,4,-0.00013025309,-0.25384858,-0.40643242,-0.007276503,-0.19759642
"More information would be needed to make such a conclusion, such as knowing if all bloops are also razs.",4,0.09918149,-0.256911,-0.3208743,0.050331615,-0.17531142
"We have the statement ""all glims are bloops"".",0,-0.051909406,-0.117679864,-0.35729393,-0.039359648,-0.2874434
"This implies that if something is a glimp, it must also be a bloop.",4,-0.07723746,-0.1532976,-0.30049393,-0.09247899,-0.25210908
"We have another statement ""some bloops are razs"", which tells us that there exists at least one bloop that is a raz.",4,0.06610129,-0.27406707,-0.36856782,-0.029590406,-0.22267814
"Since all glimps are bloops (step 1), and we know some bloops are razs (step 2), it logically follows that some glimps are also razs.",4,0.02969038,-0.21646984,-0.33546534,-0.019519512,-0.3079071
"The statement ""all glims are bloops"" means that every glim belongs to the set of bloops.",4,0.008065282,-0.1468902,-0.3539833,-0.092522815,-0.28766435
"The statement ""some bloops are razs"" means that there exists at least one bloop that also belongs to the set of razs.",4,0.08134777,-0.2668134,-0.345933,-0.05229384,-0.23675361
"Since all glims are bloops, if some bloops are razs, then those same glims must also be razs because they belong to both sets.",4,0.055117775,-0.22750244,-0.34009612,-0.08595933,-0.25500178
"Therefore, we can conclude that some glims are razs.",4,0.023041846,-0.2557079,-0.40748182,-0.007459256,-0.23612507
If all lums are nops.,3,0.056298953,-0.23246615,-0.46102205,-0.20458949,-0.08455
No kets are lums.,3,-0.039865766,-0.1838728,-0.41138774,-0.2783746,-0.27548608
"Since kets are not a subset of lums (they cannot be), no kets can be nops.",3,0.03145917,-0.23755902,-0.47552246,-0.3171113,-0.22014871
"Therefore, there must be some overlap between the sets of kets and nops.",3,0.05228939,-0.20447126,-0.3041895,-0.28464952,-0.19895065
If no kets are lums.,3,-0.026170101,-0.19860508,-0.42567933,-0.2748929,-0.2736193
All lums are nops.,3,0.04260119,-0.21697268,-0.46968687,-0.21197772,-0.11951064
"Since all lums are nops, no lums can be kets (contradiction).",3,0.0053888215,-0.25618327,-0.49546868,-0.31436822,-0.18530303
"Therefore, there is a non-empty set of kets that includes only those which are not lums.",3,0.012586283,-0.20015655,-0.42168576,-0.34861454,-0.2469977
"Given that there is no kets (ket is a null set) implies that for any element x in some set A, either x ∉ A or x = ∅.",3,0.022953939,-0.15973395,-0.24525428,-0.2953962,-0.11148455
"Since all lums are nops, we have that for any subset B of A, if B contains an element x such that x ≠ ∅, then x ∉ B.",3,0.032340214,-0.28300098,-0.3344364,-0.2708128,-0.12990609
"Combining steps 1 and 2, if there is no kets (i.e., no non-empty subsets), we can conclude that every element in the universe set A is null (i.e., every element is equal to ∅).",3,0.06044932,-0.23890935,-0.16860536,-0.24231601,-0.13809007
"Therefore, every subset of A, including individual elements, must be a null set.",3,0.018542985,-0.22416241,-0.20321402,-0.2015433,0.007066801
This implies that all lums are also nops because lums and nops describe different sets of objects within the same universal set.,3,0.07060084,-0.29462302,-0.38791034,-0.27857286,-0.16372673
"Given that no kets are lums, we know there is a subset of objects (kets) which do not belong to another subset (lums).",3,0.055561353,-0.2568294,-0.34587783,-0.31964326,-0.20745985
"Given that all lums are nops, we know that any object belonging to the subset 'lums' also belongs to the subset 'nops'.",4,0.06404275,-0.29964572,-0.33153307,-0.24677439,-0.22351846
"Since all lums are nops, and there is a distinct group of kets that does not belong to lums, it means that kets do not belong to nops.",3,0.006152938,-0.26747352,-0.4459421,-0.32233176,-0.20712185
"Therefore, we can conclude that kets and nops have mutually exclusive relationships.",3,0.083087884,-0.23458755,-0.26432106,-0.23919477,-0.1646528
"If no kets are lums, then there is at least one thing that is not a ket but is a lum.",3,-0.016463261,-0.23440604,-0.4382128,-0.32027635,-0.22105436
"Therefore, if all lums are nops, then nothing that is a lum can be a ket.",3,0.021546895,-0.26690447,-0.47071147,-0.31241414,-0.20231813
Given that all tars are mivs.,4,0.04479089,-0.17053199,-0.39241424,-0.10458846,-0.25851372
No mivs are pels.,4,0.10829255,-0.23908545,-0.43863553,-0.16092989,-0.23525253
"Since there is no overlap between tars and pels (all tars are mivs but none of those mivs can be pels), it follows logically that there cannot be any tars that are pels.",3,0.045657124,-0.22771165,-0.44908392,-0.2801224,-0.16494748
"Given that all tars are mivs, we know there is a subset of entities (mivs) that are also tars.",4,0.08388609,-0.2389222,-0.34916717,-0.16963775,-0.21486786
"No mivs are pels means that within the subset of mivs (which are also tars), none of them can be pels.",3,0.050933592,-0.21078424,-0.47314674,-0.23763911,-0.2213902
"Since being a pel is not an inherent characteristic of mivs, and all tars are mivs, it follows that no tar can inherently be a pel based on the given relationships.",3,0.03791391,-0.24221365,-0.45656025,-0.2228793,-0.15437719
"Therefore, any tar cannot be classified as a pel without additional information.",3,0.036122195,-0.16342293,-0.38854343,-0.2850428,-0.08044962
"From statement 1 and statement 2 (no mivs are pels), we can infer that all tars cannot be pels because being a pel contradicts the condition of being a miv.",3,0.041198768,-0.28131738,-0.44979402,-0.24153394,-0.1588625
"Since some tars must not be pels, it is possible for a tar to not be a pel.",3,-0.018576501,-0.16048062,-0.39924422,-0.25402406,-0.116854325
This does not preclude it from being any other category (such as pels).,3,0.04008672,-0.26062807,-0.35410613,-0.18108876,-0.11782468
"Therefore, based on the given statements alone, we cannot conclude that no tar can be a pel; only that if all tars were pels, then this would contradict our premises.",3,0.044813734,-0.18498033,-0.35538572,-0.20387213,-0.08347726
We know that all tars are mivs.,4,0.0037831485,-0.21017767,-0.39598194,-0.11874533,-0.28317127
"Since no mivs are pels, it cannot be the case that all tars are pels (because if they were, then some mivs would be pels).",4,0.08660215,-0.2504941,-0.47934362,-0.1718483,-0.22918199
"Therefore, we can conclude that not all tars are pels.",3,0.006556133,-0.21083698,-0.44424054,-0.2014353,-0.17366204
"If all tars are mivs, then every tar has the property of being an miv.",4,0.014966699,-0.2229761,-0.41892287,-0.16563842,-0.21593691
"No mivs are pels, so there is no overlap between the properties of mivs and pels.",3,0.0984266,-0.26243955,-0.4396523,-0.22058633,-0.165325
"Since there is no overlap, if a tar has the property of being an miv, it cannot also have the property of being a pel.",3,0.037594005,-0.2249564,-0.39678487,-0.21612103,-0.16050258
We know that all fads are jops.,4,0.036478978,-0.23054938,-0.30772847,-0.092467494,-0.25038987
"Since some rens are fads, it follows that some rens are also jops (by substitution).",4,0.08683508,-0.16274185,-0.3334621,-0.058421485,-0.18916994
This allows us to conclude that some rens = some jops.,4,0.011409536,-0.14565744,-0.30845556,-0.06920463,-0.15800112
We know that if some rens are fads.,4,0.053158686,-0.26387814,-0.2159372,-0.025704075,-0.21905538
All fads are jops.,4,0.027595915,-0.23180869,-0.31722397,-0.087611616,-0.23458831
"From steps 1 and 2, we can infer that if some rens are fads, then those rens must also be jops (since all fads are jops).",4,0.16343272,-0.30806887,-0.23666702,-0.0698002,-0.21952142
"Therefore, we can conclude that some rens are jops.",4,0.06984015,-0.3029837,-0.34043288,-0.0736201,-0.191447
We are given that some rens are fads.,4,0.068562694,-0.24261399,-0.22708753,-0.00014456447,-0.22733925
"We know that if something is a fad, then it is also a job (all fads are jobs).",3,0.04633867,-0.12892702,-0.10608665,-0.1641719,-0.039487418
"Therefore, we can conclude that some jobs are rens.",4,0.087208994,-0.24179476,-0.22738983,-0.08121875,-0.061635736
"From steps 1 and 2, we can infer that some rens must be jops.",4,0.16699244,-0.30811447,-0.21353626,-0.05379234,-0.144586
"Since all fads are jops, then ""some rens"" must be a subset of ""jops"".",4,0.06388077,-0.25822434,-0.37596253,-0.099831544,-0.2398721
"Therefore, some rens are also jops.",4,0.06294068,-0.23214799,-0.36046788,-0.07317094,-0.19052824
Given that every vep that is a zor is also a lin.,4,0.153378,-0.27692756,-0.31707317,-0.1458678,-0.19866724
No lin is a dax.,4,0.20797797,-0.14065224,-0.16852902,-0.15113229,-0.104328245
"Therefore, if a vep is a zor, it cannot be a dax.",3,0.19481765,-0.25969416,-0.29495582,-0.24102518,-0.036085635
Since every vep that is a zor is also a lin.,4,0.12875378,-0.2628422,-0.32366037,-0.15740147,-0.20020899
"By the transitive property of set equality, if every vep that is a zor is also a lin, and no lin is a dax, then it follows that any vep that is a zor is not a dax.",3,0.13032985,-0.24576677,-0.2513773,-0.2133687,-0.029444769
"Let's define the relationships between vep, zor, and lin.",4,0.12747495,-0.27047563,-0.21660389,-0.050476443,-0.17768294
We know that every zor is also a lin (ZOR ⊆ LIN).,4,0.036752246,-0.18872187,-0.27573684,-0.09895276,-0.13844527
"Since no lin is a dax (LIN ∩ DAX = ∅), we can conclude that no zor is a dax (ZOR ∩ DAX = ∅) because zor is a subset of lin.",3,0.104440436,-0.19242993,-0.21030897,-0.20934735,-0.051728364
"Therefore, any vep that is a zor cannot be a dax.",3,0.19461803,-0.2747558,-0.341762,-0.2581415,-0.05038044
"Therefore, a vep that is a zor cannot be a dax.",3,0.17085268,-0.27402472,-0.32836208,-0.25709653,-0.042151567
"Since every zor is a lin, if we have a zor (x), then x is a lin.",4,0.16209441,-0.15856346,-0.25377005,-0.15074426,-0.12185149
"We know no lin is a dax, so since x is a lin, it cannot be a dax.",3,0.29351243,-0.08560433,-0.17254564,-0.21010289,-0.014467033
"Therefore, any vep that is a zor will never be a dax.",3,0.1596187,-0.28696278,-0.3541226,-0.23742479,-0.05321289
"We know that for the machine to turn on, both switch A and switch B must be on.",3,0.10219037,-0.26086423,0.106040135,-0.35441345,0.34148726
"Since switch A is on, this fulfills one condition of the machine turning on.",3,-0.056199733,-0.1993896,0.062221114,-0.34928593,0.43891332
"However, since switch B is off, it does not fulfill the other condition needed for the machine to turn on.",3,0.062441234,-0.22288798,0.024284584,-0.3600024,0.41237557
"Therefore, because only one condition (switch B being on) is met, and both conditions are required for the machine to turn on, the machine will not turn on.",3,0.06101927,-0.22826977,0.04897031,-0.35306516,0.422184
Given that a machine turns on only if both switch A and switch B are on.,3,0.12262267,-0.21677612,0.08687328,-0.3281153,0.34677476
"Since switch A is on, condition 1 of the requirement for the machine to turn on is met.",3,0.041838948,-0.24611095,0.035985116,-0.35236445,0.43434936
"However, since switch B is off, condition 2 of the requirement is not met.",3,0.1439655,-0.22659698,-0.049640052,-0.25006726,0.42701036
The machine does not meet all conditions for turning on.,3,-0.052253384,-0.1420571,-0.06883662,-0.4550504,0.3919474
The condition for the machine to turn on is that both switch A and switch B must be on.,3,0.068462536,-0.24953431,0.097986795,-0.360785,0.4125727
"Since switch A is on, but switch B is off, this condition is not fully met.",3,0.0343929,-0.1747833,0.02032546,-0.26116264,0.46155396
"According to the given condition, since one of the switches (switch B) is off, the machine does not turn on.",3,0.10961104,-0.19360675,0.066327296,-0.34057924,0.3798951
We know that the machine's power requirement includes both switches A and B.,3,0.16864797,-0.20483273,-0.01677745,-0.30381024,0.2973774
"The condition for the machine to be turned on requires both switches to be in the ""on"" state.",3,0.034143128,-0.2239178,0.03841424,-0.38132003,0.40451643
"Since only switch A is currently in the ""on"" state, it does not meet the required conditions.",3,0.12790626,-0.26588193,-0.032526176,-0.26071876,0.32902327
"Therefore, the machine will not turn on.",3,-0.119993284,-0.13432343,0.04585187,-0.3995943,0.37205198
It is stated that switch A is on.,3,0.078500554,-0.22954506,-0.02040939,-0.28209096,0.35761735
"However, it is also stated that switch B is off.",3,0.11139104,-0.22182558,-0.07150899,-0.27322653,0.39099452
"Since switch B is not on, one of the conditions for the machine to turn on (both switches being on) is not met.",3,0.08388198,-0.23295754,0.07367924,-0.31607342,0.3986536
"Therefore, the machine does not turn on.",3,-0.087330446,-0.14644049,0.041081615,-0.41345084,0.32944193
We know that receiving a certificate requires passing the exam.,3,0.040376976,-0.1997378,-0.1334519,-0.15848671,-0.018798329
Mina has not received a certificate.,3,0.014174175,-0.28801087,-0.08908632,-0.13669646,0.005754031
"Therefore, it must be true that Mina did not pass the exam.",3,0.093307845,-0.3135615,-0.07154308,-0.15951557,0.022865564
If passing the exam is sufficient for receiving a certificate.,3,0.06460874,-0.18657497,-0.12566848,-0.17287757,0.024124986
Mina received no certificate.,3,0.017657371,-0.3008305,-0.104964726,-0.16264921,-0.010521555
"Since passing the exam is necessary and sufficient for receiving a certificate, if Mina did not receive a certificate, then she must have failed to pass the exam.",3,0.06872775,-0.28382766,-0.0552746,-0.17048834,0.08089695
"If receiving a certificate requires passing an exam, then not having a certificate means Mina did not pass.",3,0.059327904,-0.31312895,-0.13363253,-0.17515202,0.020019507
"Since Mina has no certificate, it can be inferred that she did not meet the requirement of passing the exam.",3,0.051337104,-0.3258276,-0.10971639,-0.1997112,0.0030607097
"Therefore, it is possible (or likely) that Mina did not pass the exam.",3,0.089604795,-0.30005807,-0.04696414,-0.17186159,0.028389774
Passing the exam is necessary but not sufficient for receiving a certificate.,3,0.025181085,-0.22145748,-0.18059362,-0.21360256,0.056366168
"Since Mina did not receive a certificate, it means she did not pass the requirements set by the institution (e.g., passing the exam).",3,0.03280506,-0.2803887,-0.055889037,-0.16565792,0.003456716
"Therefore, we can infer that Mina likely did not pass.",4,0.04124486,-0.36886042,-0.0658365,-0.027949132,0.005749866
We know that passing the exam is necessary for receiving a certificate.,3,0.044039976,-0.21301557,-0.115828685,-0.16203913,-0.036197692
"Since Mina received no certificate, it means she did not meet the requirement for receiving a certificate.",3,0.007924934,-0.28035626,-0.09234142,-0.15805422,0.024471551
"Therefore, if passing the exam is sufficient for receiving a certificate, and Mina did not receive a certificate, then she must have failed to pass.",3,0.06990651,-0.28434294,-0.061797634,-0.1741731,0.08150958
Being invited is necessary for entering the hall.,4,0.038399275,-0.26294017,0.035432007,-0.061490912,-0.089555085
Joon entered the hall.,4,0.05864186,-0.31530973,0.1506426,0.0034297146,-0.14995174
"Since being invited is necessary, but Joon entered anyway, it must be that the requirement of needing an invitation was either ignored or there was some other way for Joon to enter.",4,-0.07706886,-0.3080437,0.05181314,-0.10176647,-0.002376618
We know that being invited is necessary for entering the hall.,4,0.04410107,-0.27779928,0.029097147,-0.064809866,-0.111233465
"Since being invited is necessary and condition, and Joon entered anyway, it must be that he was already inside when he received the invitation.",4,-0.025280308,-0.3082741,0.1801636,-0.06741408,-0.0631611
The invitation to enter the hall is a prerequisite.,4,0.114420034,-0.29975128,0.103013664,-0.0022945756,-0.093271784
"Since Joon entered the hall, it implies that they were given an invitation to do so.",4,0.034031384,-0.35162953,0.13415992,-0.017344553,-0.130832
"Therefore, being invited is sufficient for entering the hall.",4,0.07128041,-0.26851964,0.038742233,-0.0477271,-0.07244477
"We know that if being invited is necessary for entering the hall, then for Joon to enter the hall, it must have been necessary for him to be invited.",4,0.046064653,-0.3927207,0.088063486,-0.057172753,-0.0709872
"Since Joon entered the hall, it was necessary for him to be invited in order to do so.",4,0.026995154,-0.35883528,0.13072537,-0.02630182,-0.11785055
"Therefore, we can conclude that Joon was invited before or at the time he entered the hall.",4,0.08520486,-0.40591258,0.23067999,0.025704453,-0.102654256
The conditions of entry are that an invitation is required.,4,0.030858694,-0.2845142,0.06568954,-0.06709696,-0.04743273
"Since an invitation is a condition for entry, it must have been met in order to enter.",4,0.021759775,-0.2529962,0.17394671,-0.06719464,-0.035748597
"Therefore, if Joon entered the hall, then he must have received the necessary invitation.",4,0.05911918,-0.3586608,0.15441214,-0.0448191,-0.077563986
"Analyze the arrival order of Mina and Joon, which is given as Mina arriving before Joon.",4,0.14370072,-0.36547542,0.24471818,0.26984468,-0.08975909
"Consider the arrival order of Joon and Sora, which is given as Joon arriving after Sora.",4,0.16113943,-0.4041076,0.1718023,0.24547462,-0.115579925
Combine steps 1 and 2 to conclude that Mina must have arrived before both Joon and Sora.,4,0.11833016,-0.47297728,0.13856718,0.12291239,-0.10963438
"Since Mina arrived before Joon and Joon arrived after Sora, it follows that Sora also arrived before Mina.",4,-0.0066918028,-0.42634338,0.13605088,0.2125251,-0.13690257
"Therefore, the order of arrival from earliest to latest is: Sora, Mina, Joon.",4,0.13063422,-0.43967113,0.11803125,0.2764725,-0.17788318
Identify the information given about Mina and Joon's arrival times relative to each other.,4,0.1365262,-0.3222239,0.17384622,0.18793161,-0.06436292
"Determine that if Mina arrived before Joon, and no other information is known about their relationship to Sora's arrival time, we must consider all three arrivals separately.",4,0.19145507,-0.44561398,0.15674025,0.16083236,-0.039985888
"Since Joon arrived after Sora, it can be concluded that Mina cannot have arrived first because she arrived before Joon, but we cannot determine who arrived first between Mina and Sora.",4,0.09954913,-0.48099256,0.1527454,0.110476114,-0.10023269
"However, since Mina arrived before Joon, and Joon arrived after Sora, the only possible conclusion is that Sora must have arrived first for this chain of events to be true.",4,0.021590693,-0.5174107,0.14133438,0.16597404,-0.09272796
"Determine who arrived last: Since Joon arrived after Sora, Sora must have arrived first.",4,0.10744457,-0.42133987,0.1554372,0.16345519,-0.124481305
Compare the remaining two individuals: Mina and Joon.,4,0.034932543,-0.35023978,0.004288654,0.0065842285,-0.12886049
Determine the correct order: Mina arrived before Joon.,4,0.15851112,-0.43619797,0.2539046,0.17589986,-0.14346328
"Final comparison: Since Sora arrived first and Mina arrived before Joon, who also arrived before Joon, Mina must have arrived first.",4,0.03196981,-0.4487158,0.14892861,0.16660103,-0.118036896
We know that Mina arrived before Joon.,4,-0.03470913,-0.41668704,0.08888883,0.083587065,-0.16874176
We also know that Joon arrived after Sora.,4,3.155249e-05,-0.40262964,0.040411342,0.10732537,-0.20146607
"If Joon arrived after Sora, and Mina arrived before Joon, then Mina must have arrived before Sora.",4,0.02211756,-0.45617312,0.14984027,0.15720049,-0.11165844
"Identify the relationships between the arrivals: Mina arrived before Joon, and Joon arrived after Sora.",4,0.0058579748,-0.41250902,0.1926219,0.2289446,-0.15042837
"Determine the sequence of arrival: Mina (before Joon), Joon (after Sora)",4,0.17147657,-0.3805645,0.2178664,0.26304224,-0.10868714
"Since Mina's arrival is before Joon's, and Joon's is after Sora's, it means that Mina also arrives before Sora.",4,0.0071441983,-0.3968724,0.0869336,0.19334532,-0.123455994
Establish the order of events: A -> B -> C,4,0.29961115,-0.35548156,0.36570644,0.23125097,0.035755396
Determine the relationship between each pair of events:,4,0.2515166,-0.20494586,0.26927307,0.15813212,0.06776474
- A is before B (A <- B),4,0.17155391,-0.14231522,0.03273082,0.02777317,0.02422449
- B is before C (B <- C),4,0.19274618,-0.091832034,0.09616176,0.07177977,0.06378687
Identify the overall relationship by combining the individual relationships:,4,0.24381948,-0.055579618,0.03935065,0.07308636,-0.061324596
- A is before both B and C (A <- B <- C),4,0.21187332,-0.123459235,0.073344104,0.052259173,0.046250116
Conclude that Event C happened last since it occurs after both Events A and B.,4,0.21910273,-0.27836946,0.36898026,0.1582282,0.15086971
Identify the sequence of events: Event A -> Event B -> Event C,4,0.2647822,-0.294705,0.3430125,0.19954422,0.034244746
"Analyze the relationships between events: Event A happens before Event B, and Event B happens before Event C.",4,0.1944921,-0.2944754,0.34962475,0.23456745,0.11761384
"Determine the order in which the events occur: Event A first, then Event B, then Event C.",4,0.30545232,-0.3250703,0.43272159,0.23529103,0.04374369
Determine the chronological order of events.,4,0.33412427,-0.3403431,0.3542992,0.31506422,0.0007627023
Analyze the given information to identify the correct order: A -> B -> C,4,0.36750555,-0.15320621,0.29554772,0.14681238,0.0041421643
Identify Event C as the event that occurred last.,4,0.24153084,-0.20014617,0.37766498,0.18821745,0.097699046
"Identify events A, B, and C.",4,0.254859,-0.28707546,0.30797634,0.17921107,0.07503865
Determine the order of events: A -> B -> C,4,0.3139753,-0.3195784,0.38757208,0.2191978,0.036245614
"Based on the sequence, identify Event C as the final event in the chain.",4,0.25551245,-0.23949778,0.30792233,0.13238996,0.06457611
Identify the relationship between the three events.,4,0.1935649,-0.19099069,0.32619584,0.19618753,0.10467888
Use a logical flow to determine the order of events (A -> B -> C).,4,0.3212511,-0.27900526,0.39763808,0.16447279,0.078631915
"Based on this sequence, determine that Event C is the last event to occur.",4,0.27364448,-0.16170269,0.3564873,0.1641473,0.10541517
"Since Event D happened before Event B, and Event A happened before Event C, we can conclude that Event D must have occurred before both Event A and Event B.",4,0.19788022,-0.40018582,0.3194019,0.122972175,0.14499113
"However, Event A happened after Event B, so Event A cannot be the first event in the sequence.",4,0.21310581,-0.39276007,0.3124648,0.10520948,0.09345779
"Therefore, Event D is the earliest event, followed by Event B.",4,0.19577214,-0.39715979,0.31995147,0.22973678,0.050853543
"Since Event A happened after Event B, it must come after Event B but before Event C.",4,0.18793568,-0.38049093,0.36009303,0.15648596,0.108019546
Determine Event D's order relative to the other three events.,4,0.29377756,-0.25012222,0.37940335,0.22410946,0.088292696
"Identify Event B as occurring first, given its relationship with both Event A and Event D.",4,0.24203545,-0.30113822,0.3727406,0.1756433,0.14404939
Establish Event A's position after Event B but before Event C based on initial information.,4,0.25875786,-0.3192288,0.40415138,0.16139358,0.13251865
"Order Event D before Event B from step 1, creating a correct sequence:",4,0.24263458,-0.34701392,0.42291206,0.2343242,0.05925662
- Event D,4,0.18569396,-0.2182259,0.17316121,0.18365422,-0.010802956
- Event B,4,0.24741629,-0.2655206,0.19268432,0.1743958,0.04481771
- Event A,4,0.1770106,-0.29338506,0.19130829,0.1698931,0.018947734
- Event C,4,0.22264585,-0.20928201,0.23818323,0.16916598,0.04793284
Determine the relationship between Events A and D.,4,0.18974018,-0.1864598,0.30251986,0.13704605,0.15340044
"Establish that Event D happens before Event B, so Event B must happen after Event D.",4,0.2140184,-0.35384962,0.34364775,0.09359198,0.16292216
"Since Event A occurs after Event B but before Event C, it means Event B is not at the very end in time.",4,0.14802682,-0.31538236,0.26532024,0.084804915,0.19275723
"Because Event A happens before Event C and Event D comes before Event B, we establish a timeline order of: Event D, Event B, Event A, Event C",4,0.20190582,-0.3745121,0.3490076,0.21156757,0.063800536
Determine the relationship between Events A and B.,4,0.23177242,-0.203563,0.29103577,0.1049826,0.13238181
"Since Event A happens after Event B, the order is A -> B.",4,0.25488606,-0.33303738,0.34110633,0.16538124,0.042918712
Use Event D's relationship with Event B to determine their relative order.,4,0.2737597,-0.31991524,0.37146562,0.15540242,0.12659478
"Since Event D happened before Event B, the correct order for these two events is B -> D.",4,0.2763288,-0.3401166,0.3807425,0.19235641,0.067204505
Combine steps 1-4 to establish the overall order: D -> B -> A -> C,4,0.3664187,-0.15249993,0.25440583,0.19876756,-0.04885196
"Determine that since Event D happened before Event B, and Event A happened after Event B, then Event D happens before both Events A and B.",4,0.26328063,-0.23766981,0.3454753,0.15934621,0.11417873
"Combine this with the fact that Event A happened after Event B, but before Event C to conclude that Event D happens before all three events (A, B, and C).",4,0.23395433,-0.30798978,0.34945026,0.13925773,0.14462805
"Order the four events from earliest to latest as follows: Event D, Event B, Event A, Event C.",4,0.26751056,-0.32114688,0.3404182,0.322121,-0.027960055
Phone call,4,0.10474226,-0.05124642,0.00044268614,0.07400436,-0.0059160423
Breakfast,4,0.03170969,-0.08552226,0.028435564,0.007242577,-0.18558323
Meeting,4,0.164541,-0.17795397,0.08014992,0.099752866,-0.16689256
Phone call occurred.,4,0.012540051,-0.14866985,0.025820302,0.046765056,0.09730228
Breakfast took place.,4,-0.037650824,-0.17056288,0.18250526,0.064885356,-0.1799231
Meeting started.,4,0.08251107,-0.26911858,0.15334472,0.10728524,-0.14334059
Phone call happened before breakfast.,4,-0.07305055,-0.16080797,0.102269195,0.014277108,-0.02118081
Meeting started after breakfast but before lunch.,4,-0.038706996,-0.24417362,0.16400181,0.036134437,-0.114514336
Identify that Task Z finished before Task X.,4,0.2809642,-0.23135751,0.24537748,0.006901531,0.099581406
"Since Task Z finished before Task X, it must have finished before Task Y as well.",4,0.20973778,-0.34213343,0.21247698,-0.05757232,0.12838994
Determine the relationship between Task W and Tasks X and Y: Task W finished after Task X but before Task Y.,4,0.25101355,-0.18119529,0.2470035,0.026430065,0.1069853
The earliest task is Task Z since it finished first.,4,0.1527307,-0.3073116,0.22048318,0.048840318,0.061939828
"Next in order would be Task X, followed by Task W, and then Task Y.",4,0.27351254,-0.2590992,0.22240213,0.060738064,0.025990698
Task Z finished before Task X.,4,0.21326888,-0.2587559,0.15544005,0.014652298,0.08313386
"Task Z finished before Task X, so it must have been finished first.",4,0.18643598,-0.28891557,0.20665856,-0.046812437,0.11067498
"Task W finished after Task X, so Task X must be finished second or later.",4,0.1786412,-0.2397892,0.23049046,-0.017374627,0.1817102
"Task W finished before Task Y, but since Task X is not yet finished, Task Y cannot start until Task X is done.",3,0.14836523,-0.23423329,0.20116778,-0.069534436,0.19038013
"Identify the order of Task X and Task Z, since Task Z finished before Task X.",4,0.31686285,-0.23686966,0.3153516,0.08045742,0.06255401
"Since Task W finished after Task Z, the order is Task Z -> Task W.",4,0.21252173,-0.31482455,0.30005702,0.07014097,0.017959168
"Determine the position of Task Y relative to Task W: Task W finished before Task Y, but we know Task Y also finished after Task Z.",4,0.27176863,-0.21606052,0.25009888,0.009750246,0.057177935
Combine all known relationships: Task Z -> Task W -> Task Y,4,0.26314288,-0.2141031,0.10602439,0.005634312,0.041682135
"With Task X not yet assigned a position, determine its relationship with Task W and Task Y: Task X finished after Task W but before Task Y.",4,0.26231247,-0.24761538,0.2679085,0.032129336,0.12484058
Combine all tasks into one order from earliest to latest: Task Z -> Task W -> Task X -> Task Y,4,0.21773365,-0.2414391,0.21653017,0.13492003,-0.001900369
"Since Task Z finished before Task X, Task Z comes first.",4,0.22044274,-0.3284946,0.24244754,0.04863077,0.043370627
"Task X finishes after Task Z and before Task W, so the order is Z -> X -> W.",4,0.23558587,-0.28754717,0.28767696,0.049281485,0.025429089
"Task Y started after Task W finished, but we don't know its relation to Task X yet.",4,0.15399769,-0.20274977,0.19892223,-0.04138603,0.12225635
"We can conclude that Task Y comes last because it started after Task W, which in turn started after Task X.",4,0.15110686,-0.23391634,0.21841417,-0.011934477,0.09051586
"Since Task Z finished before Task X, the order so far is Z -> X.",4,0.29422486,-0.29796496,0.22595347,0.06863736,-0.0015420921
"Task W finished after Task X and before Task Y, so it must be placed after Task X in the overall order: Z -> X -> W",4,0.16032088,-0.29269767,0.2572563,0.028641915,0.02842653
"To determine the final order, we need to place Task Y relative to Tasks W and Z. Since Task W finished before Task Y, Task Y must come last or somewhere after Task Z. Therefore, the earliest possible placement of Task Y is right after Task W, as it is already known that Task W came before Task Y: Z -> X -> W -> Y",4,0.262228,-0.31279632,0.29426625,0.095476985,0.0016937674
"Identify all individuals mentioned: Jisoo, Minho, and Ara.",4,0.10708267,-0.36614683,-0.08203918,0.108271085,-0.28587645
Determine the order of their departures:,4,0.30730823,-0.30258006,0.21674313,0.22535619,-0.039181147
"- Before Jisoo departed from home was Minho,",4,0.008375848,-0.29544368,0.019848928,0.11634928,-0.18350746
- And before Ara departed from home was Jisoo.,4,0.035085026,-0.29902366,-0.05985609,0.07169857,-0.20606321
Compare their departure times:,4,0.098391406,-0.2379467,0.034192786,0.13830265,0.031860124
"- Since Jisoo departed first in time among these three (before both Minho and Ara), then she is the earliest one to leave.",4,0.07256666,-0.42139375,0.044520732,0.11139528,-0.15712687
Identify the people mentioned in the statement.,4,0.10886638,-0.2314849,-0.058774754,0.013509224,-0.14428847
- Jisoo,4,0.036628235,-0.17999622,-0.047323067,0.09988258,-0.2044987
- Minho,4,0.03747152,-0.21995911,-0.04160659,0.14960112,-0.18067728
- Ara,4,0.09320267,-0.14392668,-0.100246325,0.11051112,-0.1641786
Determine the order in which they left based on the given information.,4,0.3870888,-0.12799297,0.3234228,0.16182786,-0.03184514
"- Jisoo left before Minho, and also after Ara (in reverse order), but we know she left before Minho.",4,0.09078411,-0.3672825,0.047508053,0.12125919,-0.17886473
"Since Jisoo left before Minho, and it is known that Ara left earliest,",4,0.018497165,-0.31768644,-0.0056877476,0.117569484,-0.17793438
- Ara must have left first.,4,0.111256056,-0.28759447,-0.004164431,0.05136058,-0.122889474
Identify the order of people leaving: Jisoo -> Minho -> Ara,4,0.1301926,-0.3463384,0.073696986,0.21589513,-0.2005041
Compare the order to determine who left earliest,4,0.24962133,-0.27687225,0.27442405,0.19921277,-0.06785083
"Since Jisoo left first, she is the one who left earliest",4,0.03219955,-0.2761534,0.05036748,0.08647795,-0.14661516
We know that Ara is younger than both Jisoo and Minho.,4,0.03718332,-0.31777284,-0.15260561,0.03794591,-0.23070669
"Since Jisoo left home after Minho, and Ara is younger than both of them, it means Jisoo must have left after Ara as well.",4,0.042723387,-0.29984504,-0.03975287,0.06141385,-0.13090925
"Given that Jisoo left home after Minho but before Ara, we can conclude that the order from earliest to latest departure is: Ara, Jisoo, Minho.",4,0.15837914,-0.37124714,0.1355471,0.22559103,-0.1846788
Identify the individuals mentioned in the problem statement.,4,0.22836453,-0.11050066,0.0697317,0.00061832543,0.0067747766
- Jisoo left first,4,0.082477935,-0.27036002,0.07512418,0.11360044,-0.17291698
- Minho left second (after Jisoo),4,0.042470735,-0.26482496,0.08123572,0.11405526,-0.13744032
- Ara left third (after both Minho and Jisoo),4,0.103012756,-0.27514717,0.0020085424,0.11928862,-0.18427284
Determine who left earliest based on their departure order.,4,0.24851626,-0.30879426,0.27182326,0.18484412,-0.032610085
"Start with a list of chapter numbers as variables (e.g., c1, c2, c3, c4).",4,0.26102933,-0.023283878,0.073577285,0.17426838,-0.06312493
"Given that Chapter 3 was read after Chapter 1 but before Chapter 4, assign an order to these chapters: c1 < c3 < c4.",4,0.21107703,-0.23601758,0.20594206,0.2192768,-0.004688445
"Given that Chapter 2 was read after Chapter 1 and before Chapter 3, assign another order to this group of chapters: c1 < c2 < c3.",4,0.20304383,-0.22647502,0.20595208,0.20387691,-0.0208739
Combine the two orders from steps 2 and 3 to get the full order: c1 < c2 < c3 < c4.,4,0.26878056,-0.027764577,0.24909814,0.12200991,-0.0029071595
Start with Chapter 1.,4,0.16935122,-0.21435076,0.11166602,0.17883575,-0.105902635
"Read Chapter 2, then Chapter 3, then Chapter 4 in order since Chapter 2 is before both Chapter 3 and Chapter 4.",4,0.20253906,-0.27621016,0.13982044,0.21728899,-0.0156134935
Chapter 2,4,0.10018864,-0.21166496,0.034181874,0.15285973,-0.09968108
Chapter 1,4,0.11520131,-0.19950752,0.053216215,0.14652912,-0.11827074
Chapter 3,4,0.110794894,-0.21257263,0.04864826,0.13425907,-0.1400653
Chapter 4,4,0.09575477,-0.22320418,0.03770395,0.17577817,-0.1355213
Read Chapter 1.,4,0.11135013,-0.16961937,-0.033700176,0.11366191,-0.09038326
Read Chapter 2.,4,0.09147532,-0.17952666,-0.059499245,0.10787759,-0.07446088
Read Chapter 3.,4,0.10131369,-0.17281069,-0.040153887,0.09260356,-0.10974987
Read Chapter 4.,4,0.083625525,-0.19164945,-0.049410585,0.13569239,-0.09898762
Start with Chapter 1 as the earliest chapter.,4,0.14055724,-0.25492513,0.1567981,0.22952251,-0.098385826
"Since Chapter 2 was read before Chapter 3, and Chapter 3 was read before Chapter 4, order must be: Chapter 1, Chapter 2, Chapter 3, Chapter 4.",4,0.15599549,-0.34034008,0.1425842,0.15601276,-0.023352755
No need for further steps.,4,0.20845546,-0.07188534,-0.12924959,0.0026154134,-0.025138237
Rain came.,0,-0.230075,-0.0866962,0.03409256,0.3188194,-0.16857456
Planting occurred.,0,-0.14583708,-0.038256492,-0.08685987,0.30342627,-0.20560619
Seed sprouted.,0,-0.14074133,-0.020354046,-0.07220125,0.15315366,-0.28474557
First leaf appeared.,4,-0.058530297,-0.16070473,0.04777788,0.17661634,-0.21912867
It rained.,0,-0.20086333,-0.007947968,0.0310124,0.32215685,-0.14513469
The seed was planted after the rain.,0,-0.19676551,0.0006766578,-0.05974599,0.35353765,-0.20650263
A sprout grew from the seed after it was planted.,0,-0.16747706,-0.014112651,-0.023622021,0.18426715,-0.2576885
The first leaf appeared afterwards.,4,-0.08749419,-0.1518053,0.11651069,0.16653779,-0.20776647
Rain,0,-0.104604505,-0.045419093,-0.03156763,0.3389813,-0.12707373
Planting,0,-0.08815382,0.04241304,-0.12777022,0.29894987,-0.26552215
Seed sprouting,0,-0.031868216,0.05353717,-0.08314069,0.15469502,-0.22225751
First leaf appearance,4,-0.045227338,-0.12226758,-0.035154942,0.22563587,-0.20847155
Planting occurred after the rain.,0,-0.22377405,-0.017360508,-0.061445285,0.40166888,-0.20806976
Seed sprouted after planting.,0,-0.1907189,-0.0024804294,-0.08058729,0.17639191,-0.23927678
Rain occurred.,0,-0.20240197,-0.08199593,0.02961438,0.3794934,-0.06522144
Planting happened.,0,-0.16850536,-0.012837817,-0.10084648,0.28794658,-0.17779672
This month: Rainfall drops.,0,-0.21283326,0.080549434,-0.13130444,0.4093873,-0.009248645
Next month (due to lag in response): Plant growth falls.,0,-0.21695665,0.08184865,-0.1588725,0.43925023,0.070534855
The following month (due to further decrease in plant growth): Rabbit population falls.,0,-0.10880014,0.1225637,-0.13260485,0.4563071,0.1059201
"This month, if rainfall drops.",0,-0.1469559,0.04634466,-0.123362064,0.36187008,0.03019703
"Next month, due to the drop in rainfall last month, plant growth will fall.",0,-0.22692832,0.10885045,-0.20084454,0.44846547,0.038586892
"As a result of the decrease in plant growth next month, the rabbit population will also fall later that month.",0,-0.09876773,0.1325225,-0.14897177,0.40406913,0.15054475
Rainfall drops this month.,0,-0.22856738,0.07076791,-0.17459105,0.378265,0.014702516
Plant growth falls as a result of the dropped rainfall.,0,-0.29833058,0.13260859,-0.1504168,0.49280098,-0.0015922957
Rabbit population falls due to the decrease in plant growth.,0,-0.14774378,0.13186157,-0.19651136,0.38715437,0.1190643
"This month, rabbit population is expected to fall due to lower plant growth.",0,-0.13805643,0.09044668,-0.23438789,0.4231952,0.13690491
"As a result of reduced rabbit population, herbivory decreases in the ecosystem.",0,-0.116653696,0.11316448,-0.23803037,0.36362565,0.1377925
"With decreased herbivory, plant growth may increase slightly as plants are no longer being eaten at their usual rate.",0,-0.21246105,0.16768762,-0.25661764,0.36703256,0.09901721
"However, since rainfall drops, the increased plant growth is still likely to be limited by the lower water availability.",0,-0.27301413,0.14942849,-0.30540162,0.4609465,0.081615664
"As a result of continued low rainfall, plant growth will continue to fall over time.",0,-0.30886248,0.10571193,-0.21839696,0.46017152,0.12341086
"If rainfall drops this month, plant growth will fall.",0,-0.24177286,0.10497719,-0.22137551,0.45965213,0.02915985
"With falling plant growth, the rabbit population will start to fall.",0,-0.14886089,0.04700705,-0.15508933,0.38752735,0.06585432
"As a result of falling rabbit population, predation pressure on other animals decreases.",0,-0.15466164,0.058060624,-0.14476563,0.2838452,0.124670066
Lowered predation pressure leads to an increase in prey populations (such as mice or insects).,0,-0.2109768,0.10916696,-0.149118,0.3008429,0.09061496
"Increased prey populations attract more birds for nesting and food, leading to an increase in bird population.",0,-0.15839958,0.12276843,-0.12186752,0.23988548,0.014436762
Identify the conditions for triggering the alarm: both the sensor failing and the backup being off.,3,-0.051889144,-0.23022884,0.032792885,-0.09403641,0.454145
Determine if the sensor has failed: confirmed by previous steps or given information.,3,0.057364374,-0.1834308,0.08196474,-0.080782235,0.33161712
"Assess the state of the backup system: it is still on, not off.",3,0.05150509,-0.15554668,-0.09521213,-0.15927519,0.32049647
"Since one condition (the backup being off) is not met, evaluate if the alarm can be triggered solely based on this incomplete condition.",3,0.124920934,-0.2630134,0.005926521,-0.12312974,0.43612978
Conclusion: The alarm will not trigger because both conditions are not fully met.,3,0.046621196,-0.2722234,0.008801696,-0.120542146,0.4085312
Identify the conditions required for the alarm to trigger.,3,0.052696723,-0.23084763,0.11454234,-0.08928898,0.33518693
"Determine that the condition ""the sensor failed"" has been met.",3,0.10052119,-0.110308744,0.10948909,-0.09662915,0.35267282
Check if any of the conditions required for the alarm to trigger have been partially or fully met.,3,0.00046982177,-0.25015357,0.046254396,-0.14152162,0.43458387
"Since both ""the sensor fails"" and ""the backup is off"" must be true for the alarm to trigger, but only the first one has been met, the alarm will not trigger due to the backup staying on.",3,0.033374697,-0.2495823,-0.03522844,-0.10410558,0.42346355
Determine the conditions for the alarm to trigger.,3,0.10031783,-0.17625026,0.15231107,-0.050488003,0.32423273
Identify whether all conditions are met (sensor failed and backup is off).,3,0.036091395,-0.21010938,0.022743635,-0.087823436,0.413079
"Since the sensor failed, it meets one of the conditions.",3,-0.11673449,-0.14617571,-0.0209117,-0.15410009,0.41351897
"However, the condition that the backup must be off is not met.",3,0.04900795,-0.1860737,-0.16820838,-0.18201236,0.3104883
"Therefore, since at least one condition is not met, the alarm does not trigger.",3,0.056226254,-0.26445124,-0.05996582,-0.18111902,0.4101389
Determine that one of the conditions (the sensor failing) has been met.,3,0.058883764,-0.10709253,0.10963095,-0.061866708,0.34275723
Evaluate the second condition (the backup being off).,3,0.16483928,-0.03174434,0.07095408,-0.017087797,0.29785648
"Since the backup is still on, this condition is not met.",3,-0.06563371,-0.078004606,-0.14493218,-0.12875432,0.31714192
"The alarm's triggering requires both conditions to be met; since only one condition was met, the alarm does not trigger.",3,0.051467013,-0.25955907,0.01709132,-0.15309924,0.39465836
Given that a circuit's alarm triggers only if both the sensor fails and the backup stays off.,3,0.04028941,-0.22792706,-0.03647082,-0.13916749,0.45231292
We know that the sensor failed.,3,-0.06524255,-0.18602344,-0.047332045,-0.110790394,0.23309226
"Since the condition for triggering the alarm is not met due to the backup staying on, regardless of the sensor's state (failed or functioning).",3,-0.014345383,-0.24697603,-0.018242106,-0.13837263,0.47048765
"Therefore, the alarm does not trigger.",3,0.024618983,-0.25107762,-0.06884355,-0.21197589,0.3495808
Overnight temperatures are expected to drop below freezing.,0,-0.3136304,0.055659622,-0.03650347,0.07903503,0.06400315
"As a result, road ice is likely to increase due to the falling temperatures.",0,-0.35507068,0.15720576,-0.078806445,0.16570632,0.10720916
"Since there is more road ice, vehicle speed is likely to decrease when driving on these roads.",0,-0.21329615,0.08664638,-0.20901342,0.1560418,0.13587345
"With decreased vehicle speed, traffic delay is also likely to increase as vehicles move at slower speeds.",0,-0.16570766,0.024011841,-0.19725227,0.22883767,0.26631722
Overnight temperatures fall below freezing.,0,-0.35157046,0.05621432,-0.026121443,0.06666228,0.058519218
Road ice increases as a result of the low temperatures.,0,-0.40265775,0.1663252,-0.03422891,0.111223444,0.060489506
Vehicle speed decreases due to the hazardous road conditions caused by the road ice.,0,-0.235066,0.0946769,-0.09077174,0.1744993,0.18585035
Traffic delay increases as a result of the decreased vehicle speed.,0,-0.13306674,0.0551654,-0.13665985,0.263948,0.27043536
Road ice increases due to the falling temperature.,0,-0.37830985,0.19851288,-0.0013849224,0.13623211,0.05669009
Vehicle speed decreases as a result of the increased road ice.,0,-0.2857413,0.14109012,-0.087125175,0.16551161,0.15887362
Traffic delay increases due to the decreased vehicle speed on the icy roads.,0,-0.19722588,0.10055492,-0.11815568,0.19453588,0.19642425
Road ice forms on the roads.,0,-0.2150985,0.040404744,-0.038995262,0.10721675,-0.11137148
Vehicle speed decreases due to road conditions (ice).,0,-0.25988626,0.118528925,-0.093861215,0.17653693,0.19871387
Traffic delay increases due to decreased vehicle speed.,0,-0.13096891,0.066573106,-0.15401128,0.2682051,0.27596682
Road ice increases as a result of the falling temperatures.,0,-0.38197973,0.18284522,0.0013626255,0.15348083,0.03671459
Vehicle speed decreases due to the increased road ice.,0,-0.29009917,0.14844075,-0.0969837,0.17434879,0.17435236
Traffic delay increases due to the decreased vehicle speed.,0,-0.1258405,0.06710467,-0.14364286,0.27007475,0.2763256
A heat spike occurs in the pond.,1,-0.30135566,0.121367075,0.11439226,-0.028209828,-0.014307861
The rising water temperature causes an increase in evaporation from the surface of the water.,1,-0.4702278,0.222286,0.1546314,0.13072097,-0.001676419
"As a result, the concentration of dissolved substances like nutrients and minerals in the water increases.",0,-0.25207928,0.22859485,-0.042770874,0.23445174,-0.022089876
"With the increased concentration of dissolved substances, aquatic plants grow more rapidly.",0,-0.27687776,0.17788544,-0.16825084,0.3690001,-0.060362153
"The rapid growth of aquatic plants absorbs even more oxygen from the water, further decreasing dissolved oxygen levels.",0,-0.23175864,0.12896718,-0.15678868,0.31249633,-0.07865375
Decreased dissolved oxygen levels cause increased stress among fish in the pond.,0,-0.26036412,0.12807408,-0.17704496,0.14703257,0.03214249
"As a result, fish mortality rates increase due to the inability to cope with the stressful conditions.",0,-0.13420439,0.10577107,-0.21640328,0.15350331,0.097711444
The rise in water temperature causes a decrease in dissolved oxygen.,1,-0.45162106,0.18498223,0.06113806,0.054040592,-0.010793042
"As a result of lower dissolved oxygen levels, fish begin to experience increased stress.",0,-0.2889629,0.06479304,-0.17761894,0.11360477,0.008383152
"This increase in stress among the fish can lead to a range of negative outcomes, including reduced growth rates, increased mortality, and decreased reproduction.",0,-0.15208054,0.14232175,-0.25085413,0.18496895,0.119483985
The rising water temperature causes dissolved oxygen to fall.,1,-0.4629955,0.14215565,0.0640311,0.054749567,-0.045732845
"As dissolved oxygen levels decrease, fish stress increases.",0,-0.28368452,0.14513128,-0.18662709,0.16385105,-0.022304736
"Due to increased stress, the fish population is likely to decline or experience mass mortality.",0,-0.15996328,0.11341775,-0.22952104,0.22242978,0.11866853
A heat spike causes an increase in water temperature.,1,-0.4065983,0.16888657,0.14050417,-0.05527209,0.039850075
The increased water temperature leads to a rise in dissolved oxygen falling from the surface of the water.,1,-0.49058875,0.22251976,0.10907731,0.08975756,-0.07261844
"As a result, the amount of available dissolved oxygen decreases significantly.",0,-0.30777702,0.18906471,-0.1137229,0.13625228,0.06339421
This decrease in dissolved oxygen levels causes an increase in fish stress.,0,-0.2940138,0.13239855,-0.18110088,0.12449911,0.01009665
"With increased fish stress, the fish population is likely to decline or exhibit signs of distress such as lethargy and poor appetite.",0,-0.1512651,0.057126988,-0.23234177,0.12663396,0.12374324
Rising water temperature increases the rate of decomposition and consumption of dissolved oxygen.,1,-0.3302723,0.24790943,0.06766504,0.05943054,-0.023224108
"As a result, dissolved oxygen levels in the pond decrease.",0,-0.27405795,0.19034189,-0.14064409,0.22039562,0.046946548
Decreased dissolved oxygen levels cause an increase in fish stress.,0,-0.26787683,0.12409478,-0.17580886,0.108970284,0.020653455
Fish with higher stress levels are more likely to die or be removed from the pond through removal or relocation.,0,-0.15110032,0.028489271,-0.20554838,0.16587704,0.04181208
Factory shutdown reduces supply.,3,-0.16107637,0.034504786,-0.1632132,0.0007199339,0.30887347
Reduced supply leads to increased price.,0,-0.14903344,0.29918662,-0.1973889,0.1999568,0.1580656
Increased price causes initial demand increase as customers buy before the price rise.,0,-0.14083387,0.16290413,0.012548529,0.15374574,0.17454486
"As time passes and the full effect of the price increase is realized, demand later softens due to higher prices.",0,-0.15274386,0.15554556,-0.10824803,0.20694074,0.1560817
Supply decreases due to the factory shutdown.,0,-0.20577846,0.14721112,-0.08841692,0.13147931,0.3221546
Reduced supply causes prices to rise.,0,-0.16453405,0.24431327,-0.18803135,0.22830373,0.16771194
Rising prices eventually lead to softer demand.,0,-0.17245197,0.19603895,-0.13357839,0.112424836,0.10813057
Softer demand indicates reduced interest in purchasing the product.,0,-0.07573905,0.1987737,-0.20912184,0.055882312,0.19227071
"With less supply in the market, prices tend to rise.",0,-0.1712355,0.22203088,-0.1983636,0.2186672,0.11578408
"As prices increase, demand may soften as consumers are deterred by higher costs.",0,-0.14198707,0.18457887,-0.18982069,0.12003514,0.14619946
A softer demand after a sharp price rise suggests that the initial sharp increase was likely temporary.,0,-0.16630356,0.19678172,-0.0013918739,0.04566306,0.14315575
Reduced supply causes prices to rise in the short term.,0,-0.18477902,0.23478058,-0.17907631,0.24553624,0.18938386
"As prices rise, some consumers may delay or reconsider their purchases, reducing demand.",0,-0.09827757,0.16203395,-0.104226865,0.23261043,0.2496738
"Over time, softened demand leads to further price drops as sellers adjust to the new market conditions.",0,-0.23706636,0.21292396,-0.13472846,0.16302203,0.1714169
"With reduced supply, prices in the market rise.",0,-0.11078921,0.23160195,-0.16090024,0.23738131,0.07817646
"As prices increase, consumers become more cautious and may reduce their demand over time.",0,-0.18168068,0.21188603,-0.12985097,0.15621454,0.22826445
The sharp rise in price leads to a decline in overall demand.,0,-0.1070081,0.23046717,-0.1157005,0.16624235,0.21937166
The lamp has enough power to function.,3,-0.1198664,-0.042799935,-0.11318975,-0.235402,0.32590818
"However, it is not possible for the lamp to turn on with a broken bulb that cannot conduct electricity.",3,-0.021757813,-0.11738088,-0.07192223,-0.33776855,0.32780135
"Therefore, since both conditions are not met (power is available and the bulb is working), the lamp will remain off.",3,-0.1107481,-0.072256304,-0.0004551554,-0.20409273,0.4337741
The lamp's state is evaluated.,3,0.012321749,-0.063598745,0.002620309,-0.14595456,0.19524866
"Since there is power available, but no working bulb, at least one of the conditions (power or a working bulb) is not met.",3,-0.04035481,-0.10806687,-0.12461621,-0.2869203,0.3673569
"Given that at least one condition is not met, the lamp will remain off.",3,-0.07798932,-0.08350951,-0.023174703,-0.1816035,0.3711545
There is a 99% chance the lamp will stay off due to the broken bulb.,3,-0.114396095,-0.085894264,-0.055366006,-0.15250354,0.32962787
Determine the conditions for the lamp to turn on.,3,0.0067306403,-0.047035556,0.13757224,-0.2147651,0.30338442
Identify which condition(s) are met (power is available).,3,0.13321629,-0.074624166,0.044944517,-0.09311217,0.2931884
"Since the bulb is broken, it does not meet the second required condition.",3,0.0014032369,-0.13338257,-0.1134976,-0.16734256,0.30018392
The lamp will not turn on due to the non-functioning bulb.,3,-0.07457218,-0.1313966,-0.052939434,-0.3138455,0.37937838
The system (the lamp) receives input that power is available.,3,0.010850708,-0.029146882,0.015435094,-0.16610771,0.2736282
"According to its design, a necessary condition for the lamp turning on is that the bulb is working.",3,-0.11574143,-0.1645942,-0.0105027165,-0.32699212,0.39487025
"Since the bulb is broken and not working, this condition is not met.",3,-0.12812681,-0.032379862,-0.12629937,-0.17578015,0.32704645
"As a result, the lamp will not turn on due to the broken bulb despite having sufficient power.",3,-0.08455713,-0.0852799,-0.052132368,-0.28346828,0.42486238
The presence of power is detected.,3,-0.008253284,-0.15863773,-0.03206111,-0.15820107,0.28910467
The detection of power does not meet the condition for the lamp to turn on due to a faulty bulb.,3,-0.0106709795,-0.19107087,-0.09509437,-0.3112373,0.5056964
"Since the bulb is broken, the lamp will not turn on even with power available.",3,-0.06848326,-0.083089046,-0.052778736,-0.27351233,0.4139657
Cooling fails.,3,-0.26778018,-0.008930767,-0.005407484,-0.2192787,0.16117945
Request backlog continues to grow due to slowed processing.,0,-0.1479763,0.026717016,-0.1183903,0.1696912,0.15061936
System instability or crashes may occur as a result of prolonged overheating and subsequent slow processing.,3,-0.28682473,0.0012548274,-0.013557076,-0.10330611,0.294721
The server is already experiencing a slow processing rate due to overheating.,3,-0.27916297,0.047467068,-0.041746467,-0.119215906,0.25124732
A growing request backlog is likely a result of the slowing down of requests being processed.,0,-0.21693645,0.0053799604,-0.08538793,0.13035744,0.20245564
"With the server still unable to cool properly (cooling has failed), it will continue to experience increased temperatures.",3,-0.42669526,0.16187347,0.019821025,-0.20339578,0.27755466
Server overheats.,3,-0.31432524,0.04578296,0.052817825,-0.23693442,0.17068522
Processing slows.,3,-0.116739824,-0.079602696,-0.08489948,0.017019954,0.1319063
Request backlog grows.,0,-0.12572241,0.00026964815,-0.08434563,0.15812553,0.078802235
The system is currently experiencing a growing request backlog due to slow processing.,0,-0.08439484,0.0016876147,-0.08743258,0.114834994,0.13544549
"As a result of slow processing, the server's overall performance is declining.",0,-0.2207583,0.059114136,-0.15602966,0.061373778,0.24635078
"Since the cooling mechanism has failed, the server will continue to overheat and processing speeds will decrease further.",3,-0.34051332,0.094200894,0.010002218,-0.14231509,0.29175356
The system is currently experiencing a failed cooling process.,3,-0.27123564,0.016010886,0.037211057,-0.22312039,0.29294235
"Since cooling has failed, the server's temperature does not decrease as expected.",3,-0.3981716,0.15523486,0.021425394,-0.19273001,0.28418145
"With the server's temperature remaining high, processing continues to be slowed due to overheating.",3,-0.34835747,0.098344676,0.038947463,-0.1208274,0.24244785
"As a result of slowing processing, the request backlog continues to grow.",0,-0.15119132,0.03488,-0.11905061,0.15361468,0.14081444
Soiling can lead to reduced plant growth.,0,-0.27449793,0.14755966,-0.24986964,0.28965035,-0.010953191
Reduced plant growth means decreased nutrient uptake from the soil.,0,-0.27148366,0.19948101,-0.2322965,0.31468663,0.084784456
Decreased nutrient uptake leads to weakened roots.,0,-0.28228283,0.16864833,-0.19721337,0.19215162,0.051007025
Weakened roots cause plants to become more susceptible to erosion.,0,-0.29449514,0.079406835,-0.22221574,0.29888344,-0.007728852
"Increased erosion exposes underlying soil, making it even drier and less fertile.",0,-0.34435505,0.1416175,-0.19182502,0.34655878,-0.06637763
Shade coverage decreased due to wilting plants.,0,-0.33099103,0.15090163,-0.27853718,0.31541502,0.09985039
Decreased shade coverage allows more sunlight to reach the soil.,0,-0.38599864,0.16708231,-0.2567813,0.30040634,0.07690381
Increased sunlight can lead to increased evaporation of water from the soil.,0,-0.43922234,0.193046,-0.078858756,0.32039246,-0.0011325057
"As a result, the drought may continue or worsen.",0,-0.2688664,0.035353087,-0.22488667,0.36941105,0.028183278
Shade coverage decreases.,0,-0.3180656,0.123661384,-0.24290252,0.19158421,0.11958113
Decreased shade coverage results in more sunlight reaching the ground.,0,-0.32936853,0.17031518,-0.2281257,0.33038792,0.10174972
Increased sunlight leads to increased evaporation of water from the soil.,0,-0.438652,0.19792426,-0.059440605,0.33447313,-0.030681228
"With less water available, plant growth slows down and eventually dies.",0,-0.36667845,0.14252369,-0.28219625,0.31647876,0.07421038
"If a drought continues, the plants will continue to suffer from lack of water.",0,-0.25538185,0.012844237,-0.23686746,0.34689307,0.07152008
"As a result, more plants will die or be severely stressed.",0,-0.2368406,0.09323292,-0.28396225,0.28284538,0.09473858
"With fewer healthy plants, less vegetation will remain to absorb sunlight.",0,-0.25119486,0.09357687,-0.3247503,0.3617681,0.05890992
Reduced plant cover will allow more sunlight to reach the ground.,0,-0.30861375,0.13601083,-0.291901,0.2823742,0.053646185
Soils drying out cause plant wilting.,0,-0.3250141,0.080070145,-0.1240953,0.20048763,0.0286034
Wilting causes a decrease in shade coverage.,0,-0.39206058,0.117744185,-0.23701982,0.11978811,0.13173881
"With continued drought, the amount of dry soil remains constant, leading to an increased surface area exposed to sunlight.",0,-0.34153786,0.20550926,-0.1576739,0.41012105,0.07155335
Increased sunlight results in more heat absorption and further stress on plants.,0,-0.39177823,0.16240764,-0.07716132,0.1453024,0.02169028
The ice cube began to melt due to the heat from the sun.,1,-0.28664157,0.05934727,0.18590957,-0.006922152,-0.071754344
"As it melted, its temperature increased, eventually equalizing with the surrounding air temperature.",1,-0.3505545,0.29445547,0.1947984,-0.10999864,-0.0612265
"Since the metal tray is conductive, it absorbs and distributes the heat energy from the air evenly throughout its surface.",1,-0.28908452,0.15595467,0.21476144,-0.22595558,-0.09815545
The increased heat energy on the metal tray caused the surface of the metal to rise in temperature.,1,-0.40554512,0.19675894,0.27290687,-0.2342341,0.04123239
"As a result, moisture on the surface of the metal tray began to evaporate quickly due to the higher temperatures.",1,-0.48578534,0.13840792,0.26811805,-0.04103447,0.009858973
This rapid evaporation led to condensation occurring within the gaps between the metal's surface and its interior surfaces.,1,-0.3455321,0.03608709,0.18023941,-0.016117567,-0.066978484
"The accumulated water condensed and dripped onto the metal tray, causing it to become wet.",1,-0.37229505,0.07627812,0.19983014,-0.027768524,-0.051913895
The ice cube began to melt as it absorbed heat from the environment.,1,-0.3042879,0.08616264,0.23492563,-0.04285887,-0.14113718
"As the ice cube melted, it released latent heat of fusion, which is a large amount of energy released when a solid changes state to a liquid.",1,-0.27774233,0.11336439,0.22762683,-0.19895871,-0.1238995
"This released heat energy evaporated the water molecules on the metal tray, causing the surface of the tray to become wet.",1,-0.43359968,0.12365654,0.2533575,-0.13740589,-0.07233819
"The evaporation occurred because the temperature of the ice cube and the metal tray increased, allowing the molecules to gain enough energy to escape into the air as vapor.",1,-0.4158965,0.12159977,0.24839213,-0.039026227,-0.04603491
"As it melted, water accumulated around the ice cube.",1,-0.2720967,0.13404018,0.18702124,-0.05994382,-0.15080379
"Since the metal tray is conductive, it absorbed some of the heat energy from the sun's rays through conduction.",1,-0.26705205,0.1125935,0.13260666,-0.15902156,-0.0061971094
This increased temperature caused the water molecules in the metal to gain kinetic energy and start moving faster.,1,-0.4526713,0.11895045,0.19267525,-0.09087165,0.032068357
"The increased movement of water molecules led to evaporation, which converted liquid water into gas (water vapor).",1,-0.34839332,0.11791522,0.16646735,0.10620033,-0.15616918
"Consequently, the surrounding air became saturated with moisture.",1,-0.46632558,0.14072132,0.14115387,0.12419004,-0.16696243
"Eventually, precipitation occurred as a result of excess moisture.",0,-0.4037231,0.116524674,0.017241698,0.30796638,-0.04354288
The metal tray is in direct contact with the sun's radiation.,1,-0.18282054,0.04630845,0.07405675,-0.0022019038,-0.02499826
Sunlight contains ultraviolet (UV) rays that can cause heating.,1,-0.36256284,0.10798943,0.029707918,-0.161883,0.020371163
"When the ice cube was placed on the metal tray, it absorbed some of the heat from the sun's radiation and began to melt.",1,-0.295715,0.09112088,0.2497465,-0.07351266,-0.09808955
"As the ice cube melted, it released latent heat into the surrounding environment, increasing the temperature nearby.",1,-0.44351807,0.17853233,0.21746056,-0.037207387,-0.059285745
"The increased temperature caused the metal tray underneath the ice cube to warm up, eventually reaching its melting point.",1,-0.348371,0.15726785,0.19359912,-0.20637219,-0.0063548544
"At this point, the metal tray began to melt, turning it wet.",1,-0.3065112,0.08007735,0.27462697,-0.14752813,-0.11102216
The sun emitted heat radiation onto the metal tray.,1,-0.2737787,0.10561137,0.18581381,-0.09016304,-0.03294075
This heat caused the metal to warm up.,1,-0.38423485,0.09840202,0.19827315,-0.29844022,0.038192872
"As the metal warmed, it transferred its thermal energy to the air molecules around it.",1,-0.3768419,0.17823805,0.26490527,-0.33157077,-0.10478595
These heated air molecules gained kinetic energy and started moving rapidly.,1,-0.3169339,0.0766051,0.24525592,-0.1356358,-0.14319053
"As they moved, they carried moisture from the surrounding environment (evaporation from dew or other moisture) onto the metal tray.",1,-0.33263516,0.0936572,0.14263207,0.053424053,-0.22941321
"The increased temperature of the metal accelerated the condensation process, turning the water vapor back into liquid droplets on the tray's surface.",1,-0.39527404,0.20337895,0.2606359,0.016762637,-0.06985709
These liquid droplets formed a thin layer of dew or condensation on the metal tray.,1,-0.28244647,0.10723097,0.11985177,-0.019213324,-0.20169568
The dough was initially intended for baking.,1,-0.15493645,0.010174044,0.106182,-0.14331925,-0.24852641
"Instead of being baked, it was left in the warm environment of the kitchen.",1,-0.2964274,0.08043086,0.20148803,-0.17463322,-0.1915486
Warm environments can cause yeast dough to rise due to increased activity of yeast.,1,-0.3850364,0.11837821,0.120583475,-0.099528365,-0.013024264
"Yeast fermentation is a natural process that produces carbon dioxide, leading to expansion.",1,-0.18188116,0.08554488,0.10197473,-0.0081767505,-0.038849056
"As the dough absorbed moisture and temperature from the air, its size increased without baking.",1,-0.23693551,0.23177902,0.041464854,-0.08413626,-0.12551643
"The temperature of the warm kitchen is likely higher than room temperature, which could cause the yeast in the dough to activate and produce more carbon dioxide.",1,-0.29112336,0.14037536,0.18619953,-0.23325922,0.061593696
"As the yeast produces more carbon dioxide, the dough expands and becomes larger due to the increased gas content.",1,-0.28516012,0.17406055,0.06988736,-0.017988859,-0.048608325
"Without baking, the starches in the dough remain uncooked, but the gluten network in the dough remains intact.",1,-0.11100713,0.041084856,-0.0027139576,-0.1909213,-0.1607568
The warm temperature and moisture in the kitchen may also cause the gluten network to relax and become less resistant to expansion.,1,-0.3336011,0.1696012,-0.023353823,-0.06967319,-0.080685064
"As a result of these factors, the dough expands without being baked, resulting in its larger size.",1,-0.20578143,0.17427775,-0.01857424,-0.07519818,-0.10104762
The dough's temperature would likely increase due to the warm environment of the kitchen.,1,-0.3108246,0.22682898,0.16536452,-0.13535164,-0.03863569
"As the temperature increases, the dough's molecular structure changes and its gluten relaxes, leading to expansion.",1,-0.3619458,0.21638553,0.1057313,-0.070642315,-0.14256535
"Yeast fermentation also occurs more rapidly in warmer temperatures, releasing carbon dioxide gas bubbles that can cause the dough to rise further.",1,-0.3466223,0.15425654,0.19186598,-0.10097775,-0.028392553
"The increased moisture content due to the warm air may contribute to the growth of yeast or bacteria, causing the dough to expand as well.",1,-0.4208062,0.20550422,0.10504489,-0.043338127,-0.09556459
"Yeast fermentation produces carbon dioxide gas, causing the dough to rise.",1,-0.28597113,0.108056225,0.15013243,-0.08520598,-0.06570366
"If the dough is left at room temperature (warm kitchen), yeast activity increases due to optimal conditions for fermentation.",1,-0.32079297,0.12767203,0.16154468,-0.19889523,0.091608845
The increased yeast activity results in more carbon dioxide production and a larger dough size.,1,-0.19611476,0.14959797,0.019892048,-0.0007021633,-0.027968526
The dough was initially left at room temperature.,1,-0.25740194,0.107591845,0.26084515,-0.21875617,-0.13723682
"Room temperature is warmer than refrigerated temperatures, which slows down yeast fermentation and rising.",1,-0.3957143,0.13945493,0.1745373,-0.18559976,0.08554388
"However, if the kitchen has a heating source or direct sunlight, its warm temperature could accelerate the yeast fermentation process.",1,-0.33652616,0.09873559,0.15912254,-0.23618624,0.07826064
Accelerated yeast fermentation can cause the dough to rise rapidly.,1,-0.32417563,0.06918253,0.081088275,-0.03892978,0.0076464014
"If the chef did not intervene or bake the dough as intended, the rapid rise would continue without the heat of the oven to slow it down.",1,-0.24402338,0.038284693,0.14801042,-0.102983914,0.033831455
"As a result, the dough became larger than expected.",1,-0.1824778,0.15741082,0.082422085,-0.052495964,-0.12559244
"The person walked under a roof or a covered area, which caused their clothes to get wet.",0,-0.23991959,-0.036186546,-0.0027007812,0.1497087,-0.102154635
"Since they returned with a wet shoe, it is likely that the water was absorbed by the shoe through the umbrella.",0,-0.22921506,-0.04589965,-0.0040587313,0.19278328,-0.09576299
"However, since their shirt is dry, it's unlikely that the water from the umbrella seeped into the shirt while walking under the roof.",0,-0.21115431,-0.072430514,-0.098079205,0.15328947,-0.07177585
"A possible explanation is that the person opened and closed their umbrella many times on the wet ground outside, allowing water to enter the shoes but keeping the shirt dry.",0,-0.2679467,-0.060949527,0.04978536,0.17001562,-0.06785132
"The person carried their umbrella inside, protecting themselves from rain.",0,-0.19663763,-0.029920422,-0.0456854,0.17540605,-0.13996778
"When they came back outside, the umbrella was removed.",0,-0.14902548,-0.05774718,-0.037243076,0.23340973,-0.13928106
"Rain fell on them again, resulting in wet shoes.",0,-0.1723521,-0.03867754,-0.05287137,0.2547431,-0.08754029
"Meanwhile, the air was not saturated with water vapor, allowing the shirt to dry quickly.",1,-0.295754,0.04541519,0.10566563,0.09008043,-0.017029274
The person entered a building or was under a covered area before bringing out the umbrella.,4,-0.095587604,-0.09450506,0.13124867,0.1628093,-0.09085236
"They were caught in rain while walking under the umbrella, causing their shoes to get wet.",0,-0.17471723,-0.06414411,-0.055298064,0.31361863,-0.14436114
"After getting out of the rain, they put away the umbrella and continued walking without it.",0,-0.096168675,-0.08299976,-0.07875303,0.24365307,-0.11294003
The person used their umbrella to protect themselves from the rain while outside.,0,-0.22219726,-0.025588086,-0.08252515,0.23456469,-0.08710283
"When they went outside, it started raining heavily.",0,-0.24394399,-0.037138503,-0.0050130044,0.3461018,-0.10914017
They then decided to bring the umbrella inside.,4,-0.12354681,-0.13266765,0.12675479,0.105284184,-0.2325996
"However, by the time they returned with wet shoes, it had stopped raining or significantly reduced in intensity.",0,-0.18011782,-0.0039614053,-0.13341698,0.3020609,0.060134996
The person initially took the umbrella outside to protect themselves from the rain.,0,-0.19025755,-0.07263342,-0.017411152,0.2568268,-0.11108318
"They then moved under the awning or went back inside, leaving the umbrella there.",0,-0.13703936,-0.069220796,0.022477493,0.17302173,-0.13148333
"The rain continued, causing it to fall on their shoes and making them wet.",0,-0.23664829,-0.019826215,-0.022335203,0.35109928,-0.053626608
"Meanwhile, they changed into dry clothes, keeping the dry shirt on.",1,-0.16592374,-0.033379484,0.0263961,0.052273694,-0.055032942
The phone's battery level decreased after being plugged in for an extended period.,3,-0.21509312,0.021567319,-0.17448209,0.03658814,0.42197233
The charger may have been producing low power or had a faulty output.,3,-0.211604,-0.10461646,-0.10224264,-0.08538993,0.42364284
The phone's internal battery health could be declining due to age or repeated charge cycles.,3,-0.23906028,0.01539214,-0.20738994,0.010216546,0.47451606
"The ambient temperature was too high, causing the battery to discharge faster.",3,-0.26920086,-0.070008785,0.010405488,-0.027534908,0.34655282
"Some unknown external factor (e.g., a software glitch) might be affecting the battery.",3,-0.23999818,-0.07239387,-0.09934114,-0.08892066,0.49599802
The phone was plugged into an electrical outlet for an extended period.,3,-0.07562763,-0.05780265,0.019405462,-0.05712338,0.2162985
The phone's battery may have been damaged or compromised due to overcharging or excessive heat generated by prolonged charging.,3,-0.2843488,-0.011945308,-0.08146473,-0.09880563,0.41877043
"It's possible that the charger itself may be faulty, causing the phone to drain faster than usual.",3,-0.23120992,-0.07233216,-0.15711272,0.0507228,0.33265352
"The environment surrounding the phone, such as a hot room or proximity to a heater, could also contribute to the battery's reduced capacity.",3,-0.31128117,0.04343706,-0.18251961,-0.042405955,0.38560238
It's also possible that there was an issue with the phone's charging circuitry or its battery management system.,3,-0.1902062,-0.11019596,-0.12498878,-0.11609094,0.44135877
The charger might be malfunctioning or damaged.,3,-0.19205274,-0.08623366,-0.11043968,-0.1085243,0.41864455
"The phone's power cord might be loose or frayed, causing a low connection.",3,-0.22029789,-0.06928067,-0.13304773,0.028406454,0.39850602
"The battery itself could be old or weak, leading to inefficiency.",3,-0.19231854,-0.056749485,-0.22550657,-0.08367458,0.4915049
Overheating could have reduced the battery's capacity overnight.,3,-0.30678782,0.028550973,-0.10003163,-0.10066677,0.40426728
Environmental factors like humidity or temperature changes outside could affect charging efficiency.,0,-0.32802117,0.093111984,-0.11182018,0.0622077,0.30043507
The battery was already partially discharged when the phone was left to charge.,3,-0.056412894,-0.12025453,-0.011550547,-0.008316817,0.28110325
"Overnight, environmental factors (temperature, humidity, etc.) affected the charging process.",3,-0.30889562,0.030608734,-0.02155319,0.045079064,0.33151236
The charger's power output may not have been sufficient or stable enough to fully recharge the battery overnight.,3,-0.13518366,-0.07969334,-0.06490153,-0.06676145,0.37218046
"It is possible that the phone's internal temperature regulation system kicked in, limiting the charging current to prevent overheating and potential damage.",3,-0.31499383,-0.0036674065,-0.09380812,-0.186266,0.36154366
Consider the environmental factors that could affect battery performance.,3,-0.24628964,-0.007995002,-0.12565026,0.07970786,0.40762725
Think about possible causes for low battery levels on a fully charged phone.,3,-0.235291,-0.06138824,-0.2464123,-0.04034011,0.45509362
Rule out external temperature extremes as an immediate cause of reduced battery life.,3,-0.35866877,0.027850885,-0.043280043,-0.066786796,0.32835117
"Consider if the phone's charging circuit might have malfunctioned, causing energy loss.",3,-0.2685864,-0.025447013,-0.11349402,-0.11416188,0.49784362
Reflect on whether the phone's charging port or cable could be at fault.,3,-0.15418346,-0.13836461,-0.139364,-0.12521823,0.42078805
Acknowledge that it's possible that some capacity was already drained before going to sleep due to previous usage.,3,-0.15037252,-0.028393535,-0.10826259,-0.056696244,0.20866443
The temperature of the glass bottle was around 4°C.,1,-0.25518835,0.14194298,0.23334922,-0.17342432,-0.06094197
"When removed from the refrigerated environment, it experienced a rapid change in temperature (thermal shock).",1,-0.4842618,0.13866884,0.2276201,-0.15639529,-0.012199492
"As the outer surface temperature rose to room temperature, water vapor from the air condensed on the cold surface.",1,-0.42914024,0.1994464,0.24738576,-0.06649564,-0.15511893
This condensation occurred rapidly due to the significant temperature difference between the warm air and the cold glass bottle.,1,-0.35748225,0.124871306,0.28137589,-0.029297685,0.0017062639
"The sealed interior of the bottle prevented moisture from entering or leaving, trapping it inside.",1,-0.37758812,0.037382554,0.14138491,-0.10750772,-0.092146195
"As a result, the outside surface became wet with condensated water vapor.",1,-0.4540573,0.09586062,0.18390912,0.054321244,-0.13177957
"The bottle was removed from the refrigerator, which is a cold environment.",1,-0.33643052,0.096821584,0.18580605,-0.13272843,-0.059045427
"As soon as it was exposed to air at room temperature, evaporation of water vapor from the inside of the bottle occurred.",1,-0.3920144,0.06706703,0.26928174,-0.065332346,-0.054587737
Water molecules on the surface of the interior liquid evaporated into the surrounding air.,1,-0.3355988,0.11525432,0.2352258,-0.013276913,-0.23826891
This process accelerated due to the lower humidity in the warmer air compared to the refrigerator's environment.,1,-0.43060902,0.15982446,0.15616344,0.01340361,0.09150144
"The evaporation created a pressure difference between the inside and outside of the bottle, causing condensation to occur.",1,-0.37031272,0.11404372,0.21895176,-0.03986656,-0.04969061
"As water vapor condensed on the outer surface of the glass, it became wet within minutes.",1,-0.34923482,0.06238084,0.24497771,-0.016704276,-0.064273305
The outside surface of the glass bottle came into contact with air after being removed from the refrigerator.,1,-0.3355648,0.0810799,0.24849597,-0.085528426,-0.06918525
"Air contains water vapor, which is dissolved in it under normal conditions.",1,-0.32135484,0.10223872,0.04811785,-0.07019656,-0.17618544
"As the warm air near the bottle's exterior interacts with the cooler interior air, condensation occurs.",1,-0.32818127,0.11255853,0.24325742,-0.051870234,-0.073832735
Water molecules from the warmer air condense onto the colder surface of the glass bottle.,1,-0.34042552,0.17497364,0.30802828,-0.13019376,-0.13328092
This process of condensation led to the appearance of wetness on the outside surface of the bottle within minutes.,1,-0.39122206,0.07509402,0.21503979,0.047416806,-0.10204698
"The air around the bottle, including the molecules of water vapor present in the air, was in constant contact with the bottle.",1,-0.33152702,0.092152044,0.24261858,-0.056434553,-0.102483414
"As the temperature of the refrigerator decreased, its walls and contents cooled down as well.",1,-0.3694991,0.18913747,0.120899014,-0.0868205,0.1210745
"When the cold glass bottle was brought out of the refrigerator, it rapidly lost heat to the warmer surrounding air.",1,-0.39021972,0.14771634,0.28203863,-0.19322634,-0.0012236139
"This loss of heat caused the water molecules at the surface of the bottle to lose energy, transition from a liquid state to a gaseous (vapor) state, and rise into the air as water vapor.",1,-0.4177196,0.144047,0.26511934,-0.10235591,-0.05592225
"Due to evaporation, the outside surface of the bottle became wet within minutes.",1,-0.41800126,0.088665366,0.24544688,0.0119674755,-0.06817723
"The bottle was initially in a cold environment, likely with temperatures close to or below 4°C (39°F).",1,-0.31293887,0.1444071,0.19181424,-0.10803121,-0.05918333
"When removed from the refrigerator, it was exposed to warmer air.",1,-0.39563888,0.11293486,0.26607376,-0.17744426,-0.12370689
"As the glass bottle came into contact with the warmer air, heat transfer occurred through conduction and convection.",1,-0.31326267,0.13939089,0.33721784,-0.24474935,-0.07945786
"This increased the temperature of the bottle's exterior surface, causing evaporation of any moisture that may have been present on its surface.",1,-0.49041507,0.15535094,0.16148596,-0.010625502,-0.057508647
"Since the inside liquid remained sealed within the refrigerator, it did not contribute to the outside surface becoming wet.",1,-0.36617398,0.044334285,0.14198051,-0.09327838,-0.026966712
The rapid warming of the glass bottle led to condensation of water vapor from the surrounding air onto its outer surface.,1,-0.41210297,0.1392269,0.26413587,0.0146828955,-0.09126399
The initial state is that the pot contains popcorn kernels.,1,-0.15315634,-0.044189584,0.0987983,-0.20908605,-0.30080992
The environment surrounding the kernels changes as they are heated in hot oil.,1,-0.39323297,0.1515612,0.005534839,-0.18768369,-0.24073133
Heat energy from the oil causes the kernel's internal moisture to turn into steam.,1,-0.44129965,0.1488161,0.117927074,-0.2548789,-0.22072919
"As the steam builds up, it turns the kernel inside out, causing it to expand and transform into a fluffy piece of popped popcorn.",1,-0.36796936,0.14102945,0.11273102,-0.2117519,-0.2832566
This transformation continues until all the kernels have undergone this change due to the heat and moisture.,1,-0.3255358,0.07938812,-0.087730505,-0.045411237,-0.14956921
The initial state involved popcorn kernels being heated in hot oil.,1,-0.27730116,0.016710967,0.21730697,-0.32204077,-0.27933893
The heat from the hot oil would have caused the water inside the kernels to turn into steam rapidly.,1,-0.38744888,0.11471254,0.16455145,-0.23410928,-0.2122301
"As the steam built up, it began to escape through tiny cracks in the kernel's outer shell.",1,-0.35199547,0.06062305,0.03944834,-0.1826726,-0.19351523
"This process, called ""popping"", resulted in the expansion of the kernel and its sudden transformation into a fluffy piece of popcorn.",1,-0.30829152,0.10694073,0.07809957,-0.16006193,-0.3148239
The person added popcorn kernels to hot oil.,1,-0.17511944,0.09409717,0.11586355,-0.28493613,-0.3850247
Heat from the oil causes the water molecules inside the kernel to turn into steam rapidly.,1,-0.42638355,0.13990723,0.16342245,-0.23201929,-0.22981137
"As steam builds up inside the kernel, the outer shell bursts, releasing the kernel.",1,-0.30587602,0.056577627,-0.00048728325,-0.09581937,-0.07579878
The released kernel becomes fluffy as it cools and dries.,1,-0.39486116,0.139182,-0.079271086,-0.1897192,-0.113698415
The initial state is a person putting popcorn kernels into hot oil.,1,-0.21570772,-0.009592194,0.1926162,-0.28659418,-0.34816855
"The kernels are heated, causing them to change shape from a hard kernel to a soft piece.",1,-0.4005745,0.10617713,-0.048230156,-0.29029033,-0.12351664
The heat also causes the water inside the kernels to turn into steam.,1,-0.45928726,0.14534889,0.1371618,-0.28908283,-0.22642654
"As the steam builds up pressure, the kernel explodes, turning inside out and expanding rapidly.",1,-0.37289262,0.13252237,0.09002765,-0.16022532,-0.13099988
"The rapid expansion creates pressure on the outer layer of the kernel, causing it to break apart into fluffy pieces.",1,-0.35616755,0.12571451,-0.061781574,-0.14624868,-0.24019462
"Eventually, all the kernels have undergone this process, resulting in a pot full of fluffy popcorn.",1,-0.2440085,0.043655813,-0.06203372,-0.16945401,-0.30277425
The kernel's outer shell (pericarp) is hard and non-porous.,1,-0.21296583,-0.0075164638,-0.16003253,-0.21187569,-0.30582842
"When heated, the pericarp begins to dry out, making it brittle.",1,-0.4087707,0.104202196,0.09212801,-0.14964364,-0.14285041
"As the kernel continues to heat, the water inside turns into steam.",1,-0.39801642,0.1201022,0.16676016,-0.25371486,-0.26212683
The pressure from the steam builds up until the pericarp ruptures.,1,-0.30945188,0.0783683,0.076737374,-0.0016847751,-0.106139325
The sudden release of the kernel's moisture creates a large amount of vapor.,1,-0.4479487,0.1357839,0.0364787,-0.086731315,-0.1802663
"This rapid expansion causes the popcorn to expand and ""pop"" into fluffy pieces.",1,-0.28037897,0.11947431,0.07622751,-0.09905026,-0.255605
The position of the sun changed.,0,-0.18754303,-0.0065102666,-0.007983251,0.2521252,0.013433695
"As noon approached, the sun was at its highest point in the sky.",0,-0.027586645,-0.024259172,0.0044361036,0.163254,-0.0075056804
"When the sun is directly overhead, it casts a vertical shadow.",0,-0.123033874,0.019130755,-0.15205666,0.16431804,0.037701774
"As the sun moves to lower angles due to Earth's rotation, the shadow becomes longer.",0,-0.19033574,0.096394554,-0.2019542,0.25900176,0.16207024
"Therefore, the cyclist's shadow became shorter as noon approached because the angle of elevation of the sun decreased.",0,-0.09278547,0.05072514,-0.112659656,0.20414679,0.19921142
The position of the sun changes throughout the day.,0,-0.1963086,0.05013625,-0.0554382,0.2763102,0.082322456
"As noon approaches, the sun is directly overhead.",0,0.01838672,-0.0495583,-0.08327281,0.17600799,0.0025964687
"When the sun is directly overhead, its rays hit the earth at a 90-degree angle.",0,-0.025677567,0.06710673,-0.118586905,0.15439232,0.049417146
"A 90-degree angle means that the sunlight enters the atmosphere perpendicularly, resulting in less scattered light.",0,-0.17921855,0.118006624,-0.13389187,0.14851566,0.021365212
"With less scattered light, the direct sunlight can cast longer shadows.",0,-0.16464686,0.08580813,-0.2618094,0.18436307,0.05435891
The sun's position changes throughout the day.,0,-0.19932269,0.021856382,-0.087726586,0.28189078,0.10233661
"As the day progresses towards noon, the sun's angle in the sky increases.",0,-0.11510897,0.0871986,-0.08739884,0.27280954,0.057037905
"With the increased sun angle, the amount of sunlight that reaches the Earth's surface also increases.",0,-0.23270312,0.19047675,-0.15014507,0.29271302,0.10561088
"Since the cyclist is stationary and not moving with the Earth's rotation, their local time (noon) coincides with the global time.",0,0.02804557,-0.081959076,-0.096317165,0.12004069,0.116601564
"As a result, the sun's rays strike the cyclist at a more direct angle during noon.",0,-0.07048956,0.013918833,-0.12831043,0.13741338,0.1381367
"With a more direct angle of incidence, less of the sunlight is scattered by atmospheric particles in the air.",0,-0.20999405,0.108016446,-0.11206822,0.2594276,-0.060034037
"Consequently, the amount of light that reaches the ground increases, resulting in an increase in ambient temperature.",0,-0.37947395,0.21817069,0.009276719,0.09797819,0.107729256
The sun's rays hit the Earth at an angle when the shadow is long.,0,-0.0816015,0.047089398,-0.15894127,0.22083247,0.09994592
"As time approaches noon, the sun's position in the sky changes to being directly overhead.",0,-0.08791145,-0.0015335764,-0.08203644,0.21515468,0.045685604
"When the sun is directly overhead, its rays hit the Earth perpendicular to the surface.",0,-0.033266,0.03736557,-0.113014944,0.18566449,0.020133017
A shorter angle of incidence results in a greater amount of direct sunlight reaching the ground.,0,-0.21677984,0.09160397,-0.16071297,0.28402504,0.08445263
The shorter length of shadow corresponds to this increased intensity and reduced scattering of sunlight.,0,-0.17829834,0.1251979,-0.20507587,0.2683481,0.07161379
The sun was shining directly at noon.,0,-0.08470133,-0.038671408,-0.0016008158,0.09436683,0.008508191
"As noon approached, the direction of sunlight towards the earth increased due to the tilt in the Earth's axis.",0,-0.13945432,0.08564132,-0.0056776004,0.2557929,0.0780401
This resulted in more direct and intense light striking the cyclist's location.,0,-0.105858386,-0.041009936,-0.12512559,0.10719998,0.14726418
"With the increased intensity of sunlight, the angle between the sunlight and the ground decreased.",0,-0.3069744,0.19158988,-0.17618468,0.30807054,0.14690958
A decrease in the angle between the sunlight and the ground caused the shadow length to shorten.,0,-0.25180703,0.10122162,-0.1673157,0.29253885,0.13803431
"The wooden spoon is made of wood, which is a solid material.",1,-0.11856865,0.069181845,0.18265559,-0.2844436,-0.29492563
"When the spoon was initially placed in the hot soup, it had contact with the warmer liquid.",1,-0.29930648,0.055691592,0.38250798,-0.35727748,-0.30926064
"As the heat from the soup was transferred to the spoon through conduction and radiation, the temperature of the spoon began to rise.",1,-0.34598053,0.13298692,0.41811174,-0.28544265,-0.22684406
"The wooden material has a relatively low thermal conductivity compared to metals, but still absorbs heat energy.",1,-0.31509146,0.070448235,0.1368357,-0.32141766,-0.03438093
"Over time, as more heat is transferred to the spoon, its temperature increases.",1,-0.38366687,0.21188422,0.31347197,-0.26619127,-0.11745077
The spoon is made of wood.,1,-0.11682644,0.059954286,0.22688754,-0.21374491,-0.34290785
"Wood is a relatively poor conductor of heat compared to metals, but it can still absorb and conduct some heat.",1,-0.24667434,0.06433609,0.08871214,-0.2654874,0.004172135
"When the spoon was initially placed in the hot soup, its surface temperature began to rise due to direct contact with the hot liquid.",1,-0.3549353,0.1020564,0.4281766,-0.27851284,-0.27308744
"As the spoon's surface continued to make contact with the soup for an extended period, the wood absorbed and conducted some of this heat energy into its interior.",1,-0.2986171,0.14372571,0.39074495,-0.28350356,-0.3166008
"The longer duration of contact allowed more heat to penetrate deeper into the wood, causing it to warm up internally as well.",1,-0.3569526,0.10916088,0.19777015,-0.13748015,-0.0143087115
"Eventually, a balance was reached where the spoon's surface temperature remained relatively constant with the surrounding soup temperature, while its internal temperature rose due to the absorbed and conducted heat energy.",1,-0.31922215,0.18122815,0.3416714,-0.27885845,-0.19811712
"Over time, the overall warming of the spoon became noticeable, allowing us to feel its warmth upon touching or observing it further.",1,-0.2855839,0.10340625,0.27605522,-0.2672719,-0.15115051
The wooden spoon was initially at room temperature.,1,-0.2854088,0.07936349,0.38334882,-0.28558785,-0.26316705
The air around it is also at room temperature.,1,-0.397192,0.18264939,0.18767665,-0.21764962,-0.08716174
"As the spoon is placed into the hot soup, there is an initial heat transfer from the soup to the air near the spoon.",1,-0.26715812,0.08090357,0.4247924,-0.32904917,-0.32289907
This warm air rises and transfers its heat to other areas of the spoon.,1,-0.32955092,0.16681767,0.3356045,-0.23889191,-0.29561087
"The wooden spoon, being a material with thermal conductivity, allows this heat transfer.",1,-0.30807126,0.122729436,0.31794247,-0.4370432,-0.24242099
"Over time, more heat from the soup warms the entire surface of the spoon through conduction and convection.",1,-0.33277258,0.15620972,0.33815798,-0.35000315,-0.25081018
The wooden spoon is made of a material (wood) with thermal conductivity.,1,-0.22630352,0.08142556,0.31607643,-0.3737683,-0.28144106
"When the spoon is initially at room temperature and then submerged into the hot soup, it comes into contact with the warmer soup.",1,-0.27557707,0.07344499,0.37502578,-0.36057743,-0.29922837
The heat from the soup is transferred to the wood through conduction.,1,-0.27322578,0.1518615,0.3359866,-0.29382175,-0.32307926
"As the heat penetrates the wooden spoon, its internal temperature increases due to thermal energy transfer.",1,-0.4068656,0.19677114,0.3690321,-0.35524058,-0.15305313
The increased internal temperature causes the surface of the spoon to warm up as well.,1,-0.39293092,0.17625336,0.3113918,-0.33946526,-0.14285813
"As it came into contact with the soup, conduction occurred due to direct heat transfer between the spoon and the soup.",1,-0.2924292,0.040327035,0.34691167,-0.37261242,-0.14928947
"Since the spoon is made of wood, it has some thermal conductivity.",1,-0.3134578,0.04607398,0.2669916,-0.4422064,-0.23582743
The density and specific heat capacity of the wood are lower than those of the soup.,1,-0.24851614,0.15892923,0.101013854,-0.1798131,-0.23723345
"When the spoon touches the hot soup, heat energy from the soup was transferred into the spoon through conduction.",1,-0.22958118,0.093849346,0.410775,-0.41375035,-0.21265894
"As a result, the temperature of the wooden spoon increased due to the absorption of thermal energy from the soup.",1,-0.36506766,0.20187338,0.36694467,-0.2880086,-0.21693003
