text,cluster_id,axis_1,axis_2,axis_3,axis_4,axis_5
Calculate total number of cans collected: 14 (Monday) + 19 (Tuesday) = 33,0,-0.13736497,0.0783991,-0.4964289,-0.03994871,-0.026252028
Subtract the number of damaged cans: 33 - 6 = 27,0,-0.12026833,0.0802219,-0.438922,-0.0035771637,-0.036345202
The remaining cans are usable.,0,-0.027312426,0.26522282,-0.29985845,0.07448537,-0.015318973
Subtract the damaged cans from the total: 33 - 6 = 27,0,-0.12793794,0.08681308,-0.44831944,0.009258206,-0.027090317
Calculate the total number of cans collected: 14 (Monday) + 19 (Tuesday) = 33,0,-0.13417329,0.0771716,-0.4863822,-0.04037011,-0.023087276
Calculate total number of cans collected = 14 (Monday) + 19 (Tuesday) = 33,0,-0.13077685,0.078469776,-0.48752263,-0.035946913,-0.02192671
Subtract the number of damaged cans from the total: 33 - 6 = 27,0,-0.13130237,0.091832235,-0.47205454,-0.0036061,-0.033900063
Calculate the total number of cans collected.,0,-0.1291003,0.107425414,-0.5229913,0.06466028,-0.036602113
Subtract the number of damaged cans from the total to find the usable cans.,0,-0.1250192,0.10110601,-0.48306665,-0.04006825,-0.027078107
Perform step 2: Total cans = 14 (Monday) + 19 (Tuesday) = 33,0,-0.19454183,0.03048896,-0.4164455,0.008884584,-0.016417876
Subtract damaged cans: Usable cans = 33 - 6 = 27,0,-0.09463264,0.11777156,-0.4479485,-0.012464369,-0.024553267
Add the number of cans collected on Monday and Tuesday to find the total.,0,-0.14534666,0.07328464,-0.47971228,-0.016463619,-0.04118332
Total cans = 14 (Monday) + 19 (Tuesday) = 33,0,-0.13852143,0.09866576,-0.46349397,-0.0076791034,-0.019995075
Subtract the number of damaged cans from the total.,0,-0.1250126,0.104361326,-0.46053612,-0.005425048,-0.033342782
Usable cans = Total cans - Damaged cans,0,0.0377167,0.21968134,-0.29085356,0.0027152947,-0.0483691
Usable cans = 33 - 6 = 27,0,-0.034962285,0.16554584,-0.4357626,0.037502553,0.040518004
Subtract the number of damaged cans = 33 - 6 = 27,0,-0.11292558,0.06166304,-0.44416702,0.0044004507,-0.029709836
Final answer: ...27,0,-0.16055462,0.032346047,-0.22487271,0.078089856,-0.046140593
Add the number of cans collected on Monday and Tuesday: 14 + 19 = 33,0,-0.10758012,0.045547035,-0.43413857,-0.0511208,-0.019972492
Subtract the damaged cans that were discarded from the total: 33 - 6 = 27,0,-0.13616493,0.09493418,-0.4654093,-0.008275226,-0.03953922
The number of usable cans remaining is 27.,0,-0.054889083,0.20615521,-0.45870152,-0.02914213,-0.0010135291
Subtract the damaged cans from the total to find the number of usable cans.,0,-0.114723735,0.108143836,-0.49323606,-0.03077687,-0.040886104
Total cans collected = Cans collected on Monday + Cans collected on Tuesday,0,-0.1290139,0.15705702,-0.3868088,-0.026179733,-0.025118556
Total cans collected = 14 + 19,0,-0.08623307,0.1450777,-0.498601,0.048825204,-0.038411576
Total cans collected = 33,0,-0.086043246,0.1909458,-0.4774391,0.05430484,-0.012344133
Number of usable cans = Total cans collected - Damaged cans,0,-0.03270535,0.20794228,-0.41309667,-0.0020021612,-0.05690542
Number of usable cans = 33 - 6,0,-0.064640045,0.20494519,-0.47760072,0.016680343,0.0038432395
Number of usable cans = 27,0,-0.04820245,0.18846308,-0.4743474,0.027779512,-0.0031037584
Calculate the total number of pencils sold: 23 (morning) + 18 (afternoon) = 41,0,-0.20477541,0.037073612,-0.5712847,-0.07763734,-0.06101514
Subtract the returned pencils from the total: 41 - 7 = 34,0,-0.25629345,0.08305674,-0.5596139,-0.089485414,-0.015216914
Final answer: The store has 34 pencils left.,0,-0.15774886,0.15376787,-0.52282155,-0.033716768,-0.03593954
The store has 34 pencils left that were not returned.,0,-0.11780564,0.20001535,-0.48398405,-0.104471736,-0.08213236
The remaining pencils are the ones that stayed sold.,0,-0.13649748,0.1734277,-0.41082513,-0.07315343,-0.0038169068
"The remaining pencils are still sold, so no further calculations are needed.",0,-0.15168744,0.18105556,-0.50138307,-0.1345018,0.024712862
Calculate total pencils sold: 23 (morning) + 18 (afternoon) = 41,0,-0.20886323,0.028790303,-0.5591804,-0.08658671,-0.043470487
Subtract returned pencils: 41 - 7 = 34,0,-0.19500779,0.05345605,-0.4763878,-0.06907853,-0.016044345
Final answer: 34,0,-0.17816605,0.04753039,-0.2688439,0.07897976,0.007502983
Calculate the total number of pencils sold by adding the morning and afternoon sales.,0,-0.2288099,-0.0062355874,-0.566234,-0.073780455,-0.05433611
Morning sales = 23,0,-0.1415739,0.08823679,-0.33989125,-0.10907756,-0.08367187
Afternoon sales = 18,0,-0.117446266,0.048955146,-0.32398933,-0.042725265,-0.1235958
Total sales = 23 + 18 = 41,0,-0.15982547,0.06855094,-0.49849033,-0.103866756,-0.0665073
Subtract the returned pencils from the total sales to find the number of pencils that stayed sold.,0,-0.22002046,0.023844853,-0.6193246,-0.10368347,-0.0334654
Returned pencils = 7,0,-0.14542428,0.11484681,-0.38869846,-0.042390432,-0.05800351
Pencils stayed sold = 41 - 7 = 34,0,-0.111725114,0.09897467,-0.48174724,-0.12729944,-0.019275546
Subtract the number of returned pencils from the total: 41 - 7 = 34,0,-0.24583991,0.0999427,-0.5698945,-0.08606115,-0.034737047
The result is the number of pencils that stayed sold.,0,-0.123995684,0.1011822,-0.5242326,-0.0543178,-0.013025597
The pencils that stayed sold are 34.,0,-0.12476908,0.17871074,-0.47914338,-0.06938264,-0.014217673
Add the number of pencils sold in the morning (23) to the number sold in the afternoon (18).,0,-0.20354924,-0.02472565,-0.48373833,-0.06608771,-0.06703946
Calculate the total number of pencils sold: 23 + 18 = 41.,0,-0.21180546,0.05944975,-0.6082689,-0.05154061,-0.019539578
Subtract the number of pencils returned (7) from the total number sold: 41 - 7 = 34.,0,-0.2372832,0.06651944,-0.59385264,-0.08040853,-0.011774941
The store had 34 pencils that stayed sold.,0,-0.11284878,0.15100612,-0.5024764,-0.09606458,-0.046249866
Subtract returned pencils from total pencils sold: 41 - 7 = 34,0,-0.2337812,0.08316066,-0.59876204,-0.094030514,-0.023882262
The number of pencils that stayed sold is 34,0,-0.13174139,0.16572979,-0.53033715,-0.11705088,-0.026069984
"First, calculate the total number of pencils sold: 23 (morning) + 18 (afternoon) = 41",0,-0.24059376,-0.004161545,-0.56870353,-0.057500172,-0.04783263
"Then, subtract the number of pencils returned: 41 - 7 = 34",0,-0.22231384,0.068326816,-0.5246834,-0.07740046,-0.0030187904
The final answer is 34.,0,-0.20614837,0.077358216,-0.34633994,0.04615024,-0.01603721
"First, calculate the total number of pencils sold by adding the morning and afternoon sales: 23 + 18 = 41.",0,-0.24558738,-0.025810838,-0.59070355,-0.082979955,-0.046209827
"Then, subtract the number of returned pencils from the total sales to find the number of pencils that actually stayed sold: 41 - 7 = 34.",0,-0.23330973,0.051252782,-0.63086385,-0.13921969,-0.051266145
Subtract the returned pencils from the total sold: 41 - 7 = 34,0,-0.25755075,0.07135138,-0.5989658,-0.092701204,-0.0210143
Add the amount of money raised on Friday and Saturday to find the total amount of money raised.,0,-0.13897717,0.009594603,-0.41422492,-0.086728826,-0.017732935
Subtract the cost of supplies from the total amount of money raised.,0,-0.114453726,0.049079064,-0.5021559,-0.030996462,0.007700467
Total amount of money raised: $125 + $87 = $212,0,-0.047208812,0.05780656,-0.44171742,-0.052434247,0.012126715
Remaining money after spending on supplies: $212 - $36 = $176,0,-0.04376257,0.051083647,-0.5491532,-0.081895925,0.007831187
Calculate the total amount of money raised: $125 + $87 = $212,0,-0.08888917,0.043222405,-0.47378308,-0.035189938,0.00776739
Subtract the cost of supplies from the total amount of money raised to find the remaining amount.,0,-0.13872407,0.012754315,-0.5469154,-0.033521738,0.013189759
Calculate the remaining amount: $212 - $36 = $176,0,-0.13024142,0.010673412,-0.56864727,-0.043232683,0.025668882
Calculate the total amount of money raised by adding the amounts from Friday and Saturday.,0,-0.14789164,0.010742506,-0.43594858,-0.08132505,-0.027698252
Subtract the cost of supplies from the total amount raised.,0,-0.11491403,0.02109534,-0.5267212,-0.028185764,0.026150415
Total amount raised = $125 + $87 = $212,0,-0.060049485,0.015598032,-0.4720898,-0.06745059,0.045377783
Remaining money = Total amount raised - Cost of supplies,0,-0.04665718,0.12025245,-0.5089321,-0.06284473,-0.0013728401
= $212 - $36,0,-0.10103086,0.025060143,-0.44268125,-0.048651874,0.027550554
= $176,0,0.015273461,0.12405987,-0.46439558,0.004510575,-0.021105362
Subtract the amount spent on supplies from the total amount of money raised.,0,-0.11417292,0.027710734,-0.53158325,-0.051414784,0.013240547
Total money raised: $125 + $87 = $212,0,-0.04409604,0.04901977,-0.41234127,-0.05314492,0.018504512
Subtract the cost of supplies from the total amount: $212 - $36 = $176,0,-0.10589523,0.03349785,-0.54908115,-0.036919434,0.03781356
The remaining amount is $176,0,-0.07365129,0.105006106,-0.5402278,-0.028372698,0.0018993033
Total amount raised: $125 + $87 = $212,0,-0.05368842,0.030311612,-0.4551355,-0.06656477,0.043052565
Calculate the total amount of money raised by adding the amounts from Friday and Saturday: $125 + $87 = $212,0,-0.112019226,0.004770809,-0.47419778,-0.07264333,-0.007364215
Add the amount of money raised on Friday and Saturday to find the total.,0,-0.16061085,0.042501993,-0.4714141,-0.09678336,-0.04123301
Calculate the total amount: 125 + 87 = 212,0,-0.15689732,0.044300526,-0.5237135,-0.019563869,0.04735277
Subtract the cost of supplies from the total amount to find the remaining money.,0,-0.16551971,0.041374963,-0.55858654,-0.05022402,0.01199601
Calculate the remaining money: 212 - 36 = 176,0,-0.1405603,0.040382516,-0.51595545,-0.053431217,0.01006764
Add the total amount raised from Friday and Saturday.,0,-0.13665403,0.015096262,-0.42043287,-0.07340285,-0.040192172
Subtract the cost of supplies.,0,-0.10261963,0.07009524,-0.45929182,-0.00261807,0.0059751994
Calculate 125 + 87 = 212,0,-0.14570525,0.014786295,-0.40084,-0.009315007,0.0421873
Subtract the amount of money spent on supplies from the total.,0,-0.14599618,0.06478134,-0.5741317,-0.06355545,0.007655963
Calculate 212 - 36 = 176,0,-0.13444166,-0.026435936,-0.39153445,0.009083474,0.023027226
Calculate the total amount of money raised by adding Friday's and Saturday's amounts.,0,-0.15925166,0.040876415,-0.45579785,-0.076258235,-0.023559693
Total amount = 125 + 87 = 212 dollars.,0,-0.06496008,0.08652612,-0.46898016,-0.06171502,0.038816493
Subtract the cost of supplies from the total amount.,0,-0.15089922,0.051896144,-0.5435268,-0.027368136,0.021979433
Remaining money = Total amount - Cost of supplies,0,-0.087686725,0.15263937,-0.52395254,-0.07746722,-0.0067358557
= 212 - 36,0,-0.11741243,-0.016668255,-0.30470118,-0.016784769,0.029386038
= 176 dollars.,0,0.041703686,0.18046814,-0.4152574,0.005437039,-0.02910042
The remaining money is the answer to the problem.,0,-0.094030164,0.12647095,-0.32838422,-0.13915038,0.008356241
Calculate the total number of books initially checked out.,0,-0.27262512,0.016550384,-0.58970827,-0.10487926,-0.055591665
Subtract the number of books returned from the initial total to find the remaining books.,0,-0.25008294,0.03380509,-0.63632154,-0.06006599,-0.03637264
Add the number of books that were never returned (adults and children) to the remaining books.,0,-0.19364794,0.11494408,-0.51683813,-0.11038255,-0.10114292
42 + 31 = 73,0,-0.08503434,0.08264368,-0.3626614,-0.039313056,0.047431037
73 - 9 = 64,0,-0.12361263,0.059578244,-0.27277493,-0.07821746,-0.01281727
64 + 31 = 95,0,-0.066369034,0.032829326,-0.36898288,-0.060461294,0.027477361
Subtract the number of books returned from the initial total.,0,-0.27325457,0.026131924,-0.63275546,-0.07772245,-0.046933554
The result is the number of books that stayed checked out.,0,-0.14202486,0.112497345,-0.43962365,-0.13244429,-0.02982085
The remaining number of books is the answer.,0,-0.25990328,0.14569543,-0.49083602,-0.0566657,-0.05350029
The library initially had 42 + 31 = 73 books checked out.,0,-0.14237681,0.13574119,-0.51677936,-0.074166335,0.019236041
"After returning 9 books, there are 73 - 9 = 64 books left.",0,-0.18159021,0.13607483,-0.49653545,-0.12719734,-0.08019923
Add the number of books for adults and children together.,0,-0.17108858,0.09896793,-0.50565493,-0.021502063,-0.06573144
Subtract the total number of books (adults + children) from the result in step 2.,0,-0.20723294,0.049634572,-0.57902205,-0.0207501,-0.03400965
Total books = 42 (adults) + 31 (children) = 73,0,-0.20435902,0.18618536,-0.6440745,-0.051360838,-0.032844488
Remaining books = 73 - 9 = 64,0,-0.23325863,0.13883212,-0.5273358,-0.09963971,-0.05239427
Total books for adults and children = 42 + 31 = 73,0,-0.17513613,0.2142648,-0.6039156,-0.057509728,-0.037051395
Books stayed checked out = 64,0,-0.06890727,0.14564477,-0.42166162,-0.14359015,-0.04129505
The result will be the number of books that stayed checked out.,0,-0.1970181,0.095626116,-0.4526526,-0.13148761,-0.048537817
Subtract the number of books that were returned from the total.,0,-0.2920371,0.057943933,-0.62340933,-0.08258905,-0.07672757
Add the initial numbers for both adults and children separately.,0,-0.16928583,0.07799728,-0.26755407,-0.03223899,-0.004135103
Subtract the number of returned books from the sum in step 3.,0,-0.26159278,0.05307114,-0.57192785,-0.038256183,-0.07004571
Subtract the number of returned books from the total to find the remaining books.,0,-0.2728411,0.084071994,-0.6424321,-0.07512489,-0.05937623
Add the initial numbers for adults and children separately:,0,-0.16667837,0.100651436,-0.28403282,0.012237847,-0.02346961
a. Adults: 42,0,-0.05897947,0.18135864,-0.18579248,0.10285274,-0.02017892
b. Children: 31,0,-0.26793733,0.13311318,-0.11737188,0.076385655,0.0032411069
"Combine the results from steps 1, 2, and 3:",0,-0.2878517,-0.02474846,-0.2436632,0.027232412,0.053497322
Total books initially checked out = 42 + 31 = 73,0,-0.20022322,0.12211927,-0.58831465,-0.11013599,-0.016386867
Remaining books after return = 73 - 9 = 64,0,-0.21066248,0.06254513,-0.5380194,-0.12377342,-0.058498524
Adult books = 42,0,-0.056639686,0.23352735,-0.3890111,0.031403974,-0.029421985
Children's books = 31,0,-0.16827148,0.16424264,-0.42850915,0.031090997,-0.08242394
Total books initially checked out = Adult books + Children's books = 42 + 31 = 73,0,-0.15932703,0.1766605,-0.5924666,-0.08500099,-0.0219178
Books returned = 9,0,-0.16381164,0.125265,-0.37451497,-0.06302261,-0.12905182
Books that stayed checked out = Total books initially checked out - Books returned = 73 - 9 = 64,0,-0.15310524,0.11604599,-0.5091873,-0.18152478,-0.03994964
Subtract the number of books returned from the total.,0,-0.27470434,0.07968228,-0.6432973,-0.09080599,-0.060323052
The remaining books that are still checked out.,0,-0.19015437,0.23683077,-0.37003666,-0.107547015,-0.047708444
Subtract the number of books returned from the total to find the remaining number of books checked out.,0,-0.22281243,0.06887682,-0.61755216,-0.120714,-0.030629471
Adult books that didn't return: 42 - (9-31) = 42 - (-22) = 42 + 22 = 64,0,-0.16689107,0.17169833,-0.4547469,-0.047349498,-0.06908317
Children books that didn't return: 31 - 9 = 22,0,-0.104675755,0.15376665,-0.38382205,-0.07449033,-0.096534066
Total books that stayed checked out: adult and children books: 64 + 22 = 86,0,-0.117838256,0.20895724,-0.53441054,-0.104213715,-0.06547928
Add up the number of books checked out for adults and children separately.,0,-0.14563447,0.15502934,-0.4943456,-0.07241853,-0.048222706
Find the difference between steps 2 and 3 to determine the final count of borrowed books.,0,-0.32195964,0.022807905,-0.46086225,-0.059825804,0.0031806915
Add up the initial numbers for adults and children separately.,0,-0.17816868,0.10742602,-0.3231967,-0.020622728,-0.025993615
Subtract the return amount once to find the final count for both groups combined.,0,-0.24783495,0.08689873,-0.3899018,-0.060443524,0.0058178836
Subtract the number of returned books from the initial total to find the remaining checked-out books.,0,-0.25098544,0.07461163,-0.6125962,-0.1002737,-0.026457727
Adult books: 42 - 0 = 42,0,-0.10886556,0.22250314,-0.39034763,0.013217718,-0.024042277
Children's books: 31 - 0 = 31,0,-0.17816705,0.11484646,-0.35722992,-0.007392122,-0.050430123
Total remaining checked-out books: 42 + 31 = 73,0,-0.19598277,0.16619708,-0.585726,-0.14251304,-0.010718645
Start with the total number of books initially checked out.,0,-0.27885994,0.06978657,-0.47890756,-0.056744114,-0.076366745
Calculate the initial total by adding the adult and children books.,0,-0.21085173,-0.0047259917,-0.57721967,-0.026751582,-0.018483572
Total = Adult + Children,0,-0.09197527,0.237576,-0.40343368,-0.04462641,0.036158465
Total = 42 + 31 = 73,0,-0.17233972,0.12963511,-0.4652247,-0.08919576,0.037010454
Subtract the number of returned books from the initial total.,0,-0.28193665,0.0443121,-0.6169324,-0.07517802,-0.06907618
Remaining books = Initial total - Returned books,0,-0.21932638,0.08372327,-0.5101331,-0.071095616,-0.060770825
We know that all glims are bloops.,4,0.051415555,0.43790498,0.12785804,0.3232694,0.080926605
Some bloops are razs.,4,-0.022912053,0.4176969,0.1408993,0.23563614,0.057146836
"From steps 1 and 2, we can infer that at least one bloop is a raz (since some bloops are razs).",4,-0.19614251,0.35512343,0.13902432,0.16445176,0.1414486
"However, we cannot conclude that all glims are razs, because the statement ""some bloops are razs"" does not imply that every gloom is a raz.",4,-0.029765846,0.5275949,0.19797769,0.20654953,0.06383887
"Therefore, we cannot conclude that some glims are razs.",4,-0.04193114,0.5294784,0.18882433,0.17462708,0.1380905
We know that all glims are bloops (given).,4,0.014693841,0.45111555,0.10251154,0.333739,0.105935745
Some bloops are razs (given).,4,-0.09695225,0.42971513,0.11418587,0.22265059,0.10943102
"From steps 1 and 2, we have a subset of bloops that are also razs.",4,-0.17376526,0.41462344,0.11709719,0.21427254,0.1648484
"Since all glims are bloops, the set of glims is a superset of the set of bloops that are razs.",4,-0.054471135,0.4768009,0.13899499,0.28147137,0.14522019
"Therefore, some glims must be in the set of bloops that are razs.",4,-0.042855226,0.4950452,0.16920742,0.27731153,0.17516895
"From steps 1 and 2, we can infer that at least one bloop is a raz (since there are bloops that are razs).",4,-0.20461726,0.35420936,0.13262698,0.15932414,0.14983478
"Since all glims are bloops, the bloops in step 3 must also be glims.",4,-0.09592963,0.38984013,0.09441039,0.29322162,0.14898656
"Therefore, some glims are razs.",4,-0.020267624,0.50082475,0.1787192,0.25347584,0.08449633
"From steps 1 and 2, we can infer that at least one bloop is a razz (since some bloops are razs).",4,-0.13870756,0.29933795,0.11752939,0.15182388,0.19009185
"Since all glims are bloops (from step 1), it follows that at least one glim is also a bloop.",4,-0.05879696,0.4387895,0.09615771,0.28386882,0.16747516
"Combining steps 3 and 4, we can conclude that at least one glim is a razz.",4,-0.10146133,0.3306999,0.0699262,0.18802348,0.22940508
"However, this does not necessarily mean that some glims are razs.",4,-0.010457431,0.5139594,0.1847925,0.20477594,0.073328264
We cannot conclude that all glims are razs or even most glims are razs.,4,-0.066810675,0.5641786,0.18762548,0.16144016,0.12583596
"The only thing we can be certain of is that at least one raz is a gloom (since it's a bloop), but we don't know if any other glims are razs.",4,-0.046461113,0.51427007,0.19928704,0.21575648,0.06238558
We know that all glims are bloops (G).,4,0.030735621,0.45798835,0.12985025,0.32067037,0.10640994
Some bloops are razs (B).,4,-0.09390863,0.40650475,0.14333934,0.22485039,0.117832616
"If B is true, then there must be at least one bloop that is a ras.",4,-0.18760794,0.27275887,0.1694949,0.08409062,0.15740223
"Since all glims are bloops (G), if we have at least one bloop that is also a ras, then some glims are razs.",4,-0.015218972,0.49134198,0.16095269,0.24890988,0.12622434
We know that all glims are bloops (All A implies All B).,4,-0.052855864,0.4390289,0.16500431,0.29520255,0.1539501
We also know that some bloops are razs (Some B implies Some C).,4,-0.1181262,0.38647437,0.18076037,0.18602489,0.1678656
"From step 1 and step 2, we can conclude that some glims are razs (Some A implies Some C).",4,-0.15192325,0.39234015,0.1644258,0.24359341,0.18052381
"We know that all glims are bloops (let's call this rule ""A → B"").",4,-0.052261803,0.3937296,0.10824424,0.3161353,0.12806754
"Some bloops are razs (let's call this rule ""B → C"").",4,-0.17322291,0.2972454,0.12271303,0.1989195,0.15784219
"However, these two rules do not imply a direct relationship between glims and razs.",4,-0.1153393,0.44704756,0.18335073,0.16397876,0.14897023
"There could be other types of entities that are also bloops but not razs (e.g., ""D"").",4,-0.07974181,0.4185561,0.21121481,0.12602738,0.15469052
We cannot conclude that some glims are razs based on the given information alone.,4,-0.11605986,0.49150246,0.1451,0.08923649,0.18206526
All glims are bloops (given statement),4,-0.021496091,0.45086694,0.09278021,0.29198158,0.1504455
Some bloops are razs (given statement),4,-0.13637935,0.38961264,0.117712036,0.17496449,0.13376378
"Since all glims are bloops, and some bloops are razs, it logically follows that at least some of the glims must be razs.",4,-0.042723004,0.55454135,0.21025923,0.27309343,0.15278634
There is no information to suggest that all bloops are razs; only that some of them are.,4,-0.088727705,0.48835576,0.16053964,0.18241188,0.1166253
"Therefore, we can conclude that some glims are razs.",4,-0.063231505,0.50732625,0.19165705,0.23152794,0.098770455
"Let's consider an example of a bloop: if it is also a glim, then according to step 1, it must be a raz (since some bloops are razs).",4,-0.09957763,0.3937492,0.17318524,0.292352,0.17831182
"However, we cannot conclude that all glims are razs based on this reasoning alone.",4,-0.05884773,0.52216494,0.20877972,0.1404342,0.1848779
We can only conclude that there exists at least one raz that is also a glim.,4,-0.08903408,0.502283,0.15939565,0.15357411,0.12867299
We know that all glims are bloops (if G is a subset of B).,4,-0.050911743,0.44635445,0.12861642,0.30215588,0.15228288
We also know that some bloops are razs (there exists an element x in B such that x = r).,4,-0.10022036,0.38360763,0.1863363,0.17236072,0.185646
"Combining steps 1 and 2, we can conclude that at least one bloop (in this case, r) is also a ras (since there exists an element that belongs to both sets).",4,-0.13747106,0.28719348,0.103835255,0.059735294,0.1403003
Understand the given statements:,1,-0.15706682,0.046479583,-0.045988295,0.08809597,0.07637113
- All glims are bloops (GLIMS → BLOOPS),4,-0.030825516,0.46649733,0.12385663,0.30180722,0.12623583
- Some bloops are razs (BLOOPS → RAZS),4,-0.1158627,0.42892212,0.15686569,0.18933077,0.11766753
Identify the type of reasoning:,1,-0.15670991,0.02632564,-0.0012692524,-0.060068432,0.088980146
"This is an application of a syllogism, specifically the affirmative conclusion.",4,-0.18529987,0.13457239,0.09203946,0.013603386,0.11623067
Determine if we can conclude that some glims are razs:,4,-0.13127254,0.4355076,0.12821217,0.1892126,0.15734296
"The first statement only guarantees that every glam is also a bloom, but does not imply any relationship between blooms and razs.",4,-0.08905512,0.34214365,0.17757466,0.058338083,0.05208288
"Since there is no direct connection stated between glims and razs (only between glims and bloops), we cannot deduce that some glims are razs.",4,-0.06416732,0.53364384,0.21118382,0.23340315,0.1506605
All glims are bloops,4,0.03750498,0.4675892,0.10693001,0.29914993,0.09288479
Some bloops are razs (this is a specific instance of the general statement in step 1),4,-0.14391766,0.3858942,0.13916036,0.20804009,0.17221309
"Since all glims are bloops and this particular bloop is also a raz, it implies that any other glim would also be classified as a bloop.",4,-0.05037023,0.48946625,0.16612162,0.27637595,0.16476193
"However, since some bloops are specifically razs, we cannot conclude that every bloop (including those that are not razs) is a raz.",4,-0.13384299,0.48059005,0.19666706,0.1550409,0.16766089
"But, if all glims are indeed bloops and some bloops are razs, then it logically follows that at least some of the glims would also be classified as razs.",4,-0.080963515,0.553301,0.18883452,0.25130147,0.13327928
All glims are bloops.,4,0.040621653,0.46319944,0.11404971,0.30686074,0.09005388
"From steps 1 and 2, we know that if x is a glim (from step 1), then x is a bloop (by definition of all glims being bloops).",4,-0.111771286,0.3507881,0.10185836,0.29175115,0.16734351
"If x is a bloop (step 3) and some bloops are razs (step 2), then x must be a razz.",4,-0.20230024,0.30145058,0.12386423,0.15278545,0.2231363
"However, the conclusion that ""some glims are razs"" does not follow from steps 1-4 because we cannot directly infer that any specific glim must be a razz.",4,-0.11933208,0.45326385,0.15889654,0.1575937,0.22336501
"Given that all glims are bloops (glim → blop), this means every glim has the property of being a bloop.",4,-0.0003982649,0.4607119,0.15738882,0.2881014,0.15435646
"Also given that some bloops are razs (blop → raz), since it's true for at least one bloop, it implies that having the property of being a raz is compatible with having the property of being a bloop.",4,-0.10707859,0.45877323,0.23997404,0.16859065,0.16036737
"Since every glim has the property of being a bloop, and having the property of being a raz is also compatible with having the property of being a bloop, we can conclude that some glims must have the property of being razs.",4,-0.041033182,0.5062443,0.22949353,0.25925115,0.16600163
Given that no kets are lums.,4,0.016751792,0.514135,0.15820134,0.14962947,0.20325261
Given that all lums are nops.,4,-0.07382079,0.5064544,0.1791269,0.08895811,0.13475451
"Since all lums are nops (step 2), and no kets are lums (step 1), it follows that no kets are nops.",4,-0.05728454,0.48678988,0.1704522,0.11341807,0.22053824
"Therefore, the relationship between kets and nops is that kets are not nops.",4,-0.081946924,0.33048078,0.10084556,0.062221725,0.18471381
If no kets are lums.,4,0.006086949,0.5223602,0.13602076,0.16814682,0.1653542
All lums are nops.,4,-0.03217906,0.5244192,0.19109029,0.07602909,0.10635507
"Since all lums are nops, and no kets are lums, it logically follows that no kets can be nops.",4,-0.024065616,0.53944916,0.21272597,0.090285376,0.22928916
"From statement 2, we can conclude that any entity that is a lum must also be a nop.",4,-0.12875189,0.44109273,0.29844826,0.087997556,0.14389712
"Since no kets are lums (statement 1), and lums are nops (statement 2), it follows that no kets are nops.",4,-0.0993235,0.4878356,0.17221507,0.11352971,0.21853021
If all lums are nops.,4,-0.06423647,0.50895953,0.18594618,0.07238279,0.123969845
No kets are lums (by assumption).,4,0.0105413,0.52269125,0.19077703,0.12498893,0.19982356
"Since all lums are nops, and no kets are lums, it follows that no kets can be nops.",4,-0.023046635,0.5302779,0.19400677,0.08071884,0.2218415
"Therefore, the relationship between kets and nops is that kets cannot be nops.",4,-0.0792401,0.34569737,0.12011612,0.057441697,0.19887161
Since there are no kets that are lums (by hypothesis).,4,0.04050961,0.4881993,0.17714271,0.12048814,0.24293292
"Therefore, if all lums are nops, then there can be no kets that are nops.",4,-0.052501608,0.5321102,0.19800521,0.09828026,0.22062464
"Since all lums are nops (by step 2), and no kets are lums (by step 1), it can be inferred that no kets are nops.",4,-0.078578606,0.5016138,0.18353444,0.0648021,0.21531814
We know that if no kets are lums.,4,0.017945327,0.49700013,0.16713971,0.16013056,0.16610959
"Since all lums are nops (by step 2), and no kets are lums (by step 1), we can conclude that all kets must be nops.",4,-0.12719525,0.49864474,0.20292196,0.09760964,0.21835469
"Since all lums are nops, and no kets are lums, it means that no kets can be nops (because if a ket were a nop, it would also have to be a lum).",4,0.0010760544,0.4902921,0.19167864,0.084521,0.19096008
"Therefore, the only possibility is that kets are nops.",4,-0.038244188,0.42921415,0.119286016,0.051966794,0.19848634
"By transitive property of equality, if all lums are nops, then any ket (being a sub-class or subset) must also be a nop.",4,-0.07611994,0.444773,0.21687426,0.16726336,0.1513372
"Therefore, all kets are nops.",4,-0.04906548,0.43129823,0.0885778,0.08456892,0.17216575
"If no kets are lums, then kets do not have a subset that is also a lum.",4,-0.010824473,0.52334315,0.19971499,0.084433295,0.1991153
All lums being nops means that every element in the set of lums belongs to the set of nops.,4,-0.08827051,0.46512514,0.21629483,0.1301131,0.16374764
"Since kets do not have a subset that is also a lum, and all lums are nops, it follows that kets cannot be a subset of any other set that would make it an element of nops.",4,-0.008116392,0.52461225,0.24396506,0.081313126,0.19823039
"If no kets are lums, then there is a subset of lums that are not kets.",4,-0.031636644,0.54722714,0.18066949,0.07359812,0.21756816
All lums being nops means that all lums are subsets of nops.,4,-0.07214966,0.50621957,0.20828998,0.0727968,0.15368408
"Since some lums (from step 1) are not kets, and all lums are nops, then these same lums must also be nops.",4,-0.05538292,0.44170484,0.20186253,0.07146358,0.2065934
"Therefore, the relationship between kets and nops is that any non-ket is a non-op.",4,-0.07410358,0.38694683,0.1255784,0.08308976,0.18304232
"Since no kets are lums, it implies that all things that cannot be classified as lums (or have been directly stated to be lums) must be classified as something else.",4,0.010992275,0.5389953,0.2143616,0.08389657,0.22903687
"Given that all lums are nops, we can conclude that anything that is not a lum must also be an nop.",4,-0.11865197,0.5079319,0.27496177,0.06953867,0.18184538
"Since all lums are nops (step 2), and no kets are lums (step 1), we can conclude that no kets are nops.",4,-0.104471125,0.49427918,0.18674506,0.101571776,0.22206418
"Given that there is a relationship (kets → lums) and another (lums → nops), we can conclude that these two relationships must be part of the same chain or set.",4,-0.15548322,0.40520313,0.19996075,0.08309348,0.23540069
"If all lums are nops, then the lums must only include values that are also nops.",4,-0.0942294,0.47560418,0.14044422,0.022870772,0.18451102
"Since kets → lums, and all lums are nops, it means kets → nops as well.",4,-0.051914435,0.43569732,0.13140078,0.12763056,0.15678206
"Therefore, we can conclude that if no kets are lums, then all kets are nops.",4,-0.06642246,0.52284145,0.2141709,0.11794958,0.2099008
Given that all tars are mivs.,4,-0.041747876,0.46958828,0.17172912,0.06954281,0.084855504
Given that no mivs are pels.,4,-0.13241541,0.5135591,0.19317786,-0.0031496743,0.05066058
"Since all tars are mivs (step 1), and no mivs are pels (step 2), it logically follows that there cannot be any tars that are also pels, as they would both be classified under the same category (miv) which is excluded by the second statement.",4,-0.085507765,0.5004934,0.21753559,0.012717639,0.20060092
"Therefore, based on these logical deductions, we can conclude that no tar can be a pel.",4,-0.03768642,0.38384593,0.1636484,0.0021889962,0.16355054
"Since all tars are mivs (step 1), and no mivs are pels (step 2), it can be concluded that there are no tars that are also pels.",4,-0.09496381,0.48931074,0.17590354,0.017651323,0.17067981
"Therefore, based on the given statements, any tar cannot be a pel because they do not overlap in terms of classification.",4,-0.09191869,0.3927874,0.17097463,-0.00029244684,0.19434373
"Since all tars are mivs (step 1), and no mivs are pels (step 2), it logically follows that no tars can be pels.",4,-0.04070821,0.50563526,0.22286429,0.026512183,0.18419167
"Since all tars are mivs (step 1), and no mivs are pels (step 2), it logically follows that there can be no tars that are pels, as they would contradict the given statements.",4,-0.0631416,0.48936182,0.21900399,0.018806085,0.1874282
No mivs are pels.,4,-0.10245346,0.5206942,0.19946684,0.024034832,0.027186828
"Since all tars are mivs (step 1), it follows that no tars can be pels, as they are a subset of mivs.",4,-0.02695006,0.52988946,0.21178645,0.031419035,0.17346166
"Therefore, based on the given information, any tar cannot be a pel because tars and pels are mutually exclusive categories.",4,-0.054903846,0.39329323,0.14033814,-0.014156366,0.23261712
We are given that all tars are mivs.,4,-0.053269982,0.48386568,0.23098326,0.061831772,0.06130662
We are also given that no mivs are pels.,4,-0.11462673,0.5053556,0.23449133,-0.027479494,0.0608302
We know that if all tars are mivs.,4,-0.024275659,0.47303435,0.22881165,0.058545437,0.07574178
We also know that no mivs are pels.,4,-0.090272576,0.49836996,0.2141203,-0.0059603914,0.05003773
"Since there is no overlap between mivs and pels (i.e., no element can belong to both sets), we can conclude that no tar can be a pel because it would violate the condition of ""no mivs are pels"".",4,-0.035117574,0.51591784,0.24860059,-0.0072345915,0.18735763
"Therefore, based on these two premises, we cannot determine if any tar can be a pel.",4,-0.03396518,0.38293976,0.15836982,-0.025772031,0.19637963
"By transitive property (if A is B and B is C, then A is C), since all tars are mivs and no mivs are pels, it can be inferred that all tars are not pels.",4,-0.16826579,0.39857376,0.25006378,0.02667219,0.18317343
"Therefore, there cannot exist any tar that is a pel.",4,0.06608512,0.3897374,0.13732006,-0.005681129,0.15450947
Start with the given statements.,1,-0.19947965,0.0063212356,0.0041135172,0.046260357,0.08792557
All tars are mivs (T).,4,-0.022668209,0.46827543,0.21225943,0.024919817,0.13958338
No mivs are pels (M).,4,-0.12266202,0.54132944,0.20047651,0.021188892,0.04417005
"Combine T and M: If all tars are mivs, then no mivs can be pels (T ∩ M).",4,-0.13080814,0.46712166,0.16605492,0.03931243,0.19373904
Analyze the conclusion: Can any tar be a pel?,4,-0.008322006,0.3241084,0.07613616,0.009209322,0.14942198
"Since there is no instance of a tar being a pel according to T ∩ M, we conclude that no tar can be a pel.",4,-0.0105059855,0.38678178,0.13968073,0.017672261,0.1611629
"From steps 1 and 2, we can conclude that there is no intersection between the sets of tars (T) and mivs (M), i.e., T ∩ M = ∅.",4,-0.104327254,0.36250997,0.18870853,0.050565,0.1600124
"Since a tar cannot be both in T and not in M at the same time, it must be exclusively in either T or M.",4,-0.08397403,0.26091635,0.122094624,-0.027565772,0.20493582
"Because all tars are mivs (step 1), any tar can only be in set M.",4,-0.0045478684,0.4201686,0.16311492,0.0077488674,0.18411136
"Therefore, there is no possible scenario where a tar can be a pel because being a pel would require an element to be outside of set M.",4,0.034099538,0.37136418,0.15590945,0.016403245,0.1719762
"Since no mivs are pels, it means there are no pels among the mivs.",4,-0.104092464,0.50557643,0.17584373,-0.025179528,0.08049589
"Because all tars are mivs (from step 1), and there are no pels among the mivs (from step 2), we can conclude that none of the tars are pels.",4,-0.030061606,0.47895,0.2130892,-0.0027430237,0.17855093
"From steps 1 and 2, we can conclude that no tars (including those potentially being pels) are pels.",4,-0.05701203,0.4069926,0.106848426,0.016018739,0.17369567
"Since there is a logical distinction between tars and pels based on step 3, it cannot be true that any tar be a pel.",4,-0.07547355,0.39989695,0.16110706,-0.0010802718,0.18735534
"Since all tars are mivs (step 1) and no mivs are pels (step 2), it follows logically that none of the tars can be pels.",4,-0.068735816,0.50363374,0.21431488,0.022727126,0.18656684
All tars are mivs,4,-0.016475804,0.4784269,0.19505033,0.05785527,0.09048932
No mivs are pels,4,-0.10166834,0.5266548,0.19381084,0.014455785,0.032780018
"From steps 1 and 2, we know that all tars are not pels (since tars are not mivs)",4,-0.08262685,0.46041596,0.18143088,0.034123216,0.1518999
"Therefore, since no mivs are pels, there can be no tars that are pels.",4,-0.05365522,0.5418269,0.22809957,0.00875594,0.12673675
"Given that all tars are mivs, we know that every tar is classified as a member of the set MIV.",4,-0.10949003,0.4812699,0.20963024,0.061126053,0.12839077
No mivs are pels means that there is no overlap between the sets MIV and PEL.,4,-0.14658535,0.47746494,0.22756836,-0.016004823,0.15728173
"Since all tars are mivs (from step 1), it follows logically that there cannot be any tar that is not already included in the set MIV, which means that there can be no pel that is also a tar.",4,-0.055481724,0.48629078,0.18222365,-0.010676362,0.16292547
"Therefore, based on these logical connections, we conclude that no tar can be a pel.",4,-0.02458484,0.38519588,0.15354428,0.0039688647,0.1784778
We know that if some rens are fads.,4,-0.11841488,0.32668993,0.12721606,0.1198127,-0.1045306
All fads are jops.,4,-0.036545437,0.43758968,0.13240835,0.1457269,-0.022195362
"Since all fads are jops, any rens that are fads must also be jops (by transitive property).",4,-0.12038764,0.48554397,0.1640156,0.14362356,-0.01913609
"Therefore, we can conclude that some rens are jops.",4,-0.10432367,0.42068478,0.19347598,0.10774578,0.0033590347
We know that all fads are jops.,4,-0.03818409,0.4272503,0.12891224,0.15441245,-0.0390803
Some rens are fads.,4,-0.099513635,0.3502186,0.1108101,0.12222455,-0.11686841
"From steps 1 and 2, we can conclude that some rens are also jops.",4,-0.17827158,0.3782272,0.14916185,0.10245821,0.037928585
"From steps 1 and 2, we can conclude that if some rens are fads, then they must be jops.",4,-0.19856644,0.4140822,0.15675189,0.15107815,-0.04926452
"Since all fads are jops, then any rens that are fads must also be jops (by transitive property).",4,-0.11934934,0.49105167,0.16558494,0.140354,-0.016333336
"Since all fads are jops, any subset of fads (including ""some rens"") must also be jops.",4,-0.09194,0.51548445,0.110289484,0.10648471,-0.021141663
"Since some rens are fads (from 1), they must be jops (by the definition of ""fads"" being a subset of ""jops"").",4,-0.10123447,0.4563184,0.13044602,0.09416025,-0.038156174
We know that all jops are fads.,4,-0.046587586,0.41256103,0.11625817,0.12917034,-0.0442263
"Since some rens are fads (given), and all fads are jops (from 1), then some rens must be jops.",4,-0.16346747,0.46189335,0.10157491,0.08835487,-0.027438816
"Since all fads are jops, it must be true that some rens are also jops (by transitive property).",4,-0.090565674,0.46197823,0.17780182,0.15458518,-0.032693554
"Since some rens are fads (given), and all fads are jops, it follows that some rens are also jops.",4,-0.09413164,0.457076,0.12873754,0.12767914,-0.034152888
We know that some rens are fads.,4,-0.107325524,0.31594428,0.11663368,0.12075167,-0.11635937
"Since all fads are jops, the rens that are fads must also be jops (by universal instantiation).",4,-0.10510524,0.45469448,0.17801541,0.15497255,-0.0056701847
"Therefore, some rens are jops.",4,-0.05752015,0.42415723,0.16005148,0.14268826,-0.025446193
"Recognize that ""fads"" is a subset of ""jops"".",4,-0.034802105,0.43525097,0.07118208,0.114922516,-0.012891487
"Since all fads are jops, the relationship between rens and jops implies that if something is a fad, it must also be a job.",4,-0.06861968,0.40149173,0.14973673,0.06320055,-0.013599207
"Given that ""some rens"" can be considered as a subset of ""fads"", then some rens must also be considered as a subset of ""jops"".",4,-0.090788625,0.4760579,0.14262739,0.10557701,-0.0084319
"Therefore, we can conclude that all some rens are jobs.",4,-0.10988683,0.3489226,0.117620274,0.0056776353,0.04837247
"From steps 1 and 2, we can infer that some rens are also jops.",4,-0.17511483,0.34635365,0.14481607,0.101845115,0.03277069
We also know that all fads are jops.,4,-0.03503906,0.4328142,0.13569427,0.13014361,-0.012378805
"Since all fads are jops, any rens that are fads must be jops (by universal instantiation).",4,-0.11678466,0.46464634,0.18278055,0.15427484,-0.015384815
"We know that if ""some rens"" are fads.",4,-0.1001945,0.3735304,0.11273252,0.114932604,-0.09652473
All fads are jumps.,4,-0.0857729,0.2860002,0.14619587,0.102341115,-0.085054025
"By the transitive property of identity (if A is B, then B is C), since all fads are jumps and some rens are fads, we can conclude that some rens are jumps.",4,-0.23912413,0.18227363,0.14153296,0.09281906,-0.022655925
"Determine who arrived last: Since Joon arrived after Sora, and Mina arrived before Joon, Mina must have arrived after Sora.",1,-0.28056255,-0.092567466,0.20422286,-0.019791944,-0.3953251
"Identify the person who arrived first: Based on step 1, Sora is the only one left to arrive first.",1,-0.29307675,-0.061852247,0.12916021,0.06716984,-0.28605774
"Identify the relationships between the individuals: Mina arrived before Joon, and Joon arrived after Sora.",1,-0.17184445,-0.07672341,0.2551626,0.052958045,-0.46754506
Determine the order of arrival for each individual based on the given relationships:,1,-0.39808872,-0.14894643,-0.07446917,0.01906663,-0.21789311
- Mina arrived before Joon,1,-0.096018754,-0.0328451,0.26928014,-0.006671028,-0.40748033
- Joon arrived after Sora,1,-0.11527454,-0.02205792,0.20573978,0.026080903,-0.41933534
Combine the information to determine who arrived first:,1,-0.40337202,-0.18449426,-0.022375226,0.037231892,-0.15848124
"Since Mina arrived before Joon, and Joon arrived after Sora, it can be inferred that Mina also arrived before Sora.",1,-0.19881247,-0.06384298,0.29821196,-0.0019134481,-0.43438715
"Conclusion: Based on the given relationships, Sora arrived first.",1,-0.2341303,-0.05833917,0.16216746,0.07126499,-0.2945849
Determine the order of arrival for each person.,1,-0.40628693,-0.1367104,-0.08669232,0.059943937,-0.24322729
Compare the orders to find who arrived first.,1,-0.35522625,-0.08161956,0.011781899,0.051584434,-0.1607728
"Since Mina arrived before Joon, and Joon arrived after Sora, it means that Mina arrived before Sora.",1,-0.11545744,-0.07446563,0.2847931,0.0068605836,-0.42779315
Determine who arrived last to find out who arrived first.,1,-0.35875088,-0.17878169,-0.03703133,0.06216221,-0.17838302
"Since Joon arrived after Sora, Sora is the one who arrived last.",1,-0.15348178,0.0049129454,0.18224719,0.020076621,-0.40152007
The person who arrived first is the one who arrived before Sora.,1,-0.21701998,-0.07778097,0.19402418,0.13469489,-0.34408638
"Determine who arrived last: Since Joon arrived after Sora, Sora is the one who arrived last.",1,-0.23251568,-0.054352112,0.15066938,0.015412239,-0.37703183
"Determine who arrived first: Since Mina arrived before Joon and Joon arrived last (Sora), Mina must have arrived first.",1,-0.2792889,-0.11325319,0.25158364,-0.011343902,-0.40646157
"Determine who arrived before whom (Mina and Joon, Joon and Sora).",1,-0.30360165,-0.05559066,0.19520265,0.039784275,-0.44030344
"Since Joon arrived after Sora, it means Sora arrived before Joon.",1,-0.105695434,-0.048698366,0.21869665,0.031751994,-0.36764112
"Given that Mina arrived before Joon, and we know Sora also arrived before Joon, then Sora must have arrived before Mina as well.",1,-0.1918082,-0.07019252,0.30409,-0.006932995,-0.41599938
"Therefore, the order of arrival is: Sora, Mina, Joon.",1,-0.29970458,0.015400515,0.20762956,0.032862425,-0.4300084
"Identify the individuals mentioned: Mina, Joon, and Sora.",4,-0.1616377,0.16010195,0.19768678,0.035615847,-0.39214087
Establish the order of arrival for each individual based on the given statements:,1,-0.43108264,-0.14683889,-0.022232048,0.04429942,-0.1786657
Combine the information to determine the overall order of arrival:,1,-0.41172627,-0.14286703,-0.091150984,-0.052497666,-0.153567
"- Since Mina arrived before Joon, and Joon arrived after Sora, it can be concluded that Sora arrived first.",1,-0.23402625,-0.0824335,0.27809295,0.02136629,-0.4291161
"Determine who arrived first among Mina, Joon, or Sora:",1,-0.27542874,-0.023008337,0.20777912,0.04172679,-0.4699166
- The statement about Mina arriving before Joon does not affect the overall order of arrival since Sora arrived before both Mina and Joon.,1,-0.20544767,-0.035485692,0.2631219,-0.06157972,-0.32899025
Conclude based on the established order:,1,-0.2854245,-0.041788884,0.041324664,0.006121712,-0.032545898
- Sora is the only one whose arrival time can be directly compared to others in this scenario.,1,-0.22866115,0.087937765,0.18230121,-0.093594946,-0.18954188
"Identify the information given: Mina arrived before Joon, and Joon arrived after Sora.",1,-0.24395819,-0.08507501,0.17259869,0.01690351,-0.45391342
"Determine the order of arrival for each person: Mina -> Joon, and Joon -> Sora",1,-0.3742012,-0.040082484,0.10477126,0.027944082,-0.4183345
Combine the two orders to find the overall order: Mina -> Sora -> Joon,1,-0.34384897,0.031503875,0.030261947,0.0013544433,-0.3234721
Identify who arrived first based on the combined order: Mina,1,-0.3318076,-0.06527702,0.12526636,0.0651518,-0.2959845
"Since Mina arrived before Joon, and Joon arrived after Sora, we can conclude that:",1,-0.14145587,0.03955897,0.25954124,-0.023888437,-0.41469932
Sora arrived first.,1,-0.1984398,-0.08511361,0.18654351,0.0673313,-0.32603598
Identify the order of arrival for each person.,1,-0.40249765,-0.13977517,-0.045159236,0.07773811,-0.24593739
Determine that Mina arrived before Joon (Mina > Joon).,1,-0.22412656,-0.055734914,0.19842318,0.008814552,-0.35492167
Determine that Joon arrived after Sora (Joon < Sora).,1,-0.26830944,-0.09354401,0.1200281,0.012360486,-0.35843405
Use transitivity to conclude that Sora arrived before Mina (Sora > Mina).,1,-0.24833825,-0.048356127,0.27622297,0.016119601,-0.36290666
"Since Sora arrived before Mina and Mina arrived before Joon, we can conclude that Sora arrived before Joon as well.",1,-0.23785745,-0.063778475,0.28884482,0.0110774515,-0.40543556
"Therefore, the order of arrival is: Sora < Mina < Joon.",1,-0.30112818,-0.015269643,0.1994249,0.032836776,-0.4174266
Identify the relationships between individuals:,1,-0.16233078,0.012884591,-0.007774425,0.043835904,-0.09643987
- Mina arrived before Joon.,1,-0.092533834,-0.039168004,0.27722403,0.003643113,-0.39530227
- Joon arrived after Sora.,1,-0.11428547,-0.02510398,0.21360305,0.031851716,-0.41104066
Analyze each relationship to determine order:,1,-0.36794063,-0.081402615,-0.07871736,0.017979749,-0.0783859
- Mina's arrival before Joon is an earlier occurrence.,1,-0.18236496,-0.050136052,0.29063848,-0.051901326,-0.34470302
- Joon's arrival after Sora means Sora must have arrived before or at the same time as Joon.,1,-0.19405563,-0.07650966,0.213917,-0.013086801,-0.365239
Determine if there is any overlap in the relationships:,1,-0.27021348,0.0845692,-0.012174403,-0.03291,0.03797426
"- The only relationship that doesn't provide a fixed order for all individuals is Sora and Joon, but Mina arrives before both of them.",1,-0.25653893,0.064294815,0.24968955,0.00011655454,-0.3483566
Conclude based on the available information:,0,-0.2057317,0.008843397,-0.10480145,-0.06771597,0.076213084
"- Since Mina arrived before both Sora and Joon, and we do not know if Sora and Joon have any specific timing relative to each other (beyond that Joon arrived after Sora), we can conclude that Mina is the first person to arrive.",1,-0.2593615,-0.1133308,0.28967768,0.033094127,-0.42288908
"Identify the relationships given: Mina arrived before Joon, and Joon arrived after Sora.",1,-0.2099003,-0.06869966,0.2464495,0.044095743,-0.43470374
Determine the order of arrival based on the given relationships:,1,-0.42230007,-0.17276019,-0.073487855,-0.0041116746,-0.1891601
"- Since Mina arrived before Joon, and",1,-0.11086217,0.031738114,0.2324795,0.013067912,-0.37199745
"- Joon arrived after Sora,",1,-0.120529756,-0.030707477,0.21131997,0.03142971,-0.41602945
Combine these to determine overall order: Sora arrived before both Mina and Joon.,1,-0.31205922,-0.03506809,0.19131541,9.1704005e-06,-0.4306556
Conclude: Sora arrived first.,1,-0.23431425,-0.0630523,0.2046907,0.061470933,-0.29142278
"Establish the order of arrival: Mina arrived before Joon, and Joon arrived after Sora.",1,-0.24933432,-0.119692415,0.25509918,0.019350577,-0.4668898
Identify who is in the middle position: Joon is in the middle position between Mina and Sora.,1,-0.21511674,0.048173785,0.22539578,0.007403934,-0.29603356
"Determine who arrived first based on their relative positions: Since Mina arrived before Joon, and Joon arrived after Sora, Mina must have arrived first.",1,-0.34123415,-0.11354275,0.21802339,-0.0043584635,-0.37282148
Compare Mina's and Joon's arrivals.,1,-0.1133793,0.063949004,0.13918033,-0.023202622,-0.33271247
Find out who arrived between Mina and Joon (Joon).,1,-0.2104395,-0.024103051,0.16644679,0.01503635,-0.37502617
"Since Joon's arrival is not before either Mina or Sora, compare Mina's arrival to Sora's.",1,-0.19794342,-0.008269505,0.26211315,-0.027113112,-0.41194808
"Mina arrived before Joon, and Joon arrived after Sora.",1,-0.1582472,-0.09687336,0.2712427,0.019616801,-0.47188562
"Therefore, Sora arrived first.",1,-0.20423533,-0.06815973,0.21920681,0.08609534,-0.30486974
Start with the given statements:,1,-0.20054018,-0.010146726,-0.030431278,0.04484727,0.07374947
Determine the order of arrival using the given statements:,1,-0.41340125,-0.16093527,-0.06430358,0.013331057,-0.1476603
"- Since Mina arrived before Joon and Joon arrived after Sora, it can be concluded that Mina arrived before Sora.",1,-0.20585,-0.08007719,0.2702706,-0.010589473,-0.44253373
Compare the arrival times to find who arrived first:,1,-0.29318756,-0.15345845,0.027356463,0.038373772,-0.19826613
- Mina is before Sora in the order of arrival.,1,-0.23506062,0.019056749,0.25323048,0.0010649492,-0.41193524
"Identify the given events: A, B, and C.",1,-0.5280385,-0.323983,0.013718406,0.054701954,0.11424401
Determine the order of the events based on the given information:,1,-0.58524734,-0.32841444,0.0069596665,0.02029976,0.013898832
- Event A happens before Event B,1,-0.4998497,-0.37370154,0.22495149,0.03713737,0.08329757
- Event B happens before Event C,1,-0.5025645,-0.36641523,0.21742104,0.02116077,0.1291031
"Since Event A happens before Event B, and Event B happens before Event C, we can conclude that Event A happens first, followed by Event B, and then Event C.",1,-0.57855994,-0.4043522,0.24619378,0.06786194,0.14092186
"Therefore, Event C is the last event to happen.",1,-0.4667514,-0.3107892,0.10996405,0.011952035,0.18498705
Identify the sequence of events: A -> B -> C,1,-0.49220073,-0.29802278,0.08463302,0.051863667,0.115362145
Determine the relationship between each pair of consecutive events:,1,-0.4369256,-0.22309308,9.3543335e-05,-0.009480874,-0.00026524533
- A happens before B (A -> B),1,-0.35409296,-0.121575154,0.106798135,0.07533027,0.07740749
- B happens before C (B -> C),1,-0.34511375,-0.14520355,0.06968086,0.030230056,0.10457567
"Since both A and B happen before C, but we don't know which one happens first, we can conclude that either A or B could be last.",1,-0.41135845,-0.18740486,0.12212062,0.007993889,0.16932969
"However, since the problem states ""Event A happened before Event B"", it implies that A is not last.",1,-0.49817944,-0.2924433,0.16675824,-0.06497229,0.16352654
"Therefore, Event B must be last.",1,-0.5186799,-0.22288099,0.18493472,0.01056413,0.18299687
- Event A happens before Event B (A → B),1,-0.49687153,-0.345518,0.22073808,0.07063549,0.07148254
- Event B happens before Event C (B → C),1,-0.50792557,-0.3714635,0.21694985,0.031836882,0.10988784
Combine the two orders to find the overall order:,0,-0.3763138,-0.054251403,-0.24258867,0.010634585,-0.06987868
- A happens first,1,-0.3018946,-0.112318695,0.14530878,0.05352299,-0.0021807244
- Then B,4,-0.26141047,0.13585506,0.069719024,0.04991202,0.04977621
"- Finally, C",1,-0.23375292,0.025689462,-0.034742955,0.07853858,0.055792123
Determine which event happened last: Event C,1,-0.5156264,-0.38991216,0.024835689,-0.013078104,0.091656774
Determine the relationship between each pair of events:,1,-0.46246505,-0.2637242,0.040570244,0.018592399,0.050393023
"Since both relationships are in the same direction, conclude that the order is linear and A comes before B, which comes before C.",1,-0.3397223,-0.18380593,0.078520656,0.03555294,0.063963085
"Therefore, Event C happened last.",1,-0.43004662,-0.2880926,0.14358577,0.00480574,0.13429874
Identify the events and their order: A -> B -> C,1,-0.5989877,-0.3190193,0.099662974,0.101820745,0.07802442
Determine that Event A is the earliest in time.,1,-0.4646395,-0.31579676,0.12461428,0.045795683,0.057606123
"Since Event B happens after Event A, it must be the middle event in time.",1,-0.47456983,-0.3106064,0.21701854,-0.030398423,0.18787123
"Event C happens after Event B, making it the latest event in time.",1,-0.45120552,-0.42582938,0.15191777,-0.025935302,0.18885659
"Identify the events: Event A, Event B, and Event C",1,-0.5710021,-0.29502332,0.07652394,0.07392039,0.15018928
Recall that Event A happened before Event B,1,-0.45737496,-0.32517105,0.17638023,0.013152671,0.031241965
Also recall that Event B happened before Event C,1,-0.46366298,-0.31969935,0.19195317,0.004360676,0.123915285
"Since Event B is between Event A and Event C in time order, it must be the middle event.",1,-0.5461001,-0.35499302,0.17640236,-0.016400699,0.1772982
The last event to occur would be Event C,1,-0.49394068,-0.3692377,0.012731546,0.02861331,0.13385205
- A happens before B,1,-0.36502725,-0.11684728,0.15648831,0.06762936,0.050865553
- B happens before C,1,-0.34006023,-0.13162701,0.111868985,0.04368201,0.09180781
Use a Venn diagram or logical reasoning to find the common sequence:,1,-0.37624893,0.029566806,-0.08181523,-0.0060802675,0.08924677
"- A occurs first, followed by B, then C",1,-0.44619355,-0.20261876,0.096047044,0.11231261,0.13204065
Conclude that Event C happened last,1,-0.46871093,-0.3701621,0.084127836,-0.020790655,0.12751947
Identify the relationships between the events.,1,-0.43515894,-0.32510948,0.07968206,0.0034695284,0.061051834
"Since Event A happened before Event B, we know that A comes before B in time.",1,-0.47524762,-0.2944754,0.27396554,0.031949304,0.073438704
"Similarly, since Event B happened before Event C, we know that B comes before C in time.",1,-0.48261425,-0.2905585,0.25663054,0.01078919,0.13243468
"To determine which event happened last, we need to find the event that is furthest from its corresponding starting point (A or B).",1,-0.4619848,-0.36185995,0.011731668,-0.0061310627,0.116523415
"Since both A and B come before C, but A comes before B, it means that C happens after both A and B.",1,-0.38241443,-0.16191415,0.16362566,0.071158476,0.11833791
"Therefore, Event C is the one that happened last.",1,-0.4475238,-0.27475527,0.13412407,0.016805163,0.17161408
Identify the given sequence of events: A -> B -> C,1,-0.47666445,-0.29357028,0.022450972,0.0468229,0.10409371
- A happens before B (A < B),1,-0.28518018,-0.11895598,0.1086196,0.048558056,0.0908481
- B happens before C (B < C),1,-0.28355208,-0.15166555,0.057444014,0.0017006355,0.11753565
"Since A happens before B, and B happens before C, we can conclude that A also happens before C (A < C)",1,-0.4129972,-0.26007366,0.16232406,0.021202324,0.16968861
"Based on the sequence, Event C is the last event in the given order.",1,-0.52532387,-0.34294102,0.05432296,0.039892264,0.118699245
"Determine the order of events based on their occurrence: A happens first, then B, then C",1,-0.5983003,-0.35447958,0.097369574,0.06664297,0.08206077
Conclude that Event C is the last to occur in the sequence.,1,-0.44283858,-0.33653286,0.059114818,-0.0037778092,0.16540582
"Identify the order of events: Event A, Event B, Event C",1,-0.61931056,-0.32749557,0.09809578,0.09405677,0.0834897
"Determine which event is at the end of the sequence: Since Event A happened first and Event C happened last, Event C is at the end.",1,-0.49489924,-0.36011878,0.057537884,0.0019275581,0.10362707
Conclude that Event C is the last event to occur.,1,-0.4881923,-0.36319405,0.057139814,-0.0028238115,0.19084021
"Identify the events: A, B, and C",1,-0.53483903,-0.30163708,0.06391222,0.0655341,0.10114999
Combine the order of events to determine the overall sequence:,1,-0.49394834,-0.23930407,-0.02203337,-0.0035944278,0.031132232
- A → B → C,1,-0.26404718,-0.009772121,-0.007824966,0.05901529,0.0037035723
Identify the last event in the sequence: C,1,-0.42183375,-0.2903066,0.005950953,0.022718575,0.108914234
Determine the order of events: Event A < Event B,1,-0.60044485,-0.35558495,0.11635695,0.07931949,0.07457926
Add Event C to the sequence: Event A < Event B < Event C,1,-0.47495988,-0.34949952,0.100996025,0.055865884,0.10879925
Conclusion: Event C happened last,1,-0.43904337,-0.3069328,0.1140488,-0.012692234,0.119528025
We know that Event A happens before Event B.,1,-0.46936822,-0.2951498,0.2503888,0.036563378,0.10739563
We know that Event B happens before Event C.,1,-0.5135746,-0.32904986,0.24467006,0.043891266,0.14656967
"Since Event A happens before Event B, and Event B happens before Event C, we can conclude that Event A happens before Event C.",1,-0.5343274,-0.39125046,0.25770098,0.045086484,0.15520611
"Therefore, the order of events from earliest to latest is: Event A, Event B, Event C.",1,-0.5714436,-0.3260944,0.099118635,0.095704556,0.04253382
We know that Event A happened before Event B.,1,-0.45002902,-0.28227326,0.24423704,0.03960685,0.065597415
We also know that Event B happened before Event C.,1,-0.47874272,-0.2882899,0.24170665,0.020643095,0.13589044
"Since both statements are true, we can conclude that the order is A -> B -> C.",1,-0.36401215,-0.12025767,0.06954971,0.0647345,0.08073447
"Determine that since Event D happened before Event B, and Event B happened before Event A, then Event D must have happened first.",1,-0.5528923,-0.38794392,0.12655295,0.023958696,0.14724652
"Since Event A happened before Event C, we can conclude that Event A is between Event D and Event C in the timeline.",1,-0.5150016,-0.38004145,0.23014896,-0.014238093,0.19350123
"The order of events from earliest to latest is: Event D, Event B, Event A, Event C.",1,-0.5712198,-0.31701037,0.0806222,0.09635056,0.04551952
Identify that Event D happened before Event B.,1,-0.4983698,-0.40587196,0.15578766,0.027477559,0.0825694
"Since Event A happened after Event B, it is later than Event D.",1,-0.4977435,-0.39060968,0.20482212,0.0004124272,0.11801617
Determine that Event B happens between Event D and Event A.,1,-0.47890455,-0.3985691,0.12080246,0.017973296,0.20985648
Recognize that Event C happens after Event A.,1,-0.4682727,-0.3877325,0.19452544,-0.0034663752,0.18810865
"Conclude the order of events from earliest to latest: Event D, Event B, Event A, Event C.",1,-0.5853236,-0.38872346,0.08634791,0.080158204,0.07271088
"Since Event A happened after Event B, it must happen after Event D.",1,-0.4900001,-0.37170264,0.24577782,-0.00023578873,0.1909635
"Given that Event A happens after both Event D and Event B, it is also after Event C.",1,-0.5370661,-0.41225114,0.19859412,0.019293927,0.20834704
"Order the events from earliest to latest: Event D, Event B, Event A, Event C",1,-0.5759797,-0.35132584,0.054334775,0.102464594,0.032431774
"Since Event A occurred after Event B, it is later than Event D.",1,-0.4901741,-0.41922706,0.19794615,-0.014015782,0.14590085
Recognize that Event A also occurred before Event C.,1,-0.5408531,-0.41621697,0.17010573,0.009106191,0.13331343
Combine steps 2 and 3 to establish the order: Event D < Event B < Event A < Event C.,1,-0.574639,-0.35973138,0.032330733,0.087396875,0.122609474
"Since Event D happened before Event B, and Event A happened after Event B, then Event D must have happened before Event A.",1,-0.50351715,-0.3550494,0.23630427,0.010770364,0.17965616
"Given that Event A happened before Event C, we can conclude that Event D is also before Event C.",1,-0.5296035,-0.40137553,0.23536532,0.019369043,0.15172747
"Combining steps 1 and 2, the order from earliest to latest is: Event D, Event B, Event A, Event C.",1,-0.57404786,-0.3241984,0.0143931415,0.08318701,0.05174379
"Determine that since Event D happened before Event B, and Event A happened before Event B, then Event D must have happened before both Event A and Event B.",1,-0.53124905,-0.37332365,0.13043398,0.019085407,0.15023898
"Since Event A happened after Event B but before Event C, we know that Event B is the earliest event in this sequence (as it happens first).",1,-0.54385203,-0.38788235,0.25583255,0.070246264,0.124825545
"Given that Event D is the earliest overall, and Event B is next, then Event D and Event B are the first two events in chronological order.",1,-0.5532988,-0.35108188,0.11903773,0.029637735,0.06900355
"With Event A being after Event B, but before Event C, we can conclude that the correct order of all four events from earliest to latest is: Event D, Event B, Event A, Event C.",1,-0.57589865,-0.33854127,0.14173342,0.07152408,0.0732573
"Identify that since Event D happened before Event B, and Event A happened after Event B, then Event D must have happened before both Event A and Event B.",1,-0.53387356,-0.3783057,0.1736297,0.011531103,0.16152237
"Since Event A happened after Event B but before Event C, we can conclude that Event D happens before Event A, as it also happens before Event B.",1,-0.5034477,-0.41850144,0.23200755,0.024893146,0.18419802
"Given that Event D happens before Event A and Event D happens before Event B, then Event D must happen before all of them (Event A, Event B, and Event C).",1,-0.53434515,-0.36588755,0.20505026,0.031326834,0.1948862
"Since Event A happened after Event B but before Event C, the order is: Event D -> Event B -> Event A -> Event C.",1,-0.5959796,-0.3866046,0.16007541,0.09812148,0.08128729
Determine that Event D occurred first.,1,-0.44863725,-0.4156442,0.029990997,-0.016554281,0.087782554
"Since Event A is after Event D, it occurs second.",1,-0.4671137,-0.40017995,0.19014889,0.030344265,0.1692878
"Given that Event A happens before Event C, and knowing its position (second), we can conclude that Event C must occur last.",1,-0.5178196,-0.37401697,0.1640085,-0.016692325,0.18634613
"With Events A and C placed, the only remaining event, B, must be in between, making it third.",1,-0.5219763,-0.29546487,0.055081755,0.046561148,0.21591473
"Determine that since Event D happened before Event B, and Event B happened before Event A, then Event D must have happened before Event A.",1,-0.5318966,-0.37428102,0.12490326,0.014914268,0.1555391
"Since Event A happened after Event B but before Event C, then Event B must be between Event D and Event A in the timeline.",1,-0.5043045,-0.36354,0.24361268,-0.04857529,0.19381936
"Therefore, the order from earliest to latest is: Event D, Event B, Event A, Event C.",1,-0.55563146,-0.28705633,0.057451326,0.104551,0.035063118
"Determine that since Event D happened before Event B, and Event A happened after Event B, then Event D must happen before both Event A and Event B.",1,-0.53465575,-0.3862896,0.14083211,0.021916071,0.15884665
"Since Event A happened after Event B but before Event C, it is clear that Event A happens between Event B and Event C in chronological order.",1,-0.5641371,-0.39815912,0.23730597,0.02364871,0.090748385
"Knowing the relative positions of Events A, B, and C, we can conclude that Event D happens first among all four events.",1,-0.5164287,-0.33859447,0.1442686,0.0060172253,0.18727815
"The correct order from earliest to latest is: Event D, Event B, Event A, Event C.",1,-0.5557474,-0.2676049,0.06915705,0.09324495,0.047102034
Determine that Event D happens first since it occurs before Event B.,1,-0.5114287,-0.43832672,0.113874346,0.018568207,0.14368996
"Identify that Event B occurs after Event D, as stated in the problem.",1,-0.42323,-0.37513503,0.17362921,-0.060420692,0.20609546
"Use the relationship between Events A and B, which indicates that Event A happens after Event B but before Event C, to determine the order of Events A, B, and C.",1,-0.5839506,-0.42379925,0.11654225,0.025843846,0.085387476
"Establish the order of Events A, B, and C: A happens before B, B happens before C.",1,-0.5894944,-0.3609831,0.1466993,0.07317631,0.06512169
"Combine steps 1-4 with events A and C in the correct sequence, considering only that A happens after B but before C.",1,-0.531706,-0.30284023,0.06459967,-0.00086130877,0.14146084
Identify the relationship between Events A and B.,1,-0.45591635,-0.33128974,0.12120869,0.018561874,0.14653383
Identify the relationship between Events B and C.,1,-0.46747997,-0.36601073,0.095825076,0.0072937636,0.16626526
Determine which event is earlier based on the first two steps.,1,-0.5003231,-0.40888092,0.058722794,-0.022599211,0.048504993
Use the information about Event D to place it in relation to Event B.,1,-0.46543416,-0.42940602,0.09926282,-0.017319284,0.14902398
Order all four events from earliest to latest.,1,-0.51938295,-0.19015907,0.03985957,0.045372173,-0.021540346
"Determine that since Event D happened before Event B, and Event A happened after Event B, Event D must be the earliest event.",1,-0.55780315,-0.39259654,0.120557986,0.024463234,0.14165014
"Establish that since Event A occurred between Events B and C, it must occur before Event C.",1,-0.51911753,-0.38295904,0.20787106,0.007956528,0.16515695
"Combine steps 1 and 2 to determine the order: Event D, then Event B, then Event A, then Event C.",1,-0.6143071,-0.35182473,0.045599468,0.07945993,0.10048914
"Identify that since Event D happened before Event B, and Event A happened after Event B but before Event C, then Event D must happen before Event A.",1,-0.5486648,-0.38746515,0.17628767,0.018627578,0.17948398
"Since Event A happened after Event B but before Event C, and we know Event D happens before Event B, the order is: Event D, Event B, Event A, Event C.",1,-0.59962124,-0.37922528,0.15351112,0.079442754,0.10013199
Confirm that this order respects all given conditions:,1,-0.3596173,0.052058745,0.073682606,0.06398602,0.0027027805
- Event A occurs after Event B (true).,1,-0.45374662,-0.35453543,0.22159618,0.029937387,0.15756212
- Event A occurs before Event C (true).,1,-0.4377508,-0.3813951,0.19582166,0.040270638,0.14654005
- Event D occurs before Event B (true).,1,-0.44446138,-0.35331374,0.19567426,0.020192133,0.18460073
Identify the relative order between Event A and Event D.,1,-0.55377024,-0.37149215,0.1358546,0.03254135,0.13168661
"Determine that since Event D happened before Event B, it also happened before Event A (because Event A occurred after Event B).",1,-0.51539683,-0.40755466,0.12984912,0.014310606,0.16411808
Establish that Event A happened before Event C (given in the problem statement).,1,-0.46491027,-0.42085156,0.12668337,-0.024195988,0.12788501
Combine steps 2 and 3 to conclude that Event D happens before both Event A and Event B.,1,-0.49014613,-0.4098388,0.13487144,0.005574389,0.18583918
"Order the events from earliest to latest based on step 4: Event D, Event B, Event A, Event C.",1,-0.57621574,-0.37709036,0.05215989,0.08097361,0.026260339
Phone call,0,-0.053498566,0.045922466,-0.07825331,-0.13050605,-0.16429903
Breakfast,0,-0.042156592,0.09690818,-0.08199004,0.09283289,-0.03540499
Meeting,1,-0.20869459,0.024521314,-0.025073245,0.10268184,-0.08716098
Phone call happened.,3,0.0006202659,-0.032275353,0.052698247,-0.15564792,-0.16167058
Meeting started after breakfast.,1,-0.099554,-0.080813065,0.09027787,0.07004046,-0.090542056
Meeting ended before lunch.,1,-0.06618006,-0.043231398,0.056910716,-0.023590637,-0.0841408
Breakfast occurred.,1,-0.03483426,-0.064807266,0.0060869576,0.0816069,-0.06144066
"This month, if rainfall drops, plant growth will fall.",2,0.17724182,-0.030956198,-0.09490185,0.059835684,-0.3190827
"As a result of the decrease in plant growth, the rabbit population will start to fall.",2,0.17855996,-0.069943555,-0.18480404,-0.06449079,-0.18387741
"In the next month, due to continued low plant growth, the rabbit population is likely to continue falling.",0,0.14509574,-0.0032178462,-0.1781146,-0.13161366,-0.2084054
This month: Rainfall drops.,2,0.1597675,-0.037672028,-0.042162232,0.09366364,-0.3573412
Next month: Plant growth falls due to decreased rainfall.,2,0.25375164,-0.043933704,-0.104541294,0.028695228,-0.33540383
The month after that: Rabbit population later falls due to decreased plant growth.,2,0.17002887,-0.068422265,-0.17295863,-0.089509726,-0.2417197
The month after that: Rabbit population later falls due to reduced plant growth.,2,0.16052684,-0.047526598,-0.17587687,-0.08127824,-0.24580236
The month after that: Rabbit population continues to fall as a result of previous plant growth decline.,0,0.118947454,-0.02657641,-0.22044477,-0.09362008,-0.22886242
The month after that: Rabbit population is likely to be significantly lower than usual.,0,0.032009233,-0.011296739,-0.167479,-0.09472559,-0.16195422
This month: Rabbit population falls.,0,0.03542364,-0.001633649,-0.20539805,-0.060097717,-0.24979053
Next month: Plant growth falls due to lower rainfall.,2,0.2301099,-0.02955291,-0.077654704,0.055452116,-0.34406775
The following month: Plant growth continues to fall as rainfall remains low.,2,0.18255487,-0.03663909,-0.119433984,0.0023286487,-0.30363575
The month after that: Plant growth is expected to be significantly reduced or stunted due to prolonged dry conditions.,2,0.23012665,-0.034776874,-0.14536434,0.05110385,-0.27456638
"As a result of falling plant growth, the rabbit population will start to fall.",2,0.13946883,-0.05089968,-0.1382323,-0.024194097,-0.22870016
"Over the next step (next month), the rabbit population is expected to continue falling due to lower plant growth.",0,0.12256471,-0.019528806,-0.18593182,-0.11434429,-0.19005358
Rainfall drops this month.,2,0.18451057,-0.0058340337,-0.023522338,0.066277616,-0.33015263
Plant growth falls due to decreased rainfall.,2,0.28879222,-0.048180945,-0.094830245,0.04492055,-0.34369913
Rabbit population later falls due to lower plant growth.,2,0.1807963,-0.015194923,-0.16373254,-0.073015645,-0.24303284
Rainfall drops.,2,0.20345049,-0.03032563,0.01050773,0.15483306,-0.38473028
Plant growth falls.,2,0.16890594,-0.025077967,-0.088910624,0.08830952,-0.296092
Rabbit population later falls.,0,0.06485108,-0.0054725236,-0.1395707,-0.032306433,-0.27640754
Plant growth falls as a result of the dropped rainfall.,2,0.25084567,-0.07711071,-0.08288477,0.08471688,-0.3618577
The rabbit population later falls due to decreased plant growth.,2,0.20832111,-0.029476743,-0.18149893,-0.091211975,-0.23633464
"As a consequence of the fallen rabbit population, fewer rabbits are born in the next month.",0,0.04143952,0.0047653615,-0.16891201,-0.09192983,-0.14367275
"With fewer rabbits being born, the rabbit population continues to fall over time.",0,0.08996856,0.01972776,-0.1773866,-0.10849866,-0.11483034
Rabbit population later falls due to decreased plant growth.,2,0.2005546,-0.028463826,-0.1814801,-0.09553068,-0.23347463
"This month, if rainfall drops, then plant growth will also drop.",2,0.17915277,-0.023613865,-0.09077276,0.049362276,-0.29274377
"Since plant growth is low, the rabbit population will not increase as it would in a typical year.",0,0.1756777,0.026690474,-0.20062271,-0.117784165,-0.1007977
The rabbit population will continue to fall due to lower food availability from plants.,0,0.15378276,-0.0066291406,-0.1821943,-0.08560022,-0.1995551
"As the rabbit population decreases, predation and disease pressures on rabbits may decrease, but overall, the rabbit population will remain low.",0,0.0860457,-0.00282232,-0.18031502,-0.08501295,-0.07528792
"With lower rabbit populations, there is likely less predation pressure on other herbivores, such as deer or birds.",3,0.092284724,0.05909255,-0.04646429,-0.07148341,-0.12692033
"In the next month, if rainfall remains low, then plant growth will continue to be reduced.",2,0.20839009,-0.027207552,-0.0968459,-0.012517031,-0.23463748
The continued reduction in plant growth will lead to further decreases in available food resources for rabbits and possibly other herbivores.,0,0.20321715,-0.011947161,-0.2436727,-0.07978429,-0.11385728
"As a result of these decreased food resources, the rabbit population will likely remain low or even decline further.",0,0.17883518,-0.006752488,-0.21871749,-0.08651233,-0.070717484
If rainfall drops this month.,2,0.10247979,0.010018266,-0.05403071,0.06018378,-0.26912183
Plant growth will fall this month as a result of the dropped rainfall.,2,0.20186879,-0.049385414,-0.115623094,0.05319154,-0.3285227
"As plant growth falls, the rabbit population will start to decline this month due to lower food availability.",0,0.15134151,-0.028416831,-0.22460283,-0.08498268,-0.20749816
"This month, if rainfall drops, then plant growth falls.",2,0.16299625,-0.045778487,-0.08589983,0.06319759,-0.30310693
"Next month, since plant growth fell last month due to the dropped rainfall, then rabbit population falls.",2,0.13230899,-0.0528186,-0.16846852,-0.045420986,-0.2979588
"The subsequent month after that, as a result of the continued decline in plant growth from previous months' low rainfall, then rabbit population continues to fall.",2,0.15503354,-0.07265786,-0.16564262,-0.058614902,-0.27583584
"If rainfall drops this month, then in the following month, plant growth will fall.",2,0.14156377,-0.059152123,-0.10047434,0.05461675,-0.27630946
"Since plant growth falls, the rabbit population will later fall in the subsequent months.",0,0.104724005,-0.08120984,-0.19694619,-0.05959281,-0.23862368
"In the third and fourth months, the rabbit population will continue to decrease due to lower plant growth.",0,0.14564398,-0.06460083,-0.25316882,-0.108310595,-0.1730812
"If rainfall drops this month, then plant growth will fall in the coming months.",2,0.16860907,-0.02852184,-0.083303735,0.0557728,-0.28302604
"As a result of falling plant growth, the rabbit population will also decline in the upcoming months.",0,0.13913414,-0.017939465,-0.21682449,-0.08879217,-0.21950635
"This month, if rainfall drops, then it causes plant growth to fall.",2,0.22827782,-0.082666606,-0.04299126,0.055895377,-0.3068201
"As a result of plant growth falling, the rabbit population will later fall.",2,0.16241777,-0.05498758,-0.16656426,-0.047267582,-0.2084736
"Since rainfall dropped this month and caused a decline in plant growth and ultimately a fall in the rabbit population, there is no further cause-and-effect chain for subsequent steps regarding the ecosystem's response to this month's rainfall drop.",2,0.17263333,-0.06310872,-0.07749903,-0.0564859,-0.24992085
Given that the alarm triggers only when both the sensor fails and the backup is off.,3,0.002835585,-0.029506836,0.26567447,-0.55836713,0.15667842
We know the sensor has failed.,3,0.08330217,0.031967442,0.13430813,-0.29557374,0.01826224
"However, we are told the backup stayed on.",3,0.066657506,0.15099062,0.13392274,-0.4513754,0.032346502
"Since the condition for the alarm to trigger (backup being off) is not met, the alarm does not trigger.",3,-0.0021390647,-0.020583028,0.22204672,-0.51554525,0.15195504
Given condition for alarm to trigger: Both sensor failure and backup being off.,3,0.013806836,-0.056645736,0.20736152,-0.55297035,0.1149384
Sensor has failed.,3,0.11580376,-0.0021633003,0.14303797,-0.3503757,0.019745288
Backup is still on (not off).,3,0.06014857,0.19994329,0.041977398,-0.47541845,0.023515986
"Since one of the conditions (sensor failure) is met, and the other (backup being off) is not, the alarm does not trigger.",3,0.004022109,-0.051291652,0.2580808,-0.55935997,0.12814596
"Since the sensor has already failed, it meets one of the conditions for triggering the alarm.",3,0.05084011,-0.11799388,0.27335384,-0.4392048,0.13090518
"However, since the backup is still on, it does not meet the second condition (the backup being off).",3,0.035695184,0.093886994,0.10205857,-0.49092084,0.11618237
"Because at least one of the conditions is met, the alarm will trigger.",3,0.048226267,-0.13166906,0.26610884,-0.34419128,0.104229614
Given condition for alarm to trigger: Both sensor failure and backup system failure.,3,-0.017937517,-0.03720039,0.19788548,-0.5011993,0.11200523
Backup system is still operational (not failed).,3,0.06786749,0.21549541,0.037803687,-0.47572783,0.051907465
"Since one condition (sensor failure) is met, and the other (backup failure) is not, the alarm does not trigger.",3,-0.02305156,-0.042409986,0.25956,-0.5206697,0.15186861
Given condition for alarm to trigger: Both sensor fail and backup is off.,3,-0.013328138,-0.046034418,0.2200756,-0.5527526,0.12729292
Backup is still on.,3,0.007843272,0.21367106,-0.009623255,-0.4158837,0.01315031
"Since backup is on, one of the conditions for alarm to trigger (backup being off) is not met.",3,0.054439265,-0.0120776985,0.23522887,-0.5776519,0.14631729
Alarm does not trigger because at least one required condition is not satisfied.,3,-0.032928642,-0.013233519,0.20682229,-0.41109684,0.15161319
Given that the alarm triggers only if both the sensor fails and the backup is off.,3,-0.0342997,-0.027850514,0.25792184,-0.53980345,0.1539029
"Since the sensor has failed, it meets one condition for the alarm to trigger.",3,0.023499733,-0.09417103,0.24759994,-0.43314967,0.13195035
"However, the backup is still on, which means it does not meet the second condition.",3,0.015585097,0.1011462,0.09849105,-0.46503115,0.12749961
"Because at least one of the conditions (the sensor failing) is met, the alarm will trigger.",3,0.099762276,-0.11132331,0.2760424,-0.42957652,0.11336392
Given that the alarm only triggers when both the sensor fails and the backup stays off.,3,0.016436143,-0.020875052,0.26654932,-0.5550755,0.15313523
"However, we are told that the backup stayed on (i.e., did not stay off).",3,0.079693004,0.12939134,0.14339937,-0.48415342,0.048816036
"Since the condition for the alarm to trigger is that the backup must be off, and it is not, the alarm does not trigger.",3,-0.014782616,-0.0113713285,0.22500555,-0.52640456,0.16022636
It is stated that the sensor has failed.,3,0.13715433,0.019912569,0.14214413,-0.39579287,0.033215575
"However, it is also stated that the backup stayed on.",3,0.0456467,0.14839037,0.11211365,-0.4347554,0.07302746
"Since the backup stayed on, one of the conditions for the alarm to trigger (the backup being off) is not met.",3,0.051442694,-0.026996205,0.22605427,-0.57579565,0.12403402
"Therefore, even though the sensor failed, the alarm does not trigger due to the backup staying on.",3,0.053790063,-0.040469725,0.25232375,-0.54897094,0.12904258
The condition for the alarm to trigger is that both the sensor fail and the backup is off.,3,0.044887185,-0.062136814,0.25865918,-0.56354755,0.14717278
"Since the sensor has already failed, it meets part of the condition.",3,0.074792325,-0.052896548,0.13890569,-0.34394497,0.09030881
"However, the backup is still on, which means it does not meet the second part of the condition.",3,0.031308714,0.104684964,0.07924995,-0.46144417,0.12088723
"Since at least one part of the condition is not met, the alarm does not trigger.",3,0.0044035343,-0.024799375,0.2298889,-0.39401242,0.13310231
Given that a circuit's alarm triggers only if both the sensor fails and the backup is off.,3,-0.04326335,-0.02331291,0.20833305,-0.56676656,0.15904222
We know that the sensor has failed.,3,0.094240636,0.037097726,0.13953061,-0.30987412,0.029149171
"However, we are also given that the backup stayed on.",3,0.023204785,0.16685884,0.11190428,-0.4328068,0.06609708
"Since the backup stayed on, it means the condition of the backup being off is not met.",3,0.13786364,0.05433919,0.15503682,-0.488864,0.10295876
"Therefore, since at least one condition (the backup being off) is not met, the alarm does not trigger.",3,-0.007789368,-0.0036732017,0.23579669,-0.55132395,0.16975762
Identify the conditions for the alarm to trigger.,3,-0.06608874,-0.15639935,0.16340178,-0.2973377,0.15656422
Determine if the condition of the sensor failing has been met.,3,0.00069857505,-0.08676339,0.020245109,-0.3021343,0.04967328
Determine if the condition of the backup being off has not been met (since it's still on).,3,-0.05093274,0.03256641,0.049461357,-0.45955738,0.08487437
"Since one condition is met and the other is not, apply the ""either-or"" rule from the circuit's rules.",1,-0.19343284,0.0056954105,-0.014743853,-0.15279518,0.09458653
"According to this rule, since at least one condition is met, the alarm will trigger.",3,-0.13603908,-0.045717716,0.17371756,-0.28969923,0.13226539
Identify the conditions required for the alarm to trigger.,3,-0.07419294,-0.13126947,0.16347545,-0.30144998,0.16483453
Determine whether the first condition (sensor failing) has been met.,3,-0.09074052,-0.117539585,0.048980698,-0.2723364,0.040876497
"Since the first condition has been met, check if the second condition (backup being off) is also necessary for the alarm to trigger.",3,-0.018723302,-0.10097966,0.21880011,-0.565366,0.1441859
"The sensor failed, but the backup stayed on, which means the backup did not fail or get turned off as a result of the sensor failure.",3,0.12291409,0.006433582,0.16882697,-0.5252811,0.07912978
"Therefore, since both conditions are not met (sensor failed, but backup stayed on), the alarm will not trigger.",3,0.010285186,-0.07296468,0.27336255,-0.54219025,0.124754004
We know that the sensor failed.,3,0.060912788,0.020246169,0.14869475,-0.2699943,0.041150723
"However, we are also told that the backup stayed on.",3,0.047936425,0.15433486,0.13000536,-0.44172648,0.05553572
"Since the condition for triggering the alarm requires the backup to be off, not being off (i.e., staying on) is not enough to trigger the alarm.",3,0.038105406,-0.01829591,0.24109694,-0.57029325,0.16300556
"Therefore, even though the sensor failed, the backup staying on prevents the alarm from triggering.",3,0.07784809,-0.044792917,0.27113077,-0.5585189,0.12871403
"Determine if the condition ""the sensor failed"" is met.",3,-0.060073975,-0.07686919,0.038275596,-0.32627323,0.07844829
"Since it is confirmed that the sensor failed (Step 2), move to determine if the backup stayed off.",3,0.082958944,-0.005780749,0.18038167,-0.5262178,0.07899874
"The problem states that ""The sensor failed, but the backup stayed on.""",3,0.10442789,0.001907716,0.16636832,-0.51723295,0.0967817
"Given this information, since the backup stayed on and not off, it does not meet the condition for triggering the alarm.",3,-0.0039413846,-0.036872488,0.25048834,-0.5493898,0.1515793
"Therefore, based on the conditions given, the alarm will not trigger.",3,-0.05776375,-0.040062577,0.23715732,-0.36825818,0.16690421
The condition for the alarm to trigger is that both the sensor has failed and the backup has been turned off.,3,0.052211497,-0.0710624,0.25862697,-0.55971414,0.14296146
"Since the sensor has indeed failed, this part of the condition is met.",3,0.10945113,-0.0309991,0.16316707,-0.35137305,0.093584225
"However, it is stated that the backup was not turned off, so this other required component of the condition is unmet.",3,0.088380486,0.12468231,0.11897667,-0.48200712,0.11147693
"The alarm triggers only when both conditions are met, but since one condition (the backup being off) is not met, the alarm does not trigger.",3,-0.045203447,-0.043979798,0.2389391,-0.49201125,0.15931943
Overnight temperatures fall below freezing.,2,0.3164062,-0.06135944,0.025501862,0.038637824,-0.070453316
Road ice increases as a result of the cold temperatures.,2,0.35534075,-0.20285866,0.035335023,0.2101109,0.059028335
Vehicle speed decreases due to the road ice.,2,0.296494,-0.152805,0.09154353,0.11775949,-0.017542182
Traffic delay increases as a result of the decreased vehicle speed.,3,0.12073011,-0.106348194,0.029856317,-0.09399818,-0.03286006
Road ice increases as a result of the low temperatures.,2,0.3869629,-0.18849301,0.06385301,0.19759457,0.053289395
Vehicle speed decreases due to the increased road ice.,2,0.3017533,-0.15448967,0.07428608,0.118136175,-0.013198192
Road ice forms as a result of the low temperatures.,2,0.35276496,-0.15646252,0.10836571,0.23418002,0.048057977
"As road ice forms, vehicle speed decreases due to reduced traction and increased risk of skidding or sliding on the icy surface.",2,0.25523442,-0.12848203,0.09404559,0.143341,-0.020070503
"With decreased vehicle speed, traffic delay increases due to the slower pace at which vehicles can move through the area with road ice.",2,0.21429211,-0.14134435,0.109275855,0.04688909,0.0010519683
Road ice increases as a result of the cold temperature.,2,0.36186028,-0.21247667,0.038302634,0.20870963,0.066450946
"With increased road ice, vehicle speed decreases due to safety concerns.",2,0.27686116,-0.11399291,0.118423104,0.06871059,-0.010163854
"As a consequence of decreased vehicle speed, traffic delay increases.",3,0.13987051,-0.08343681,0.04040853,-0.11313509,-0.054128416
"As a result, road ice increases.",2,0.30726373,-0.11824189,0.03629532,0.19336255,0.010200392
"With the increased road ice, vehicle speed decreases.",2,0.3046725,-0.13027515,0.08922212,0.116174616,0.0075870524
"Due to decreased vehicle speed, traffic delay increases.",3,0.15433148,-0.08237289,0.02399711,-0.1266024,-0.050165217
Road ice increases.,2,0.2964402,-0.124128394,0.026282137,0.22280592,0.00028795667
Vehicle speed decreases due to road ice.,2,0.29395863,-0.14725716,0.090977125,0.11539917,-0.01555702
Traffic delay increases as a result of decreased vehicle speed.,3,0.13203725,-0.09603894,0.03936772,-0.109166525,-0.03405336
Road ice increases due to lower temperatures.,2,0.37637183,-0.18526258,0.04606515,0.2028264,0.05527095
"As a result, vehicle speed decreases when driving on icy roads.",2,0.28008014,-0.1137326,0.12185958,0.055329736,0.021090493
Decreased vehicle speed leads to an increase in traffic delay due to slowed traffic flow.,3,0.12137244,-0.07370845,0.03297329,-0.09494293,-0.047607165
Overnight temperatures falling below freezing cause the formation of road ice.,2,0.31067184,-0.18429643,0.09683526,0.12956555,0.007042008
The formation of road ice causes a decrease in vehicle speed due to reduced traction and increased stopping distances.,2,0.26778215,-0.15837294,0.08558203,0.13543724,0.02579145
A decrease in vehicle speed leads to an increase in traffic delay as vehicles spend more time stopped or moving at slower speeds.,3,0.12083679,-0.11385772,0.010836676,-0.07806146,-0.02600203
"Increased traffic delay can lead to frustration, accidents, and other safety issues for drivers.",3,0.12947965,-0.041812602,0.0898854,-0.12838256,-0.025866745
Road ice increases due to the cold weather.,2,0.32733816,-0.15914086,0.0314747,0.19556378,-1.1900909e-05
Vehicle speed decreases as drivers slow down to navigate icy roads.,2,0.21421254,-0.08724258,0.09010278,0.026487352,-0.04843455
Traffic delay increases due to reduced vehicle speeds on icy roads.,2,0.20620587,-0.12248725,0.08643211,0.04528585,0.0072332392
A heat spike occurs in the pond.,2,0.2581654,-0.15379062,-0.048698116,0.10033298,0.033358995
The rising water temperature causes dissolved oxygen to fall.,2,0.42085725,-0.13476783,0.0007284087,0.11940059,-0.0678654
"As dissolved oxygen levels decrease, fish stress increases.",2,0.327802,0.044320796,-0.04491088,0.055434637,-0.08738113
"With increased fish stress, fish mortality rates are likely to rise.",2,0.19763832,0.051261097,-0.09489449,-0.012006021,-0.11720099
The rising water temperature increases the rate of evaporation from the pond's surface.,2,0.33603996,-0.17707217,-0.08655328,0.113355264,-0.10443525
"As evaporation increases, the concentration of dissolved substances in the remaining water also increases.",2,0.2722464,-0.15496069,-0.123134,0.1292157,-0.06974338
"With increased concentration of dissolved substances, more dissolved oxygen is consumed by aquatic organisms and microorganisms.",2,0.202914,0.019294852,-0.1495275,0.059085082,-0.086802
"Since dissolved oxygen falls, fish stress rises due to lower oxygen levels.",2,0.31095523,0.0004520989,-0.0047939923,0.03267482,-0.14457056
"The stressed fish are likely to exhibit reduced activity, slower growth rates, or even death.",2,0.26434007,0.10663274,-0.030895244,-0.053269494,-0.029807236
"With increased fish stress, fish populations may decline or die off due to reduced ability to cope with the changing environment.",2,0.27749547,0.08202016,-0.09290526,-0.10147223,-0.16085675
"With increased stress, fish are more susceptible to illness and death.",2,0.19935833,0.0793842,0.012465762,0.006398865,-0.112976864
The rising water temperature increases the rate of evaporation from the surface of the pond.,2,0.33244517,-0.18244873,-0.09147976,0.113350175,-0.102446206
"As evaporation increases, the concentration of dissolved salts and minerals in the remaining water also increases.",2,0.28676498,-0.10679385,-0.09904234,0.10636063,-0.083306596
"With increased salt concentration, the solubility of oxygen decreases.",2,0.33351678,0.028750492,-0.034041416,0.073751725,-0.003337473
"Since the solubility of oxygen has decreased, less oxygen dissolves into the water.",2,0.35846227,-0.011127698,-0.011279653,0.085831776,-0.09720148
The reduced amount of dissolved oxygen causes a decrease in dissolved oxygen levels.,2,0.2934878,-0.016427903,-0.07757163,-0.030637054,-0.047585957
"As dissolved oxygen levels fall, fish stress rises due to the lack of sufficient oxygen for their survival.",2,0.30855843,0.049402796,-0.0069612553,0.013789163,-0.14488289
The increased stress on the fish population can lead to a decline in their overall health and potentially even death.,2,0.25126743,0.097844884,-0.0789628,-0.0681894,-0.12530783
The increased water temperature causes an increase in dissolved oxygen loss.,2,0.4723477,-0.13593356,-0.050440703,0.08024243,-0.0074206656
"As a result of this loss, the dissolved oxygen levels in the pond decrease.",2,0.31331423,-0.036325503,-0.11496374,-0.05706022,-0.14498761
"With decreased dissolved oxygen levels, fish stress increases due to hypoxia (lack of oxygen).",2,0.34083027,0.07865805,-0.018211484,-0.013911675,-0.11009429
"As fish stress rises, they may exhibit abnormal behavior or begin to die off.",2,0.2069537,0.091570966,0.04719358,-0.052949417,-0.10595781
The rising water temperature causes dissolved oxygen to decrease.,2,0.430942,-0.14542085,-0.034436245,0.09267988,-0.031273067
"As dissolved oxygen levels fall, fish stress increases.",2,0.33171588,0.026732571,-0.03763624,0.054275278,-0.12268779
The increased fish stress leads to a decline in fish population or even death.,2,0.2657496,0.07516398,-0.09249054,-0.06486171,-0.12894423
A heat spike in the pond causes an increase in water temperature.,2,0.3577342,-0.21692485,-0.0646307,0.07744144,0.037630867
The increased water temperature leads to a decrease in dissolved oxygen levels.,2,0.46928862,-0.13114387,-0.057856362,0.10420577,-0.022093661
"As dissolved oxygen levels fall, the stress level of the fish in the pond increases.",2,0.2939198,-4.6972946e-05,-0.08593077,0.02263334,-0.16648799
"With rising fish stress, there is likely an increase in mortality rates among the fish population.",2,0.2041136,0.05659612,-0.09772711,-0.035277687,-0.123909816
The increase in water temperature causes an increase in dissolved oxygen to fall.,2,0.4614617,-0.15784611,-0.028288187,0.10800186,-0.044000942
"With increased fish stress, the number of fish that die or become ill is likely to rise.",0,0.15328959,0.0568859,-0.14317596,-0.025254596,-0.12762184
The increased water temperature leads to a rise in dissolved oxygen levels falling.,2,0.4560434,-0.1569541,-0.04807464,0.11929333,-0.06701679
"With increased fish stress, fish mortality and population decline likely occur.",2,0.20769732,0.051543947,-0.14328153,-0.02183849,-0.1677292
Rising water temperature causes dissolved oxygen to fall.,2,0.40797874,-0.12654722,-0.011306146,0.108942695,-0.07615441
The increase in fish stress can lead to a mass die-off or population decline among aquatic life.,2,0.26608333,0.087506555,-0.121740334,-0.09022843,-0.12935497
The increased water temperature causes the dissolved oxygen to decrease.,2,0.46641842,-0.14706324,-0.024900928,0.087599814,-0.009367478
"As the dissolved oxygen levels drop, the stress on fish increases.",2,0.33665815,0.021270616,-0.0450103,0.04349198,-0.09697285
The rising stress on fish is expected to lead to a mass die-off or significant population decline.,2,0.2360144,0.02303727,-0.11829608,-0.0684151,-0.08948093
Water temperature rises as a result of the heat spike.,2,0.34396696,-0.26223108,-1.0029146e-05,0.16907999,0.061224993
"As water temperature rises, dissolved oxygen levels decrease due to increased thermal decomposition of organic matter and decreased absorption of oxygen from the atmosphere.",2,0.35608488,-0.12485875,-0.10209361,0.13966313,-0.046965636
"With falling dissolved oxygen levels, fish stress increases as they struggle to maintain adequate oxygen levels for their metabolic needs.",2,0.32435665,0.08797171,-0.0169227,-0.011974983,-0.12428682
"As fish stress rises, they become more susceptible to illness, injury, or death, potentially leading to a decline in fish populations.",2,0.23376633,0.025881706,-0.0514382,-0.01801536,-0.16587721
"As a result of the heat spike, water temperature rises.",2,0.35612392,-0.26721138,0.00952599,0.13151883,0.077436104
"With decreased dissolved oxygen levels, fish stress increases.",2,0.3488856,0.04410603,-0.038478572,0.03572612,-0.08468992
"As a consequence, the fish population may experience reduced growth, increased disease susceptibility, or even die-off.",2,0.23118104,0.07371876,-0.116574354,-0.051086787,-0.10878804
"As a result of the heat spike, the water temperature rises.",2,0.33419117,-0.26925126,-0.004293622,0.13551934,0.075271115
"Since dissolved oxygen is falling, fish stress increases as a direct consequence.",2,0.3318745,-0.009181016,-0.014144584,0.058948725,-0.10212725
"With increased fish stress due to low dissolved oxygen, fish are more likely to die or exhibit weakened behavior.",2,0.24227025,0.07389836,-0.0013396316,-0.053443868,-0.102239504
The metal tray was exposed to direct sunlight for an hour.,2,0.25112808,-0.24644695,0.013151259,0.13076991,-0.026276464
The sun's rays caused the metal tray to heat up due to its high thermal conductivity.,2,0.38557264,-0.26244876,0.019811617,0.14404574,0.19207765
"As the metal tray heated up, it began to radiate heat into the surrounding air.",2,0.33698645,-0.30990893,0.01095751,0.227238,0.20799734
The warm air molecules gained energy and started moving rapidly around the tray.,2,0.33361298,-0.3390433,-0.03185549,0.25420743,0.24282567
"These rapid-moving air molecules collided with the ice cube, causing it to melt.",2,0.27643034,-0.24050161,0.13085659,0.3110875,0.16315153
"Since the ice cube was on a metal surface, it lost heat more efficiently due to the high thermal conductivity of metals.",2,0.41002235,-0.25835,0.103244305,0.17534241,0.14693324
"As a result, the ice cube melted completely within an hour.",2,0.22190712,-0.2197259,0.0741649,0.12874861,0.08318353
The metal tray initially had no water or moisture.,2,0.36674163,-0.1273749,0.07054736,0.13013138,-0.05810871
"As the ice cube melted, it released latent heat into the surrounding environment.",2,0.36910686,-0.30957705,0.10374189,0.25462154,0.09030745
This increased temperature caused the metal tray to warm up.,2,0.47629336,-0.31164655,0.0071925214,0.06766898,0.24773529
"When the metal tray warmed up, it began to conduct heat away from itself and towards its surroundings.",2,0.36095393,-0.34256744,0.024441129,0.1311454,0.21662398
"Since the air near the tray was warmer than the cold surface of the ice cube, heat transfer occurred from the tray to the surrounding air.",2,0.32571873,-0.35002944,0.02883233,0.28155217,0.22604832
"As a result, the air molecules in contact with the tray gained kinetic energy and moved faster, causing them to expand and become less dense.",2,0.40767884,-0.2059436,-0.025320932,0.2677826,0.16613577
"This expansion led to an increase in air pressure near the tray, which caused water vapor in the air to condense onto the metal surface as droplets of liquid water.",2,0.37594664,-0.28503656,-0.00017807509,0.23818296,0.014759131
The metal tray was exposed to direct sunlight.,2,0.25161627,-0.20659627,0.0044825505,0.20208666,-0.0074954373
The heat from the sun caused the metal tray to warm up.,2,0.3967885,-0.30684772,0.0026959672,0.17308626,0.15161183
"As the metal tray warmed up, it began to transfer its heat energy to the ice cube on top of it.",2,0.3951635,-0.34712553,0.053535685,0.20175883,0.26019424
The ice cube started to melt due to the increased temperature.,2,0.3311504,-0.31741244,0.04992271,0.2421806,0.14863983
"As the ice cube melted, it released water vapor into the air.",2,0.30687848,-0.24763592,0.074186824,0.3244756,-0.021223823
"The water vapor condensed onto the surface of the metal tray, causing it to become wet.",2,0.40272555,-0.26548964,0.09273364,0.20389509,-0.06375598
The warm air molecules in the vicinity of the tray gained kinetic energy and started moving rapidly.,2,0.2881017,-0.3187021,-0.03465735,0.23757024,0.27416757
These rapidly moving air molecules collided with each other and with the surface of the ice cube on the tray.,2,0.22746146,-0.30399752,0.09859881,0.33582163,0.16419254
"The collisions between the air molecules and the ice cube caused the ice cube to melt, releasing latent heat into the surrounding environment.",2,0.32685488,-0.3331498,0.10461673,0.3029395,0.13460056
"As a result, the metal tray became wet due to the melting of the ice cube.",2,0.3961789,-0.30939093,0.12876894,0.27045956,-0.03044898
The ice cube began to melt due to the heat from the sun.,2,0.25713748,-0.28236172,0.07615806,0.25898087,0.07330636
"As it melted, it released latent heat energy into its surroundings.",2,0.3238845,-0.26397967,0.034971185,0.18108085,0.19141573
"This released heat energy onto the metal tray, warming it up.",2,0.4061328,-0.2550177,0.0010926678,0.10355664,0.30734548
The warmed metal tray absorbed and conducted the heat away from itself.,2,0.33706588,-0.2846593,-0.014529692,0.1872439,0.23951712
"The heat was then transferred to the surrounding air, causing it to warm up as well.",2,0.37735355,-0.24655147,0.021011151,0.06825574,0.19309531
"As a result of the increased temperature, the air molecules gained kinetic energy and started moving more rapidly.",2,0.35639727,-0.25766465,-0.038865466,0.1692916,0.1565041
"This increased movement caused the air molecules to spread out and move further apart, resulting in an increase in humidity.",2,0.38149872,-0.1726712,0.0033698638,0.1062728,-0.12730171
"The increased humidity led to condensation on the metal tray, causing it to become wet.",2,0.42260528,-0.263611,0.09803957,0.148996,-0.11344129
The metal tray is made of a material that can conduct heat.,2,0.30212116,-0.18224135,-0.010544087,0.18938945,0.26020396
The sun's rays hit the metal tray directly.,2,0.16866583,-0.18122594,0.05740553,0.17232485,0.042807702
The metal tray absorbed the solar radiation and transferred it to the ice cube.,2,0.309668,-0.2811177,0.07438137,0.23739016,0.10442542
"As a result of the increased temperature, the ice cube started to melt.",2,0.37003678,-0.3129209,0.05045131,0.21067177,0.16622914
Melting ice releases water vapor into the air.,2,0.34600267,-0.20679232,0.0997947,0.39110178,0.02354662
The wetness on the tray is due to condensation of the water vapor onto its surface.,2,0.32556522,-0.20500302,0.032270055,0.24451998,-0.056119014
The ice cube absorbed solar radiation from the sun.,2,0.23451751,-0.17294239,0.09926121,0.25267237,0.013884239
"As it absorbed heat energy, its temperature increased.",2,0.39325023,-0.25107348,-0.07173483,0.13344951,0.25593248
"When the ice cube's temperature reached its melting point (0°C or 32°F), it began to melt.",2,0.233837,-0.2143555,0.0034781306,0.20477684,0.17643024
"Melting water is a liquid, and any solid object that touches it will become wet.",2,0.21731356,-0.10643242,0.08420953,0.2817091,0.02762639
"The metal tray came into contact with the melted ice cube, allowing it to transfer moisture to the tray.",2,0.39778057,-0.3116501,0.103968345,0.30297995,0.06872868
The metal tray is typically conductive.,2,0.18973789,-0.12203521,0.01762679,0.07878653,0.13567722
"When exposed to sunlight, the surface of the metal tray heats up due to solar radiation.",2,0.39520693,-0.27078646,0.0121067,0.14841583,0.17868038
"As the metal tray warms up, it transfers heat energy to its surroundings through conduction.",2,0.3622414,-0.26501104,-0.0006960105,0.13791125,0.275662
"In this case, the ice cube on the tray absorbs and loses heat energy as it melts.",2,0.3831351,-0.2814309,0.033008233,0.21548331,0.28204042
The melting ice cube causes moisture to evaporate from the tray's surface into the air.,2,0.42045796,-0.30007496,0.062458623,0.33786958,0.09090625
The person placed an ice cube on a metal tray.,2,0.21853074,-0.26747927,0.07810797,0.26286042,0.10632167
"As time passed, the sun's rays hit the metal tray, causing it to heat up.",2,0.3695996,-0.2967257,0.044094738,0.0811696,0.160256
"Since the ice cube had lower thermal conductivity than the metal tray, it did not transfer its heat to the tray as much as the tray transferred its heat to the air and the surrounding environment.",2,0.3592133,-0.27450773,0.06513839,0.22252178,0.23559414
"However, some of the metal tray's heat was absorbed by the ice cube through conduction and radiation, causing the ice cube to start melting.",2,0.36561584,-0.31546628,0.11590128,0.18463108,0.19718857
"As the ice cube melted, it released latent heat into the surroundings, warming them up slightly.",2,0.3823469,-0.27363235,0.09442431,0.23220962,0.13838021
"The increased temperature in the surrounding area caused the air molecules around the tray to gain kinetic energy, leading to evaporation of water from any condensation that may have formed on the surface of the tray.",2,0.38481557,-0.30169833,-0.0430736,0.26677838,0.09244743
This process of evaporation led to the tray being wet.,2,0.3358375,-0.22947086,0.05513581,0.24472216,-0.040854227
The metal tray absorbed heat from the sun.,2,0.3009658,-0.22814299,-0.03901256,0.26164988,0.13096073
"As it absorbed heat, its temperature increased.",2,0.39738336,-0.2621107,-0.083523065,0.16417561,0.22082789
"When the tray reached a higher temperature than the ice cube's melting point (32°F/0°C), the ice cube began to melt.",2,0.26430422,-0.3257054,-0.03918369,0.25464323,0.2349251
Melting caused water to form on the surface of the ice cube and possibly seep into the metal tray.,2,0.37916446,-0.27425796,0.117484935,0.27025697,0.1254771
"The increased surface area and the heat source led to faster evaporation of the melted water, causing it to spread throughout the tray.",2,0.40698925,-0.32182908,-0.05904674,0.28599024,0.1611629
The person left the ice cube on the metal tray.,2,0.2157642,-0.26114875,0.045913573,0.21750173,0.032219842
"As the day progressed, the temperature rose due to the exposure to direct sunlight.",2,0.30654657,-0.26112384,-0.017768016,0.10773186,-0.062831245
"Heat energy from the sun increased in intensity, transferring some of its energy to the metal tray.",2,0.35646874,-0.26684767,-0.050698806,0.17536892,0.20750087
The metal tray was able to absorb and conduct this heat energy through conduction and possibly radiation.,2,0.3012962,-0.21867855,0.0167575,0.13297358,0.2516376
"Since the ice cube started at a low temperature, it absorbed less heat than the environment, causing it to melt over time.",2,0.36628443,-0.2940426,0.10700237,0.17358975,0.13354431
The wetness on the metal tray is most likely due to condensation of water vapor from the air onto the cooler surface of the metal tray as it cooled down after the sun.,2,0.36098135,-0.21778955,0.10248673,0.178527,-0.086540475
"This process occurred because the heat transferred to the tray would have caused its surface temperature to rise initially, but as it continued to receive solar radiation, the increased heat was then reduced when the ice cube started melting and releasing heat into the environment.",2,0.43340713,-0.3900029,0.0595337,0.21385199,0.19777389
The ice cube began to melt due to the warmth of the sun.,2,0.26090562,-0.27537683,0.07941228,0.261323,0.082241714
"As it melted, it released heat energy into the environment.",2,0.3645497,-0.2023708,-0.0041586244,0.17665957,0.12872893
"The metal tray, being a conductor of heat, absorbed this heat energy from the melting ice cube.",2,0.31400707,-0.28122264,0.029942948,0.25089958,0.26340055
The increased temperature of the metal tray caused the water molecules on its surface to gain kinetic energy and transition from a liquid state to a gas (vapor).,2,0.3943799,-0.298301,-0.009620987,0.29007134,0.16283949
"As the vapor rose into the air, it cooled and condensed back into liquid droplets, resulting in the tray becoming wet.",2,0.33435857,-0.26959094,0.030923951,0.28644577,-0.033675
The person left the ice cube in direct sunlight.,2,0.22979008,-0.19568056,0.07810258,0.20304343,-0.080659464
"As a result, the ice cube began to melt due to the heat from the sun.",2,0.2911537,-0.28241652,0.084688395,0.23416932,0.07132566
"When the ice cube melted, it formed water, which dripped onto the metal tray.",2,0.28208968,-0.32506657,0.054501902,0.3423435,0.008027296
"Since the tray was made of metal, it is a good conductor of heat and absorbed some of the sun's energy.",2,0.30526283,-0.21100655,-0.010859039,0.19259833,0.15674913
"As the metal tray absorbed heat, its temperature rose above ambient air temperature.",2,0.36745244,-0.29844084,-0.020649433,0.19764122,0.20751533
"The rising temperature caused the metal to expand, creating gaps between the metal and the water that had dripped onto the tray.",2,0.3937355,-0.33347043,0.017814284,0.22310682,0.05601759
These gaps allowed the water to seep into the tiny spaces between the metal tray's surface and its underlying components.,2,0.28453487,-0.11493713,0.12462856,0.22441484,0.03372177
"As a result of seeping through these gaps, the water spread out over the entire surface of the metal tray, making it wet.",2,0.28729197,-0.16411224,0.0863703,0.29740414,-0.12713815
The sun emits radiation that includes ultraviolet (UV) rays.,2,0.06440655,-0.00043123192,0.0017239703,0.15952048,-0.016197603
"When UV rays hit the metal tray, they cause heat to be absorbed by the tray's surface.",2,0.32986155,-0.21059227,0.029285884,0.18364413,0.16254601
"As a result of absorbing this heat, the tray warms up.",2,0.3317216,-0.26963186,-0.021068046,0.16955212,0.28680792
"The warmed tray is then placed on a surface with relatively low thermal conductivity, such as ice cube.",2,0.38841736,-0.24262267,0.03045464,0.29277718,0.22034226
"Conduction occurs when there are temperature differences between objects in physical contact with each other; in this case, the warm metal tray comes into contact with the cold ice cube.",2,0.28078586,-0.2785299,0.08747766,0.17321637,0.2037604
"As the warmth from the tray is transferred to the ice cube, it causes the ice cube's temperature to rise above its melting point (0°C or 32°F).",2,0.34028536,-0.29812974,-0.002589432,0.25267115,0.25157192
"When the ice cube's temperature increases above its melting point, it begins to melt.",2,0.25103155,-0.26097327,0.057767313,0.22893552,0.19890611
The tray was initially dry.,2,0.26944172,-0.23005636,0.004134204,0.26688445,-0.04395132
"When placed under the sun, it received direct sunlight that increased its temperature.",2,0.3420879,-0.23944066,-0.017065303,0.17859903,0.02297842
"As the tray's temperature rose, it began to heat up.",2,0.32732365,-0.35644716,-0.079010196,0.1713656,0.20336966
"Due to this increase in temperature, the ice cube on the tray started to melt.",2,0.3718383,-0.3429396,0.031761,0.22621597,0.21763039
"As a result of the melting ice, water vapor was released from the ice into the surrounding air.",2,0.32671455,-0.27919513,0.07907293,0.31343213,-0.025019478
The rising hot air around the tray caused its surface to warm up and evaporate any moisture that had accumulated on it.,2,0.43939796,-0.31728986,-0.006291889,0.2071939,0.09348975
"The chef initially left the dough out of the oven, which means it wasn't exposed to heat.",2,0.29785287,-0.14252917,-0.0654564,0.095842026,0.25433517
"However, the dough was still in a warm environment (the kitchen), where temperatures are typically higher than those in the oven.",2,0.34693062,-0.124804504,-0.12260517,0.110322684,0.324161
"Warmth can cause yeast fermentation to continue, even if the dough isn't being actively baked.",2,0.36062637,-0.12296562,-0.039140005,-0.045419052,0.40929446
"As the yeast continues to ferment, the dough will expand and potentially become larger due to the increased production of carbon dioxide gas bubbles.",2,0.3353783,-0.14590718,-0.1918608,0.10805867,0.31163973
"This process is similar to what happens during baking, but without the heat from the oven, it's more likely that the dough will continue to rise and grow in size.",2,0.37618765,-0.15933505,-0.14912398,0.14767748,0.32990637
"However, the dough was still in a warm environment (the kitchen).",2,0.33514532,-0.117997445,-0.095557116,0.14010242,0.256495
Warm temperatures can cause yeast dough to rise and expand.,2,0.4383138,-0.17126131,-0.08619525,0.12594128,0.3725697
"Since the dough was not baked, the gluten network remained intact, allowing it to continue rising.",2,0.24692506,-0.009419675,-0.12443411,0.04331378,0.1803066
"As a result, the dough became larger due to the continued fermentation process.",2,0.32196453,-0.15314037,-0.20481078,0.09910815,0.29771176
"However, the dough was still in a warm environment, likely due to being placed on a counter or table near other appliances or heating sources.",2,0.42205164,-0.17889045,-0.137671,0.07402189,0.3099714
Warm temperatures can cause yeast-based doughs like bread dough to rise and expand.,2,0.42248726,-0.1585326,-0.08558069,0.13332956,0.39496973
"The increased warmth may have triggered the natural fermentation process of the yeast, causing the dough to grow larger over time.",2,0.43397993,-0.18353935,-0.15151331,0.072087154,0.3162766
"The dough was left at room temperature, allowing yeast fermentation to continue.",2,0.31651264,-0.13489377,-0.11891576,-0.008249135,0.3177624
"Yeast fermentation produces carbon dioxide gas as a byproduct, causing the dough to expand.",2,0.28622293,-0.14313059,-0.15781969,0.1406691,0.32141846
"As the dough absorbed moisture from the warm kitchen air, its volume increased further.",2,0.38761953,-0.19938828,-0.18970941,0.2155473,0.25029442
The combination of yeast fermentation and increased moisture led to the dough's expansion.,2,0.35537001,-0.16326101,-0.14702052,0.15541303,0.23000897
The combination of yeast fermentation and increased moisture led to the dough's growth in size.,2,0.37303862,-0.11195495,-0.18226178,0.14410524,0.23955432
"The dough may have been left at room temperature for an extended period, allowing yeast fermentation to continue.",2,0.3532451,-0.1371857,-0.13310379,-0.015551893,0.33327544
"Yeast fermentation produces carbon dioxide gas as a byproduct, which can cause the dough to expand and increase in size.",2,0.3141625,-0.12559357,-0.19084501,0.12942256,0.34239814
"If the kitchen is warm, the rate of yeast fermentation could be higher than if it were cooler, leading to further expansion.",2,0.3018702,-0.15357502,-0.12450316,0.07272576,0.30682015
"The dough may have been exposed to moisture from condensation or nearby water sources, promoting yeast growth and fermentation.",2,0.41599792,-0.15737404,-0.10529431,0.14163792,0.20404346
"The increased temperature and humidity could also contribute to the starches in the dough breaking down, making the dough more prone to over-proofing.",2,0.4073475,-0.13168585,-0.11392041,0.08852883,0.22500739
"The dough is made of flour, water, yeast, and other ingredients that provide structure and rise.",2,0.21433295,0.025000678,-0.11433319,0.19190471,0.19850887
"When the dough is left at room temperature for an extended period, the yeast starts to ferment and produce carbon dioxide gas as a byproduct.",2,0.27068964,-0.1805034,-0.15995342,0.09965739,0.31957787
"As the yeast ferments, the carbon dioxide bubbles get trapped in the dough, causing it to expand and increase in size.",2,0.37696102,-0.10659081,-0.1542313,0.10079447,0.3434254
"The warmth of the kitchen provides an ideal environment for yeast fermentation, allowing the dough to rise more rapidly than if it were refrigerated or cooled down.",2,0.36196163,-0.17785124,-0.10437852,0.11819019,0.373571
The increased temperature and moisture levels in the warm kitchen contribute to the rapid growth of yeast and the subsequent expansion of the dough.,2,0.37962165,-0.2214979,-0.1698987,0.17851812,0.32162043
"The dough was left at room temperature, which is warmer than the refrigerator.",2,0.34981003,-0.19021098,-0.16830038,0.047339756,0.28874767
Yeast fermentation occurs when yeast is present and warm temperatures are reached.,2,0.2632973,-0.1799872,-0.017874781,0.066740304,0.3204171
"As a result of the increased yeast activity, the dough would have expanded in size.",2,0.33609486,-0.10643257,-0.1845603,0.079730205,0.28864765
This expansion occurred due to the production of carbon dioxide gas by the yeast during fermentation.,2,0.25300345,-0.1459601,-0.12645806,0.07903284,0.21119213
"The dough did not undergo baking, which would have killed off the yeast and stopped the fermentation process.",2,0.2557817,-0.087807424,-0.05647966,-0.036050342,0.29467335
The dough's temperature increased due to being left in a warm kitchen.,2,0.39334312,-0.2259979,-0.19999683,0.14770038,0.34575945
"As the temperature of the dough rose, its molecules gained kinetic energy and started moving more rapidly.",2,0.37344474,-0.26127264,-0.09328782,0.19494657,0.30593857
This increase in molecular movement caused the gluten strands in the dough to relax and stretch.,2,0.30430904,0.025893137,-0.06992286,0.08926702,0.2299397
"With the gluten relaxed, the dough's structure became less rigid, allowing it to expand further.",2,0.37230155,-0.0039703664,-0.11481024,0.13318132,0.23003301
"The increased temperature also caused the starches in the dough to break down, making them more gelatinous and contributing to the dough's expansion.",2,0.46555868,-0.2082318,-0.14142549,0.17094034,0.31153384
"The chef placed the dough outside of the oven, which is typically a warmer environment than inside the oven.",2,0.33005425,-0.15667875,-0.06000821,0.1746588,0.29503396
"Warmth and moisture can cause yeast to activate more rapidly, leading to increased fermentation.",2,0.37908626,-0.17384696,-0.036918096,0.022026831,0.2161176
"As the yeast ferments the sugars in the dough, it produces carbon dioxide gas bubbles, causing the dough to expand.",2,0.33748603,-0.12402147,-0.13000283,0.123936914,0.33302745
The warm kitchen temperature and possible presence of steam or humidity could have accelerated this process.,2,0.33352154,-0.29240543,0.023881152,0.108030826,0.14497277
"The temperature of the kitchen is likely higher than the oven temperature, which can cause the dough to rise.",2,0.31329265,-0.19501019,-0.076327704,0.04886456,0.33275446
"Since the dough wasn't baked, it may still contain moisture and starches that contribute to its growth.",2,0.38611162,-0.06121909,-0.13082902,0.16651997,0.22529611
"The warm environment could also lead to enzymatic reactions within the dough, breaking down starches and causing expansion.",2,0.43621117,-0.13806361,-0.08924226,0.17214142,0.34361598
"Yeast fermentation might be occurring in the warm environment if the dough contains active yeast, leading to further expansion.",2,0.38449043,-0.15808764,-0.07176191,0.07296429,0.40789014
The combination of these factors likely contributed to the dough's unexpected size increase.,2,0.26300114,-0.083835974,-0.19426577,0.096737325,0.26384085
"The dough had yeast, which is a microorganism that ferments and produces carbon dioxide gas as a byproduct.",2,0.20504673,-0.0954166,-0.13267659,0.18140562,0.30678618
"As the yeast fermented, it produced more carbon dioxide, causing the dough to expand.",2,0.35939056,-0.1608337,-0.17882663,0.09911249,0.32660615
"The warm kitchen environment provided ideal conditions for yeast growth and fermentation, allowing the dough to continue expanding.",2,0.3685456,-0.15486741,-0.14336161,0.13717228,0.35440353
"The increased heat and moisture in the kitchen likely prevented the formation of gluten strands, which could have restricted the dough's expansion.",2,0.36250174,-0.11593582,-0.09359352,0.122291215,0.2482304
"As a result, the dough continued to rise and grow in size due to the active yeast fermentation process.",2,0.31504533,-0.108533934,-0.18390492,0.09502774,0.32010743
The chef initially placed the dough in the oven.,2,0.14786409,-0.13686417,-0.07146415,0.21486188,0.23954707
"Since the oven is typically hot, the dough would have started to rise or expand due to the heat and possibly yeast fermentation if it contained yeast.",2,0.34044158,-0.21446249,-0.12634142,0.09190653,0.33910692
"However, upon discovering the dough later in the warm kitchen, there was no additional heat from the oven to cause further expansion.",2,0.2860471,-0.107315265,-0.12721615,0.12001546,0.39443356
The presence of warmth in the kitchen could still contribute to continued yeast fermentation and dough expansion.,2,0.3449273,-0.14936818,-0.14299777,0.092898645,0.34942126
"Additionally, factors such as ambient temperature, humidity, and the movement of the chef might have also contributed to increased dough size.",2,0.36582613,-0.1145501,-0.19068003,0.12238257,0.21283835
"The initial temperature of the dough is likely higher than room temperature, contributing to its expansion.",2,0.3783718,-0.18820804,-0.14665867,0.12406715,0.36712396
"The warmth from the kitchen may be sufficient to cause the yeast to react and produce carbon dioxide gas, leading to further expansion.",2,0.3280624,-0.19680154,-0.11412225,0.11879983,0.28702632
"If the dough was covered or enclosed in a warm space, it could have trapped heat and moisture, promoting continued growth and expansion.",2,0.4570416,-0.17470054,-0.12898603,0.17506027,0.30504674
"Additionally, the warmth might have activated enzymes that break down starches and other components of the dough, contributing to its increased size.",2,0.43312094,-0.15673923,-0.13821903,0.1432729,0.32431328
"The dough was left at room temperature for an extended period, which caused its yeast to activate and produce more carbon dioxide.",2,0.3693387,-0.20872617,-0.18301597,0.051279746,0.3132321
"As a result of increased carbon dioxide production, the dough expanded and rose in size.",2,0.33128393,-0.18587305,-0.2443188,0.18244424,0.21444193
"Since the oven was not used, there was no additional heat or moisture that could have contributed to further baking.",2,0.34013143,-0.0977924,-0.04590108,0.057454955,0.15595876
"The warm kitchen environment allowed for continued yeast activity, which caused the dough to continue rising.",2,0.36187986,-0.19882932,-0.124684215,0.095255435,0.33295223
The person used their umbrella to protect themselves from rain or precipitation.,2,0.20773448,-0.02153831,0.12609915,0.28118205,-0.4170944
"They walked outside under the umbrella, allowing them to stay dry while walking.",2,0.19123754,0.0011832098,0.1364534,0.3067988,-0.45873725
"However, when they stepped out of the covered area (e.g., their car, building), they were exposed to the elements again.",2,0.11752481,0.011515327,0.11411006,0.110309765,-0.2228496
"As a result, their shoes got wet due to being in contact with rain or precipitation for an extended period.",2,0.14235087,-0.035984803,0.097884364,0.23608328,-0.42805934
"Meanwhile, the person's shirt remained dry because it was not exposed to the same amount of moisture.",2,0.19974558,-0.085081145,0.09036705,0.08785381,-0.24899633
"They walked outside while it was raining, causing their shoes to get wet.",2,0.14351757,-0.017637262,0.12726937,0.23130892,-0.483323
"After exiting, they removed the umbrella, allowing them to walk in the remaining dry area.",2,0.1371205,-0.020293836,0.06895577,0.24158333,-0.37425888
Their shirt remained dry because they were already inside when they took off the umbrella.,2,0.16193718,-0.033480246,0.11639382,0.21749055,-0.34007445
The person walked under an awning or a covered area to bring out the umbrella.,2,0.1445455,-0.08691127,0.06828566,0.23093994,-0.2809997
"They opened the umbrella, allowing rain to pass through it.",2,0.11173926,-0.06377575,0.14578056,0.292409,-0.41465297
"The rain passed through the umbrella and onto their shoes, making them wet.",2,0.07342619,-0.025877308,0.15261863,0.37233004,-0.52279776
"After bringing out the umbrella, they returned inside without using it again.",2,0.16211157,-0.028240796,0.024734607,0.14705469,-0.30559304
"Inside, they likely changed into dry clothes or allowed themselves to dry off before putting on a new shirt.",2,0.17244782,-0.0069039334,0.022509644,0.11300591,-0.2084502
"They walked under the umbrella, which kept them dry.",2,0.16889352,-0.01118005,0.12002402,0.31777883,-0.43288544
"However, when they stepped out of the covered area (e.g., from under the umbrella), they were exposed to the rain again.",2,0.14994507,-0.013647069,0.11787056,0.25814196,-0.40277106
"As a result, their shoes got wet due to being in contact with the rain.",2,0.104397036,-0.011757785,0.13184172,0.23866723,-0.46491125
Their shirt remained dry because it was not in direct contact with the rain.,2,0.15056007,0.023163479,0.1333047,0.105843544,-0.3410703
The person initially used the umbrella to protect themselves from rain or precipitation.,2,0.2084957,-0.045794435,0.14437053,0.30366734,-0.40813047
"They then brought the umbrella inside, which stopped the rain from falling on them.",2,0.14843626,-0.06528304,0.14076935,0.2472508,-0.39955354
"However, they did not bring their shoes inside, allowing water to seep in through the door or other openings.",2,0.092041835,0.11722362,0.10554411,0.1865359,-0.29645708
"As a result, their shoes became wet while staying dry under the protection of the umbrella.",2,0.16839765,-0.04790078,0.1624013,0.29269376,-0.4498215
"The person took an umbrella outside, indicating they expected to get wet.",2,0.1312932,-0.12588024,0.178836,0.27215356,-0.38009375
"However, when returning, their shoes were wet, suggesting they got wet while walking outside.",2,0.13509028,0.0434917,0.15207663,0.1815967,-0.43891418
"Their shirt remained dry, implying that the water from their shoes did not reach them directly.",2,0.13035126,0.03387024,0.12861954,0.1637443,-0.33786532
"Given these observations, it is likely that the person walked through standing water or a puddle with wet shoes, and then removed their shoes before entering where they kept their dry clothes.",2,0.04397667,-0.070682734,0.1012141,0.2085226,-0.4388243
The person went outside with an umbrella to protect themselves from the rain.,2,0.13966838,-0.04691712,0.15920658,0.21910074,-0.4510098
"While using the umbrella, they walked on a surface that was covered in water or ice, causing them to get wet shoes.",2,0.22311236,-0.061164036,0.19240977,0.3423632,-0.43158385
"However, their umbrella provided some protection from the rain, keeping their upper body (including their shirt) dry.",2,0.19701134,0.053942844,0.19224739,0.29802018,-0.4584664
The person then returned inside with their wet shoes and dry shirt.,2,0.10044687,-0.054810174,0.057497483,0.18693434,-0.4068634
The person used their umbrella to protect themselves from rain.,2,0.17541762,-0.023958746,0.15646558,0.2542498,-0.45477334
"The umbrella was not designed to keep feet dry, only heads.",2,0.1740903,0.05650319,0.16141436,0.17842185,-0.3245949
The person walked on wet ground or stepped into puddles.,2,0.12847681,-0.07478218,0.12208652,0.25273308,-0.41137448
Water seeped through the ground and onto their shoes.,2,0.08195116,0.017709075,0.117221765,0.30349776,-0.38404927
The person carried their wet shoes inside.,2,0.10928099,0.026807632,0.058510028,0.27723122,-0.34879988
The person opened their umbrella to protect themselves from rain.,2,0.14418404,-0.05710147,0.14107142,0.21745779,-0.4408819
"It started raining heavily, causing the umbrella to become fully saturated.",2,0.30918142,-0.1493162,0.07644794,0.23531426,-0.27046165
They closed the umbrella and went inside before it could cause them further harm.,2,0.17465657,-0.06418281,0.14397599,0.13499534,-0.29375938
"While they were inside, they took off their wet shoes and changed into dry shoes or left them outside.",2,0.08453724,0.016424024,0.028980229,0.2309171,-0.38834846
"They then put on a new, dry shirt.",2,0.0903221,0.030611567,0.024322407,0.124257416,-0.2359088
"The person walked outside under the umbrella, which provided protection from rain.",2,0.17583801,-0.07992767,0.15693085,0.23535427,-0.4371638
"However, the umbrella did not keep their feet dry, resulting in wet shoes.",2,0.1533968,0.028310718,0.17376748,0.23298356,-0.43365052
"It is unlikely that they got wet from head to toe if only their shoes were affected, so there must be a significant difference in exposure between the top and bottom parts of the body.",2,0.07950891,0.012319098,0.11897716,0.19802678,-0.3690463
The fact that their shirt remained dry suggests that it was exposed to less water or rain than their feet.,2,0.17288373,-0.025961852,0.08182767,0.1662987,-0.41300276
"Given these observations, it is likely that they got wet from their feet while walking outside under the umbrella.",2,0.19070889,-0.0272666,0.16569571,0.28855506,-0.48066366
The person had contact with rain when walking under their umbrella.,2,0.13610731,-0.063377105,0.1767114,0.2581534,-0.4673389
"Water entered through the top of the umbrella, getting on the person's shoes.",2,0.07535467,-0.09558699,0.14238645,0.36302888,-0.43270162
"However, the water did not penetrate to the lower parts of the body.",2,0.17367773,0.037579942,0.13469197,0.08963273,-0.17255272
This suggests that the entry point was at or above the ankle level.,1,-0.029896144,-0.00928577,0.10297944,0.012148221,-0.11431966
The fact that the shirt remained dry indicates it was likely higher up.,2,0.17318536,-0.06730961,-0.038703088,0.06764234,-0.15000235
The person must have gone out of their house or building while it was still raining.,2,0.123453416,-0.049690496,0.08064914,0.076368846,-0.35999632
"The rain caused water to enter through the opening of the umbrella (e.g., the handle, edge, or tip).",2,0.21367253,-0.15574636,0.11182548,0.27051634,-0.3624553
"Water dripped from the umbrella and landed on the shoes they were wearing, getting them wet.",2,0.08372034,-0.043151777,0.1620921,0.3406969,-0.48887128
"However, the rain did not penetrate far enough into the umbrella to soak through it completely to reach the shirt underneath.",2,0.15345712,-0.047087416,0.1630116,0.22036316,-0.38407105
"As a result, the person's shirt remained dry while their shoes got wet due to the water entering the umbrella.",2,0.14666899,-0.07986152,0.15316236,0.24491204,-0.4396164
It rained during the time the umbrella was being used.,2,0.20110323,-0.13812998,0.110636644,0.23967081,-0.40507856
"The rain caused water to enter through the bottom of the umbrella, resulting in wet shoes.",2,0.1522381,-0.07157528,0.16604969,0.27772975,-0.43971357
"The person was able to hold their head and body under cover of the umbrella to keep themselves dry, while their feet were exposed to the rain.",2,0.14845915,-0.028960632,0.12339262,0.27049705,-0.4619203
They then put on dry clothes that they had with them when they returned inside.,2,0.06738134,0.0052064504,0.0027190128,0.1584677,-0.305064
The person used their umbrella to protect themselves from rain or other forms of precipitation.,2,0.20759311,-0.023839712,0.12182037,0.2934436,-0.41145486
"During this time, they walked or stood outside for an extended period.",2,0.011408382,-0.036154386,0.03713772,0.07131758,-0.27713338
"As a result of prolonged exposure, the bottom part of their shoe got wet.",2,0.19455497,0.010192074,0.12119584,0.23603511,-0.3623651
"Upon returning inside, they removed their shoes and allowed them to air dry before putting them back on.",2,0.09279715,-0.00647612,0.047101084,0.197737,-0.3457274
"Meanwhile, the person remained dry due to wearing a waterproof outer layer (the umbrella) that protected them from the elements.",2,0.23500417,-0.023288371,0.16817297,0.2349377,-0.42975265
The person walked under a rain shower or from an area where it was raining.,2,0.100864574,-0.093361855,0.13619582,0.14211035,-0.39339915
"Water accumulated on their feet, causing their shoes to get wet.",2,0.1680243,-0.003875345,0.13018315,0.22663353,-0.4189412
The umbrellas functioned properly by keeping the top part of their body (shirt) dry.,2,0.19379352,0.023153026,0.14305374,0.28589228,-0.33235997
"As they walked back inside, some water may have entered through other means, such as around the shoes or under the hem of their pants.",2,0.11732904,-0.019379834,0.12675454,0.23515157,-0.3689884
The phone's battery capacity may have been partially drained due to self-discharge.,3,0.3431004,0.008792413,0.14974481,-0.56551164,-0.14402662
"Self-discharge occurs when a battery is not being charged or discharged, and it slowly loses its charge over time.",3,0.22712801,-0.07366878,0.12276201,-0.32431388,-0.07033494
"Even if the phone was left charging overnight, some of the energy from the charger may have been lost as heat, reducing the overall charge.",3,0.32943782,-0.08461206,0.15003419,-0.46276718,-0.027948448
"Additionally, the phone's internal components, such as the processor and memory, consume power even when the device is turned off, contributing to self-discharge.",3,0.23451354,-0.038573176,0.1483355,-0.4395574,-0.10144718
The combination of these factors could result in a lower battery level than expected.,3,0.22692978,0.01432984,0.10577466,-0.406356,0.009480951
The phone's battery might have been partially discharged before being left to charge.,3,0.2171943,-0.053542074,0.19100423,-0.53040034,-0.1402485
Overnight charging can cause the battery to heat up and potentially degrade faster.,3,0.3179935,-0.06613699,0.124517985,-0.4054965,0.03508527
"High temperatures can accelerate chemical reactions within the battery, leading to reduced capacity.",3,0.39955607,-0.06345709,0.04147214,-0.22391792,0.14710388
"The phone's charger or power source may not be providing a stable voltage or current, causing uneven charging.",3,0.23408511,0.00054318074,0.17168555,-0.42250332,-0.06091964
"The battery itself might be old or have existing capacity issues, affecting its ability to hold a charge.",3,0.2894809,0.044662207,0.14254162,-0.55894715,-0.046630587
Consider the possible causes of low battery.,3,0.2987466,-0.025093116,0.12969469,-0.4947465,-0.00027395925
Think about the fact that the phone was left charging overnight.,3,0.18899582,-0.075225614,0.15230848,-0.44686595,-0.1035555
"Realize that if the phone was fully charged and then recharged, there would be no decrease in battery level.",3,0.23727511,-0.0094363885,0.05724794,-0.4974529,-0.070693076
Remember that charging a battery can cause it to heat up.,3,0.33042523,-0.06494536,0.13374102,-0.33418688,0.14100276
Hypothesize that the phone's battery might have been damaged or malfunctioning due to overheating during the charging process.,3,0.36307263,-0.049043007,0.21301363,-0.50095373,-0.035275165
"Consider other possible explanations such as a faulty charger or a software issue, but they seem less likely given the context of overnight charging.",3,0.23804964,-0.02425422,0.15275599,-0.4605535,-0.018345905
The phone's battery capacity may have been partially drained due to the ambient temperature.,3,0.45101553,-0.052762408,0.121774614,-0.4791782,-0.038131285
The charger's power output might not be sufficient for the phone's battery size and type.,3,0.18678185,0.11737687,0.16269083,-0.49533546,-0.117365
"The phone's internal components, such as the battery management system or charging circuitry, could be malfunctioning.",3,0.29341078,0.021319522,0.22661908,-0.57229,-0.08441916
The phone's software may be causing the battery to drain faster than usual due to a bug or inefficient algorithm.,3,0.28712034,-0.015041606,0.1294333,-0.4766655,-0.09637319
"External factors like age of the battery, quality of the charger, and environmental conditions (e.g., humidity) might also contribute to the issue.",3,0.3385704,-0.035809975,0.15065955,-0.5155178,-0.09476867
The phone's battery capacity is typically measured in milliampere-hours (mAh).,3,0.15039425,0.16180395,-0.0006748296,-0.41428798,-0.14687817
"If the phone was fully charged and then left to charge for an extended period, it would likely have reached its maximum capacity.",3,0.24060598,0.062178623,0.012906683,-0.4414395,-0.060645144
"However, if the phone had little battery in the morning, it suggests that some energy was drained or lost during the charging process.",3,0.28887686,-0.029272698,0.19847703,-0.5279362,-0.04109447
"A possible explanation is that the phone's charger was not functioning correctly or was damaged, causing it to draw power from the battery instead of charging it.",3,0.30160975,-0.040925562,0.18541825,-0.5100644,-0.07478178
"Another possibility is that the phone's battery itself was faulty or had a manufacturing defect, leading to inconsistent charging behavior.",3,0.24418561,0.019589184,0.2117257,-0.503828,-0.07826746
The phone's battery was likely discharged due to the operating system and background processes running during the night.,3,0.2370878,-0.04707284,0.18291804,-0.5086175,-0.10007987
"Even if the phone was left on ""sleep"" mode, some power-hungry apps may have continued to run in the background.",3,0.29016763,0.00485993,0.13009565,-0.4981555,-0.0070047504
"Additionally, the charging circuit may not be 100% efficient, leading to some energy being lost as heat.",3,0.38507953,-0.055189267,0.13404822,-0.40349022,0.15023144
The battery's capacity and health could also contribute to reduced overall performance.,3,0.30251,0.06303278,-0.00054919254,-0.3509355,-0.016190177
Environmental factors like temperature and humidity may affect battery life.,3,0.37544736,-0.06696884,0.07259947,-0.3685252,-0.08555281
The phone's battery capacity may have been reduced due to repeated charge cycles.,3,0.34556878,0.03764971,0.052073248,-0.56072295,-0.07310576
Overcharging can cause battery degradation and reduce its overall capacity.,3,0.29936707,0.06219928,0.0027706935,-0.3745721,0.055962276
"A possible explanation could be that the phone was fully charged overnight, but then began draining rapidly as soon as it was plugged in again.",3,0.3127531,-0.08618097,0.16112357,-0.38105556,-0.124281645
This rapid discharge could be caused by a faulty charger or an issue with the phone's charging circuitry.,3,0.22829038,-0.04753195,0.2499554,-0.40530068,-0.1040662
The phone's battery capacity may have been reduced over time due to manufacturing defects or wear and tear.,3,0.32662636,0.09586604,0.015901243,-0.5059915,-0.13415164
The charger used for the phone might not be capable of delivering sufficient power to charge the battery efficiently.,3,0.24621874,0.087171875,0.1961129,-0.49444333,-0.0794287
"The temperature inside where the phone was left overnight could have affected its performance, with high temperatures reducing battery life.",3,0.39995936,-0.12001812,0.082547255,-0.40153846,0.00616551
A faulty charging circuit within the phone's battery management system may have caused inefficiencies in charging.,3,0.23959634,0.028158113,0.16679522,-0.520699,-0.03566764
Environmental factors such as humidity or exposure to moisture might have accelerated degradation of the battery.,3,0.38794917,-0.08372306,0.099655114,-0.40800318,-0.10594088
The phone's battery level was likely measured before the night.,3,0.17720701,-0.037011266,0.119596474,-0.4866946,-0.1199995
The phone was plugged into a charger overnight.,3,0.18767346,-0.080854505,0.13338414,-0.40561485,-0.14699595
"If the charger was not functioning correctly or the cable was damaged, it may have drawn less power than expected.",3,0.254266,-0.060217842,0.13410464,-0.41744936,-0.09805147
"Alternatively, if the phone's internal temperature regulation system failed to activate during charging, it could have caused excessive heat buildup and reduced battery capacity.",3,0.44076255,-0.06906428,0.16325404,-0.48561114,0.024032382
Another possibility is that the phone's software was detecting low battery levels and limiting the amount of charge being received.,3,0.29438576,0.0016186957,0.17968774,-0.54430556,-0.06581691
The phone's battery may have been damaged during the manufacturing process.,3,0.25668213,0.0044076764,0.14560094,-0.50801563,-0.08447451
The phone's battery may be old or nearing its expiration date.,3,0.23643817,0.028535595,0.14018492,-0.56898695,-0.06522347
The phone may have been exposed to physical stress or impact that affected the battery.,3,0.3263065,-0.017652407,0.19008207,-0.5049674,-0.13053195
The charger used by the phone may not be compatible with the phone's charging port.,3,0.13049766,0.11547211,0.22972707,-0.38699186,-0.053196795
The charger itself may be faulty or damaged.,3,0.22701477,0.012697732,0.20513722,-0.4619193,-0.08528126
The phone's software may be causing it to drain the battery unnecessarily.,3,0.3101674,-0.011980282,0.13360785,-0.5401104,-0.09371066
"The phone's display settings, such as brightness and screen timeout, may be set too high for the battery life.",3,0.26729742,0.05900719,0.14223792,-0.5448446,-0.09773484
The ambient temperature of the environment where the phone was left charging may have affected the battery's capacity.,3,0.42603603,-0.06851298,0.09312019,-0.48504987,-0.051237706
Overheating due to prolonged charging,3,0.24976814,-0.04114291,0.038184162,-0.27831239,0.032615073
"Discharge during overnight hours (e.g., if the screen was on)",3,0.114130564,-0.018991139,0.06437358,-0.2461227,-0.04605496
Battery calibration issue or health problem,3,0.16742602,-0.037816647,-0.027575733,-0.37012577,-0.07141141
Faulty charger or charging circuit,3,0.06596385,0.04550421,0.11372708,-0.31989497,-0.06968051
A manufacturing defect in the phone's battery,3,0.17492166,0.07089935,0.11261551,-0.3918891,-0.08867212
Environmental factors like high temperature and humidity,2,0.3347015,-0.10778128,0.020884562,0.030192466,-0.104619876
The charging port might be clogged with dust or debris.,3,0.29920056,-0.047072675,0.15035757,-0.4251985,-0.10586225
The charger's power output might be lower than expected.,3,0.24109988,-0.0028205283,0.13169073,-0.39490816,-0.0752074
"The phone's internal cooling system could have malfunctioned, causing heat to build up and preventing the battery from charging efficiently.",3,0.3583274,-0.045787103,0.2170159,-0.49196404,-0.04746034
A software issue could be preventing the phone from drawing power correctly.,3,0.22403006,0.0053887866,0.14224969,-0.5012337,-0.030985864
"The battery itself might be failing or degraded, reducing its capacity.",3,0.33732438,0.039335176,0.102337755,-0.5470028,-0.029256685
The phone's charge level decreased over time.,3,0.30888128,-0.018254228,0.083369136,-0.5018723,-0.10731498
"Even when plugged into a power source, a phone still consumes power for various components such as the processor, memory, and other circuitry.",3,0.20852003,0.009475877,0.079257816,-0.3963831,-0.056381933
A significant portion of the initial charge was used to replenish a depleted battery state that developed overnight.,3,0.22711341,-0.0936868,0.049059615,-0.3942182,-0.014402039
"As a result, the phone's overall charge level decreased further during the night.",3,0.27964282,-0.011728255,0.092006855,-0.44222158,-0.09561366
Check the charging cable and charger for damage or defects.,3,0.2451001,-0.043464035,0.15461656,-0.4464275,-0.054970812
Verify that the charger is properly plugged into both the wall outlet and the phone.,3,0.14334661,0.008718633,0.22276126,-0.46654668,-0.07999646
"Ensure the phone's power settings are not set to ""low power"" or ""energy saving"".",3,0.31144658,-0.0067612757,0.18391296,-0.4999954,-0.016786773
"Consider that the phone's battery percentage might be skewed due to a software issue, such as an incorrect calibration.",3,0.2545005,0.073601656,0.033707876,-0.5535173,-0.040957652
Check for any apps or background processes consuming excessive energy while charging.,3,0.26136672,-0.011724331,0.1333411,-0.45750904,0.024256421
Consider the possibility of a faulty charger or power source.,3,0.25467664,-0.026776738,0.16954406,-0.4810967,-0.0073377425
"Think about potential environmental factors that could affect battery performance, such as extreme temperatures or humidity.",3,0.3570188,-0.071316004,0.08587537,-0.3461069,-0.04751683
Take into account possible software issues with the phone's charging system.,3,0.27219698,0.028369363,0.15461713,-0.56806135,-0.053569555
Evaluate if there was any unusual activity or interference near the phone during the night.,3,0.0055827694,-0.03314482,0.09862784,-0.35908332,-0.041293845
Consider whether the battery was at its full capacity before being charged overnight.,3,0.18102276,-0.07673551,0.12358923,-0.44495612,-0.008194999
