trace_id,prompt_id,task_family,model,difficulty,outcome,trial_id,repeat_index,temperature,temperature_tag,from_step_position,to_step_position,from_step_text,to_step_text,static_projection_norm,residual_norm,residual_cluster,residual_pc_1,residual_pc_2,residual_pc_3,residual_pc_4,residual_pc_5,residual_pc_6,residual_pc_7,residual_pc_8
trace_00001,arith_001,arithmetic,llama3.2:latest,easy,correct,arith_001__trial_01,1,0.8,,0,1,Calculate total number of cans collected = cans on Monday + cans on Tuesday,Total cans collected = 14 + 19 = 33,0.16739284,0.98589027,3,-0.018249007,-0.06662704,-0.04697881,-0.17277674,0.05163115,-0.0036912085,0.06379014,0.21000452
trace_00001,arith_001,arithmetic,llama3.2:latest,easy,correct,arith_001__trial_01,1,0.8,,1,2,Total cans collected = 14 + 19 = 33,Calculate the number of usable cans after discarding damaged ones,0.10452063,0.9945227,0,0.37601227,0.08399149,0.106236346,-0.16611786,0.040645137,-0.017214922,0.084135205,0.091377206
trace_00001,arith_001,arithmetic,llama3.2:latest,easy,correct,arith_001__trial_01,1,0.8,,2,3,Calculate the number of usable cans after discarding damaged ones,Number of usable cans = total cans collected - damaged cans = 33 - 6 = 27,0.12790212,0.9917868,3,-0.2912332,-0.011485032,-0.13847084,-0.072234474,-0.047406036,-0.01514689,-0.061188005,-0.08568042
trace_00002,arith_001,arithmetic,llama3.2:latest,easy,incorrect,arith_001__trial_02,2,0.8,,0,1,Calculate the total number of cans collected.,Subtract the number of damaged cans from the total.,0.18176672,0.9833417,0,0.3212067,-0.14316484,0.07478661,-0.30802348,0.036145635,0.095757976,0.24507108,0.15975115
trace_00002,arith_001,arithmetic,llama3.2:latest,easy,incorrect,arith_001__trial_02,2,0.8,,1,2,Subtract the number of damaged cans from the total.,Total cans = 14 + 19 = 33,0.15003155,0.9886812,3,-0.46481752,0.11172666,-0.10408616,0.16156241,-0.0022031586,0.06483518,-0.13971168,-0.19367294
trace_00002,arith_001,arithmetic,llama3.2:latest,easy,incorrect,arith_001__trial_02,2,0.8,,2,3,Total cans = 14 + 19 = 33,Usable cans = 33 - 6 = 27,0.19949992,0.9798978,0,0.17747866,0.07735532,-0.050231744,-0.17018662,0.12349746,0.018344149,-0.028560394,-0.023823667
trace_00003,arith_001,arithmetic,llama3.2:latest,easy,correct,arith_001__trial_03,3,0.8,,0,1,Calculate the total number of cans collected by adding Monday's collection (14) to Tuesday's collection (19): 14 + 19 = 33,Subtract the number of damaged cans from the total: 33 - 6 = 27,0.0784349,0.9969192,0,0.34325337,-0.027211973,-0.034686483,-0.3955449,0.022692205,0.011966025,0.1376605,0.21894541
trace_00004,arith_001,arithmetic,llama3.2:latest,easy,incorrect,arith_001__trial_04,4,0.8,,0,1,Add the total number of cans collected on Monday and Tuesday (14 + 19 = 33).,Subtract the number of damaged cans (6) from the total (33 - 6 = 27).,0.05673489,0.99838924,0,0.38497105,-0.053828746,-0.03761716,-0.4096176,0.033084154,-0.04377567,0.14410573,0.20644651
trace_00005,arith_001,arithmetic,llama3.2:latest,easy,incorrect,arith_001__trial_05,5,0.8,,0,1,Calculate the total number of cans collected.,Subtract the damaged cans from the total.,0.13880028,0.9903203,0,0.30952027,-0.16227655,0.035519026,-0.27836534,0.028972866,0.15586957,0.26028955,0.15660042
trace_00005,arith_001,arithmetic,llama3.2:latest,easy,incorrect,arith_001__trial_05,5,0.8,,1,2,Subtract the damaged cans from the total.,Determine the initial number of usable cans before any were used or returned.,0.22408174,0.9745703,1,-0.20974718,0.2374656,0.0043320656,0.24375325,0.12615156,-0.06462252,-0.1662994,-0.10553866
trace_00006,arith_002,arithmetic,llama3.2:latest,easy,correct,arith_002__trial_01,1,0.8,,0,1,Calculate the total number of pencils sold: 23 (morning) + 18 (afternoon) = 41,Subtract the number of pencils returned from the total: 41 - 7 = 34,0.098068714,0.9951796,0,0.39773124,-0.098813444,-0.018557005,-0.23530813,0.10557351,0.10015602,-0.04143625,0.15166767
trace_00006,arith_002,arithmetic,llama3.2:latest,easy,correct,arith_002__trial_01,1,0.8,,1,2,Subtract the number of pencils returned from the total: 41 - 7 = 34,Final answer: 34,0.16764058,0.9858482,3,-0.23750323,0.16474602,0.045368567,-0.1291144,0.044218514,-0.06148227,-0.059257247,0.057064917
trace_00007,arith_002,arithmetic,llama3.2:latest,easy,correct,arith_002__trial_02,2,0.8,,0,1,Calculate total number of pencils sold: 23 (morning) + 18 (afternoon) = 41,Subtract returned pencils from total: 41 - 7 = 34,0.07473467,0.99720347,0,0.3919909,-0.1284554,-0.0694675,-0.24124837,0.063583165,0.14832763,0.004803617,0.13059054
trace_00007,arith_002,arithmetic,llama3.2:latest,easy,correct,arith_002__trial_02,2,0.8,,1,2,Subtract returned pencils from total: 41 - 7 = 34,Final answer: ...34,0.18594113,0.9825609,3,-0.28158727,0.25772846,0.07358524,-0.13978505,0.06636396,-0.08761339,-0.12568386,0.081124865
trace_00008,arith_002,arithmetic,llama3.2:latest,easy,correct,arith_002__trial_03,3,0.8,,0,1,Calculate total number of pencils sold: 23 (morning) + 18 (afternoon) = 41,Subtract returned pencils: 41 - 7 = 34,0.06679678,0.9977666,0,0.36368603,-0.08458164,-0.14391664,-0.2308387,0.078240916,0.15021625,-0.007887183,0.09925919
trace_00008,arith_002,arithmetic,llama3.2:latest,easy,correct,arith_002__trial_03,3,0.8,,1,2,Subtract returned pencils: 41 - 7 = 34,Final answer: ... 34,0.18141243,0.98340714,3,-0.28057498,0.23219578,0.13856228,-0.13931367,0.052268714,-0.09738214,-0.117447294,0.10163859
trace_00009,arith_002,arithmetic,llama3.2:latest,easy,incorrect,arith_002__trial_04,4,0.8,,0,1,Add the number of pencils sold in the morning to the number of pencils sold in the afternoon.,Subtract the total from the initial amount before returns (no information is given about this).,0.12786587,0.9917914,0,0.210344,-0.053469706,-0.039845727,-0.08721057,0.070512384,0.06489086,-0.017636456,0.19053726
trace_00009,arith_002,arithmetic,llama3.2:latest,easy,incorrect,arith_002__trial_04,4,0.8,,1,2,Subtract the total from the initial amount before returns (no information is given about this).,"Since the problem states that some pencils were returned, we must acknowledge that at least 7 pencils are not sold anymore, and subtract it.",0.22367403,0.97466403,3,0.037688013,-0.0025613436,-0.06705665,-0.2059286,-0.04059459,-0.05003604,0.053198848,-0.04529718
trace_00009,arith_002,arithmetic,llama3.2:latest,easy,incorrect,arith_002__trial_04,4,0.8,,2,3,"Since the problem states that some pencils were returned, we must acknowledge that at least 7 pencils are not sold anymore, and subtract it.",Subtract the returned pencils from the sum calculated in step 1 to find the number of pencils that stayed sold.,0.3130832,0.94972575,2,0.058715206,0.07585785,0.083948486,0.20251271,-0.04955119,-0.04616144,-0.011335562,-0.12716797
trace_00010,arith_002,arithmetic,llama3.2:latest,easy,correct,arith_002__trial_05,5,0.8,,0,1,Calculate total pencils sold: 23 (morning) + 18 (afternoon) = 41,Subtract returned pencils: 41 - 7 = 34,0.06773388,0.99770343,0,0.35878047,-0.07118863,-0.14297092,-0.24165854,0.10331444,0.14269929,-0.047922116,0.10408901
trace_00010,arith_002,arithmetic,llama3.2:latest,easy,correct,arith_002__trial_05,5,0.8,,1,2,Subtract returned pencils: 41 - 7 = 34,Determine pencils that stayed sold: 34,0.20873162,0.977973,1,-0.116807595,0.2470182,0.16895385,-0.05091048,-0.0076675545,-0.093707904,0.06390595,-0.022195464
trace_00011,arith_003,arithmetic,llama3.2:latest,medium,incorrect,arith_003__trial_01,1,0.8,,0,1,Add the amount of money raised on Friday and Saturday to find the total amount raised.,Subtract the cost of supplies from the total amount raised.,0.08524484,0.99636006,0,0.43036628,-0.2468886,0.0926815,-0.07038898,0.06199121,0.02235466,0.045510713,0.2423771
trace_00011,arith_003,arithmetic,llama3.2:latest,medium,incorrect,arith_003__trial_01,1,0.8,,1,2,Subtract the cost of supplies from the total amount raised.,Total amount raised: $125 + $87 = $212,0.14966816,0.98873633,3,-0.46923497,0.3189737,-0.12399422,-0.28969523,-0.013232819,0.04189622,0.025022011,-0.21878298
trace_00011,arith_003,arithmetic,llama3.2:latest,medium,incorrect,arith_003__trial_01,1,0.8,,2,3,Total amount raised: $125 + $87 = $212,Remaining amount: $212 - $36 = $176,0.12359234,0.99233305,0,0.28629208,-0.06350521,-0.13799728,-0.15064514,0.20732865,0.039853625,-0.1329486,0.012960075
trace_00012,arith_003,arithmetic,llama3.2:latest,medium,correct,arith_003__trial_02,2,0.8,,0,1,Calculate the total amount of money raised by adding the amounts from Friday and Saturday.,Total money = $125 + $87,0.18722586,0.9823169,3,0.06326875,0.027472915,-0.11658671,-0.359185,0.0066007087,0.009707365,0.064758085,0.051535107
trace_00012,arith_003,arithmetic,llama3.2:latest,medium,correct,arith_003__trial_02,2,0.8,,1,2,Total money = $125 + $87,Total money = $212,0.11943135,0.9928425,4,-0.03494724,0.024008922,0.0507589,-0.22160116,0.14124541,0.103031084,-0.062303457,-0.009330664
trace_00012,arith_003,arithmetic,llama3.2:latest,medium,correct,arith_003__trial_02,2,0.8,,2,3,Total money = $212,Subtract the cost of supplies from the total amount of money raised to find out how much money remained.,0.20479527,0.9788049,0,0.32539603,-0.20350121,0.06328395,0.42983928,-0.12758009,-0.06636886,0.04359796,0.14952156
trace_00012,arith_003,arithmetic,llama3.2:latest,medium,correct,arith_003__trial_02,2,0.8,,3,4,Subtract the cost of supplies from the total amount of money raised to find out how much money remained.,Money remaining = Total money - Cost of supplies,0.23777096,0.9713212,3,-0.14917414,-0.052912954,0.0392462,-0.16204956,0.12653834,-0.010529178,0.02231174,-0.024903623
trace_00012,arith_003,arithmetic,llama3.2:latest,medium,correct,arith_003__trial_02,2,0.8,,4,5,Money remaining = Total money - Cost of supplies,Money remaining = $212 - $36,0.14059083,0.9900678,3,-0.13185374,0.31495255,-0.18142998,-0.37342596,0.11500231,0.09013598,-0.100685135,-0.19921337
trace_00012,arith_003,arithmetic,llama3.2:latest,medium,correct,arith_003__trial_02,2,0.8,,5,6,Money remaining = $212 - $36,Money remaining = $176,0.12904342,0.99163896,2,0.04006994,0.050516497,-0.015739907,0.19980101,-0.09494359,-0.11084662,0.050427403,0.15181875
trace_00013,arith_003,arithmetic,llama3.2:latest,medium,incorrect,arith_003__trial_03,3,0.8,,0,1,Add the amount of money raised on Friday and Saturday to find the total amount.,Total amount = $125 + $87,0.16608599,0.98611134,3,0.10727766,0.019140929,-0.03970528,-0.32916048,0.061594237,0.03442358,0.041259114,0.069745414
trace_00013,arith_003,arithmetic,llama3.2:latest,medium,incorrect,arith_003__trial_03,3,0.8,,1,2,Total amount = $125 + $87,Calculate the sum.,0.11862202,0.9929395,0,0.11753595,0.035554077,0.06906326,0.07391324,0.0121980375,-0.13107942,-0.011726459,0.005761998
trace_00013,arith_003,arithmetic,llama3.2:latest,medium,incorrect,arith_003__trial_03,3,0.8,,2,3,Calculate the sum.,Total amount = $212,0.11222792,0.9936825,3,-0.12578158,-0.013431537,-0.05220027,-0.20214416,0.05717572,0.19278796,-0.03140163,-0.009846103
trace_00013,arith_003,arithmetic,llama3.2:latest,medium,incorrect,arith_003__trial_03,3,0.8,,3,4,Total amount = $212,Subtract the cost of supplies from the total amount.,0.18362907,0.98299557,0,0.38011348,-0.24907964,0.12177142,0.4115586,-0.09878199,-0.13964926,0.018328939,0.17272554
trace_00013,arith_003,arithmetic,llama3.2:latest,medium,incorrect,arith_003__trial_03,3,0.8,,4,5,Subtract the cost of supplies from the total amount.,Remaining amount = $212 - $36,0.09727316,0.99525774,3,-0.24506705,0.24722269,-0.17644705,-0.39759424,0.17318776,0.1449467,-0.026950609,-0.19482455
trace_00013,arith_003,arithmetic,llama3.2:latest,medium,incorrect,arith_003__trial_03,3,0.8,,5,6,Remaining amount = $212 - $36,Calculate the difference.,0.118352614,0.99297166,1,0.16050932,-0.035919506,0.12728669,0.14828348,-0.1484738,-0.12364142,0.10813469,-0.0024920383
trace_00014,arith_003,arithmetic,llama3.2:latest,medium,incorrect,arith_003__trial_04,4,0.8,,0,1,Calculate the total amount of money raised on Friday and Saturday.,Subtract the amount spent on supplies from the total amount.,0.082967535,0.9965523,0,0.4563606,-0.28822443,0.07290462,-0.036974784,0.07276799,0.039911132,0.029358223,0.26825237
trace_00014,arith_003,arithmetic,llama3.2:latest,medium,incorrect,arith_003__trial_04,4,0.8,,1,2,Subtract the amount spent on supplies from the total amount.,Total money raised: $125 + $87 = $212,0.17327912,0.9848728,3,-0.5338544,0.30886734,-0.13371398,-0.26209414,-0.05105983,0.028569981,0.04769983,-0.2217127
trace_00014,arith_003,arithmetic,llama3.2:latest,medium,incorrect,arith_003__trial_04,4,0.8,,2,3,Total money raised: $125 + $87 = $212,Remaining money: $212 - $36 = $176,0.12559421,0.9920817,0,0.30206436,-0.025733633,-0.11323871,-0.14528215,0.22080825,0.027248766,-0.14636327,-0.011548121
trace_00015,arith_003,arithmetic,llama3.2:latest,medium,correct,arith_003__trial_05,5,0.8,,0,1,Add the total amount of money raised on Friday and Saturday to find the initial total.,Calculate 125 + 87 = 212 dollars.,0.16698174,0.98596,3,0.12726955,0.040774792,-0.041288354,-0.35661805,0.019974634,-0.005316257,0.06723747,-0.0091256695
trace_00015,arith_003,arithmetic,llama3.2:latest,medium,correct,arith_003__trial_05,5,0.8,,1,2,Calculate 125 + 87 = 212 dollars.,Subtract the cost of supplies from the initial total to find the remaining amount.,0.17426275,0.98469925,0,0.34778368,-0.25890172,0.07046904,0.33440498,0.015543647,-0.041313656,-0.04920182,0.22236396
trace_00015,arith_003,arithmetic,llama3.2:latest,medium,correct,arith_003__trial_05,5,0.8,,2,3,Subtract the cost of supplies from the initial total to find the remaining amount.,Calculate 212 - 36 = 176 dollars.,0.13355356,0.99104166,3,-0.2415926,0.30497447,-0.11861737,-0.4349917,0.09787939,0.05715723,-0.061589457,-0.2544214
trace_00016,arith_004,arithmetic,llama3.2:latest,medium,incorrect,arith_004__trial_01,1,0.8,,0,1,Start with the total number of books initially checked out.,Add the initial number of adult and child books together (42 + 31).,0.2019455,0.9793968,4,-0.14388096,-0.10731603,-0.01935719,-0.065833524,-0.078817755,0.03700472,-0.034104258,-0.02029601
trace_00016,arith_004,arithmetic,llama3.2:latest,medium,incorrect,arith_004__trial_01,1,0.8,,1,2,Add the initial number of adult and child books together (42 + 31).,Subtract the return of 9 books from the sum in step 2 to find the final number of books stayed checked out.,0.13891979,0.9903036,0,0.36080682,-0.08945037,-0.12822393,0.047600422,0.10593028,-0.060377363,0.14476727,0.019519532
trace_00017,arith_004,arithmetic,llama3.2:latest,medium,correct,arith_004__trial_02,2,0.8,,0,1,Calculate the total number of books checked out initially: 42 (adults) + 31 (children) = 73,Subtract the number of books returned from the initial total: 73 - 9 = 64,0.14696842,0.98914117,0,0.21315336,-0.12692276,-0.22549798,0.03594431,0.1577113,0.10263315,-0.036602244,0.1272708
trace_00017,arith_004,arithmetic,llama3.2:latest,medium,correct,arith_004__trial_02,2,0.8,,1,2,Subtract the number of books returned from the initial total: 73 - 9 = 64,The result is the number of books that stayed checked out.,0.373597,0.9275912,1,-0.09981433,-0.025976567,0.1935678,-0.15861997,-0.05266993,0.034562472,0.27483314,-0.0069659404
trace_00018,arith_004,arithmetic,llama3.2:latest,medium,correct,arith_004__trial_03,3,0.8,,0,1,Start with the total number of books initially checked out:,adult books + child books = 42 + 31 = 73,0.26939464,0.96302986,3,-0.1036715,-0.02610505,-0.08622213,-0.11103367,-0.07894766,0.026881622,0.06235869,-0.11898731
trace_00018,arith_004,arithmetic,llama3.2:latest,medium,correct,arith_004__trial_03,3,0.8,,1,2,adult books + child books = 42 + 31 = 73,Subtract the number of books that were returned from the initial total:,0.27224618,0.96222764,0,0.3138671,-0.18909575,-0.0047221025,0.120984115,0.069483,-0.05146886,0.017542996,0.22018576
trace_00018,arith_004,arithmetic,llama3.2:latest,medium,correct,arith_004__trial_03,3,0.8,,2,3,Subtract the number of books that were returned from the initial total:,73 - 9 = 64,0.19202353,0.98139036,3,-0.119273074,0.19047229,-0.1681435,-0.16057235,0.04761275,0.06412387,0.005736666,-0.14793839
trace_00018,arith_004,arithmetic,llama3.2:latest,medium,correct,arith_004__trial_03,3,0.8,,3,4,73 - 9 = 64,The result is the number of books that stayed checked out.,0.12514386,0.99213856,1,0.00017407203,-0.13432427,0.22058363,0.014951803,-0.03485058,-0.01805211,0.1261164,0.092264146
trace_00019,arith_004,arithmetic,llama3.2:latest,medium,incorrect,arith_004__trial_04,4,0.8,,0,1,Calculate the total number of books initially checked out.,Subtract the number of books returned from the initial total.,0.19111532,0.9815676,0,0.23995546,-0.25785375,-0.12530388,0.08603994,0.062334634,0.06946531,-0.021380162,0.15047412
trace_00019,arith_004,arithmetic,llama3.2:latest,medium,incorrect,arith_004__trial_04,4,0.8,,1,2,Subtract the number of books returned from the initial total.,Calculate the difference between the total initially checked out and the return amount to find the remaining books.,0.18515274,0.98270977,1,0.0069463644,0.0967495,0.10802315,-0.025696082,-0.13983177,-0.019417737,0.10838841,-0.18188265
trace_00020,arith_004,arithmetic,llama3.2:latest,medium,incorrect,arith_004__trial_05,5,0.8,,0,1,Calculate the total number of books initially checked out.,Subtract the number of books returned from the initial total to find the remaining books.,0.25107375,0.9679679,0,0.22797936,-0.21526171,-0.20548816,0.095459685,0.06588763,0.0061077164,-0.030080047,0.096186936
trace_00020,arith_004,arithmetic,llama3.2:latest,medium,incorrect,arith_004__trial_05,5,0.8,,1,2,Subtract the number of books returned from the initial total to find the remaining books.,"Since the books returned are part of both adult and children categories, we need to consider if any book type was not returned to avoid double subtraction:",0.3589485,0.93335736,3,-0.054649554,0.0033972873,0.025198715,-0.13621555,-0.17914274,0.09822419,0.088420264,-0.14851679
trace_00020,arith_004,arithmetic,llama3.2:latest,medium,incorrect,arith_004__trial_05,5,0.8,,2,3,"Since the books returned are part of both adult and children categories, we need to consider if any book type was not returned to avoid double subtraction:",a. Books that were initially only for adults (42 - 9 = 33).,0.13601701,0.9907065,3,-0.23429507,0.2867971,0.0025301278,-0.023307448,0.17881322,-0.026634311,-0.09727419,-0.07607207
trace_00020,arith_004,arithmetic,llama3.2:latest,medium,incorrect,arith_004__trial_05,5,0.8,,3,4,a. Books that were initially only for adults (42 - 9 = 33).,b. Books that were initially only for children (31 - 9 = 22),0.18165636,0.9833621,0,0.049649987,-0.082133844,-0.039663587,0.1421141,-0.11321612,0.03854369,0.07609203,0.031790808
trace_00020,arith_004,arithmetic,llama3.2:latest,medium,incorrect,arith_004__trial_05,5,0.8,,4,5,b. Books that were initially only for children (31 - 9 = 22),Add the remaining books from each category.,0.06996067,0.9975498,1,0.061541114,-0.08334496,0.2229811,0.04586286,-0.09117396,0.015729526,-0.13883393,0.117506556
trace_00020,arith_004,arithmetic,llama3.2:latest,medium,incorrect,arith_004__trial_05,5,0.8,,5,6,Add the remaining books from each category.,33 + 22 = 55,0.2645359,0.96437585,3,-0.14547384,0.025586605,-0.15249322,-0.14608614,0.018846376,-0.08398886,0.12085826,-0.058584712
trace_00021,arith_005,arithmetic,llama3.2:latest,hard,correct,arith_005__trial_01,1,0.8,,0,1,Calculate the total number of boxes shipped: 240 + 175 = 415,Subtract the number of returned boxes: 415 - 58 = 357,0.16639955,0.9860585,0,0.19878086,-0.05651793,-0.10139209,-0.0348087,0.16874267,0.054520532,0.030590696,-0.06977394
trace_00021,arith_005,arithmetic,llama3.2:latest,hard,correct,arith_005__trial_01,1,0.8,,1,2,Subtract the number of returned boxes: 415 - 58 = 357,The remaining boxes are delivered.,0.25641283,0.96656734,4,-0.15142617,0.02382255,0.16613033,0.0989891,-0.0627607,0.00718715,0.0026624738,0.019710204
trace_00022,arith_005,arithmetic,llama3.2:latest,hard,incorrect,arith_005__trial_02,2,0.8,,0,1,Calculate the total number of boxes shipped initially.,Subtract the returned boxes from the initial shipment to find the number of remaining boxes from the first batch: 240 - 58 = 182,0.07961008,0.99682605,0,0.12684456,-0.041674756,-0.22691697,-0.06842162,0.09017048,0.19872819,-0.0051180664,-0.015113916
trace_00022,arith_005,arithmetic,llama3.2:latest,hard,incorrect,arith_005__trial_02,2,0.8,,1,2,Subtract the returned boxes from the initial shipment to find the number of remaining boxes from the first batch: 240 - 58 = 182,Subtract the returned boxes from the initial shipment to find the number of remaining boxes from the second batch: 175 - 58 = 117,0.064352304,0.99792725,2,0.13121022,-0.08381992,0.069510125,0.16614917,-0.10558095,-0.0044097826,0.072620764,0.052867517
trace_00022,arith_005,arithmetic,llama3.2:latest,hard,incorrect,arith_005__trial_02,2,0.8,,2,3,Subtract the returned boxes from the initial shipment to find the number of remaining boxes from the second batch: 175 - 58 = 117,Add the remaining boxes from both batches to find the total number of delivered boxes.,0.24242017,0.97017133,4,-0.19082913,-0.1481248,0.22652705,0.107064135,-0.2283822,0.016866563,-0.06490471,-0.019008713
trace_00022,arith_005,arithmetic,llama3.2:latest,hard,incorrect,arith_005__trial_02,2,0.8,,3,4,Add the remaining boxes from both batches to find the total number of delivered boxes.,Calculate the total number of delivered boxes: 182 + 117 = 299,0.25949568,0.9657443,3,-0.0466501,0.3369096,-0.04923661,-0.23638086,0.07809824,-0.20376132,-0.011601886,-0.109283194
trace_00023,arith_005,arithmetic,llama3.2:latest,hard,correct,arith_005__trial_03,3,0.8,,0,1,Calculate the total number of boxes shipped: 240 + 175 = 415,Subtract the returned boxes from the total shipped: 415 - 58 = 357,0.1297379,0.9915483,0,0.17910461,-0.13388291,-0.11047629,-0.031723943,0.113436855,0.1240909,0.1071928,-0.13271879
trace_00023,arith_005,arithmetic,llama3.2:latest,hard,correct,arith_005__trial_03,3,0.8,,1,2,Subtract the returned boxes from the total shipped: 415 - 58 = 357,Final answer: ... 357,0.21411547,0.9768083,3,-0.14259054,0.27037084,0.092710145,-0.11877834,0.13394964,-0.039899312,-0.11256197,0.15217459
trace_00024,arith_005,arithmetic,llama3.2:latest,hard,incorrect,arith_005__trial_04,4,0.8,,0,1,Calculate the total number of boxes shipped.,Add the number of boxes from both batches (240 + 175).,0.21160099,0.97735614,2,-0.11285008,-0.081768565,-0.02653928,0.047800265,0.02063173,0.3269914,-0.124148324,0.11417781
trace_00024,arith_005,arithmetic,llama3.2:latest,hard,incorrect,arith_005__trial_04,4,0.8,,1,2,Add the number of boxes from both batches (240 + 175).,Subtract the number of returned boxes due to labeling errors (58) from the total in step 2.,0.09304975,0.9956615,0,0.19389522,-0.0025560032,-0.07559036,-0.15946196,0.036716036,-0.26353452,0.09604703,-0.005874036
trace_00024,arith_005,arithmetic,llama3.2:latest,hard,incorrect,arith_005__trial_04,4,0.8,,2,3,Subtract the number of returned boxes due to labeling errors (58) from the total in step 2.,Result is the total number of remaining delivered boxes.,0.09956442,0.9950311,1,-0.10844706,-0.0031224315,0.15787849,0.015872981,0.01677684,0.06457133,0.092423014,-0.13353813
trace_00025,arith_005,arithmetic,llama3.2:latest,hard,correct,arith_005__trial_05,5,0.8,,0,1,Calculate the total number of boxes shipped initially.,Add the initial shipments from both batches (240 + 175).,0.20532678,0.9786935,3,-0.17958064,-0.10871408,-0.084808506,-0.023345314,-0.009396333,0.30402693,-0.035718177,0.07465291
trace_00025,arith_005,arithmetic,llama3.2:latest,hard,correct,arith_005__trial_05,5,0.8,,1,2,Add the initial shipments from both batches (240 + 175).,Subtract the number of returned boxes due to labeling errors (58) from the total.,0.1195365,0.9928298,0,0.29529065,0.0569345,-0.013774795,-0.14492022,0.010125279,-0.21024285,0.03239433,-0.029480472
trace_00025,arith_005,arithmetic,llama3.2:latest,hard,correct,arith_005__trial_05,5,0.8,,2,3,Subtract the number of returned boxes due to labeling errors (58) from the total.,The remaining number of boxes is: (240 + 175) - 58 = 357.,0.16447999,0.9863804,3,-0.22556077,0.07029885,-0.035918683,-0.037033807,0.0905595,0.07995474,-0.056343317,-0.06830908
trace_00026,arith_006,arithmetic,llama3.2:latest,easy,correct,arith_006__trial_01,1,0.8,,0,1,Let's denote the original number as x.,"According to the problem, a number (x) is multiplied by 3, so we have 3x.",0.16445842,0.9863841,4,-0.20989454,-0.41140097,0.001908386,-0.026605675,-0.26732123,-0.37346613,0.061164826,-0.16061057
trace_00026,arith_006,arithmetic,llama3.2:latest,easy,correct,arith_006__trial_01,1,0.8,,1,2,"According to the problem, a number (x) is multiplied by 3, so we have 3x.","Then, 5 is added to the result, giving us 3x + 5 = 26.",0.101339735,0.99485195,2,-0.06575785,-0.107358605,0.18364406,0.120529905,0.0504416,0.09487526,0.01973053,0.17616521
trace_00026,arith_006,arithmetic,llama3.2:latest,easy,correct,arith_006__trial_01,1,0.8,,2,3,"Then, 5 is added to the result, giving us 3x + 5 = 26.","Now, we need to isolate x by subtracting 5 from both sides of the equation: 3x = 26 - 5",0.087295964,0.99618244,0,0.47452044,0.29741034,-0.2707294,0.18938223,-0.16416052,0.10615315,-0.10557634,-0.14707775
trace_00026,arith_006,arithmetic,llama3.2:latest,easy,correct,arith_006__trial_01,1,0.8,,3,4,"Now, we need to isolate x by subtracting 5 from both sides of the equation: 3x = 26 - 5",Simplifying the right side gives us 3x = 21.,0.04565138,0.99895746,4,-0.33530167,-0.0887085,0.13047245,-0.27999112,0.0379814,-0.07194843,0.06643621,-0.058846656
trace_00026,arith_006,arithmetic,llama3.2:latest,easy,correct,arith_006__trial_01,1,0.8,,4,5,Simplifying the right side gives us 3x = 21.,"Finally, divide both sides of the equation by 3 to solve for x: x = 21 / 3",0.10221984,0.9947618,2,0.26446915,0.42066333,-0.1576065,0.27839124,-0.009245994,-0.009099955,-0.030322103,0.10750629
trace_00026,arith_006,arithmetic,llama3.2:latest,easy,correct,arith_006__trial_01,1,0.8,,5,6,"Finally, divide both sides of the equation by 3 to solve for x: x = 21 / 3","Therefore, the original number is x = 7.",0.13520521,0.99081755,1,-0.025364602,-0.0018847773,0.006612299,-0.10889699,0.20903477,0.14210604,0.0047065066,0.046222374
trace_00027,arith_006,arithmetic,llama3.2:latest,easy,correct,arith_006__trial_02,2,0.8,,0,1,"Let's represent the original unknown number as ""x"".","According to the problem, the number is first multiplied by 3, so we have 3x.",0.105068065,0.99446505,4,-0.28936115,-0.48325035,0.032504167,-0.075981215,-0.15948239,-0.37133947,0.03528856,-0.17758143
trace_00027,arith_006,arithmetic,llama3.2:latest,easy,correct,arith_006__trial_02,2,0.8,,1,2,"According to the problem, the number is first multiplied by 3, so we have 3x.","Then, 5 is added to get 3x + 5 = 26.",0.18515576,0.9827092,2,-0.10234412,0.0015891137,0.24971059,0.20736773,0.032395564,0.14068058,0.003650212,0.14881468
trace_00027,arith_006,arithmetic,llama3.2:latest,easy,correct,arith_006__trial_02,2,0.8,,2,3,"Then, 5 is added to get 3x + 5 = 26.","To solve for x, we need to isolate it on one side of the equation. We can start by subtracting 5 from both sides: 3x = 26 - 5.",0.11857746,0.9929448,0,0.39682353,0.29360163,-0.3891896,0.1063435,-0.20487608,-0.008469222,-0.07658939,-0.18566501
trace_00027,arith_006,arithmetic,llama3.2:latest,easy,correct,arith_006__trial_02,2,0.8,,3,4,"To solve for x, we need to isolate it on one side of the equation. We can start by subtracting 5 from both sides: 3x = 26 - 5.",This simplifies to 3x = 21.,0.09874,0.9951134,4,-0.2519574,-0.12206665,0.28804216,-0.2574185,0.15736556,0.044647306,0.10245131,0.06988987
trace_00027,arith_006,arithmetic,llama3.2:latest,easy,correct,arith_006__trial_02,2,0.8,,4,5,This simplifies to 3x = 21.,"Next, divide both sides by 3 to find x: x = 21 / 3.",0.14249866,0.98979497,0,0.3398802,0.43287918,-0.20249687,0.28230464,-0.095317535,-0.027895179,-0.079749696,0.029351667
trace_00027,arith_006,arithmetic,llama3.2:latest,easy,correct,arith_006__trial_02,2,0.8,,5,6,"Next, divide both sides by 3 to find x: x = 21 / 3.","Therefore, x is equal to 7.",0.17608897,0.9843743,1,-0.030947253,-0.061776966,0.038386907,-0.10319766,0.08898864,0.06933384,0.014602478,0.008776162
trace_00028,arith_006,arithmetic,llama3.2:latest,easy,correct,arith_006__trial_03,3,0.8,,0,1,Let's represent the unknown number as x.,"The problem states that a number is multiplied by 3, so we have 3x.",0.09659152,0.99532413,4,-0.29031086,-0.48898357,0.08217916,-0.068992294,-0.12817235,-0.30237263,0.099053845,-0.13996574
trace_00028,arith_006,arithmetic,llama3.2:latest,easy,correct,arith_006__trial_03,3,0.8,,1,2,"The problem states that a number is multiplied by 3, so we have 3x.","Then 5 is added to the result, giving us 3x + 5.",0.102681726,0.99471426,1,-0.024581887,-0.14865926,0.18030228,0.0684695,0.09888319,0.13009341,0.123001084,0.11800363
trace_00028,arith_006,arithmetic,llama3.2:latest,easy,correct,arith_006__trial_03,3,0.8,,2,3,"Then 5 is added to the result, giving us 3x + 5.","We are told this expression equals 26, so we can set up the equation: 3x + 5 = 26",0.18914086,0.9819499,2,0.04251865,0.28770062,-0.099527255,0.12382514,-0.10682897,-0.073537424,-0.18493873,-0.025141064
trace_00028,arith_006,arithmetic,llama3.2:latest,easy,correct,arith_006__trial_03,3,0.8,,3,4,"We are told this expression equals 26, so we can set up the equation: 3x + 5 = 26","To solve for x, subtract 5 from both sides of the equation: 3x = 21",0.06774528,0.9977026,0,0.32509917,0.12881254,-0.1723702,0.03678493,-0.09058972,0.12163966,0.0435965,-0.14546287
trace_00028,arith_006,arithmetic,llama3.2:latest,easy,correct,arith_006__trial_03,3,0.8,,4,5,"To solve for x, subtract 5 from both sides of the equation: 3x = 21","Finally, divide both sides by 3 to find the value of x: x = 7",0.15625888,0.98771614,1,0.050803173,0.22667594,-0.012108518,-0.0036065034,0.07280684,-0.0008818709,-0.005170443,0.06561038
trace_00029,arith_006,arithmetic,llama3.2:latest,easy,correct,arith_006__trial_04,4,0.8,,0,1,Let's represent the unknown number as x.,"According to the problem, the number (x) is multiplied by 3, so we have 3x.",0.11140682,0.9937749,4,-0.31018695,-0.49470457,0.03252042,-0.07737141,-0.0857387,-0.3017817,0.089912735,-0.16813806
trace_00029,arith_006,arithmetic,llama3.2:latest,easy,correct,arith_006__trial_04,4,0.8,,1,2,"According to the problem, the number (x) is multiplied by 3, so we have 3x.","Then, 5 is added to the result of step 2, giving us 3x + 5 = 26.",0.11728882,0.99309784,2,-0.06816965,-0.14033476,0.2040994,0.17619963,0.020190213,0.060765162,-0.012426853,0.1900812
trace_00029,arith_006,arithmetic,llama3.2:latest,easy,correct,arith_006__trial_04,4,0.8,,2,3,"Then, 5 is added to the result of step 2, giving us 3x + 5 = 26.","To isolate x, subtract 5 from both sides: 3x = 21.",0.17767356,0.98408943,0,0.43890005,0.32531622,-0.22932738,0.09429842,-0.08946753,0.15633093,-0.019812126,-0.17075914
trace_00029,arith_006,arithmetic,llama3.2:latest,easy,correct,arith_006__trial_04,4,0.8,,3,4,"To isolate x, subtract 5 from both sides: 3x = 21.",Divide both sides by 3: x = 7.,0.1464004,0.98922545,1,-0.059961755,0.20145196,0.05154455,-0.06013687,0.012411537,-0.06647587,0.048188906,0.05548532
trace_00030,arith_006,arithmetic,llama3.2:latest,easy,correct,arith_006__trial_05,5,0.8,,0,1,Let's denote the original number as x.,"The problem states that the number is multiplied by 3, so we have 3x.",0.14219996,0.98983794,4,-0.20614946,-0.41408718,0.025014231,-0.036725186,-0.26420283,-0.39422935,0.05905556,-0.13837454
trace_00030,arith_006,arithmetic,llama3.2:latest,easy,correct,arith_006__trial_05,5,0.8,,1,2,"The problem states that the number is multiplied by 3, so we have 3x.","Then, 5 is added to the result, giving us 3x + 5.",0.13877036,0.9903247,1,-0.0037082029,-0.15023567,0.21867226,0.090843424,0.07160987,0.14484508,0.1408581,0.13382229
trace_00030,arith_006,arithmetic,llama3.2:latest,easy,correct,arith_006__trial_05,5,0.8,,2,3,"Then, 5 is added to the result, giving us 3x + 5.","We know that this expression equals 26, so we can set up the equation 3x + 5 = 26.",0.17563216,0.9844559,2,0.0012301189,0.29133004,-0.09327379,0.09334443,-0.08860958,-0.07866265,-0.20146842,0.00088241795
trace_00030,arith_006,arithmetic,llama3.2:latest,easy,correct,arith_006__trial_05,5,0.8,,3,4,"We know that this expression equals 26, so we can set up the equation 3x + 5 = 26.","To solve for x, subtract 5 from both sides of the equation: 3x = 21.",0.09570784,0.9954094,0,0.29817578,0.13233705,-0.21720763,0.06838547,-0.09072149,0.10784362,0.04099927,-0.18852161
trace_00030,arith_006,arithmetic,llama3.2:latest,easy,correct,arith_006__trial_05,5,0.8,,4,5,"To solve for x, subtract 5 from both sides of the equation: 3x = 21.",Divide both sides by 3 to isolate x: x = 7.,0.16374944,0.98650193,0,0.19085975,0.19954453,-0.024081282,0.013243799,0.121791735,0.093038745,-0.046100076,0.10555844
trace_00031,arith_007,arithmetic,llama3.2:latest,easy,incorrect,arith_007__trial_01,1,0.8,,0,1,Let's call the original number x.,"The number is doubled, so it becomes 2x.",0.1810447,0.9834748,4,-0.24398069,-0.5470927,0.12797,-0.07441636,-0.24418804,-0.100684464,-0.023250265,-0.024201091
trace_00031,arith_007,arithmetic,llama3.2:latest,easy,incorrect,arith_007__trial_01,1,0.8,,1,2,"The number is doubled, so it becomes 2x.","9 is subtracted from 2x, resulting in an equation: 2x - 9 = 17",0.13423795,0.99094915,0,0.3238249,0.09270224,-0.15008005,0.23203383,0.0008475129,-0.12614803,0.059760273,-0.17375763
trace_00031,arith_007,arithmetic,llama3.2:latest,easy,incorrect,arith_007__trial_01,1,0.8,,2,3,"9 is subtracted from 2x, resulting in an equation: 2x - 9 = 17","To isolate x, add 9 to both sides of the equation: 2x = 26",0.12324149,0.99237674,2,0.06918012,0.30776393,-0.010359168,0.09501475,0.0030352548,0.09010883,-0.23239772,0.09981172
trace_00031,arith_007,arithmetic,llama3.2:latest,easy,incorrect,arith_007__trial_01,1,0.8,,3,4,"To isolate x, add 9 to both sides of the equation: 2x = 26",Divide both sides by 2 to solve for x: x = 13,0.08871123,0.99605733,1,-0.00937579,0.22640572,0.042732395,0.041043676,-0.11447213,-0.040607046,0.11476362,0.079245724
trace_00032,arith_007,arithmetic,llama3.2:latest,easy,correct,arith_007__trial_02,2,0.8,,0,1,Let's denote the original number as x.,"The number is doubled, so we have 2x.",0.13867638,0.9903378,4,-0.21939896,-0.49312252,0.1869277,-0.19790399,-0.30247048,-0.082735956,0.048562355,-0.08289772
trace_00032,arith_007,arithmetic,llama3.2:latest,easy,correct,arith_007__trial_02,2,0.8,,1,2,"The number is doubled, so we have 2x.","9 is subtracted from the result, which gives us 2x - 9 = 17.",0.18407987,0.9829112,0,0.28084475,-0.028417695,-0.24372473,0.2551119,0.10070892,-0.107026696,0.11629629,-0.10890392
trace_00032,arith_007,arithmetic,llama3.2:latest,easy,correct,arith_007__trial_02,2,0.8,,2,3,"9 is subtracted from the result, which gives us 2x - 9 = 17.","To solve for x, add 9 to both sides of the equation: 2x = 26.",0.1965267,0.98049843,2,-0.15166728,0.33242053,0.003451325,0.024300067,-0.14739273,-0.0033719914,-0.3019032,0.024731338
trace_00032,arith_007,arithmetic,llama3.2:latest,easy,correct,arith_007__trial_02,2,0.8,,3,4,"To solve for x, add 9 to both sides of the equation: 2x = 26.",Divide both sides by 2: x = 13.,0.17667496,0.9842692,1,0.16046317,0.20691638,0.1014253,0.1076403,-0.0057436465,0.047268152,0.15772958,0.17321742
trace_00033,arith_007,arithmetic,llama3.2:latest,easy,correct,arith_007__trial_03,3,0.8,,0,1,Let x be the original number.,"The number is doubled, so it becomes 2x.",0.17287602,0.98494357,4,-0.24843061,-0.56075513,0.12167569,-0.136472,-0.28785497,-0.027858434,0.04506156,-0.082430996
trace_00033,arith_007,arithmetic,llama3.2:latest,easy,correct,arith_007__trial_03,3,0.8,,1,2,"The number is doubled, so it becomes 2x.","9 is subtracted from 2x, resulting in 2x - 9.",0.1486283,0.98889315,0,0.33686683,-0.0544259,-0.14072534,0.1553575,0.059951097,-0.0859991,0.10526868,-0.1472793
trace_00033,arith_007,arithmetic,llama3.2:latest,easy,correct,arith_007__trial_03,3,0.8,,2,3,"9 is subtracted from 2x, resulting in 2x - 9.","The result equals 17, so we can write the equation: 2x - 9 = 17.",0.18014368,0.98364025,2,0.028241193,0.3010153,-0.017350858,0.13323809,-0.06331706,-0.13685104,-0.13985609,-0.023671864
trace_00033,arith_007,arithmetic,llama3.2:latest,easy,correct,arith_007__trial_03,3,0.8,,3,4,"The result equals 17, so we can write the equation: 2x - 9 = 17.",Add 9 to both sides of the equation: 2x = 26.,0.17069398,0.98532414,3,-0.22825295,0.066483386,0.04830462,-0.07850454,-0.053912845,0.056888197,-0.16934495,0.07606651
trace_00033,arith_007,arithmetic,llama3.2:latest,easy,correct,arith_007__trial_03,3,0.8,,4,5,Add 9 to both sides of the equation: 2x = 26.,Divide both sides by 2: x = 13.,0.16108882,0.98693997,1,0.22529584,0.32393816,0.033872962,0.16248645,-0.02736213,0.062605694,0.14097768,0.14957662
trace_00034,arith_007,arithmetic,llama3.2:latest,easy,correct,arith_007__trial_04,4,0.8,,0,1,Let x be the original number.,"The number is doubled, so we have 2x.",0.11787866,0.993028,4,-0.21754226,-0.4960374,0.21738282,-0.19965896,-0.31294122,-0.03523507,0.03677772,-0.092588395
trace_00034,arith_007,arithmetic,llama3.2:latest,easy,correct,arith_007__trial_04,4,0.8,,1,2,"The number is doubled, so we have 2x.","9 is subtracted from 2x, giving us 2x - 9 = 17.",0.17297271,0.98492664,0,0.27735487,-0.035709478,-0.22816797,0.23934646,0.059627,-0.08230314,0.094583176,-0.12680331
trace_00034,arith_007,arithmetic,llama3.2:latest,easy,correct,arith_007__trial_04,4,0.8,,2,3,"9 is subtracted from 2x, giving us 2x - 9 = 17.",Add 9 to both sides of the equation: 2x = 26.,0.19018193,0.9817489,2,-0.19262893,0.25001833,0.01939507,0.025937952,-0.08008897,-0.061305992,-0.27861723,0.05754708
trace_00034,arith_007,arithmetic,llama3.2:latest,easy,correct,arith_007__trial_04,4,0.8,,3,4,Add 9 to both sides of the equation: 2x = 26.,Divide both sides by 2: x = 13.,0.16108882,0.98693997,1,0.22529584,0.32393816,0.033872962,0.16248645,-0.02736213,0.062605694,0.14097768,0.14957662
trace_00035,arith_007,arithmetic,llama3.2:latest,easy,correct,arith_007__trial_05,5,0.8,,0,1,Let's denote the original number as x.,"The number is doubled, so it becomes 2x.",0.14930366,0.9887914,4,-0.25845855,-0.5765067,0.09326235,-0.13855727,-0.28585193,-0.07779703,0.0588259,-0.07485429
trace_00035,arith_007,arithmetic,llama3.2:latest,easy,correct,arith_007__trial_05,5,0.8,,1,2,"The number is doubled, so it becomes 2x.","9 is subtracted from the doubled number, resulting in 2x - 9 = 17.",0.11142943,0.9937724,0,0.20695515,0.04289868,-0.10214433,0.22069918,-0.0009273713,-0.04909661,0.09852288,-0.12692995
trace_00035,arith_007,arithmetic,llama3.2:latest,easy,correct,arith_007__trial_05,5,0.8,,2,3,"9 is subtracted from the doubled number, resulting in 2x - 9 = 17.","To find the value of x, add 9 to both sides of the equation: 2x = 17 + 9.",0.21641758,0.97630095,2,0.13040383,0.4532224,-0.07488447,0.17248982,-0.047194663,-0.18299653,-0.122070625,-0.043293085
trace_00035,arith_007,arithmetic,llama3.2:latest,easy,correct,arith_007__trial_05,5,0.8,,3,4,"To find the value of x, add 9 to both sides of the equation: 2x = 17 + 9.",Simplify the right side: 2x = 26.,0.122608945,0.99245507,3,-0.090670645,-0.14285243,0.09278186,-0.16868137,-3.156423e-05,0.06641357,-0.11542886,0.10364667
trace_00035,arith_007,arithmetic,llama3.2:latest,easy,correct,arith_007__trial_05,5,0.8,,4,5,Simplify the right side: 2x = 26.,Divide both sides by 2: x = 26 / 2.,0.14276066,0.9897572,1,0.23603413,0.3445672,0.014285936,0.20422703,-0.12063552,0.057658616,0.02648128,0.12016854
trace_00035,arith_007,arithmetic,llama3.2:latest,easy,correct,arith_007__trial_05,5,0.8,,5,6,Divide both sides by 2: x = 26 / 2.,Solve for x: x = 13.,0.03965393,0.99921346,3,-0.0109308055,0.19294322,-0.09645013,0.06692077,0.12387923,-0.07784146,0.08340877,-0.085145004
trace_00036,arith_008,arithmetic,llama3.2:latest,medium,incorrect,arith_008__trial_01,1,0.8,,0,1,Let's represent the unknown number as x.,"According to the problem, ""A number is multiplied by 5"", which means we multiply x by 5: 5x",0.07917809,0.99686044,4,-0.2141783,-0.52877575,0.020668635,0.11378961,-0.22403732,-0.15944064,0.23507461,-0.08306935
trace_00036,arith_008,arithmetic,llama3.2:latest,medium,incorrect,arith_008__trial_01,1,0.8,,1,2,"According to the problem, ""A number is multiplied by 5"", which means we multiply x by 5: 5x","Then, ""12 is added"" to get 67, so we add 12 to 5x: 5x + 12",0.05431634,0.99852383,2,-0.15328884,0.040857483,0.23366976,-0.060105093,0.2534757,0.052844156,-0.02529527,0.082659476
trace_00036,arith_008,arithmetic,llama3.2:latest,medium,incorrect,arith_008__trial_01,1,0.8,,2,3,"Then, ""12 is added"" to get 67, so we add 12 to 5x: 5x + 12","The result of this expression equals 67, according to the problem, so set up an equation: 5x + 12 = 67",0.2385785,0.97112316,0,0.20171772,0.15988708,-0.26781026,0.10101918,-0.2364304,-0.28063628,-0.014594524,-0.08808532
trace_00036,arith_008,arithmetic,llama3.2:latest,medium,incorrect,arith_008__trial_01,1,0.8,,3,4,"The result of this expression equals 67, according to the problem, so set up an equation: 5x + 12 = 67","To solve for x, subtract 12 from both sides of the equation: 5x = 55",0.14762507,0.9890434,0,0.34079984,0.11654861,-0.039138895,0.076889634,-0.15148394,0.1652643,-0.05596336,-0.17528
trace_00036,arith_008,arithmetic,llama3.2:latest,medium,incorrect,arith_008__trial_01,1,0.8,,4,5,"To solve for x, subtract 12 from both sides of the equation: 5x = 55","Finally, divide both sides by 5 to isolate x: x = 11",0.124325216,0.99224144,3,0.038158078,0.2087788,-0.04051203,0.033233743,0.08049741,0.11933866,-0.07847547,0.12159196
trace_00037,arith_008,arithmetic,llama3.2:latest,medium,correct,arith_008__trial_02,2,0.8,,0,1,Let's call the original number x.,"According to the problem, the original number (x) is multiplied by 5, so it becomes 5x.",0.2562587,0.9666082,4,-0.13568464,-0.46086103,-0.011828327,0.18157253,-0.24559131,-0.2598074,0.08137971,-0.04161822
trace_00037,arith_008,arithmetic,llama3.2:latest,medium,correct,arith_008__trial_02,2,0.8,,1,2,"According to the problem, the original number (x) is multiplied by 5, so it becomes 5x.","Then, 12 is added to 5x, resulting in an equation of 5x + 12.",0.12555957,0.99208605,2,-0.059317246,-0.044632643,0.30115753,0.10821694,-0.031437613,0.02016459,-0.017048784,0.068298
trace_00037,arith_008,arithmetic,llama3.2:latest,medium,correct,arith_008__trial_02,2,0.8,,2,3,"Then, 12 is added to 5x, resulting in an equation of 5x + 12.","The result is equal to 67, so we can write the equation as 5x + 12 = 67.",0.26524296,0.96418166,3,0.100919165,0.31121424,-0.20359285,-0.06942746,-0.0023498286,-0.22028081,0.03105326,-0.101434484
trace_00037,arith_008,arithmetic,llama3.2:latest,medium,correct,arith_008__trial_02,2,0.8,,3,4,"The result is equal to 67, so we can write the equation as 5x + 12 = 67.","To isolate x, subtract 12 from both sides of the equation: 5x = 67 - 12, which simplifies to 5x = 55.",0.11544431,0.99331397,0,0.41258237,0.098949455,-0.14216247,0.14699629,-0.040055923,0.21580906,-0.06402929,-0.07064338
trace_00037,arith_008,arithmetic,llama3.2:latest,medium,correct,arith_008__trial_02,2,0.8,,4,5,"To isolate x, subtract 12 from both sides of the equation: 5x = 67 - 12, which simplifies to 5x = 55.","Divide both sides by 5 to solve for x: x = 55 / 5, which simplifies to x = 11.",0.100265265,0.9949608,3,-0.15503931,0.1473919,0.019897966,-0.044376273,-0.063566975,-0.050559025,0.022554053,0.018002007
trace_00038,arith_008,arithmetic,llama3.2:latest,medium,correct,arith_008__trial_03,3,0.8,,0,1,Let's represent the unknown number as x.,"According to the problem, the number is multiplied by 5, so we have 5x.",0.06640623,0.9977927,4,-0.2528017,-0.58439225,0.08867435,0.009350693,-0.196277,-0.2154483,0.14637569,-0.11059232
trace_00038,arith_008,arithmetic,llama3.2:latest,medium,correct,arith_008__trial_03,3,0.8,,1,2,"According to the problem, the number is multiplied by 5, so we have 5x.","Then, 12 is added to the result, which gives us 5x + 12 = 67.",0.17800994,0.98402864,2,-0.028426051,0.0778347,0.1340894,0.10209475,0.17466778,0.022675984,0.10350306,0.09307439
trace_00038,arith_008,arithmetic,llama3.2:latest,medium,correct,arith_008__trial_03,3,0.8,,2,3,"Then, 12 is added to the result, which gives us 5x + 12 = 67.","To isolate x, subtract 12 from both sides: 5x = 67 - 12",0.10244776,0.99473846,0,0.5078843,0.29712558,-0.21859744,0.1301117,-0.122130744,0.15740839,-0.108734846,-0.1145376
trace_00038,arith_008,arithmetic,llama3.2:latest,medium,correct,arith_008__trial_03,3,0.8,,3,4,"To isolate x, subtract 12 from both sides: 5x = 67 - 12",Simplify the right side: 5x = 55.,0.14162888,0.98991984,4,-0.29506463,-0.17449692,0.0886198,-0.19750749,-0.09911841,-0.16211936,0.0014807115,-0.0901465
trace_00038,arith_008,arithmetic,llama3.2:latest,medium,correct,arith_008__trial_03,3,0.8,,4,5,Simplify the right side: 5x = 55.,Divide both sides by 5 to solve for x: x = 55 / 5.,0.13287345,0.991133,2,0.18584543,0.40027985,-0.10902497,0.24291983,-0.05329727,0.058158025,-0.013548487,0.0735262
trace_00038,arith_008,arithmetic,llama3.2:latest,medium,correct,arith_008__trial_03,3,0.8,,5,6,Divide both sides by 5 to solve for x: x = 55 / 5.,Calculate the value of x: x = 11.,0.14300336,0.98972225,3,-0.032889456,0.14883685,0.044715337,-0.09438831,0.121451505,0.001971163,-0.009339064,0.06363367
trace_00039,arith_008,arithmetic,llama3.2:latest,medium,correct,arith_008__trial_04,4,0.8,,0,1,Let's denote the original number as x.,"The statement says that when this number (x) is multiplied by 5, it becomes 67 - 12 = 55.",0.13256262,0.9911746,4,-0.13071336,-0.3343466,0.036054313,0.12091996,-0.17001842,-0.24837619,0.19385476,-0.07861023
trace_00039,arith_008,arithmetic,llama3.2:latest,medium,correct,arith_008__trial_04,4,0.8,,1,2,"The statement says that when this number (x) is multiplied by 5, it becomes 67 - 12 = 55.",Write an equation: 5x = 55,0.120109454,0.99276066,2,0.11850197,0.090783015,0.007934797,-0.0007412956,-0.27772182,-0.07045847,-0.1310666,-0.2192477
trace_00039,arith_008,arithmetic,llama3.2:latest,medium,correct,arith_008__trial_04,4,0.8,,2,3,Write an equation: 5x = 55,"Divide both sides of the equation by 5 to isolate x: 5x/5 = 55/5, which simplifies to x = 11",0.07007185,0.9975419,0,0.20480199,0.101921506,-0.06547453,0.23749024,-0.033469345,0.10966464,0.067495316,0.16565661
trace_00040,arith_008,arithmetic,llama3.2:latest,medium,incorrect,arith_008__trial_05,5,0.8,,0,1,Let's denote the original number as x.,"According to the problem, the number (x) is multiplied by 5, so we have 5x.",0.1463514,0.98923266,4,-0.15664807,-0.4809987,0.006074805,0.10116999,-0.37706625,-0.32104245,0.12723471,-0.14301261
trace_00040,arith_008,arithmetic,llama3.2:latest,medium,incorrect,arith_008__trial_05,5,0.8,,1,2,"According to the problem, the number (x) is multiplied by 5, so we have 5x.","Then, 12 is added to the result of step 2, resulting in 5x + 12.",0.2229675,0.9748259,2,-0.061581958,-0.13848405,0.22427604,0.11653174,0.14252347,0.073450096,0.019905489,0.18310435
trace_00040,arith_008,arithmetic,llama3.2:latest,medium,incorrect,arith_008__trial_05,5,0.8,,2,3,"Then, 12 is added to the result of step 2, resulting in 5x + 12.","The sum from step 3 equals 67, according to the problem: 5x + 12 = 67.",0.2038972,0.97899234,3,-0.03968359,0.30244404,-0.113369174,-0.04702559,-0.021543022,-0.24472962,0.059739932,-0.08731456
trace_00040,arith_008,arithmetic,llama3.2:latest,medium,incorrect,arith_008__trial_05,5,0.8,,3,4,"The sum from step 3 equals 67, according to the problem: 5x + 12 = 67.","To isolate x, subtract 12 from both sides of the equation: 5x = 67 - 12.",0.17797792,0.9840345,0,0.49330315,0.2166457,-0.17717262,0.11529488,-0.07139103,0.25830102,-0.0782316,-0.108154625
trace_00040,arith_008,arithmetic,llama3.2:latest,medium,incorrect,arith_008__trial_05,5,0.8,,4,5,"To isolate x, subtract 12 from both sides of the equation: 5x = 67 - 12.",Simplify the right side of the equation: 5x = 55.,0.16703284,0.9859514,4,-0.2745402,-0.15573859,0.08876706,-0.20075768,-0.122955166,-0.14932634,0.014690046,-0.12034428
trace_00040,arith_008,arithmetic,llama3.2:latest,medium,incorrect,arith_008__trial_05,5,0.8,,5,6,Simplify the right side of the equation: 5x = 55.,Divide both sides of the equation by 5 to solve for x: x = 55 / 5.,0.14801745,0.98898476,2,0.15870209,0.33469644,-0.12447855,0.25472426,-0.046781406,0.05572379,-0.021556351,0.10320707
trace_00041,logic_001,symbolic_logic,llama3.2:latest,easy,incorrect,logic_001__trial_01,1,0.8,,0,1,We know that all glims are bloops.,Some bloops are razs (this is given).,0.1808489,0.9835109,4,-0.031347986,-0.052756995,-0.07511026,-0.1996708,0.21653712,0.12591796,-0.020691918,-0.25091118
trace_00041,logic_001,symbolic_logic,llama3.2:latest,easy,incorrect,logic_001__trial_01,1,0.8,,1,2,Some bloops are razs (this is given).,"From step 1, we can infer that every bloop is a glim.",0.10521735,0.9944493,2,-0.0077145877,-0.00019250257,0.06862672,0.24340323,-0.1468153,-0.17659992,-0.056895155,0.3428718
trace_00041,logic_001,symbolic_logic,llama3.2:latest,easy,incorrect,logic_001__trial_01,1,0.8,,2,3,"From step 1, we can infer that every bloop is a glim.","From step 2 and step 3, we can conclude that some glims are razs.",0.1756159,0.98445874,4,0.020963082,0.026718108,-0.036009505,-0.14119707,0.21418333,-0.12204604,-0.015546852,-0.12881295
trace_00042,logic_001,symbolic_logic,llama3.2:latest,easy,incorrect,logic_001__trial_02,2,0.8,,0,1,We are given that all glims are bloops.,We are also given that some bloops are razs.,0.17465708,0.9846293,4,-0.018533092,-0.04276711,-0.0029443102,-0.17665221,0.17604953,0.100522146,-0.0015401113,-0.23093218
trace_00042,logic_001,symbolic_logic,llama3.2:latest,easy,incorrect,logic_001__trial_02,2,0.8,,1,2,We are also given that some bloops are razs.,"From step 1, we know that every gloim is a bloop (by definition of ""all"").",0.20209168,0.97936666,2,-0.051841605,0.018075835,-0.00845208,0.15880837,-0.113725275,-0.15546103,-0.13546033,0.19492215
trace_00042,logic_001,symbolic_logic,llama3.2:latest,easy,incorrect,logic_001__trial_02,2,0.8,,2,3,"From step 1, we know that every gloim is a bloop (by definition of ""all"").","Since the bloops that are razs (from step 2) are also blooms (from step 1), it means these blooms are razs.",0.21840797,0.9758576,4,-0.010687117,-0.0507063,-0.1161123,-0.023349715,0.1478508,0.108597815,0.1706701,-0.1822721
trace_00042,logic_001,symbolic_logic,llama3.2:latest,easy,incorrect,logic_001__trial_02,2,0.8,,3,4,"Since the bloops that are razs (from step 2) are also blooms (from step 1), it means these blooms are razs.",We have shown that some of the things (blooms) we know are gloims (from step 3) are also razs (from step 4).,0.15460424,0.9879765,2,0.10550902,0.2320786,0.15104635,-0.06035562,-0.029572949,-0.25539005,-0.11877773,0.12898389
trace_00042,logic_001,symbolic_logic,llama3.2:latest,easy,incorrect,logic_001__trial_02,2,0.8,,4,5,We have shown that some of the things (blooms) we know are gloims (from step 3) are also razs (from step 4).,"Therefore, since glims and razs are different categories of entities, not all glims can be razs; rather, it is possible for some glims to be razs.",0.24866626,0.9685893,2,-0.004804075,0.060897555,-0.0038311067,0.09168082,-0.031761978,-0.01723385,-0.07167245,0.030043336
trace_00043,logic_001,symbolic_logic,llama3.2:latest,easy,incorrect,logic_001__trial_03,3,0.8,,0,1,We know that all glims are bloops (Glims are a subset of Bloops).,Some bloops are razs (There is an overlap between Blooms and Rasz).,0.21231766,0.9772007,4,-0.04805501,-0.03356703,-0.18508933,-0.12490164,0.12874414,0.11007224,0.018919066,-0.28483367
trace_00043,logic_001,symbolic_logic,llama3.2:latest,easy,incorrect,logic_001__trial_03,3,0.8,,1,2,Some bloops are razs (There is an overlap between Blooms and Rasz).,"However, the relationship ""some bloops are razs"" does not guarantee that all bloops are razs (the subsets could be different sizes).",0.32490808,0.94574565,2,0.073218115,-0.11955131,0.16222744,0.018127691,-0.020515986,-0.016053367,-0.07351093,0.059193343
trace_00043,logic_001,symbolic_logic,llama3.2:latest,easy,incorrect,logic_001__trial_03,3,0.8,,2,3,"However, the relationship ""some bloops are razs"" does not guarantee that all bloops are razs (the subsets could be different sizes).",We cannot conclude that some glims must be razs because we do not know the exact relationship between Glims and Razs beyond their shared subset with Blooms.,0.12828556,0.99173725,2,0.029852828,0.22696593,-0.09504502,0.14024091,0.058799926,-0.2605994,0.0032956197,0.20119902
trace_00043,logic_001,symbolic_logic,llama3.2:latest,easy,incorrect,logic_001__trial_03,3,0.8,,3,4,We cannot conclude that some glims must be razs because we do not know the exact relationship between Glims and Razs beyond their shared subset with Blooms.,"More information would be needed to make such a conclusion, such as knowing if all bloops are also razs.",0.14344677,0.989658,1,0.018145872,-0.123197936,0.17308585,-0.12729442,-0.080261305,0.19710551,0.01002565,-0.046318077
trace_00044,logic_001,symbolic_logic,llama3.2:latest,easy,correct,logic_001__trial_04,4,0.8,,0,1,"We have the statement ""all glims are bloops"".","This implies that if something is a glimp, it must also be a bloop.",0.14642891,0.98922116,1,-0.047690723,-0.03314037,0.022755776,0.20862447,0.09928669,-0.037417103,0.03737437,-0.007838579
trace_00044,logic_001,symbolic_logic,llama3.2:latest,easy,correct,logic_001__trial_04,4,0.8,,1,2,"This implies that if something is a glimp, it must also be a bloop.","We have another statement ""some bloops are razs"", which tells us that there exists at least one bloop that is a raz.",0.21201648,0.9772661,4,0.041413553,0.035160415,-0.06798128,-0.25377658,0.09744573,0.09231796,-0.0933194,-0.17867431
trace_00044,logic_001,symbolic_logic,llama3.2:latest,easy,correct,logic_001__trial_04,4,0.8,,2,3,"We have another statement ""some bloops are razs"", which tells us that there exists at least one bloop that is a raz.","Since all glimps are bloops (step 1), and we know some bloops are razs (step 2), it logically follows that some glimps are also razs.",0.13769569,0.99047464,2,-0.07083413,-0.07206538,0.035635654,0.21804236,-0.07490708,-0.15880953,0.035809636,0.09256127
trace_00045,logic_001,symbolic_logic,llama3.2:latest,easy,correct,logic_001__trial_05,5,0.8,,0,1,"The statement ""all glims are bloops"" means that every glim belongs to the set of bloops.","The statement ""some bloops are razs"" means that there exists at least one bloop that also belongs to the set of razs.",0.18705101,0.9823502,4,0.04983849,0.018067336,-0.03430122,-0.1871136,0.16091815,0.063982286,-0.041081183,-0.21574658
trace_00045,logic_001,symbolic_logic,llama3.2:latest,easy,correct,logic_001__trial_05,5,0.8,,1,2,"The statement ""some bloops are razs"" means that there exists at least one bloop that also belongs to the set of razs.","Since all glims are bloops, if some bloops are razs, then those same glims must also be razs because they belong to both sets.",0.08212583,0.9966219,2,0.0146192545,-0.014792813,0.0012967136,0.20680952,-0.08696025,-0.04565675,-0.005038226,0.100813955
trace_00045,logic_001,symbolic_logic,llama3.2:latest,easy,correct,logic_001__trial_05,5,0.8,,2,3,"Since all glims are bloops, if some bloops are razs, then those same glims must also be razs because they belong to both sets.","Therefore, we can conclude that some glims are razs.",0.15921605,0.9872437,1,0.08806889,0.25478277,0.1611867,-0.11568782,0.07457987,-0.24903937,-0.03508218,0.10344884
trace_00046,logic_002,symbolic_logic,llama3.2:latest,easy,incorrect,logic_002__trial_01,1,0.8,,0,1,If all lums are nops.,No kets are lums.,0.2592263,0.9658166,1,0.024125222,-0.015305251,-0.0004902288,0.05002629,-0.20635106,0.089346856,0.008623894,0.005837447
trace_00046,logic_002,symbolic_logic,llama3.2:latest,easy,incorrect,logic_002__trial_01,1,0.8,,1,2,No kets are lums.,"Since kets are not a subset of lums (they cannot be), no kets can be nops.",0.19831273,0.9801388,2,-0.031262256,-0.008811808,-0.04051909,0.115244694,0.14953707,-0.096630454,-0.045173395,0.039602723
trace_00046,logic_002,symbolic_logic,llama3.2:latest,easy,incorrect,logic_002__trial_01,1,0.8,,2,3,"Since kets are not a subset of lums (they cannot be), no kets can be nops.","Therefore, there must be some overlap between the sets of kets and nops.",0.2733529,0.9619138,4,-0.09421498,-0.11936118,0.10506812,-0.0065565812,-0.01587981,0.18497995,-0.07382696,0.10380719
trace_00047,logic_002,symbolic_logic,llama3.2:latest,easy,correct,logic_002__trial_02,2,0.8,,0,1,If no kets are lums.,All lums are nops.,0.2165287,0.9762762,3,-0.075086355,0.03147955,-0.09144164,-0.10326787,0.12390749,-0.036484297,0.05220634,-0.1621104
trace_00047,logic_002,symbolic_logic,llama3.2:latest,easy,correct,logic_002__trial_02,2,0.8,,1,2,All lums are nops.,"Since all lums are nops, no lums can be kets (contradiction).",0.2135413,0.97693396,2,0.01787221,-0.12001943,-0.06550847,0.2007445,-0.12332048,-0.053677395,-0.067659974,0.19339398
trace_00047,logic_002,symbolic_logic,llama3.2:latest,easy,correct,logic_002__trial_02,2,0.8,,2,3,"Since all lums are nops, no lums can be kets (contradiction).","Therefore, there is a non-empty set of kets that includes only those which are not lums.",0.18780906,0.98220557,1,0.08466893,-0.0005178924,0.14821093,-0.05411587,0.03421676,0.1352802,-0.188752,-0.008122746
trace_00048,logic_002,symbolic_logic,llama3.2:latest,easy,incorrect,logic_002__trial_03,3,0.8,,0,1,"Given that there is no kets (ket is a null set) implies that for any element x in some set A, either x ∉ A or x = ∅.","Since all lums are nops, we have that for any subset B of A, if B contains an element x such that x ≠ ∅, then x ∉ B.",0.15536915,0.9878565,4,0.04316708,-0.09084001,0.020200737,-0.04115524,-0.01425267,-0.08026687,0.03006852,-0.11176076
trace_00048,logic_002,symbolic_logic,llama3.2:latest,easy,incorrect,logic_002__trial_03,3,0.8,,1,2,"Since all lums are nops, we have that for any subset B of A, if B contains an element x such that x ≠ ∅, then x ∉ B.","Combining steps 1 and 2, if there is no kets (i.e., no non-empty subsets), we can conclude that every element in the universe set A is null (i.e., every element is equal to ∅).",0.16782627,0.9858166,2,-0.035447896,0.13391718,0.04865913,0.008883594,0.0036949106,0.050348952,-0.06600066,0.19302887
trace_00048,logic_002,symbolic_logic,llama3.2:latest,easy,incorrect,logic_002__trial_03,3,0.8,,2,3,"Combining steps 1 and 2, if there is no kets (i.e., no non-empty subsets), we can conclude that every element in the universe set A is null (i.e., every element is equal to ∅).","Therefore, every subset of A, including individual elements, must be a null set.",0.18345968,0.98302716,4,-0.091195874,-0.12886682,0.030604294,-0.0636083,0.039814312,-0.14481615,-0.006285703,-0.07666842
trace_00048,logic_002,symbolic_logic,llama3.2:latest,easy,incorrect,logic_002__trial_03,3,0.8,,3,4,"Therefore, every subset of A, including individual elements, must be a null set.",This implies that all lums are also nops because lums and nops describe different sets of objects within the same universal set.,0.22899558,0.97342753,1,0.040985573,-0.024527552,0.0072465404,-0.009164013,-0.023818165,0.0424789,0.12280823,-0.060819812
trace_00049,logic_002,symbolic_logic,llama3.2:latest,easy,correct,logic_002__trial_04,4,0.8,,0,1,"Given that no kets are lums, we know there is a subset of objects (kets) which do not belong to another subset (lums).","Given that all lums are nops, we know that any object belonging to the subset 'lums' also belongs to the subset 'nops'.",0.11913516,0.992878,3,-0.13366538,-0.0003628038,0.013052448,-0.07970641,0.12201192,-0.082289405,0.10472748,-0.12700808
trace_00049,logic_002,symbolic_logic,llama3.2:latest,easy,correct,logic_002__trial_04,4,0.8,,1,2,"Given that all lums are nops, we know that any object belonging to the subset 'lums' also belongs to the subset 'nops'.","Since all lums are nops, and there is a distinct group of kets that does not belong to lums, it means that kets do not belong to nops.",0.21938203,0.97563905,3,-0.08708002,-0.08006744,-0.17084523,0.0638218,-0.081532694,0.058370937,0.059894267,0.02277113
trace_00049,logic_002,symbolic_logic,llama3.2:latest,easy,correct,logic_002__trial_04,4,0.8,,2,3,"Since all lums are nops, and there is a distinct group of kets that does not belong to lums, it means that kets do not belong to nops.","Therefore, we can conclude that kets and nops have mutually exclusive relationships.",0.28625643,0.95815307,1,0.04954929,0.11543534,0.30306518,0.08547681,-0.20337796,0.18931694,-0.066925,0.116968594
trace_00050,logic_002,symbolic_logic,llama3.2:latest,easy,incorrect,logic_002__trial_05,5,0.8,,0,1,"If no kets are lums, then there is at least one thing that is not a ket but is a lum.",All lums are nops.,0.18586108,0.982576,3,-0.06986876,0.049978066,-0.089234576,-0.13575514,0.14192942,-0.045397528,0.11522771,-0.16971956
trace_00050,logic_002,symbolic_logic,llama3.2:latest,easy,incorrect,logic_002__trial_05,5,0.8,,1,2,All lums are nops.,"Therefore, if all lums are nops, then nothing that is a lum can be a ket.",0.22340988,0.9747246,2,-0.011075538,-0.07601925,0.058566984,0.22556509,-0.09781177,-0.029314602,-0.08918138,0.21372269
trace_00051,logic_003,symbolic_logic,llama3.2:latest,medium,incorrect,logic_003__trial_01,1,0.8,,0,1,Given that all tars are mivs.,No mivs are pels.,0.12422177,0.9922545,1,-0.026516834,0.015469119,-0.08439591,-0.07928183,-0.2591359,0.07040667,0.23751646,-0.2802097
trace_00051,logic_003,symbolic_logic,llama3.2:latest,medium,incorrect,logic_003__trial_01,1,0.8,,1,2,No mivs are pels.,"Since there is no overlap between tars and pels (all tars are mivs but none of those mivs can be pels), it follows logically that there cannot be any tars that are pels.",0.17661516,0.98428,2,-0.031266514,0.035657514,0.036028758,0.17173588,0.16732591,-0.09954518,-0.29969263,0.31018677
trace_00052,logic_003,symbolic_logic,llama3.2:latest,medium,correct,logic_003__trial_02,2,0.8,,0,1,"Given that all tars are mivs, we know there is a subset of entities (mivs) that are also tars.","No mivs are pels means that within the subset of mivs (which are also tars), none of them can be pels.",0.19342019,0.981116,1,-0.0922219,-0.11049055,-0.12222824,0.0009794754,-0.090064846,0.007238846,0.2647486,-0.1508232
trace_00052,logic_003,symbolic_logic,llama3.2:latest,medium,correct,logic_003__trial_02,2,0.8,,1,2,"No mivs are pels means that within the subset of mivs (which are also tars), none of them can be pels.","Since being a pel is not an inherent characteristic of mivs, and all tars are mivs, it follows that no tar can inherently be a pel based on the given relationships.",0.16210039,0.98677427,2,0.0012811495,0.18762134,0.122901775,0.09822562,-0.14453037,-0.04389049,-0.2296232,0.11939367
trace_00052,logic_003,symbolic_logic,llama3.2:latest,medium,correct,logic_003__trial_02,2,0.8,,2,3,"Since being a pel is not an inherent characteristic of mivs, and all tars are mivs, it follows that no tar can inherently be a pel based on the given relationships.","Therefore, any tar cannot be classified as a pel without additional information.",0.2155629,0.97648996,0,0.13076805,0.020438671,-0.008371532,-0.027335394,0.25685042,-0.042352,0.00027667521,0.13275151
trace_00053,logic_003,symbolic_logic,llama3.2:latest,medium,incorrect,logic_003__trial_03,3,0.8,,0,1,Given that all tars are mivs.,"From statement 1 and statement 2 (no mivs are pels), we can infer that all tars cannot be pels because being a pel contradicts the condition of being a miv.",0.2772683,0.9607925,1,-0.05240274,-0.050516926,-0.052162018,0.10344569,-0.18123293,-0.0727919,0.042636927,-0.05868197
trace_00053,logic_003,symbolic_logic,llama3.2:latest,medium,incorrect,logic_003__trial_03,3,0.8,,1,2,"From statement 1 and statement 2 (no mivs are pels), we can infer that all tars cannot be pels because being a pel contradicts the condition of being a miv.","Since some tars must not be pels, it is possible for a tar to not be a pel.",0.2243474,0.97450924,2,0.031644516,0.0633519,0.07795036,0.02381254,0.14599845,0.06569971,-0.060679063,0.1350322
trace_00053,logic_003,symbolic_logic,llama3.2:latest,medium,incorrect,logic_003__trial_03,3,0.8,,2,3,"Since some tars must not be pels, it is possible for a tar to not be a pel.",This does not preclude it from being any other category (such as pels).,0.15080418,0.98856366,1,-0.063283205,0.09106542,0.14240152,-0.12079337,-0.08343536,0.0782216,0.14896674,-0.20712842
trace_00053,logic_003,symbolic_logic,llama3.2:latest,medium,incorrect,logic_003__trial_03,3,0.8,,3,4,This does not preclude it from being any other category (such as pels).,"Therefore, based on the given statements alone, we cannot conclude that no tar can be a pel; only that if all tars were pels, then this would contradict our premises.",0.082413405,0.99659824,2,0.03509714,-0.025768485,-0.12028667,0.1507057,0.02203198,-0.17731324,-0.18154192,0.21401447
trace_00054,logic_003,symbolic_logic,llama3.2:latest,medium,incorrect,logic_003__trial_04,4,0.8,,0,1,We know that all tars are mivs.,No mivs are pels.,0.14162238,0.98992074,1,-0.018905833,-0.05071735,-0.07547435,-0.054881502,-0.18125154,0.058169518,0.22849339,-0.25365958
trace_00054,logic_003,symbolic_logic,llama3.2:latest,medium,incorrect,logic_003__trial_04,4,0.8,,1,2,No mivs are pels.,"Since no mivs are pels, it cannot be the case that all tars are pels (because if they were, then some mivs would be pels).",0.09316782,0.9956504,2,-0.031585716,-0.004777896,0.08048017,0.12446302,0.18127884,-0.020853648,-0.2527118,0.2539543
trace_00054,logic_003,symbolic_logic,llama3.2:latest,medium,incorrect,logic_003__trial_04,4,0.8,,2,3,"Since no mivs are pels, it cannot be the case that all tars are pels (because if they were, then some mivs would be pels).","Therefore, we can conclude that not all tars are pels.",0.15372615,0.98811346,2,0.049933545,0.011918668,0.11024841,0.10679749,0.093485,-0.13989753,-0.1840401,0.25423998
trace_00055,logic_003,symbolic_logic,llama3.2:latest,medium,correct,logic_003__trial_05,5,0.8,,0,1,"If all tars are mivs, then every tar has the property of being an miv.","No mivs are pels, so there is no overlap between the properties of mivs and pels.",0.13195966,0.99125516,1,-0.0053609344,-0.03575989,0.05702543,-0.055973165,-0.18300268,0.11958908,0.23155914,-0.25835347
trace_00055,logic_003,symbolic_logic,llama3.2:latest,medium,correct,logic_003__trial_05,5,0.8,,1,2,"No mivs are pels, so there is no overlap between the properties of mivs and pels.","Since there is no overlap, if a tar has the property of being an miv, it cannot also have the property of being a pel.",0.11777173,0.9930407,2,-0.017093793,0.041818414,0.024421148,0.06908221,0.15153426,-0.14615947,-0.26648435,0.30291235
trace_00056,logic_004,symbolic_logic,llama3.2:latest,medium,incorrect,logic_004__trial_01,1,0.8,,0,1,We know that all fads are jops.,"Since some rens are fads, it follows that some rens are also jops (by substitution).",0.112493426,0.9936525,4,-0.0033564675,-0.24825604,0.035450883,-0.116832614,0.099273644,0.17463642,-0.014532348,0.22840075
trace_00056,logic_004,symbolic_logic,llama3.2:latest,medium,incorrect,logic_004__trial_01,1,0.8,,1,2,"Since some rens are fads, it follows that some rens are also jops (by substitution).",This allows us to conclude that some rens = some jops.,0.13910826,0.9902771,3,-0.058945723,-0.1324836,0.07201081,-0.08278317,-0.07276316,0.09214824,0.10678352,0.12509963
trace_00057,logic_004,symbolic_logic,llama3.2:latest,medium,correct,logic_004__trial_02,2,0.8,,0,1,We know that if some rens are fads.,All fads are jops.,0.11662039,0.9931765,2,-0.03217105,0.05153879,-0.098859966,0.2105203,0.065729275,-0.16897066,0.11006605,-0.3388802
trace_00057,logic_004,symbolic_logic,llama3.2:latest,medium,correct,logic_004__trial_02,2,0.8,,1,2,All fads are jops.,"From steps 1 and 2, we can infer that if some rens are fads, then those rens must also be jops (since all fads are jops).",0.19816577,0.9801685,4,-0.066230685,-0.23189451,0.014324467,-0.10509213,-0.00646944,0.05547208,-0.11379705,0.33813497
trace_00057,logic_004,symbolic_logic,llama3.2:latest,medium,correct,logic_004__trial_02,2,0.8,,2,3,"From steps 1 and 2, we can infer that if some rens are fads, then those rens must also be jops (since all fads are jops).","Therefore, we can conclude that some rens are jops.",0.2006888,0.97965497,0,0.18644121,-0.06582174,0.150821,-0.049770303,-0.016260767,0.06185158,0.081952915,0.07902381
trace_00058,logic_004,symbolic_logic,llama3.2:latest,medium,incorrect,logic_004__trial_03,3,0.8,,0,1,We are given that some rens are fads.,"We know that if something is a fad, then it is also a job (all fads are jobs).",0.27038917,0.9627511,2,-0.05291485,0.047513165,0.05725594,0.1457785,0.010578467,-0.1356271,-0.0046657636,-0.15316673
trace_00058,logic_004,symbolic_logic,llama3.2:latest,medium,incorrect,logic_004__trial_03,3,0.8,,1,2,"We know that if something is a fad, then it is also a job (all fads are jobs).","Therefore, we can conclude that some jobs are rens.",0.1768558,0.9842368,4,0.08058155,-0.21369782,0.050892286,-0.116584204,-0.01958853,0.10039865,0.050613552,0.24443279
trace_00059,logic_004,symbolic_logic,llama3.2:latest,medium,correct,logic_004__trial_04,4,0.8,,0,1,We know that if some rens are fads.,All fads are jops.,0.11662039,0.9931765,2,-0.03217105,0.05153879,-0.098859966,0.2105203,0.065729275,-0.16897066,0.11006605,-0.3388802
trace_00059,logic_004,symbolic_logic,llama3.2:latest,medium,correct,logic_004__trial_04,4,0.8,,1,2,All fads are jops.,"From steps 1 and 2, we can infer that some rens must be jops.",0.18854111,0.9820653,4,-0.01282064,-0.29925692,0.03483267,-0.10837749,0.07111666,0.06477058,-0.08750043,0.38831818
trace_00060,logic_004,symbolic_logic,llama3.2:latest,medium,correct,logic_004__trial_05,5,0.8,,0,1,We know that if some rens are fads.,All fads are jops.,0.11662039,0.9931765,2,-0.03217105,0.05153879,-0.098859966,0.2105203,0.065729275,-0.16897066,0.11006605,-0.3388802
trace_00060,logic_004,symbolic_logic,llama3.2:latest,medium,correct,logic_004__trial_05,5,0.8,,1,2,All fads are jops.,"Since all fads are jops, then ""some rens"" must be a subset of ""jops"".",0.11671157,0.99316585,4,-0.008442023,-0.1772568,0.03590589,-0.113009065,0.0090207895,0.16930157,-0.0050986474,0.26952824
trace_00060,logic_004,symbolic_logic,llama3.2:latest,medium,correct,logic_004__trial_05,5,0.8,,2,3,"Since all fads are jops, then ""some rens"" must be a subset of ""jops"".","Therefore, some rens are also jops.",0.10020837,0.9949665,4,0.033227243,-0.2830666,0.12193328,-0.05543577,-5.443803e-05,0.05192743,-0.037924647,0.18127494
trace_00061,logic_005,symbolic_logic,llama3.2:latest,hard,correct,logic_005__trial_01,1,0.8,,0,1,Given that every vep that is a zor is also a lin.,No lin is a dax.,0.2126262,0.97713363,1,0.17433335,0.063973054,-0.041337542,-0.05662001,-0.22953552,0.10748997,0.15022229,-0.14838703
trace_00061,logic_005,symbolic_logic,llama3.2:latest,hard,correct,logic_005__trial_01,1,0.8,,1,2,No lin is a dax.,"Therefore, if a vep is a zor, it cannot be a dax.",0.19600366,0.98060316,4,-0.10184022,-0.10859311,-0.03321916,0.040787924,0.23772343,-0.05647183,-0.11508414,0.05442166
trace_00062,logic_005,symbolic_logic,llama3.2:latest,hard,correct,logic_005__trial_02,2,0.8,,0,1,Since every vep that is a zor is also a lin.,No lin is a dax.,0.21910942,0.9757003,1,0.18697819,0.0627453,-0.020635858,-0.040252972,-0.24442951,0.07537735,0.117089845,-0.12261661
trace_00062,logic_005,symbolic_logic,llama3.2:latest,hard,correct,logic_005__trial_02,2,0.8,,1,2,No lin is a dax.,"By the transitive property of set equality, if every vep that is a zor is also a lin, and no lin is a dax, then it follows that any vep that is a zor is not a dax.",0.1918701,0.98142034,4,-0.06615861,-0.083498664,-0.041468546,0.19463545,0.14483677,-0.14181091,-0.17891884,0.0009864644
trace_00063,logic_005,symbolic_logic,llama3.2:latest,hard,correct,logic_005__trial_03,3,0.8,,0,1,"Let's define the relationships between vep, zor, and lin.",We know that every zor is also a lin (ZOR ⊆ LIN).,0.17088126,0.9852916,3,-0.051222537,0.05012613,-0.019111145,0.01619621,0.0033050138,-0.1451747,-0.14209898,0.14719366
trace_00063,logic_005,symbolic_logic,llama3.2:latest,hard,correct,logic_005__trial_03,3,0.8,,1,2,We know that every zor is also a lin (ZOR ⊆ LIN).,"Since no lin is a dax (LIN ∩ DAX = ∅), we can conclude that no zor is a dax (ZOR ∩ DAX = ∅) because zor is a subset of lin.",0.20420806,0.9789275,0,0.0998398,-0.106957115,-0.18950537,0.069681704,-0.003445853,0.051095188,0.018153656,-0.19178157
trace_00063,logic_005,symbolic_logic,llama3.2:latest,hard,correct,logic_005__trial_03,3,0.8,,2,3,"Since no lin is a dax (LIN ∩ DAX = ∅), we can conclude that no zor is a dax (ZOR ∩ DAX = ∅) because zor is a subset of lin.","Therefore, any vep that is a zor cannot be a dax.",0.239882,0.97080207,4,-0.015140736,-0.036079276,0.07875709,-0.1522486,0.17275465,0.09862723,0.11672391,0.012841735
trace_00064,logic_005,symbolic_logic,llama3.2:latest,hard,correct,logic_005__trial_04,4,0.8,,0,1,Given that every vep that is a zor is also a lin.,No lin is a dax.,0.2126262,0.97713363,1,0.17433335,0.063973054,-0.041337542,-0.05662001,-0.22953552,0.10748997,0.15022229,-0.14838703
trace_00064,logic_005,symbolic_logic,llama3.2:latest,hard,correct,logic_005__trial_04,4,0.8,,1,2,No lin is a dax.,"Therefore, a vep that is a zor cannot be a dax.",0.22972663,0.9732553,4,-0.09713073,-0.09081444,-0.044501346,0.04561183,0.24267645,-0.05713821,-0.118353225,0.06655953
trace_00065,logic_005,symbolic_logic,llama3.2:latest,hard,correct,logic_005__trial_05,5,0.8,,0,1,"Since every zor is a lin, if we have a zor (x), then x is a lin.","We know no lin is a dax, so since x is a lin, it cannot be a dax.",0.21586102,0.97642416,1,0.17811996,-0.017516073,-0.05185936,-0.057632584,-0.13736328,0.11147344,0.13555865,-0.14190567
trace_00065,logic_005,symbolic_logic,llama3.2:latest,hard,correct,logic_005__trial_05,5,0.8,,1,2,"We know no lin is a dax, so since x is a lin, it cannot be a dax.","Therefore, any vep that is a zor will never be a dax.",0.3055995,0.95216006,4,-0.11400745,-0.050035745,0.013265979,0.013427459,0.25710812,-0.016625362,-0.056258563,0.018119432
trace_00066,logic_006,symbolic_logic,llama3.2:latest,easy,correct,logic_006__trial_01,1,0.8,,0,1,"We know that for the machine to turn on, both switch A and switch B must be on.","Since switch A is on, this fulfills one condition of the machine turning on.",0.29361898,0.95592254,3,-0.04660511,-0.009935334,0.11093105,-0.22739278,0.20012604,0.04403416,0.097218394,-0.089977324
trace_00066,logic_006,symbolic_logic,llama3.2:latest,easy,correct,logic_006__trial_01,1,0.8,,1,2,"Since switch A is on, this fulfills one condition of the machine turning on.","However, since switch B is off, it does not fulfill the other condition needed for the machine to turn on.",0.20029125,0.9797364,2,0.12102321,-0.02433713,-0.008639445,0.2017151,-0.13657682,0.107835256,-0.0105660865,0.004206255
trace_00066,logic_006,symbolic_logic,llama3.2:latest,easy,correct,logic_006__trial_01,1,0.8,,2,3,"However, since switch B is off, it does not fulfill the other condition needed for the machine to turn on.","Therefore, because only one condition (switch B being on) is met, and both conditions are required for the machine to turn on, the machine will not turn on.",0.05768064,0.9983351,3,-0.12520543,-0.038401045,-0.30387515,0.05361851,-0.079808444,-0.39045247,-0.012283491,0.070879035
trace_00067,logic_006,symbolic_logic,llama3.2:latest,easy,incorrect,logic_006__trial_02,2,0.8,,0,1,Given that a machine turns on only if both switch A and switch B are on.,"Since switch A is on, condition 1 of the requirement for the machine to turn on is met.",0.18590549,0.98256767,3,-0.124413244,0.12111977,-0.07039471,-0.2167009,0.23753576,-0.15147915,0.0109554995,-0.106119536
trace_00067,logic_006,symbolic_logic,llama3.2:latest,easy,incorrect,logic_006__trial_02,2,0.8,,1,2,"Since switch A is on, condition 1 of the requirement for the machine to turn on is met.","However, since switch B is off, condition 2 of the requirement is not met.",0.22733516,0.97381663,0,0.15825984,-0.10351058,0.19107473,-0.03262347,-0.09863854,0.24256904,0.0023776311,-0.076164335
trace_00067,logic_006,symbolic_logic,llama3.2:latest,easy,incorrect,logic_006__trial_02,2,0.8,,2,3,"However, since switch B is off, condition 2 of the requirement is not met.",The machine does not meet all conditions for turning on.,0.27932334,0.96019715,3,-0.049488947,0.12093761,-0.31679624,0.093602546,0.0531005,-0.2595712,0.050425824,0.17150068
trace_00068,logic_006,symbolic_logic,llama3.2:latest,easy,correct,logic_006__trial_03,3,0.8,,0,1,The condition for the machine to turn on is that both switch A and switch B must be on.,"Since switch A is on, but switch B is off, this condition is not fully met.",0.21544324,0.9765164,0,0.069255084,-0.071339324,0.1606079,-0.31380597,-0.054007605,0.22671086,0.121966906,-0.13937257
trace_00068,logic_006,symbolic_logic,llama3.2:latest,easy,correct,logic_006__trial_03,3,0.8,,1,2,"Since switch A is on, but switch B is off, this condition is not fully met.","According to the given condition, since one of the switches (switch B) is off, the machine does not turn on.",0.19504538,0.9807942,2,-0.014290245,0.043301784,-0.21265881,0.26297462,-0.058113024,-0.27951574,-0.07524485,0.14368978
trace_00069,logic_006,symbolic_logic,llama3.2:latest,easy,correct,logic_006__trial_04,4,0.8,,0,1,We know that the machine's power requirement includes both switches A and B.,"The condition for the machine to be turned on requires both switches to be in the ""on"" state.",0.22805825,0.9736475,3,-0.22161421,0.03396275,-0.39071655,0.068668626,0.017226666,-0.09272021,-0.03326912,-0.06438686
trace_00069,logic_006,symbolic_logic,llama3.2:latest,easy,correct,logic_006__trial_04,4,0.8,,1,2,"The condition for the machine to be turned on requires both switches to be in the ""on"" state.","Since only switch A is currently in the ""on"" state, it does not meet the required conditions.",0.23121908,0.9729017,0,0.18398896,0.04151608,0.25256437,-0.12750798,0.14991939,0.070517935,0.0055177156,-0.094900176
trace_00069,logic_006,symbolic_logic,llama3.2:latest,easy,correct,logic_006__trial_04,4,0.8,,2,3,"Since only switch A is currently in the ""on"" state, it does not meet the required conditions.","Therefore, the machine will not turn on.",0.28595835,0.958242,3,-0.06863486,0.041290946,-0.25385267,0.058837082,-0.096766144,-0.19197713,0.11079625,0.28553843
trace_00070,logic_006,symbolic_logic,llama3.2:latest,easy,incorrect,logic_006__trial_05,5,0.8,,0,1,Given that a machine turns on only if both switch A and switch B are on.,It is stated that switch A is on.,0.14153542,0.98993313,3,-0.1329579,0.22015929,-0.008956663,-0.30889603,0.16224651,-0.025912467,0.018428631,-0.19802138
trace_00070,logic_006,symbolic_logic,llama3.2:latest,easy,incorrect,logic_006__trial_05,5,0.8,,1,2,It is stated that switch A is on.,"However, it is also stated that switch B is off.",0.10211484,0.9947726,2,0.12676688,-0.1723534,0.015546688,0.076217994,-0.11623588,0.20221044,0.08516392,0.043643158
trace_00070,logic_006,symbolic_logic,llama3.2:latest,easy,incorrect,logic_006__trial_05,5,0.8,,2,3,"However, it is also stated that switch B is off.","Since switch B is not on, one of the conditions for the machine to turn on (both switches being on) is not met.",0.21902254,0.97571975,2,-0.10676883,-0.052218832,-0.26540673,0.22897442,-0.22618873,-0.1451164,-0.08831514,0.11661493
trace_00070,logic_006,symbolic_logic,llama3.2:latest,easy,incorrect,logic_006__trial_05,5,0.8,,3,4,"Since switch B is not on, one of the conditions for the machine to turn on (both switches being on) is not met.","Therefore, the machine does not turn on.",0.26055074,0.9654602,3,-0.044863768,0.040271427,-0.12533408,-0.03177202,0.17769359,-0.279292,0.047264535,0.1744158
trace_00071,logic_007,symbolic_logic,llama3.2:latest,medium,incorrect,logic_007__trial_01,1,0.8,,0,1,We know that receiving a certificate requires passing the exam.,Mina has not received a certificate.,0.10061045,0.994926,3,-0.0786773,0.19670814,-0.4179482,-0.08104846,-0.108940795,0.05021888,0.21122424,-0.034864653
trace_00071,logic_007,symbolic_logic,llama3.2:latest,medium,incorrect,logic_007__trial_01,1,0.8,,1,2,Mina has not received a certificate.,"Therefore, it must be true that Mina did not pass the exam.",0.110502735,0.9938758,2,0.12750618,-0.22824898,0.07756049,0.10540135,0.13295133,-0.04658317,-0.048496455,0.075810365
trace_00072,logic_007,symbolic_logic,llama3.2:latest,medium,incorrect,logic_007__trial_02,2,0.8,,0,1,If passing the exam is sufficient for receiving a certificate.,Mina received no certificate.,0.11583567,0.99326843,3,-0.09191832,0.21306011,-0.45571887,-0.06548172,-0.1334264,0.052783698,0.20802748,-0.026961666
trace_00072,logic_007,symbolic_logic,llama3.2:latest,medium,incorrect,logic_007__trial_02,2,0.8,,1,2,Mina received no certificate.,"Since passing the exam is necessary and sufficient for receiving a certificate, if Mina did not receive a certificate, then she must have failed to pass the exam.",0.14983639,0.9887108,4,0.11714238,-0.22089621,0.22801737,0.05068884,0.034206167,-0.15175511,-0.09503846,0.12233696
trace_00073,logic_007,symbolic_logic,llama3.2:latest,medium,incorrect,logic_007__trial_03,3,0.8,,0,1,"If receiving a certificate requires passing an exam, then not having a certificate means Mina did not pass.","Since Mina has no certificate, it can be inferred that she did not meet the requirement of passing the exam.",0.09075527,0.9958732,3,0.07561757,0.1324646,-0.14519395,-0.03881572,0.00870511,0.06573574,0.061379716,0.09952899
trace_00073,logic_007,symbolic_logic,llama3.2:latest,medium,incorrect,logic_007__trial_03,3,0.8,,1,2,"Since Mina has no certificate, it can be inferred that she did not meet the requirement of passing the exam.","Therefore, it is possible (or likely) that Mina did not pass the exam.",0.19495395,0.9808124,0,0.022589155,-0.12532464,-0.08543679,-0.074228175,0.07688688,-0.04923157,0.14794089,0.07093343
trace_00074,logic_007,symbolic_logic,llama3.2:latest,medium,incorrect,logic_007__trial_04,4,0.8,,0,1,Passing the exam is necessary but not sufficient for receiving a certificate.,"Since Mina did not receive a certificate, it means she did not pass the requirements set by the institution (e.g., passing the exam).",0.17508064,0.9845542,3,-0.11662598,0.12713872,-0.3080062,-0.14054835,-0.06869354,0.08699033,0.24006082,0.036996663
trace_00074,logic_007,symbolic_logic,llama3.2:latest,medium,incorrect,logic_007__trial_04,4,0.8,,1,2,"Since Mina did not receive a certificate, it means she did not pass the requirements set by the institution (e.g., passing the exam).","Therefore, we can infer that Mina likely did not pass.",0.18301374,0.9831104,2,0.1176022,0.08590484,0.008555311,-0.010944206,-0.021496635,0.008015949,0.06130965,0.100582235
trace_00075,logic_007,symbolic_logic,llama3.2:latest,medium,incorrect,logic_007__trial_05,5,0.8,,0,1,We know that passing the exam is necessary for receiving a certificate.,"Since Mina received no certificate, it means she did not meet the requirement for receiving a certificate.",0.09282872,0.99568206,3,-0.13362539,0.122389846,-0.4420084,-0.072898455,-0.09033366,0.079536244,0.2269775,-0.033379637
trace_00075,logic_007,symbolic_logic,llama3.2:latest,medium,incorrect,logic_007__trial_05,5,0.8,,1,2,"Since Mina received no certificate, it means she did not meet the requirement for receiving a certificate.","Therefore, if passing the exam is sufficient for receiving a certificate, and Mina did not receive a certificate, then she must have failed to pass.",0.14857332,0.98890144,2,0.21662053,-0.15875554,0.1654249,0.10198435,0.0046391017,-0.19168141,-0.13892625,0.16254464
trace_00076,logic_008,symbolic_logic,llama3.2:latest,medium,incorrect,logic_008__trial_01,1,0.8,,0,1,Being invited is necessary for entering the hall.,Joon entered the hall.,0.1507434,0.98857296,0,0.1425768,0.11288006,-0.2504374,-0.16069303,-0.06950486,0.044625714,0.14799322,0.0039976835
trace_00076,logic_008,symbolic_logic,llama3.2:latest,medium,incorrect,logic_008__trial_01,1,0.8,,1,2,Joon entered the hall.,"Since being invited is necessary, but Joon entered anyway, it must be that the requirement of needing an invitation was either ignored or there was some other way for Joon to enter.",0.2678908,0.9634493,4,-0.17487125,-0.16131908,-0.07137941,0.17727087,-0.005263412,-0.027625702,-0.096469745,-0.060834184
trace_00077,logic_008,symbolic_logic,llama3.2:latest,medium,incorrect,logic_008__trial_02,2,0.8,,0,1,We know that being invited is necessary for entering the hall.,Joon entered the hall.,0.14259057,0.98978174,0,0.10297512,0.10551399,-0.30439484,-0.13254213,-0.053700212,0.041422326,0.134006,-0.04703708
trace_00077,logic_008,symbolic_logic,llama3.2:latest,medium,incorrect,logic_008__trial_02,2,0.8,,1,2,Joon entered the hall.,"Since being invited is necessary and condition, and Joon entered anyway, it must be that he was already inside when he received the invitation.",0.17210947,0.9850778,4,-0.16698511,-0.2297227,0.0068730805,0.14180033,0.0066981935,-0.03776912,-0.11151368,-0.03156435
trace_00078,logic_008,symbolic_logic,llama3.2:latest,medium,incorrect,logic_008__trial_03,3,0.8,,0,1,The invitation to enter the hall is a prerequisite.,"Since Joon entered the hall, it implies that they were given an invitation to do so.",0.118895516,0.99290675,0,0.0558753,-0.071075276,-0.236152,-0.16390121,-0.04093864,0.17415774,0.24378872,-0.0061486894
trace_00078,logic_008,symbolic_logic,llama3.2:latest,medium,incorrect,logic_008__trial_03,3,0.8,,1,2,"Since Joon entered the hall, it implies that they were given an invitation to do so.","Therefore, being invited is sufficient for entering the hall.",0.1696549,0.9855035,2,-0.047902778,0.0012166641,0.29691815,0.17927437,0.08393726,-0.17463084,-0.20262659,0.036754612
trace_00079,logic_008,symbolic_logic,llama3.2:latest,medium,correct,logic_008__trial_04,4,0.8,,0,1,"We know that if being invited is necessary for entering the hall, then for Joon to enter the hall, it must have been necessary for him to be invited.","Since Joon entered the hall, it was necessary for him to be invited in order to do so.",0.19814977,0.98017174,3,-0.07644059,0.027526299,-0.22101963,-0.119621165,0.0026528738,0.16124745,0.12266974,-0.06468547
trace_00079,logic_008,symbolic_logic,llama3.2:latest,medium,correct,logic_008__trial_04,4,0.8,,1,2,"Since Joon entered the hall, it was necessary for him to be invited in order to do so.","Therefore, we can conclude that Joon was invited before or at the time he entered the hall.",0.29169133,0.95651245,2,0.12506047,0.0029241547,0.1063099,0.12864219,-0.033180136,-0.08713891,0.03709332,0.059471257
trace_00080,logic_008,symbolic_logic,llama3.2:latest,medium,incorrect,logic_008__trial_05,5,0.8,,0,1,The conditions of entry are that an invitation is required.,"Since an invitation is a condition for entry, it must have been met in order to enter.",0.21515082,0.9765808,3,-0.14962517,-0.07725374,-0.3071569,-0.03393339,-0.06499743,-0.020050272,0.19822484,0.15074894
trace_00080,logic_008,symbolic_logic,llama3.2:latest,medium,incorrect,logic_008__trial_05,5,0.8,,1,2,"Since an invitation is a condition for entry, it must have been met in order to enter.","Therefore, if Joon entered the hall, then he must have received the necessary invitation.",0.15401818,0.98806804,0,0.18572202,-0.01255768,0.028603712,-0.1162914,-0.0064579956,0.014180751,-0.036487773,-0.0025456767
trace_00081,temporal_001,temporal_ordering,llama3.2:latest,easy,incorrect,temporal_001__trial_01,1,0.8,,0,1,"Analyze the arrival order of Mina and Joon, which is given as Mina arriving before Joon.","Consider the arrival order of Joon and Sora, which is given as Joon arriving after Sora.",0.1194178,0.9928441,4,-0.05108116,-0.17206986,0.099454656,-0.036401592,0.06287314,-0.013350037,-0.1556254,0.016108688
trace_00081,temporal_001,temporal_ordering,llama3.2:latest,easy,incorrect,temporal_001__trial_01,1,0.8,,1,2,"Consider the arrival order of Joon and Sora, which is given as Joon arriving after Sora.",Combine steps 1 and 2 to conclude that Mina must have arrived before both Joon and Sora.,0.19778128,0.98024625,0,0.08728685,0.12875815,-0.2119182,-0.031682223,-0.19696626,-0.061975654,0.07775337,0.1790977
trace_00081,temporal_001,temporal_ordering,llama3.2:latest,easy,incorrect,temporal_001__trial_01,1,0.8,,2,3,Combine steps 1 and 2 to conclude that Mina must have arrived before both Joon and Sora.,"Since Mina arrived before Joon and Joon arrived after Sora, it follows that Sora also arrived before Mina.",0.3043662,0.9525552,1,-0.07381764,0.065219976,0.11177769,0.017178651,0.09823456,0.06839813,0.038821995,-0.30468154
trace_00081,temporal_001,temporal_ordering,llama3.2:latest,easy,incorrect,temporal_001__trial_01,1,0.8,,3,4,"Since Mina arrived before Joon and Joon arrived after Sora, it follows that Sora also arrived before Mina.","Therefore, the order of arrival from earliest to latest is: Sora, Mina, Joon.",0.2392402,0.9709604,3,-0.09287509,0.09459932,0.033134747,0.019511439,0.22616096,-0.041530713,-0.091971,-0.10696363
trace_00082,temporal_001,temporal_ordering,llama3.2:latest,easy,correct,temporal_001__trial_02,2,0.8,,0,1,Identify the information given about Mina and Joon's arrival times relative to each other.,"Determine that if Mina arrived before Joon, and no other information is known about their relationship to Sora's arrival time, we must consider all three arrivals separately.",0.2014672,0.97949535,2,-0.016536713,-0.14696959,0.040116224,0.09738927,0.070792414,-0.1764471,-0.2758398,0.0867864
trace_00082,temporal_001,temporal_ordering,llama3.2:latest,easy,correct,temporal_001__trial_02,2,0.8,,1,2,"Determine that if Mina arrived before Joon, and no other information is known about their relationship to Sora's arrival time, we must consider all three arrivals separately.","Since Joon arrived after Sora, it can be concluded that Mina cannot have arrived first because she arrived before Joon, but we cannot determine who arrived first between Mina and Sora.",0.19346133,0.9811079,3,-0.019744033,-0.03437724,-0.35613686,-0.00063632324,0.18282828,-0.13096687,0.13136746,0.11895591
trace_00082,temporal_001,temporal_ordering,llama3.2:latest,easy,correct,temporal_001__trial_02,2,0.8,,2,3,"Since Joon arrived after Sora, it can be concluded that Mina cannot have arrived first because she arrived before Joon, but we cannot determine who arrived first between Mina and Sora.","However, since Mina arrived before Joon, and Joon arrived after Sora, the only possible conclusion is that Sora must have arrived first for this chain of events to be true.",0.19813475,0.98017484,1,-0.18671045,-0.0036766701,0.1940748,-0.11694296,-0.08232892,0.14382303,-0.061175805,-0.011942097
trace_00083,temporal_001,temporal_ordering,llama3.2:latest,easy,correct,temporal_001__trial_03,3,0.8,,0,1,"Determine who arrived last: Since Joon arrived after Sora, Sora must have arrived first.",Compare the remaining two individuals: Mina and Joon.,0.21619946,0.9763492,1,0.11013709,0.18284757,-0.0030888438,-0.01905287,-0.18157472,0.15992428,0.083087265,-0.07468376
trace_00083,temporal_001,temporal_ordering,llama3.2:latest,easy,correct,temporal_001__trial_03,3,0.8,,1,2,Compare the remaining two individuals: Mina and Joon.,Determine the correct order: Mina arrived before Joon.,0.40542352,0.91412896,3,-0.22760856,-0.09684921,-0.16057245,0.03134749,0.3671159,-0.1889146,-0.027113179,-0.024427628
trace_00083,temporal_001,temporal_ordering,llama3.2:latest,easy,correct,temporal_001__trial_03,3,0.8,,2,3,Determine the correct order: Mina arrived before Joon.,"Final comparison: Since Sora arrived first and Mina arrived before Joon, who also arrived before Joon, Mina must have arrived first.",0.22713104,0.97386426,2,0.02229565,-0.074578814,0.14130346,0.08634532,-0.15927391,0.031913523,-0.041969273,0.09802838
trace_00084,temporal_001,temporal_ordering,llama3.2:latest,easy,incorrect,temporal_001__trial_04,4,0.8,,0,1,We know that Mina arrived before Joon.,We also know that Joon arrived after Sora.,0.09128993,0.99582434,4,0.0117482245,-0.1352208,0.1420344,-0.10021875,-0.082970865,0.013097854,-0.11327718,0.029810965
trace_00084,temporal_001,temporal_ordering,llama3.2:latest,easy,incorrect,temporal_001__trial_04,4,0.8,,1,2,We also know that Joon arrived after Sora.,"If Joon arrived after Sora, and Mina arrived before Joon, then Mina must have arrived before Sora.",0.23632318,0.97167456,2,-0.12218271,-0.11344181,-0.122582935,0.22947654,0.12094254,-0.07770385,0.05217324,-0.0145744765
trace_00085,temporal_001,temporal_ordering,llama3.2:latest,easy,incorrect,temporal_001__trial_05,5,0.8,,0,1,"Identify the relationships between the arrivals: Mina arrived before Joon, and Joon arrived after Sora.","Determine the sequence of arrival: Mina (before Joon), Joon (after Sora)",0.29505536,0.9554802,3,-0.044586927,0.05364056,-0.07942497,-0.07285493,0.24964376,-0.06650581,0.0599025,0.12371801
trace_00085,temporal_001,temporal_ordering,llama3.2:latest,easy,incorrect,temporal_001__trial_05,5,0.8,,1,2,"Determine the sequence of arrival: Mina (before Joon), Joon (after Sora)","Since Mina's arrival is before Joon's, and Joon's is after Sora's, it means that Mina also arrives before Sora.",0.33571962,0.94196194,4,-0.14990129,-0.110605456,-0.022367876,0.026394937,0.07881232,0.053730924,0.01380977,-0.12916337
trace_00086,temporal_002,temporal_ordering,llama3.2:latest,easy,correct,temporal_002__trial_01,1,0.8,,0,1,Establish the order of events: A -> B -> C,Determine the relationship between each pair of events:,0.21742909,0.9760761,1,0.14891134,0.16886061,0.2283271,-0.14843382,-0.5638659,0.07467436,0.1748444,-0.013828171
trace_00086,temporal_002,temporal_ordering,llama3.2:latest,easy,correct,temporal_002__trial_01,1,0.8,,1,2,Determine the relationship between each pair of events:,- A is before B (A <- B),0.21610561,0.97637,0,0.0005732792,-0.09519076,-0.23448901,0.085636735,0.42909724,-0.028758109,-0.013672347,-0.1469609
trace_00086,temporal_002,temporal_ordering,llama3.2:latest,easy,correct,temporal_002__trial_01,1,0.8,,2,3,- A is before B (A <- B),- B is before C (B <- C),0.1885349,0.98206645,2,-0.05351001,0.0023636783,-0.039543685,0.072117805,0.1134228,-0.056716137,-0.06820657,0.08517305
trace_00086,temporal_002,temporal_ordering,llama3.2:latest,easy,correct,temporal_002__trial_01,1,0.8,,3,4,- B is before C (B <- C),Identify the overall relationship by combining the individual relationships:,0.10792681,0.9941588,1,0.014450042,0.11906918,0.31392917,-0.103230685,-0.39206538,0.041623656,-0.03800745,0.084524944
trace_00086,temporal_002,temporal_ordering,llama3.2:latest,easy,correct,temporal_002__trial_01,1,0.8,,4,5,Identify the overall relationship by combining the individual relationships:,- A is before both B and C (A <- B <- C),0.10115713,0.9948704,0,-0.012117773,-0.08551311,-0.3020094,0.08750454,0.37816927,-0.042698767,0.0050607347,-0.0960681
trace_00086,temporal_002,temporal_ordering,llama3.2:latest,easy,correct,temporal_002__trial_01,1,0.8,,5,6,- A is before both B and C (A <- B <- C),Conclude that Event C happened last since it occurs after both Events A and B.,0.32732,0.94491357,1,0.011842228,-0.012507139,0.21398465,-0.06610122,-0.2662296,0.028006682,0.0777412,0.20851801
trace_00087,temporal_002,temporal_ordering,llama3.2:latest,easy,correct,temporal_002__trial_02,2,0.8,,0,1,Identify the sequence of events: Event A -> Event B -> Event C,"Analyze the relationships between events: Event A happens before Event B, and Event B happens before Event C.",0.16038516,0.9870545,2,0.018152436,-0.03740309,0.20171207,0.11679112,-0.18754074,0.060051206,0.08952887,-0.07557224
trace_00087,temporal_002,temporal_ordering,llama3.2:latest,easy,correct,temporal_002__trial_02,2,0.8,,1,2,"Analyze the relationships between events: Event A happens before Event B, and Event B happens before Event C.","Determine the order in which the events occur: Event A first, then Event B, then Event C.",0.23073153,0.9730175,3,-0.21284288,-0.17243749,-0.2673227,-0.05039008,0.42688555,-0.15431856,-0.15687995,-0.04460981
trace_00088,temporal_002,temporal_ordering,llama3.2:latest,easy,correct,temporal_002__trial_03,3,0.8,,0,1,Determine the chronological order of events.,Analyze the given information to identify the correct order: A -> B -> C,0.2784927,0.9604384,0,0.070386216,-0.1574998,-0.122432396,-0.03288205,0.20671774,-0.013994659,-0.18112503,-0.033096254
trace_00088,temporal_002,temporal_ordering,llama3.2:latest,easy,correct,temporal_002__trial_03,3,0.8,,1,2,Analyze the given information to identify the correct order: A -> B -> C,Identify Event C as the event that occurred last.,0.18289484,0.98313254,1,0.061714437,0.18551522,0.08101936,-0.13123554,-0.21615255,0.018407568,0.23930475,0.13510309
trace_00089,temporal_002,temporal_ordering,llama3.2:latest,easy,correct,temporal_002__trial_04,4,0.8,,0,1,"Identify events A, B, and C.",Determine the order of events: A -> B -> C,0.17985606,0.983693,3,-0.10180104,-0.22870733,-0.285901,0.049758017,0.42002565,-0.09703201,-0.11102362,-0.12901384
trace_00089,temporal_002,temporal_ordering,llama3.2:latest,easy,correct,temporal_002__trial_04,4,0.8,,1,2,Determine the order of events: A -> B -> C,"Based on the sequence, identify Event C as the final event in the chain.",0.17763564,0.9840963,1,0.042149752,0.10903545,0.14694251,-0.059257686,-0.13218574,0.0020872508,0.02218125,0.22232848
trace_00090,temporal_002,temporal_ordering,llama3.2:latest,easy,correct,temporal_002__trial_05,5,0.8,,0,1,Identify the relationship between the three events.,Use a logical flow to determine the order of events (A -> B -> C).,0.18904178,0.981969,2,-0.03541952,-0.2064438,-0.25540492,0.09453914,0.3574825,-0.042159658,-0.23756008,-0.07287429
trace_00090,temporal_002,temporal_ordering,llama3.2:latest,easy,correct,temporal_002__trial_05,5,0.8,,1,2,Use a logical flow to determine the order of events (A -> B -> C).,"Based on this sequence, determine that Event C is the last event to occur.",0.16341585,0.9865573,1,0.03812236,0.2687806,0.03274383,-0.09193841,-0.002189478,-0.083010845,0.10826888,0.105920084
trace_00091,temporal_003,temporal_ordering,llama3.2:latest,medium,incorrect,temporal_003__trial_01,1,0.8,,0,1,"Since Event D happened before Event B, and Event A happened before Event C, we can conclude that Event D must have occurred before both Event A and Event B.","However, Event A happened after Event B, so Event A cannot be the first event in the sequence.",0.07643829,0.99707425,3,-0.08897478,0.09049842,-0.050837994,-0.031805713,0.09951411,0.029516883,0.09086806,0.12819201
trace_00091,temporal_003,temporal_ordering,llama3.2:latest,medium,incorrect,temporal_003__trial_01,1,0.8,,1,2,"However, Event A happened after Event B, so Event A cannot be the first event in the sequence.","Therefore, Event D is the earliest event, followed by Event B.",0.17517355,0.98453754,2,-0.041988492,0.07752266,0.09556292,0.0028412528,0.0699148,0.020775372,-0.036905732,-0.22398901
trace_00091,temporal_003,temporal_ordering,llama3.2:latest,medium,incorrect,temporal_003__trial_01,1,0.8,,2,3,"Therefore, Event D is the earliest event, followed by Event B.","Since Event A happened after Event B, it must come after Event B but before Event C.",0.14763454,0.98904204,4,0.013923878,-0.1938959,0.0074861166,-0.046474926,-0.11372394,-0.054788925,-0.011612389,0.07954727
trace_00092,temporal_003,temporal_ordering,llama3.2:latest,medium,incorrect,temporal_003__trial_02,2,0.8,,0,1,Determine Event D's order relative to the other three events.,"Identify Event B as occurring first, given its relationship with both Event A and Event D.",0.12701935,0.99190027,1,0.111164525,0.15134321,0.11009384,0.019281982,-0.27403685,0.10038787,0.012095763,0.091665275
trace_00092,temporal_003,temporal_ordering,llama3.2:latest,medium,incorrect,temporal_003__trial_02,2,0.8,,1,2,"Identify Event B as occurring first, given its relationship with both Event A and Event D.",Establish Event A's position after Event B but before Event C based on initial information.,0.06071906,0.9981549,2,-0.048830815,0.021516964,-0.119889915,0.1755135,0.310697,-0.019034863,0.06536508,0.017993292
trace_00092,temporal_003,temporal_ordering,llama3.2:latest,medium,incorrect,temporal_003__trial_02,2,0.8,,2,3,Establish Event A's position after Event B but before Event C based on initial information.,"Order Event D before Event B from step 1, creating a correct sequence:",0.13271159,0.9911547,3,-0.2131853,-0.15371192,-0.11966368,-0.13453762,0.05648456,-0.028399125,-0.084188186,0.026119059
trace_00092,temporal_003,temporal_ordering,llama3.2:latest,medium,incorrect,temporal_003__trial_02,2,0.8,,3,4,"Order Event D before Event B from step 1, creating a correct sequence:",- Event D,0.29490232,0.95552737,0,0.16913377,0.17668694,0.035121605,-0.22685204,-0.10124999,-0.012700641,0.062919304,-0.052941006
trace_00092,temporal_003,temporal_ordering,llama3.2:latest,medium,incorrect,temporal_003__trial_02,2,0.8,,4,5,- Event D,- Event B,0.18955795,0.98186946,2,0.078670226,-0.042359114,0.04432784,0.13918799,-0.0950477,0.102971956,0.06518045,-0.0150256185
trace_00092,temporal_003,temporal_ordering,llama3.2:latest,medium,incorrect,temporal_003__trial_02,2,0.8,,5,6,- Event B,- Event A,0.21126127,0.9774296,3,-0.058353312,0.13046081,0.06888903,-0.12073032,0.016053319,-0.12922162,0.030181292,0.08863422
trace_00092,temporal_003,temporal_ordering,llama3.2:latest,medium,incorrect,temporal_003__trial_02,2,0.8,,6,7,- Event A,- Event C,0.21021289,0.97765565,2,-0.007233853,-0.037832256,-0.121904425,0.075182065,0.10408054,-0.0929853,-0.14284217,-0.022122364
trace_00093,temporal_003,temporal_ordering,llama3.2:latest,medium,incorrect,temporal_003__trial_03,3,0.8,,0,1,Determine the relationship between Events A and D.,"Establish that Event D happens before Event B, so Event B must happen after Event D.",0.23325667,0.97241515,2,-0.112007484,-0.15688752,-0.15907297,0.14612257,0.22190827,-0.10191728,-0.18577217,0.07571187
trace_00093,temporal_003,temporal_ordering,llama3.2:latest,medium,incorrect,temporal_003__trial_03,3,0.8,,1,2,"Establish that Event D happens before Event B, so Event B must happen after Event D.","Since Event A occurs after Event B but before Event C, it means Event B is not at the very end in time.",0.15062138,0.9885915,3,-0.09468647,-0.057915002,-0.06979784,-0.10441621,0.05345252,0.17886797,0.3035209,-0.03557628
trace_00093,temporal_003,temporal_ordering,llama3.2:latest,medium,incorrect,temporal_003__trial_03,3,0.8,,2,3,"Since Event A occurs after Event B but before Event C, it means Event B is not at the very end in time.","Because Event A happens before Event C and Event D comes before Event B, we establish a timeline order of: Event D, Event B, Event A, Event C",0.30875644,0.9511411,2,-0.09448395,0.0052844663,-0.012553882,0.115499035,0.1975474,-0.09005388,-0.31839633,-0.10324712
trace_00094,temporal_003,temporal_ordering,llama3.2:latest,medium,incorrect,temporal_003__trial_04,4,0.8,,0,1,Determine the relationship between Events A and B.,"Since Event A happens after Event B, the order is A -> B.",0.20886655,0.97794414,3,-0.19101469,-0.2793813,-0.2978513,-0.04447555,0.5395801,0.014667029,-0.11028887,-0.072007805
trace_00094,temporal_003,temporal_ordering,llama3.2:latest,medium,incorrect,temporal_003__trial_04,4,0.8,,1,2,"Since Event A happens after Event B, the order is A -> B.",Use Event D's relationship with Event B to determine their relative order.,0.13297056,0.99112,1,0.16471855,0.22076844,0.20649563,0.066403076,-0.27473712,-0.05189737,-0.109908745,-0.023263572
trace_00094,temporal_003,temporal_ordering,llama3.2:latest,medium,incorrect,temporal_003__trial_04,4,0.8,,2,3,Use Event D's relationship with Event B to determine their relative order.,"Since Event D happened before Event B, the correct order for these two events is B -> D.",0.121895105,0.99254304,3,-0.21145411,-0.2085851,-0.22329694,-0.08390317,0.18615547,0.015245662,0.13046677,0.017589837
trace_00094,temporal_003,temporal_ordering,llama3.2:latest,medium,incorrect,temporal_003__trial_04,4,0.8,,3,4,"Since Event D happened before Event B, the correct order for these two events is B -> D.",Combine steps 1-4 to establish the overall order: D -> B -> A -> C,0.29518673,0.95543957,2,0.052611165,0.060784016,0.099012986,0.13030872,0.17812316,-0.11498672,-0.30540568,0.03777804
trace_00095,temporal_003,temporal_ordering,llama3.2:latest,medium,correct,temporal_003__trial_05,5,0.8,,0,1,"Determine that since Event D happened before Event B, and Event A happened after Event B, then Event D happens before both Events A and B.","Combine this with the fact that Event A happened after Event B, but before Event C to conclude that Event D happens before all three events (A, B, and C).",0.15105052,0.98852605,3,-0.16550069,0.013281213,-0.043971278,-0.028694471,0.12361516,-0.051552244,-0.1635625,0.16624027
trace_00095,temporal_003,temporal_ordering,llama3.2:latest,medium,correct,temporal_003__trial_05,5,0.8,,1,2,"Combine this with the fact that Event A happened after Event B, but before Event C to conclude that Event D happens before all three events (A, B, and C).","Order the four events from earliest to latest as follows: Event D, Event B, Event A, Event C.",0.29626665,0.95510525,3,-0.13856663,0.069110684,-0.073358685,-0.04652053,0.29684007,0.022945432,0.025734616,-0.23743695
trace_00096,temporal_004,temporal_ordering,llama3.2:latest,medium,incorrect,temporal_004__trial_01,1,0.8,,0,1,Phone call,Breakfast,0.16820286,0.9857524,2,-0.07146391,-0.042520758,0.0014446707,0.45541063,0.07255656,0.06732796,0.052665137,-0.025731899
trace_00096,temporal_004,temporal_ordering,llama3.2:latest,medium,incorrect,temporal_004__trial_01,1,0.8,,1,2,Breakfast,Meeting,0.17154358,0.9851765,3,0.06165124,0.01703432,0.097898774,-0.39726463,-0.101969644,-0.04657698,-0.19338672,0.1574963
trace_00097,temporal_004,temporal_ordering,llama3.2:latest,medium,incorrect,temporal_004__trial_02,2,0.8,,0,1,Phone call occurred.,Breakfast took place.,0.2566774,0.96649706,2,0.0014029925,-0.07149161,0.011428803,0.5598598,0.04522655,0.032703087,0.09106375,0.0010338314
trace_00097,temporal_004,temporal_ordering,llama3.2:latest,medium,incorrect,temporal_004__trial_02,2,0.8,,1,2,Breakfast took place.,Meeting started.,0.14952472,0.98875797,3,-0.059203014,0.14057082,0.064437866,-0.4286386,-0.04916979,0.011425453,-0.2535585,0.12960593
trace_00098,temporal_004,temporal_ordering,llama3.2:latest,medium,incorrect,temporal_004__trial_03,3,0.8,,0,1,Phone call happened before breakfast.,Meeting started after breakfast but before lunch.,0.18077539,0.98352444,2,-0.07064432,-0.09875727,0.030027699,0.21152751,-0.01812872,0.064303935,-0.11948691,0.09845371
trace_00099,temporal_004,temporal_ordering,llama3.2:latest,medium,incorrect,temporal_004__trial_04,4,0.8,,0,1,Phone call,Breakfast,0.16820286,0.9857524,2,-0.07146391,-0.042520758,0.0014446707,0.45541063,0.07255656,0.06732796,0.052665137,-0.025731899
trace_00099,temporal_004,temporal_ordering,llama3.2:latest,medium,incorrect,temporal_004__trial_04,4,0.8,,1,2,Breakfast,Meeting,0.17154358,0.9851765,3,0.06165124,0.01703432,0.097898774,-0.39726463,-0.101969644,-0.04657698,-0.19338672,0.1574963
trace_00100,temporal_004,temporal_ordering,llama3.2:latest,medium,incorrect,temporal_004__trial_05,5,0.8,,0,1,Phone call,Breakfast,0.16820286,0.9857524,2,-0.07146391,-0.042520758,0.0014446707,0.45541063,0.07255656,0.06732796,0.052665137,-0.025731899
trace_00100,temporal_004,temporal_ordering,llama3.2:latest,medium,incorrect,temporal_004__trial_05,5,0.8,,1,2,Breakfast,Meeting,0.17154358,0.9851765,3,0.06165124,0.01703432,0.097898774,-0.39726463,-0.101969644,-0.04657698,-0.19338672,0.1574963
trace_00101,temporal_005,temporal_ordering,llama3.2:latest,hard,incorrect,temporal_005__trial_01,1,0.8,,0,1,Identify that Task Z finished before Task X.,"Since Task Z finished before Task X, it must have finished before Task Y as well.",0.25640038,0.9665707,4,-0.20282651,-0.41535425,-0.1156148,0.14470111,-0.0052159424,-0.06402577,-0.07538729,-0.045650195
trace_00101,temporal_005,temporal_ordering,llama3.2:latest,hard,incorrect,temporal_005__trial_01,1,0.8,,1,2,"Since Task Z finished before Task X, it must have finished before Task Y as well.",Determine the relationship between Task W and Tasks X and Y: Task W finished after Task X but before Task Y.,0.2809685,0.959717,1,0.2754115,0.26863676,0.24907734,0.041041225,-0.4113258,0.026638582,0.12432468,-0.06726807
trace_00101,temporal_005,temporal_ordering,llama3.2:latest,hard,incorrect,temporal_005__trial_01,1,0.8,,2,3,Determine the relationship between Task W and Tasks X and Y: Task W finished after Task X but before Task Y.,The earliest task is Task Z since it finished first.,0.19787611,0.98022705,3,-0.28197387,0.05452318,-0.12758432,-0.1117729,0.49319628,-0.007947528,-0.053653497,0.07486661
trace_00101,temporal_005,temporal_ordering,llama3.2:latest,hard,incorrect,temporal_005__trial_01,1,0.8,,3,4,The earliest task is Task Z since it finished first.,"Next in order would be Task X, followed by Task W, and then Task Y.",0.16459855,0.9863606,1,0.11396568,-0.1214734,0.084575355,0.077520184,-0.2174086,-0.046804942,-0.15417664,-0.04740268
trace_00102,temporal_005,temporal_ordering,llama3.2:latest,hard,incorrect,temporal_005__trial_02,2,0.8,,0,1,Task Z finished before Task X.,"Task Z finished before Task X, so it must have been finished first.",0.20275769,0.979229,4,-0.23461443,-0.2797898,-0.3275902,0.05215452,-0.005909812,-0.14744306,-0.033629,0.033169206
trace_00102,temporal_005,temporal_ordering,llama3.2:latest,hard,incorrect,temporal_005__trial_02,2,0.8,,1,2,"Task Z finished before Task X, so it must have been finished first.","Task W finished after Task X, so Task X must be finished second or later.",0.14356838,0.9896404,1,0.122960694,-0.048833556,0.36942223,0.1299878,-0.154567,0.02872953,-0.08605972,-0.053250093
trace_00102,temporal_005,temporal_ordering,llama3.2:latest,hard,incorrect,temporal_005__trial_02,2,0.8,,2,3,"Task W finished after Task X, so Task X must be finished second or later.","Task W finished before Task Y, but since Task X is not yet finished, Task Y cannot start until Task X is done.",0.12911734,0.9916294,2,0.122332156,0.24287197,-0.25182688,0.08329541,-0.15895884,-0.06808613,0.082484215,0.027537106
trace_00103,temporal_005,temporal_ordering,llama3.2:latest,hard,correct,temporal_005__trial_03,3,0.8,,0,1,"Identify the order of Task X and Task Z, since Task Z finished before Task X.","Since Task W finished after Task Z, the order is Task Z -> Task W.",0.2977099,0.9546563,3,-0.16168185,-0.16501907,-0.06272347,-0.031749528,0.16659203,-0.026979314,-0.14931963,-0.021411704
trace_00103,temporal_005,temporal_ordering,llama3.2:latest,hard,correct,temporal_005__trial_03,3,0.8,,1,2,"Since Task W finished after Task Z, the order is Task Z -> Task W.","Determine the position of Task Y relative to Task W: Task W finished before Task Y, but we know Task Y also finished after Task Z.",0.21267888,0.9771221,1,0.25583786,0.23804678,0.098097906,0.09078599,-0.28662562,0.04827227,0.22509962,0.048661128
trace_00103,temporal_005,temporal_ordering,llama3.2:latest,hard,correct,temporal_005__trial_03,3,0.8,,2,3,"Determine the position of Task Y relative to Task W: Task W finished before Task Y, but we know Task Y also finished after Task Z.",Combine all known relationships: Task Z -> Task W -> Task Y,0.18502957,0.98273295,3,-0.022921415,0.08076278,0.1190759,-0.081465766,-0.2752794,0.07887942,-0.21774507,0.055205382
trace_00103,temporal_005,temporal_ordering,llama3.2:latest,hard,correct,temporal_005__trial_03,3,0.8,,3,4,Combine all known relationships: Task Z -> Task W -> Task Y,"With Task X not yet assigned a position, determine its relationship with Task W and Task Y: Task X finished after Task W but before Task Y.",0.24448042,0.9696542,1,0.0026608086,-0.017563488,-0.06347729,0.12701966,0.09211376,-0.105364695,0.21602537,-0.059334964
trace_00103,temporal_005,temporal_ordering,llama3.2:latest,hard,correct,temporal_005__trial_03,3,0.8,,4,5,"With Task X not yet assigned a position, determine its relationship with Task W and Task Y: Task X finished after Task W but before Task Y.",Combine all tasks into one order from earliest to latest: Task Z -> Task W -> Task X -> Task Y,0.19514178,0.9807751,3,-0.14901455,-0.059232008,-0.08129099,-0.015832663,0.26373303,-0.006435661,-0.20513274,-0.07591616
trace_00104,temporal_005,temporal_ordering,llama3.2:latest,hard,incorrect,temporal_005__trial_04,4,0.8,,0,1,"Since Task Z finished before Task X, Task Z comes first.","Task X finishes after Task Z and before Task W, so the order is Z -> X -> W.",0.1268874,0.9919172,3,0.016990025,-0.063971154,-0.13198805,0.04521931,-0.060403932,-0.062661864,-0.12655373,-0.15553488
trace_00104,temporal_005,temporal_ordering,llama3.2:latest,hard,incorrect,temporal_005__trial_04,4,0.8,,1,2,"Task X finishes after Task Z and before Task W, so the order is Z -> X -> W.","Task Y started after Task W finished, but we don't know its relation to Task X yet.",0.26316082,0.96475196,1,0.116746224,0.22699092,0.21232854,-0.0028831782,-0.38929725,0.14414187,0.2084692,0.155204
trace_00104,temporal_005,temporal_ordering,llama3.2:latest,hard,incorrect,temporal_005__trial_04,4,0.8,,2,3,"Task Y started after Task W finished, but we don't know its relation to Task X yet.","We can conclude that Task Y comes last because it started after Task W, which in turn started after Task X.",0.0947703,0.9954992,2,-0.051051967,-0.2437556,-0.09838635,0.042375434,0.29761943,-0.120188534,-0.057960063,0.005910982
trace_00105,temporal_005,temporal_ordering,llama3.2:latest,hard,incorrect,temporal_005__trial_05,5,0.8,,0,1,"Since Task Z finished before Task X, the order so far is Z -> X.","Task W finished after Task X and before Task Y, so it must be placed after Task X in the overall order: Z -> X -> W",0.24385102,0.96981275,4,-0.10154086,-0.08075006,-0.032163788,0.081081204,-0.3353933,-0.16585433,-0.091377616,-0.0007346297
trace_00105,temporal_005,temporal_ordering,llama3.2:latest,hard,incorrect,temporal_005__trial_05,5,0.8,,1,2,"Task W finished after Task X and before Task Y, so it must be placed after Task X in the overall order: Z -> X -> W","To determine the final order, we need to place Task Y relative to Tasks W and Z. Since Task W finished before Task Y, Task Y must come last or somewhere after Task Z. Therefore, the earliest possible placement of Task Y is right after Task W, as it is already known that Task W came before Task Y: Z -> X -> W -> Y",0.23547193,0.97188115,2,0.0819723,0.062122323,0.071316585,0.06270456,0.21843489,0.014690408,0.08204686,0.014508437
trace_00106,temporal_006,temporal_ordering,llama3.2:latest,easy,incorrect,temporal_006__trial_01,1,0.8,,0,1,"Identify all individuals mentioned: Jisoo, Minho, and Ara.",Determine the order of their departures:,0.38156018,0.924344,0,0.15052824,-0.2380574,-0.011729663,0.17560193,0.15059921,0.08652925,-0.0134990215,0.0044780895
trace_00106,temporal_006,temporal_ordering,llama3.2:latest,easy,incorrect,temporal_006__trial_01,1,0.8,,1,2,Determine the order of their departures:,"- Before Jisoo departed from home was Minho,",0.3251898,0.9456487,3,-0.09250618,0.2038169,-0.12736611,-0.12774348,-0.06965495,0.008289499,0.16865842,-0.07916924
trace_00106,temporal_006,temporal_ordering,llama3.2:latest,easy,incorrect,temporal_006__trial_01,1,0.8,,2,3,"- Before Jisoo departed from home was Minho,",- And before Ara departed from home was Jisoo.,0.14095941,0.9900153,4,0.008917773,0.031027673,0.030284079,-0.043372866,-0.03632204,-0.08141439,-0.053373743,0.13516757
trace_00106,temporal_006,temporal_ordering,llama3.2:latest,easy,incorrect,temporal_006__trial_01,1,0.8,,3,4,- And before Ara departed from home was Jisoo.,Compare their departure times:,0.2215803,0.9751422,1,0.13791041,-0.116353236,0.2194562,0.13858439,-0.11108167,0.14077108,-0.015226249,-0.031122442
trace_00106,temporal_006,temporal_ordering,llama3.2:latest,easy,incorrect,temporal_006__trial_01,1,0.8,,4,5,Compare their departure times:,"- Since Jisoo departed first in time among these three (before both Minho and Ara), then she is the earliest one to leave.",0.22882994,0.9734664,3,-0.17857854,0.102423534,-0.21997824,-0.13969485,0.1903023,-0.1566726,0.0056052324,-0.022371903
trace_00107,temporal_006,temporal_ordering,llama3.2:latest,easy,incorrect,temporal_006__trial_02,2,0.8,,0,1,Identify the people mentioned in the statement.,- Jisoo,0.105950326,0.9943715,0,0.018620158,0.03696711,-0.19809763,-0.106081985,-0.033498,0.052649155,0.17388625,-0.17142856
trace_00107,temporal_006,temporal_ordering,llama3.2:latest,easy,incorrect,temporal_006__trial_02,2,0.8,,1,2,- Jisoo,- Minho,0.08013711,0.9967838,2,-0.0064783064,0.01045515,0.10182808,-0.012824067,0.1606235,-0.042170845,-0.19305086,-0.021041598
trace_00107,temporal_006,temporal_ordering,llama3.2:latest,easy,incorrect,temporal_006__trial_02,2,0.8,,2,3,- Minho,- Ara,0.12054647,0.99270767,4,0.0048375693,0.0021785046,0.021563787,-0.05129312,-0.040458847,-0.11236415,-0.04205449,0.1187996
trace_00107,temporal_006,temporal_ordering,llama3.2:latest,easy,incorrect,temporal_006__trial_02,2,0.8,,3,4,- Ara,Determine the order in which they left based on the given information.,0.3963607,0.9180948,2,0.054286778,-0.12974551,-0.007697818,0.20647305,0.09215342,0.07885122,-0.0077381544,-0.040635765
trace_00107,temporal_006,temporal_ordering,llama3.2:latest,easy,incorrect,temporal_006__trial_02,2,0.8,,4,5,Determine the order in which they left based on the given information.,"- Jisoo left before Minho, and also after Ara (in reverse order), but we know she left before Minho.",0.42444402,0.9054542,3,-0.10056242,0.07657853,-0.088238716,-0.19365744,-0.05068632,0.038290884,0.13663237,-0.0599865
trace_00107,temporal_006,temporal_ordering,llama3.2:latest,easy,incorrect,temporal_006__trial_02,2,0.8,,5,6,"- Jisoo left before Minho, and also after Ara (in reverse order), but we know she left before Minho.","Since Jisoo left before Minho, and it is known that Ara left earliest,",0.1722602,0.98505145,2,-0.017673163,0.2020047,0.047234744,0.038177405,0.012292739,0.024558414,0.0064327396,-0.025179744
trace_00107,temporal_006,temporal_ordering,llama3.2:latest,easy,incorrect,temporal_006__trial_02,2,0.8,,6,7,"Since Jisoo left before Minho, and it is known that Ara left earliest,",- Ara must have left first.,0.14079608,0.99003863,4,0.04279318,-0.09531851,-0.02784349,-0.005176039,0.04595354,-0.18306552,-0.11488975,0.22323523
trace_00108,temporal_006,temporal_ordering,llama3.2:latest,easy,incorrect,temporal_006__trial_03,3,0.8,,0,1,Identify the order of people leaving: Jisoo -> Minho -> Ara,Compare the order to determine who left earliest,0.2659682,0.9639818,2,0.021564398,-0.038903102,-0.06527094,0.27058938,0.11002223,-0.017397331,-0.023079753,0.13248357
trace_00108,temporal_006,temporal_ordering,llama3.2:latest,easy,incorrect,temporal_006__trial_03,3,0.8,,1,2,Compare the order to determine who left earliest,"Since Jisoo left first, she is the one who left earliest",0.3141619,0.9493695,3,-0.031364106,0.1459398,-0.13162798,-0.18273494,-0.16995187,0.07536196,0.19151396,-0.10727062
trace_00109,temporal_006,temporal_ordering,llama3.2:latest,easy,incorrect,temporal_006__trial_04,4,0.8,,0,1,We know that Ara is younger than both Jisoo and Minho.,"Since Jisoo left home after Minho, and Ara is younger than both of them, it means Jisoo must have left after Ara as well.",0.2548747,0.9669741,0,0.019649066,-0.22986688,-0.16111816,-0.006704878,0.10004681,0.058745135,0.20665915,-0.09921222
trace_00109,temporal_006,temporal_ordering,llama3.2:latest,easy,incorrect,temporal_006__trial_04,4,0.8,,1,2,"Since Jisoo left home after Minho, and Ara is younger than both of them, it means Jisoo must have left after Ara as well.","Given that Jisoo left home after Minho but before Ara, we can conclude that the order from earliest to latest departure is: Ara, Jisoo, Minho.",0.42670044,0.90439314,2,0.058847368,0.08100286,0.054204784,0.085326664,0.2539427,-0.14605097,-0.19677563,-0.12646031
trace_00110,temporal_006,temporal_ordering,llama3.2:latest,easy,correct,temporal_006__trial_05,5,0.8,,0,1,Identify the individuals mentioned in the problem statement.,Compare their departure times:,0.18080214,0.9835195,0,0.124907464,-0.03795787,-0.00071639346,0.096364036,-0.055597648,0.24588436,0.14806178,-0.19644211
trace_00110,temporal_006,temporal_ordering,llama3.2:latest,easy,correct,temporal_006__trial_05,5,0.8,,1,2,Compare their departure times:,- Jisoo left first,0.16791496,0.9858014,3,-0.08822911,0.1027636,-0.28818753,-0.15674883,0.14841484,-0.1334765,0.0789156,0.011681105
trace_00110,temporal_006,temporal_ordering,llama3.2:latest,easy,correct,temporal_006__trial_05,5,0.8,,2,3,- Jisoo left first,- Minho left second (after Jisoo),0.08296617,0.9965524,4,-0.23368715,-0.14266574,0.13289885,-0.031544015,0.07114621,0.10817095,-0.12748548,-0.0810264
trace_00110,temporal_006,temporal_ordering,llama3.2:latest,easy,correct,temporal_006__trial_05,5,0.8,,3,4,- Minho left second (after Jisoo),- Ara left third (after both Minho and Jisoo),0.17677984,0.9842504,4,-0.0018357926,0.042573288,-0.008794962,-0.15755327,0.08065857,-0.18628371,-0.10030502,0.062016953
trace_00110,temporal_006,temporal_ordering,llama3.2:latest,easy,correct,temporal_006__trial_05,5,0.8,,4,5,- Ara left third (after both Minho and Jisoo),Determine who left earliest based on their departure order.,0.2875921,0.95775306,2,0.22123842,0.036222603,0.111565754,0.2846997,-0.06338231,0.049952134,-0.049660824,0.027957281
trace_00111,temporal_007,temporal_ordering,llama3.2:latest,medium,correct,temporal_007__trial_01,1,0.8,,0,1,"Start with a list of chapter numbers as variables (e.g., c1, c2, c3, c4).","Given that Chapter 3 was read after Chapter 1 but before Chapter 4, assign an order to these chapters: c1 < c3 < c4.",0.2812864,0.9596239,4,-0.0696872,-0.22636834,-0.13881002,0.036313474,0.28386745,-0.026435025,0.075540766,-0.098826654
trace_00111,temporal_007,temporal_ordering,llama3.2:latest,medium,correct,temporal_007__trial_01,1,0.8,,1,2,"Given that Chapter 3 was read after Chapter 1 but before Chapter 4, assign an order to these chapters: c1 < c3 < c4.","Given that Chapter 2 was read after Chapter 1 and before Chapter 3, assign another order to this group of chapters: c1 < c2 < c3.",0.07063306,0.9975023,1,-0.030918807,-0.010886176,0.16033033,-0.018310348,-0.06351455,-0.002282312,0.024300236,0.11825527
trace_00111,temporal_007,temporal_ordering,llama3.2:latest,medium,correct,temporal_007__trial_01,1,0.8,,2,3,"Given that Chapter 2 was read after Chapter 1 and before Chapter 3, assign another order to this group of chapters: c1 < c2 < c3.",Combine the two orders from steps 2 and 3 to get the full order: c1 < c2 < c3 < c4.,0.25338343,0.9673659,2,-0.025208222,-0.03132282,-0.03470538,0.023358095,-0.037204966,0.00087752653,-0.040676083,-0.028446821
trace_00112,temporal_007,temporal_ordering,llama3.2:latest,medium,incorrect,temporal_007__trial_02,2,0.8,,0,1,Start with Chapter 1.,"Read Chapter 2, then Chapter 3, then Chapter 4 in order since Chapter 2 is before both Chapter 3 and Chapter 4.",0.14645024,0.989218,4,-0.0058277366,-0.30520335,-0.05334335,-0.020974271,0.12827307,-0.007696642,-0.026795166,-0.11094363
trace_00113,temporal_007,temporal_ordering,llama3.2:latest,medium,incorrect,temporal_007__trial_03,3,0.8,,0,1,Chapter 2,Chapter 1,0.09714903,0.9952699,3,0.031205315,0.17857133,-0.12328383,0.065776534,0.06697831,-0.05713366,0.0147737535,-0.087648936
trace_00113,temporal_007,temporal_ordering,llama3.2:latest,medium,incorrect,temporal_007__trial_03,3,0.8,,1,2,Chapter 1,Chapter 3,0.075583875,0.99713945,4,-0.12962957,0.050216373,0.073982164,-0.08360542,0.09206706,-0.14806108,-0.05362404,0.020908207
trace_00113,temporal_007,temporal_ordering,llama3.2:latest,medium,incorrect,temporal_007__trial_03,3,0.8,,2,3,Chapter 3,Chapter 4,0.12198904,0.9925315,1,0.06650701,-0.069653355,-0.02385913,-0.040125072,-0.08229801,0.16391067,-0.033607807,-0.09039951
trace_00114,temporal_007,temporal_ordering,llama3.2:latest,medium,incorrect,temporal_007__trial_04,4,0.8,,0,1,Read Chapter 1.,Read Chapter 2.,0.10734764,0.9942215,4,-0.031550504,-0.17492458,0.15305042,-0.05836591,-0.15675667,0.062156793,-0.031124236,0.042135358
trace_00114,temporal_007,temporal_ordering,llama3.2:latest,medium,incorrect,temporal_007__trial_04,4,0.8,,1,2,Read Chapter 2.,Read Chapter 3.,0.10311787,0.9946692,3,-0.119248025,0.14844345,-0.0077427984,-0.012222789,0.17388883,-0.2069392,0.0073964824,-0.054161713
trace_00114,temporal_007,temporal_ordering,llama3.2:latest,medium,incorrect,temporal_007__trial_04,4,0.8,,2,3,Read Chapter 3.,Read Chapter 4.,0.11629245,0.993215,1,0.07494154,-0.04543052,-0.04843787,-0.047599662,-0.10034601,0.15806755,-0.038932934,-0.080172844
trace_00115,temporal_007,temporal_ordering,llama3.2:latest,medium,correct,temporal_007__trial_05,5,0.8,,0,1,Start with Chapter 1 as the earliest chapter.,"Since Chapter 2 was read before Chapter 3, and Chapter 3 was read before Chapter 4, order must be: Chapter 1, Chapter 2, Chapter 3, Chapter 4.",0.1513116,0.9884861,4,-0.057713762,-0.36742565,-0.09386511,-0.089319736,0.112557314,-0.051457223,0.016583925,-0.14952917
trace_00115,temporal_007,temporal_ordering,llama3.2:latest,medium,correct,temporal_007__trial_05,5,0.8,,1,2,"Since Chapter 2 was read before Chapter 3, and Chapter 3 was read before Chapter 4, order must be: Chapter 1, Chapter 2, Chapter 3, Chapter 4.",No need for further steps.,0.31450588,0.9492555,1,0.053337883,0.13150892,0.1759792,-0.053576577,-0.13215922,0.06551921,0.014764921,0.11056856
trace_00116,temporal_008,temporal_ordering,llama3.2:latest,medium,incorrect,temporal_008__trial_01,1,0.8,,0,1,Rain came.,Planting occurred.,0.15176001,0.9884174,1,-0.008726384,0.042696163,0.14513196,0.10307857,0.28055486,-0.071857594,0.22262095,0.17671718
trace_00116,temporal_008,temporal_ordering,llama3.2:latest,medium,incorrect,temporal_008__trial_01,1,0.8,,1,2,Planting occurred.,Seed sprouted.,0.1896457,0.9818526,1,-0.08626437,0.1920286,0.07049472,0.15307611,0.003413519,0.27830845,-0.06114609,-0.16154367
trace_00116,temporal_008,temporal_ordering,llama3.2:latest,medium,incorrect,temporal_008__trial_01,1,0.8,,2,3,Seed sprouted.,First leaf appeared.,0.1828922,0.98313296,3,0.053696796,-0.043160588,-0.06327354,-0.19925381,0.11626144,-0.20105098,-0.15237291,0.1218647
trace_00117,temporal_008,temporal_ordering,llama3.2:latest,medium,incorrect,temporal_008__trial_02,2,0.8,,0,1,It rained.,The seed was planted after the rain.,0.12799606,0.9917746,1,-0.14751677,0.017028326,0.10047163,0.2528483,0.19858766,0.052288353,0.1562518,0.037193816
trace_00117,temporal_008,temporal_ordering,llama3.2:latest,medium,incorrect,temporal_008__trial_02,2,0.8,,1,2,The seed was planted after the rain.,A sprout grew from the seed after it was planted.,0.21998975,0.97550213,1,-0.053592253,0.09728298,0.22586411,0.052651946,0.20340471,0.20077567,0.04256492,0.08032716
trace_00117,temporal_008,temporal_ordering,llama3.2:latest,medium,incorrect,temporal_008__trial_02,2,0.8,,2,3,A sprout grew from the seed after it was planted.,The first leaf appeared afterwards.,0.21018738,0.977661,3,0.07469527,-0.03583976,-0.082034186,-0.20482828,0.100023754,-0.18645012,-0.13618486,0.08989986
trace_00118,temporal_008,temporal_ordering,llama3.2:latest,medium,incorrect,temporal_008__trial_03,3,0.8,,0,1,Rain,Planting,0.17829555,0.98397696,1,-0.083061054,0.03931748,0.14863208,0.18809175,0.28584173,-0.101944044,0.13776994,0.16778006
trace_00118,temporal_008,temporal_ordering,llama3.2:latest,medium,incorrect,temporal_008__trial_03,3,0.8,,1,2,Planting,Seed sprouting,0.18787159,0.9821936,1,-0.13636397,0.031719055,0.046801522,0.13921256,-0.016179381,0.2812795,-0.008916891,-0.01583775
trace_00118,temporal_008,temporal_ordering,llama3.2:latest,medium,incorrect,temporal_008__trial_03,3,0.8,,2,3,Seed sprouting,First leaf appearance,0.15724851,0.987559,3,0.104453124,0.031352326,-0.07925324,-0.23758641,0.080645345,-0.12375853,-0.08648504,0.024477638
trace_00119,temporal_008,temporal_ordering,llama3.2:latest,medium,incorrect,temporal_008__trial_04,4,0.8,,0,1,Rain came.,Planting occurred after the rain.,0.17209725,0.98507994,4,0.010996731,-0.076455444,0.03035489,0.1331139,0.194848,-0.09467881,0.13414821,0.116695285
trace_00119,temporal_008,temporal_ordering,llama3.2:latest,medium,incorrect,temporal_008__trial_04,4,0.8,,1,2,Planting occurred after the rain.,Seed sprouted after planting.,0.26045358,0.9654864,1,-0.16605677,0.21807207,0.14686398,0.11262995,0.16951907,0.2894779,0.11996666,-0.047487598
trace_00120,temporal_008,temporal_ordering,llama3.2:latest,medium,incorrect,temporal_008__trial_05,5,0.8,,0,1,Rain occurred.,Planting happened.,0.20842002,0.9780395,1,-0.007528155,0.06247825,0.107586205,0.16680317,0.30079538,-0.038940024,0.19534074,0.16936271
trace_00120,temporal_008,temporal_ordering,llama3.2:latest,medium,incorrect,temporal_008__trial_05,5,0.8,,1,2,Planting happened.,Seed sprouted.,0.19747044,0.98030883,1,-0.13479872,0.18905921,0.12047107,0.1451316,0.030375615,0.24781725,-0.089672655,-0.1795451
trace_00120,temporal_008,temporal_ordering,llama3.2:latest,medium,incorrect,temporal_008__trial_05,5,0.8,,2,3,Seed sprouted.,First leaf appeared.,0.18289216,0.98313296,3,0.05369681,-0.043160554,-0.06327348,-0.19925383,0.11626142,-0.20105103,-0.15237312,0.121864535
trace_00121,causal_001,causal_micro_world,llama3.2:latest,easy,incorrect,causal_001__trial_01,1,0.8,,0,1,This month: Rainfall drops.,Next month (due to lag in response): Plant growth falls.,0.092889145,0.9956764,1,-0.14807904,0.18083948,0.19804776,0.106499,0.23344798,-0.05474042,0.23978728,0.12189297
trace_00121,causal_001,causal_micro_world,llama3.2:latest,easy,incorrect,causal_001__trial_01,1,0.8,,1,2,Next month (due to lag in response): Plant growth falls.,The following month (due to further decrease in plant growth): Rabbit population falls.,0.16231549,0.986739,0,0.17997436,-0.018342739,-0.03358665,-0.039819714,-0.038530193,-0.036304053,-0.06517318,-0.045534443
trace_00122,causal_001,causal_micro_world,llama3.2:latest,easy,incorrect,causal_001__trial_02,2,0.8,,0,1,"This month, if rainfall drops.","Next month, due to the drop in rainfall last month, plant growth will fall.",0.2041997,0.9789293,1,-0.1493274,0.012010917,0.005551463,0.22610267,0.082500115,-0.0875022,0.107260324,0.1600922
trace_00122,causal_001,causal_micro_world,llama3.2:latest,easy,incorrect,causal_001__trial_02,2,0.8,,1,2,"Next month, due to the drop in rainfall last month, plant growth will fall.","As a result of the decrease in plant growth next month, the rabbit population will also fall later that month.",0.23438562,0.9721437,1,0.09751426,-0.0037009136,0.20713946,0.024421548,0.08050379,0.05308832,0.06374236,-0.110448994
trace_00123,causal_001,causal_micro_world,llama3.2:latest,easy,incorrect,causal_001__trial_03,3,0.8,,0,1,Rainfall drops this month.,Plant growth falls as a result of the dropped rainfall.,0.17065227,0.9853313,1,-0.016673766,0.042711064,0.04380322,0.20503318,0.05658612,-0.12286699,0.08359027,0.18988618
trace_00123,causal_001,causal_micro_world,llama3.2:latest,easy,incorrect,causal_001__trial_03,3,0.8,,1,2,Plant growth falls as a result of the dropped rainfall.,Rabbit population falls due to the decrease in plant growth.,0.26223144,0.96500504,1,0.08548641,0.13582565,0.20602249,0.018768402,0.15606102,-0.014369,0.055304535,-0.07664737
trace_00124,causal_001,causal_micro_world,llama3.2:latest,easy,incorrect,causal_001__trial_04,4,0.8,,0,1,"This month, rabbit population is expected to fall due to lower plant growth.","As a result of reduced rabbit population, herbivory decreases in the ecosystem.",0.08187965,0.9966422,0,0.19432072,-0.061547652,0.09961935,0.0036559342,0.018135106,0.13203785,-0.16304603,-0.11955015
trace_00124,causal_001,causal_micro_world,llama3.2:latest,easy,incorrect,causal_001__trial_04,4,0.8,,1,2,"As a result of reduced rabbit population, herbivory decreases in the ecosystem.","With decreased herbivory, plant growth may increase slightly as plants are no longer being eaten at their usual rate.",0.14731672,0.98908937,1,-0.20025809,0.04450015,0.009768188,0.17272866,0.13537554,0.04017451,0.16203655,0.096525475
trace_00124,causal_001,causal_micro_world,llama3.2:latest,easy,incorrect,causal_001__trial_04,4,0.8,,2,3,"With decreased herbivory, plant growth may increase slightly as plants are no longer being eaten at their usual rate.","However, since rainfall drops, the increased plant growth is still likely to be limited by the lower water availability.",0.13950795,0.99022096,3,-0.014872971,-0.118981615,-0.13106304,-0.13462082,-0.19469722,0.009077059,-0.20991543,0.10985496
trace_00124,causal_001,causal_micro_world,llama3.2:latest,easy,incorrect,causal_001__trial_04,4,0.8,,3,4,"However, since rainfall drops, the increased plant growth is still likely to be limited by the lower water availability.","As a result of continued low rainfall, plant growth will continue to fall over time.",0.16788098,0.98580736,3,0.0057120966,0.18394862,-0.119716264,-0.02396061,-0.029851379,-0.115806825,0.1923204,0.05942767
trace_00125,causal_001,causal_micro_world,llama3.2:latest,easy,correct,causal_001__trial_05,5,0.8,,0,1,"If rainfall drops this month, plant growth will fall.","With falling plant growth, the rabbit population will start to fall.",0.17001511,0.9854415,1,0.031236488,0.18764918,0.15520391,0.029624814,0.057235546,-0.100658,0.039109614,0.012628697
trace_00125,causal_001,causal_micro_world,llama3.2:latest,easy,correct,causal_001__trial_05,5,0.8,,1,2,"With falling plant growth, the rabbit population will start to fall.","As a result of falling rabbit population, predation pressure on other animals decreases.",0.13756748,0.99049234,0,0.051173232,-0.06282176,0.106370345,-0.019796656,0.02930127,0.16259904,-0.098261654,-0.17683165
trace_00125,causal_001,causal_micro_world,llama3.2:latest,easy,correct,causal_001__trial_05,5,0.8,,2,3,"As a result of falling rabbit population, predation pressure on other animals decreases.",Lowered predation pressure leads to an increase in prey populations (such as mice or insects).,0.12797824,0.99177694,1,-0.17412102,-0.025576752,0.11174535,-0.0076948437,0.05993044,0.076926194,-0.0368443,-0.061772883
trace_00125,causal_001,causal_micro_world,llama3.2:latest,easy,correct,causal_001__trial_05,5,0.8,,3,4,Lowered predation pressure leads to an increase in prey populations (such as mice or insects).,"Increased prey populations attract more birds for nesting and food, leading to an increase in bird population.",0.14218882,0.9898396,1,-0.08829252,0.06931501,0.14147936,0.018615568,-0.15465921,-0.10421164,0.02314911,-0.024330463
trace_00126,causal_002,causal_micro_world,llama3.2:latest,easy,correct,causal_002__trial_01,1,0.8,,0,1,Identify the conditions for triggering the alarm: both the sensor failing and the backup being off.,Determine if the sensor has failed: confirmed by previous steps or given information.,0.20954579,0.9777988,0,0.16262151,-0.05679642,0.0016470789,-0.20843554,-0.047522724,-0.34915662,0.14827052,0.25286415
trace_00126,causal_002,causal_micro_world,llama3.2:latest,easy,correct,causal_002__trial_01,1,0.8,,1,2,Determine if the sensor has failed: confirmed by previous steps or given information.,"Assess the state of the backup system: it is still on, not off.",0.16784751,0.98581296,2,0.100474186,0.011901946,0.12524633,0.12595068,0.18672588,0.35222942,-0.15354955,-0.29091418
trace_00126,causal_002,causal_micro_world,llama3.2:latest,easy,correct,causal_002__trial_01,1,0.8,,2,3,"Assess the state of the backup system: it is still on, not off.","Since one condition (the backup being off) is not met, evaluate if the alarm can be triggered solely based on this incomplete condition.",0.23858145,0.9711225,1,-0.18827601,0.06967955,0.012442855,0.18775263,-0.13739277,-0.098881096,0.008888492,0.12307562
trace_00126,causal_002,causal_micro_world,llama3.2:latest,easy,correct,causal_002__trial_01,1,0.8,,3,4,"Since one condition (the backup being off) is not met, evaluate if the alarm can be triggered solely based on this incomplete condition.",Conclusion: The alarm will not trigger because both conditions are not fully met.,0.11143144,0.99377215,3,-0.20879026,-0.08109525,-0.05538582,0.09732365,-0.12997572,-0.122799754,0.21182543,0.087353185
trace_00127,causal_002,causal_micro_world,llama3.2:latest,easy,incorrect,causal_002__trial_02,2,0.8,,0,1,Identify the conditions required for the alarm to trigger.,"Determine that the condition ""the sensor failed"" has been met.",0.13042039,0.99145883,0,0.3290229,-0.12888888,-0.17725661,-0.33727944,-0.08824414,-0.22261015,0.16962652,0.15074527
trace_00127,causal_002,causal_micro_world,llama3.2:latest,easy,incorrect,causal_002__trial_02,2,0.8,,1,2,"Determine that the condition ""the sensor failed"" has been met.",Check if any of the conditions required for the alarm to trigger have been partially or fully met.,0.18940522,0.981899,1,-0.38524652,0.12127912,0.049179435,0.34528476,-0.0009576377,0.23236935,-0.16401748,-0.15033452
trace_00127,causal_002,causal_micro_world,llama3.2:latest,easy,incorrect,causal_002__trial_02,2,0.8,,2,3,Check if any of the conditions required for the alarm to trigger have been partially or fully met.,"Since both ""the sensor fails"" and ""the backup is off"" must be true for the alarm to trigger, but only the first one has been met, the alarm will not trigger due to the backup staying on.",0.124359526,0.9922372,0,0.24183835,-0.09263763,-0.119951315,-0.1364244,0.11192907,0.088469975,0.013890126,-0.06866182
trace_00128,causal_002,causal_micro_world,llama3.2:latest,easy,correct,causal_002__trial_03,3,0.8,,0,1,Determine the conditions for the alarm to trigger.,Identify whether all conditions are met (sensor failed and backup is off).,0.17310463,0.9849035,0,0.33263555,-0.09177189,-0.1281137,-0.26442868,-0.008215847,-0.025717774,-0.036369298,0.01850231
trace_00128,causal_002,causal_micro_world,llama3.2:latest,easy,correct,causal_002__trial_03,3,0.8,,1,2,Identify whether all conditions are met (sensor failed and backup is off).,"Since the sensor failed, it meets one of the conditions.",0.23342292,0.9723753,3,-0.17557983,-0.17161666,-0.09476991,-0.1865018,0.10689105,-0.052372195,0.18106985,0.18227553
trace_00128,causal_002,causal_micro_world,llama3.2:latest,easy,correct,causal_002__trial_03,3,0.8,,2,3,"Since the sensor failed, it meets one of the conditions.","However, the condition that the backup must be off is not met.",0.22740017,0.9738013,2,0.09168077,-0.014032045,0.10172373,0.23596326,0.17370246,0.27981877,-0.25590482,-0.24744645
trace_00128,causal_002,causal_micro_world,llama3.2:latest,easy,correct,causal_002__trial_03,3,0.8,,3,4,"However, the condition that the backup must be off is not met.","Therefore, since at least one condition is not met, the alarm does not trigger.",0.14561382,0.98934144,1,-0.30356112,0.09986647,-0.007872345,0.110915095,-0.19365698,-0.18772386,0.15850985,0.08488802
trace_00129,causal_002,causal_micro_world,llama3.2:latest,easy,correct,causal_002__trial_04,4,0.8,,0,1,Identify the conditions required for the alarm to trigger.,Determine that one of the conditions (the sensor failing) has been met.,0.12956461,0.99157095,0,0.3147247,-0.13302858,-0.17462555,-0.3286199,-0.10219944,-0.2149898,0.15798557,0.12638356
trace_00129,causal_002,causal_micro_world,llama3.2:latest,easy,correct,causal_002__trial_04,4,0.8,,1,2,Determine that one of the conditions (the sensor failing) has been met.,Evaluate the second condition (the backup being off).,0.13641316,0.990652,2,0.11356157,-0.06525098,0.12928365,0.17627573,0.1932943,0.3280055,-0.13340147,-0.2170947
trace_00129,causal_002,causal_micro_world,llama3.2:latest,easy,correct,causal_002__trial_04,4,0.8,,2,3,Evaluate the second condition (the backup being off).,"Since the backup is still on, this condition is not met.",0.39953104,0.9167196,3,-0.30310315,-0.039396375,-0.2140003,-0.23372006,-0.019100072,0.14828263,0.027818777,0.015110776
trace_00129,causal_002,causal_micro_world,llama3.2:latest,easy,correct,causal_002__trial_04,4,0.8,,3,4,"Since the backup is still on, this condition is not met.","The alarm's triggering requires both conditions to be met; since only one condition was met, the alarm does not trigger.",0.23327607,0.97241056,1,-0.23144072,0.089872144,0.04041991,0.29641622,-0.13139439,-0.20097524,0.022754367,0.019240398
trace_00130,causal_002,causal_micro_world,llama3.2:latest,easy,correct,causal_002__trial_05,5,0.8,,0,1,Given that a circuit's alarm triggers only if both the sensor fails and the backup stays off.,We know that the sensor failed.,0.24306396,0.9700102,3,0.028414987,0.1097333,-0.10318816,-0.38236254,-0.07671201,-0.29953572,0.2239332,0.30456895
trace_00130,causal_002,causal_micro_world,llama3.2:latest,easy,correct,causal_002__trial_05,5,0.8,,1,2,We know that the sensor failed.,"Since the condition for triggering the alarm is not met due to the backup staying on, regardless of the sensor's state (failed or functioning).",0.25869942,0.96595794,2,-0.12414441,-0.031386986,0.0013200687,0.37904447,0.050673548,0.19418956,-0.1436072,-0.32856035
trace_00130,causal_002,causal_micro_world,llama3.2:latest,easy,correct,causal_002__trial_05,5,0.8,,2,3,"Since the condition for triggering the alarm is not met due to the backup staying on, regardless of the sensor's state (failed or functioning).","Therefore, the alarm does not trigger.",0.19097999,0.9815939,1,-0.20538574,0.006062467,0.0066158087,0.15039395,-0.027727688,-0.09059218,-0.018078022,0.011848221
trace_00131,causal_003,causal_micro_world,llama3.2:latest,medium,correct,causal_003__trial_01,1,0.8,,0,1,Overnight temperatures are expected to drop below freezing.,"As a result, road ice is likely to increase due to the falling temperatures.",0.13975275,0.99018645,4,-0.12247036,0.04007513,0.2716394,-0.20180838,-0.023122309,0.03372619,-0.15748361,0.20144008
trace_00131,causal_003,causal_micro_world,llama3.2:latest,medium,correct,causal_003__trial_01,1,0.8,,1,2,"As a result, road ice is likely to increase due to the falling temperatures.","Since there is more road ice, vehicle speed is likely to decrease when driving on these roads.",0.3527943,0.9357009,0,0.15613955,-0.09492923,0.08384911,0.07758824,0.08181606,0.08276868,0.044218928,-0.24307357
trace_00131,causal_003,causal_micro_world,llama3.2:latest,medium,correct,causal_003__trial_01,1,0.8,,2,3,"Since there is more road ice, vehicle speed is likely to decrease when driving on these roads.","With decreased vehicle speed, traffic delay is also likely to increase as vehicles move at slower speeds.",0.20658673,0.9784283,1,-0.10020213,0.038926426,0.166588,0.15122458,-0.039359625,0.11730616,0.161353,-0.122892864
trace_00132,causal_003,causal_micro_world,llama3.2:latest,medium,incorrect,causal_003__trial_02,2,0.8,,0,1,Overnight temperatures fall below freezing.,Road ice increases as a result of the low temperatures.,0.12307407,0.99239755,4,-0.11225504,0.014729887,0.25092414,-0.20206897,0.017098859,0.09663658,-0.20354408,0.09398623
trace_00132,causal_003,causal_micro_world,llama3.2:latest,medium,incorrect,causal_003__trial_02,2,0.8,,1,2,Road ice increases as a result of the low temperatures.,Vehicle speed decreases due to the hazardous road conditions caused by the road ice.,0.3748045,0.9271039,0,0.2528687,-0.017668324,0.05501309,0.07935859,-0.004216663,-0.09878104,0.12628461,-0.073881105
trace_00132,causal_003,causal_micro_world,llama3.2:latest,medium,incorrect,causal_003__trial_02,2,0.8,,2,3,Vehicle speed decreases due to the hazardous road conditions caused by the road ice.,Traffic delay increases as a result of the decreased vehicle speed.,0.19937769,0.9799227,1,-0.2255814,0.051596045,0.27811998,0.1270899,-0.0781442,0.15900706,0.13755397,-0.15852876
trace_00133,causal_003,causal_micro_world,llama3.2:latest,medium,correct,causal_003__trial_03,3,0.8,,0,1,Overnight temperatures fall below freezing.,Road ice increases due to the falling temperature.,0.15283525,0.98825175,4,-0.14806071,0.06023793,0.28519964,-0.20374282,-0.023850914,0.06072299,-0.17744006,0.11576264
trace_00133,causal_003,causal_micro_world,llama3.2:latest,medium,correct,causal_003__trial_03,3,0.8,,1,2,Road ice increases due to the falling temperature.,Vehicle speed decreases as a result of the increased road ice.,0.31116375,0.9503563,0,0.20188491,-0.15317278,0.020366795,0.10237894,0.090356216,0.05264419,0.07493629,-0.1201523
trace_00133,causal_003,causal_micro_world,llama3.2:latest,medium,correct,causal_003__trial_03,3,0.8,,2,3,Vehicle speed decreases as a result of the increased road ice.,Traffic delay increases due to the decreased vehicle speed on the icy roads.,0.18384737,0.98295474,1,-0.1769619,0.16194281,0.25020063,0.04109267,-0.024032766,0.03098065,0.118043505,-0.19865415
trace_00134,causal_003,causal_micro_world,llama3.2:latest,medium,incorrect,causal_003__trial_04,4,0.8,,0,1,Overnight temperatures fall below freezing.,Road ice forms on the roads.,0.18636641,0.9824803,4,-0.06099544,0.121199764,0.22346544,-0.2175649,-0.029121812,0.036992602,-0.21475503,0.101045616
trace_00134,causal_003,causal_micro_world,llama3.2:latest,medium,incorrect,causal_003__trial_04,4,0.8,,1,2,Road ice forms on the roads.,Vehicle speed decreases due to road conditions (ice).,0.40369835,0.91489214,2,0.12917104,-0.18572414,0.010266045,0.1482141,0.055408843,-0.008298856,0.15580252,-0.1313338
trace_00134,causal_003,causal_micro_world,llama3.2:latest,medium,incorrect,causal_003__trial_04,4,0.8,,2,3,Vehicle speed decreases due to road conditions (ice).,Traffic delay increases due to decreased vehicle speed.,0.22128475,0.9752093,1,-0.21316263,0.09583705,0.2622835,0.09783029,-0.09606906,0.187924,0.1445374,-0.116038784
trace_00135,causal_003,causal_micro_world,llama3.2:latest,medium,correct,causal_003__trial_05,5,0.8,,0,1,Overnight temperatures fall below freezing.,Road ice increases as a result of the falling temperatures.,0.15315728,0.9882018,4,-0.13751398,0.045766566,0.28760323,-0.19982831,-0.030548634,0.059179146,-0.18342398,0.12874229
trace_00135,causal_003,causal_micro_world,llama3.2:latest,medium,correct,causal_003__trial_05,5,0.8,,1,2,Road ice increases as a result of the falling temperatures.,Vehicle speed decreases due to the increased road ice.,0.34387362,0.93901587,0,0.17223403,-0.11934275,9.109117e-05,0.090846956,0.08057987,0.07235303,0.073367305,-0.15132205
trace_00135,causal_003,causal_micro_world,llama3.2:latest,medium,correct,causal_003__trial_05,5,0.8,,2,3,Vehicle speed decreases due to the increased road ice.,Traffic delay increases due to the decreased vehicle speed.,0.2773471,0.96076983,1,-0.13827014,0.10135207,0.25345013,0.121885516,-0.08997696,0.10955105,0.1658572,-0.16187528
trace_00136,causal_004,causal_micro_world,llama3.2:latest,medium,incorrect,causal_004__trial_01,1,0.8,,0,1,A heat spike occurs in the pond.,The rising water temperature causes an increase in evaporation from the surface of the water.,0.24123402,0.970467,2,-0.058938794,-0.19504854,-0.19302796,0.042223383,-0.10727065,0.25720474,-0.2766973,0.048910666
trace_00136,causal_004,causal_micro_world,llama3.2:latest,medium,incorrect,causal_004__trial_01,1,0.8,,1,2,The rising water temperature causes an increase in evaporation from the surface of the water.,"As a result, the concentration of dissolved substances like nutrients and minerals in the water increases.",0.3235398,0.94621456,1,0.013876624,-0.068963714,0.06659299,0.1863283,0.04457618,0.13347708,0.043745194,0.07802294
trace_00136,causal_004,causal_micro_world,llama3.2:latest,medium,incorrect,causal_004__trial_01,1,0.8,,2,3,"As a result, the concentration of dissolved substances like nutrients and minerals in the water increases.","With the increased concentration of dissolved substances, aquatic plants grow more rapidly.",0.29065505,0.95682794,1,-0.052117154,0.1364663,0.05656608,0.11491331,0.1543655,-0.048647847,0.04772017,0.044550315
trace_00136,causal_004,causal_micro_world,llama3.2:latest,medium,incorrect,causal_004__trial_01,1,0.8,,3,4,"With the increased concentration of dissolved substances, aquatic plants grow more rapidly.","The rapid growth of aquatic plants absorbs even more oxygen from the water, further decreasing dissolved oxygen levels.",0.14925857,0.9887982,0,0.16230012,-0.06300739,-0.17001456,-0.085164756,0.10902276,-0.22592987,-0.1433203,-0.12379576
trace_00136,causal_004,causal_micro_world,llama3.2:latest,medium,incorrect,causal_004__trial_01,1,0.8,,4,5,"The rapid growth of aquatic plants absorbs even more oxygen from the water, further decreasing dissolved oxygen levels.",Decreased dissolved oxygen levels cause increased stress among fish in the pond.,0.21249868,0.9771613,3,0.027659157,0.18418837,0.065208286,-0.13987184,-0.12355074,-0.04695198,0.12500742,-0.07279773
trace_00136,causal_004,causal_micro_world,llama3.2:latest,medium,incorrect,causal_004__trial_01,1,0.8,,5,6,Decreased dissolved oxygen levels cause increased stress among fish in the pond.,"As a result, fish mortality rates increase due to the inability to cope with the stressful conditions.",0.18129517,0.98342866,1,-0.09520293,0.08164815,0.2298707,0.066002205,0.006715811,-0.04571414,0.3256232,0.112922885
trace_00137,causal_004,causal_micro_world,llama3.2:latest,medium,correct,causal_004__trial_02,2,0.8,,0,1,A heat spike occurs in the pond.,The rise in water temperature causes a decrease in dissolved oxygen.,0.16297333,0.98663056,2,0.017871812,-0.25174946,-0.25496587,0.050427996,0.029150512,0.3209775,-0.19925919,0.08192903
trace_00137,causal_004,causal_micro_world,llama3.2:latest,medium,correct,causal_004__trial_02,2,0.8,,1,2,The rise in water temperature causes a decrease in dissolved oxygen.,"As a result of lower dissolved oxygen levels, fish begin to experience increased stress.",0.32439172,0.9459228,1,-0.064789295,0.21672647,0.19158733,0.0807335,-0.013939116,-0.08202783,0.090466656,-0.04805082
trace_00137,causal_004,causal_micro_world,llama3.2:latest,medium,correct,causal_004__trial_02,2,0.8,,2,3,"As a result of lower dissolved oxygen levels, fish begin to experience increased stress.","This increase in stress among the fish can lead to a range of negative outcomes, including reduced growth rates, increased mortality, and decreased reproduction.",0.3071978,0.95164573,1,0.039669845,0.058484893,0.18442026,0.082905814,0.085400715,-0.14739937,0.35667595,0.021905579
trace_00138,causal_004,causal_micro_world,llama3.2:latest,medium,correct,causal_004__trial_03,3,0.8,,0,1,A heat spike occurs in the pond.,The rising water temperature causes dissolved oxygen to fall.,0.16413371,0.9864381,2,-0.020089738,-0.18206486,-0.3231753,0.02995137,-0.018449167,0.26869097,-0.2126769,0.13868408
trace_00138,causal_004,causal_micro_world,llama3.2:latest,medium,correct,causal_004__trial_03,3,0.8,,1,2,The rising water temperature causes dissolved oxygen to fall.,"As dissolved oxygen levels decrease, fish stress increases.",0.34935212,0.93699163,1,0.037782643,0.08347229,0.2873577,0.13488291,0.06147674,0.045611754,0.052196346,-0.11777181
trace_00138,causal_004,causal_micro_world,llama3.2:latest,medium,correct,causal_004__trial_03,3,0.8,,2,3,"As dissolved oxygen levels decrease, fish stress increases.","Due to increased stress, the fish population is likely to decline or experience mass mortality.",0.24926022,0.9684366,1,-0.018664427,0.11694583,0.18327478,0.003519883,0.029453797,-0.21551551,0.36273807,0.082649834
trace_00139,causal_004,causal_micro_world,llama3.2:latest,medium,correct,causal_004__trial_04,4,0.8,,0,1,A heat spike causes an increase in water temperature.,The increased water temperature leads to a rise in dissolved oxygen falling from the surface of the water.,0.24013457,0.9707396,2,0.0660083,-0.14162213,-0.19986768,0.04738794,0.09700083,0.12041307,-0.22960578,0.043702792
trace_00139,causal_004,causal_micro_world,llama3.2:latest,medium,correct,causal_004__trial_04,4,0.8,,1,2,The increased water temperature leads to a rise in dissolved oxygen falling from the surface of the water.,"As a result, the amount of available dissolved oxygen decreases significantly.",0.3974125,0.9176401,0,0.3340625,-0.15989412,0.05388303,0.1465242,0.14601487,0.2605149,0.050404966,0.16779716
trace_00139,causal_004,causal_micro_world,llama3.2:latest,medium,correct,causal_004__trial_04,4,0.8,,2,3,"As a result, the amount of available dissolved oxygen decreases significantly.",This decrease in dissolved oxygen levels causes an increase in fish stress.,0.11538608,0.9933207,3,-0.19974978,0.29975405,0.07167431,-0.019727904,-0.07714738,-0.19516975,0.06046445,-0.13823742
trace_00139,causal_004,causal_micro_world,llama3.2:latest,medium,correct,causal_004__trial_04,4,0.8,,3,4,This decrease in dissolved oxygen levels causes an increase in fish stress.,"With increased fish stress, the fish population is likely to decline or exhibit signs of distress such as lethargy and poor appetite.",0.27929732,0.96020466,1,0.027358355,0.16667545,0.11263421,0.11160735,-0.061335012,-0.1572632,0.2618551,-0.020675847
trace_00140,causal_004,causal_micro_world,llama3.2:latest,medium,correct,causal_004__trial_05,5,0.8,,0,1,A heat spike occurs in the pond.,Rising water temperature increases the rate of decomposition and consumption of dissolved oxygen.,0.1370317,0.9905667,2,0.042867012,-0.2595497,-0.13269636,0.11045727,0.099750146,0.28143272,-0.19265352,0.063731335
trace_00140,causal_004,causal_micro_world,llama3.2:latest,medium,correct,causal_004__trial_05,5,0.8,,1,2,Rising water temperature increases the rate of decomposition and consumption of dissolved oxygen.,"As a result, dissolved oxygen levels in the pond decrease.",0.32924294,0.9442452,0,0.11375551,0.0637568,-0.08640812,-0.02817777,-0.1379919,-0.08175891,0.03408678,0.053409994
trace_00140,causal_004,causal_micro_world,llama3.2:latest,medium,correct,causal_004__trial_05,5,0.8,,2,3,"As a result, dissolved oxygen levels in the pond decrease.",Decreased dissolved oxygen levels cause an increase in fish stress.,0.1536158,0.9881307,3,-0.17215988,0.18413503,0.057782006,-0.0018304621,-0.005787164,0.049760822,0.052677456,-0.06896722
trace_00140,causal_004,causal_micro_world,llama3.2:latest,medium,correct,causal_004__trial_05,5,0.8,,3,4,Decreased dissolved oxygen levels cause an increase in fish stress.,Fish with higher stress levels are more likely to die or be removed from the pond through removal or relocation.,0.19884278,0.98003143,0,0.13911891,-0.0076377625,0.19599852,0.0061878017,0.13086343,-0.20309135,0.23818447,0.027214682
trace_00141,causal_005,causal_micro_world,llama3.2:latest,hard,incorrect,causal_005__trial_01,1,0.8,,0,1,Factory shutdown reduces supply.,Reduced supply leads to increased price.,0.4079788,0.9129914,1,-0.1302942,0.07923607,0.13377777,0.023250142,-0.02078082,-0.080397226,0.058000747,-0.06532128
trace_00141,causal_005,causal_micro_world,llama3.2:latest,hard,incorrect,causal_005__trial_01,1,0.8,,1,2,Reduced supply leads to increased price.,Increased price causes initial demand increase as customers buy before the price rise.,0.29719946,0.9548154,1,-0.271384,0.32624036,-0.01734103,0.047095533,-0.03279414,-0.15488751,-0.119211316,-0.16864224
trace_00141,causal_005,causal_micro_world,llama3.2:latest,hard,incorrect,causal_005__trial_01,1,0.8,,2,3,Increased price causes initial demand increase as customers buy before the price rise.,"As time passes and the full effect of the price increase is realized, demand later softens due to higher prices.",0.17698546,0.9842135,0,0.20059437,-0.10484435,0.18508746,-0.12200056,0.0019646932,0.14825794,0.14036116,-0.027265856
trace_00142,causal_005,causal_micro_world,llama3.2:latest,hard,incorrect,causal_005__trial_02,2,0.8,,0,1,Supply decreases due to the factory shutdown.,Reduced supply causes prices to rise.,0.28179672,0.95947415,1,-0.1583176,0.1896549,0.18584019,0.12784259,-0.033024818,-0.15573658,-0.009756491,-0.07438456
trace_00142,causal_005,causal_micro_world,llama3.2:latest,hard,incorrect,causal_005__trial_02,2,0.8,,1,2,Reduced supply causes prices to rise.,Rising prices eventually lead to softer demand.,0.18912725,0.98195255,1,-0.08539715,0.2144237,0.18713188,-0.12672389,0.070422746,0.031798173,-0.053920016,-0.2041492
trace_00142,causal_005,causal_micro_world,llama3.2:latest,hard,incorrect,causal_005__trial_02,2,0.8,,2,3,Rising prices eventually lead to softer demand.,Softer demand indicates reduced interest in purchasing the product.,0.17946991,0.98376346,0,0.25842652,-0.1895125,-0.012981222,-0.12996231,-0.0128147425,0.04396749,0.061986975,-0.0608143
trace_00143,causal_005,causal_micro_world,llama3.2:latest,hard,correct,causal_005__trial_03,3,0.8,,0,1,Supply decreases due to the factory shutdown.,"With less supply in the market, prices tend to rise.",0.28086317,0.95974773,1,-0.17604631,0.26298115,0.20992221,0.106673926,-0.0064476654,-0.14333735,-0.010067158,-0.16133678
trace_00143,causal_005,causal_micro_world,llama3.2:latest,hard,correct,causal_005__trial_03,3,0.8,,1,2,"With less supply in the market, prices tend to rise.","As prices increase, demand may soften as consumers are deterred by higher costs.",0.12963782,0.9915615,0,0.16905357,-0.017275788,0.17581944,-0.1123319,0.013849071,-0.05135661,-0.13939837,-0.04309353
trace_00143,causal_005,causal_micro_world,llama3.2:latest,hard,correct,causal_005__trial_03,3,0.8,,2,3,"As prices increase, demand may soften as consumers are deterred by higher costs.",A softer demand after a sharp price rise suggests that the initial sharp increase was likely temporary.,0.22716121,0.97385716,3,-0.24090077,0.10010047,-0.10468376,-0.13273276,0.06991021,0.1434374,0.26982412,-0.06295485
trace_00144,causal_005,causal_micro_world,llama3.2:latest,hard,incorrect,causal_005__trial_04,4,0.8,,0,1,Supply decreases due to the factory shutdown.,Reduced supply causes prices to rise in the short term.,0.27142596,0.9624592,1,-0.12309435,0.15646733,0.18381017,0.08691212,-0.02072748,-0.1421352,0.021789813,-0.070949174
trace_00144,causal_005,causal_micro_world,llama3.2:latest,hard,incorrect,causal_005__trial_04,4,0.8,,1,2,Reduced supply causes prices to rise in the short term.,"As prices rise, some consumers may delay or reconsider their purchases, reducing demand.",0.18087661,0.9835058,1,-0.015642373,0.18897307,0.20164281,-7.781075e-06,0.0817995,-0.064944066,0.0026038128,-0.1889183
trace_00144,causal_005,causal_micro_world,llama3.2:latest,hard,incorrect,causal_005__trial_04,4,0.8,,2,3,"As prices rise, some consumers may delay or reconsider their purchases, reducing demand.","Over time, softened demand leads to further price drops as sellers adjust to the new market conditions.",0.2091728,0.9778787,3,0.037074815,-0.054892574,-0.2632223,-0.18546471,-0.044615254,0.14089645,-0.06336764,-0.09906975
trace_00145,causal_005,causal_micro_world,llama3.2:latest,hard,correct,causal_005__trial_05,5,0.8,,0,1,Supply decreases due to the factory shutdown.,"With reduced supply, prices in the market rise.",0.3406347,0.9401958,1,-0.083929464,0.24477307,0.19423065,0.028719671,-0.013920973,-0.15214063,0.056632217,-0.07580623
trace_00145,causal_005,causal_micro_world,llama3.2:latest,hard,correct,causal_005__trial_05,5,0.8,,1,2,"With reduced supply, prices in the market rise.","As prices increase, consumers become more cautious and may reduce their demand over time.",0.21698208,0.97617567,1,0.037030708,0.11592925,0.21486449,-0.025021011,0.0721738,-0.045426134,-0.02967192,-0.17415614
trace_00145,causal_005,causal_micro_world,llama3.2:latest,hard,correct,causal_005__trial_05,5,0.8,,2,3,"As prices increase, consumers become more cautious and may reduce their demand over time.",The sharp rise in price leads to a decline in overall demand.,0.09446269,0.9955284,3,-0.031983435,-0.00010808929,-0.2199265,-0.054256298,-0.084893994,-0.0038709894,0.0038878089,0.05211145
trace_00146,causal_006,causal_micro_world,llama3.2:latest,easy,correct,causal_006__trial_01,1,0.8,,0,1,The lamp has enough power to function.,"However, it is not possible for the lamp to turn on with a broken bulb that cannot conduct electricity.",0.1891534,0.98194754,2,0.07542037,0.16487959,-0.22590628,0.0818049,-0.07264924,-0.05043471,0.08318975,0.08906215
trace_00146,causal_006,causal_micro_world,llama3.2:latest,easy,correct,causal_006__trial_01,1,0.8,,1,2,"However, it is not possible for the lamp to turn on with a broken bulb that cannot conduct electricity.","Therefore, since both conditions are not met (power is available and the bulb is working), the lamp will remain off.",0.22251682,0.97492886,0,0.034561154,-0.23239832,0.07426698,0.0189948,0.061463024,0.17468958,0.06515795,-0.16922924
trace_00147,causal_006,causal_micro_world,llama3.2:latest,easy,correct,causal_006__trial_02,2,0.8,,0,1,The lamp's state is evaluated.,"Since there is power available, but no working bulb, at least one of the conditions (power or a working bulb) is not met.",0.25410157,0.96717757,3,-0.10143383,-0.053043615,-0.28647438,0.13952325,-0.1875236,-0.04233343,-0.048154257,0.038917918
trace_00147,causal_006,causal_micro_world,llama3.2:latest,easy,correct,causal_006__trial_02,2,0.8,,1,2,"Since there is power available, but no working bulb, at least one of the conditions (power or a working bulb) is not met.","Given that at least one condition is not met, the lamp will remain off.",0.15058024,0.9885978,0,0.20779519,0.07588733,0.18134367,-0.049567033,0.2103798,0.06901555,0.05520346,-0.02806285
trace_00147,causal_006,causal_micro_world,llama3.2:latest,easy,correct,causal_006__trial_02,2,0.8,,2,3,"Given that at least one condition is not met, the lamp will remain off.",There is a 99% chance the lamp will stay off due to the broken bulb.,0.12377752,0.99231005,3,-0.03979077,0.1334578,-0.15822653,-0.017350418,-0.12832564,0.05027626,0.025575386,-0.009951225
trace_00148,causal_006,causal_micro_world,llama3.2:latest,easy,correct,causal_006__trial_03,3,0.8,,0,1,Determine the conditions for the lamp to turn on.,Identify which condition(s) are met (power is available).,0.19600715,0.9806025,0,0.13689014,-0.13117747,0.22204098,-0.069433935,-0.05251215,0.15206316,0.009271484,0.02823729
trace_00148,causal_006,causal_micro_world,llama3.2:latest,easy,correct,causal_006__trial_03,3,0.8,,1,2,Identify which condition(s) are met (power is available).,"Since the bulb is broken, it does not meet the second required condition.",0.19365697,0.9810693,3,-0.10602299,-0.09162199,-0.16230014,-0.06349697,0.14020155,0.0058554085,0.06704562,0.05843874
trace_00148,causal_006,causal_micro_world,llama3.2:latest,easy,correct,causal_006__trial_03,3,0.8,,2,3,"Since the bulb is broken, it does not meet the second required condition.",The lamp will not turn on due to the non-functioning bulb.,0.19619843,0.9805642,3,-0.094165556,0.29467523,-0.2540457,0.14552628,-0.14799,-0.14707117,-0.07121922,-0.022658769
trace_00149,causal_006,causal_micro_world,llama3.2:latest,easy,correct,causal_006__trial_04,4,0.8,,0,1,The system (the lamp) receives input that power is available.,"According to its design, a necessary condition for the lamp turning on is that the bulb is working.",0.29431587,0.95570815,3,-0.2012026,-0.0018161418,-0.21369395,-0.0018322079,-0.009975733,-0.119346075,0.01843117,6.9621376e-05
trace_00149,causal_006,causal_micro_world,llama3.2:latest,easy,correct,causal_006__trial_04,4,0.8,,1,2,"According to its design, a necessary condition for the lamp turning on is that the bulb is working.","Since the bulb is broken and not working, this condition is not met.",0.2916007,0.9565401,0,0.21159376,-0.07752111,0.07414062,-0.33714476,-0.1065275,0.20342757,0.21596451,0.050355915
trace_00149,causal_006,causal_micro_world,llama3.2:latest,easy,correct,causal_006__trial_04,4,0.8,,2,3,"Since the bulb is broken and not working, this condition is not met.","As a result, the lamp will not turn on due to the broken bulb despite having sufficient power.",0.1892416,0.98193055,2,-0.109153055,0.18856443,-0.19363056,0.23994632,0.038215112,-0.1692157,-0.09921356,0.13191587
trace_00150,causal_006,causal_micro_world,llama3.2:latest,easy,correct,causal_006__trial_05,5,0.8,,0,1,The presence of power is detected.,The detection of power does not meet the condition for the lamp to turn on due to a faulty bulb.,0.2729241,0.9620355,3,-0.15934338,0.030336827,-0.3804707,0.05361638,-0.002029352,-0.12302086,0.037693765,0.0045181387
trace_00150,causal_006,causal_micro_world,llama3.2:latest,easy,correct,causal_006__trial_05,5,0.8,,1,2,The detection of power does not meet the condition for the lamp to turn on due to a faulty bulb.,"Since the bulb is broken, the lamp will not turn on even with power available.",0.24069123,0.9706018,2,-0.0984543,0.14280352,-0.035750963,0.05156266,-0.00084042037,-0.02334372,0.024874384,-0.012982706
trace_00151,causal_007,causal_micro_world,llama3.2:latest,medium,correct,causal_007__trial_01,1,0.8,,0,1,Cooling fails.,Request backlog continues to grow due to slowed processing.,0.3122008,0.9500161,1,-0.09326436,0.06505275,0.17247833,0.10848934,0.015881669,0.33782274,-0.15546556,-0.253151
trace_00151,causal_007,causal_micro_world,llama3.2:latest,medium,correct,causal_007__trial_01,1,0.8,,1,2,Request backlog continues to grow due to slowed processing.,System instability or crashes may occur as a result of prolonged overheating and subsequent slow processing.,0.29170066,0.95650965,3,0.01084294,-0.09204692,-0.04703528,-0.060291287,-0.00896541,-0.23114926,0.13818581,0.17635296
trace_00152,causal_007,causal_micro_world,llama3.2:latest,medium,incorrect,causal_007__trial_02,2,0.8,,0,1,The server is already experiencing a slow processing rate due to overheating.,A growing request backlog is likely a result of the slowing down of requests being processed.,0.27634352,0.9610589,1,-0.06745739,0.12646653,-0.00786122,0.056335125,-0.032530803,0.22570103,-0.08057164,-0.17887124
trace_00152,causal_007,causal_micro_world,llama3.2:latest,medium,incorrect,causal_007__trial_02,2,0.8,,1,2,A growing request backlog is likely a result of the slowing down of requests being processed.,"With the server still unable to cool properly (cooling has failed), it will continue to experience increased temperatures.",0.37373424,0.92753583,2,0.050566673,-0.027447566,-0.10151215,-0.06717516,0.05651778,-0.28162733,0.1728367,0.20283034
trace_00153,causal_007,causal_micro_world,llama3.2:latest,medium,incorrect,causal_007__trial_03,3,0.8,,0,1,Cooling fails.,Server overheats.,0.10680524,0.99428,1,-0.19692975,0.061663512,0.11701488,0.02782623,-0.048500985,0.089361556,-0.03647372,-0.20665555
trace_00153,causal_007,causal_micro_world,llama3.2:latest,medium,incorrect,causal_007__trial_03,3,0.8,,1,2,Server overheats.,Processing slows.,0.3370863,0.94147384,1,0.039126024,-0.16404586,0.08955834,0.0909397,0.0019188939,0.1500144,-0.021495083,-0.07701145
trace_00153,causal_007,causal_micro_world,llama3.2:latest,medium,incorrect,causal_007__trial_03,3,0.8,,2,3,Processing slows.,Request backlog grows.,0.14245465,0.98980135,1,-0.02280238,0.26194593,0.05328063,-0.022425123,0.050166413,0.11393026,-0.08805166,-0.012143318
trace_00154,causal_007,causal_micro_world,llama3.2:latest,medium,incorrect,causal_007__trial_04,4,0.8,,0,1,The system is currently experiencing a growing request backlog due to slow processing.,"As a result of slow processing, the server's overall performance is declining.",0.21887553,0.9757527,0,0.11523946,-0.17216569,-0.09124208,0.035843637,-0.026099602,-0.13709678,0.25153777,0.018439213
trace_00154,causal_007,causal_micro_world,llama3.2:latest,medium,incorrect,causal_007__trial_04,4,0.8,,1,2,"As a result of slow processing, the server's overall performance is declining.","Since the cooling mechanism has failed, the server will continue to overheat and processing speeds will decrease further.",0.3188553,0.9478034,2,-0.019568164,0.02503218,0.02414493,-0.0800164,0.13494985,-0.1977634,0.08896148,0.2276382
trace_00155,causal_007,causal_micro_world,llama3.2:latest,medium,correct,causal_007__trial_05,5,0.8,,0,1,The system is currently experiencing a failed cooling process.,"Since cooling has failed, the server's temperature does not decrease as expected.",0.21985891,0.9755317,2,0.016891148,-0.093164854,0.0488228,0.09802775,0.1460105,0.005446609,0.16401346,-0.20766614
trace_00155,causal_007,causal_micro_world,llama3.2:latest,medium,correct,causal_007__trial_05,5,0.8,,1,2,"Since cooling has failed, the server's temperature does not decrease as expected.","With the server's temperature remaining high, processing continues to be slowed due to overheating.",0.1397046,0.9901932,1,-0.072472,-0.0031406884,0.21036509,0.03657417,-0.0482669,0.1487966,-0.061140418,-0.14961927
trace_00155,causal_007,causal_micro_world,llama3.2:latest,medium,correct,causal_007__trial_05,5,0.8,,2,3,"With the server's temperature remaining high, processing continues to be slowed due to overheating.","As a result of slowing processing, the request backlog continues to grow.",0.3869893,0.9220842,1,-0.08941276,0.24436782,0.04462674,-0.021233266,-0.028319206,0.24322318,-0.17568047,-0.03270666
trace_00156,causal_008,causal_micro_world,llama3.2:latest,medium,correct,causal_008__trial_01,1,0.8,,0,1,Soiling can lead to reduced plant growth.,Reduced plant growth means decreased nutrient uptake from the soil.,0.1991807,0.9799628,0,0.14337097,-0.075472414,0.0021788005,0.0341824,-0.03211559,0.22368698,0.02299747,-0.113210656
trace_00156,causal_008,causal_micro_world,llama3.2:latest,medium,correct,causal_008__trial_01,1,0.8,,1,2,Reduced plant growth means decreased nutrient uptake from the soil.,Decreased nutrient uptake leads to weakened roots.,0.17241247,0.98502487,3,0.044965696,0.1214631,-0.22658354,-0.105974995,-0.036749437,0.110167116,-0.06390733,0.075857095
trace_00156,causal_008,causal_micro_world,llama3.2:latest,medium,correct,causal_008__trial_01,1,0.8,,2,3,Decreased nutrient uptake leads to weakened roots.,Weakened roots cause plants to become more susceptible to erosion.,0.19498236,0.98080677,3,-0.024391793,0.13438594,0.0074829115,-0.13049915,-0.07851132,-0.2494313,-0.05123022,-0.0007920965
trace_00156,causal_008,causal_micro_world,llama3.2:latest,medium,correct,causal_008__trial_01,1,0.8,,3,4,Weakened roots cause plants to become more susceptible to erosion.,"Increased erosion exposes underlying soil, making it even drier and less fertile.",0.14763871,0.9890414,2,-0.021255206,-0.14441758,0.2709407,0.05279994,-0.05954772,0.0122570535,-0.06120161,-0.179395
trace_00157,causal_008,causal_micro_world,llama3.2:latest,medium,correct,causal_008__trial_02,2,0.8,,0,1,Shade coverage decreased due to wilting plants.,Decreased shade coverage allows more sunlight to reach the soil.,0.097264744,0.9952585,4,-0.114940256,-0.09724389,0.20993747,-0.0026779831,0.09507395,0.010393078,-0.19600753,-0.091612294
trace_00157,causal_008,causal_micro_world,llama3.2:latest,medium,correct,causal_008__trial_02,2,0.8,,1,2,Decreased shade coverage allows more sunlight to reach the soil.,Increased sunlight can lead to increased evaporation of water from the soil.,0.2816325,0.95952237,2,-0.08243987,-0.026460826,-0.12448679,0.07182418,-0.24346392,0.053129293,-0.2530913,-0.008289323
trace_00157,causal_008,causal_micro_world,llama3.2:latest,medium,correct,causal_008__trial_02,2,0.8,,2,3,Increased sunlight can lead to increased evaporation of water from the soil.,"As a result, the drought may continue or worsen.",0.27963087,0.9601076,3,0.03408335,0.028663736,-0.032779295,-0.10467487,-0.03821115,0.10609484,0.30780974,0.23235516
trace_00158,causal_008,causal_micro_world,llama3.2:latest,medium,incorrect,causal_008__trial_03,3,0.8,,0,1,Shade coverage decreases.,Decreased shade coverage results in more sunlight reaching the ground.,0.19626087,0.98055166,1,-0.044568792,0.140019,0.03341084,0.2088967,-0.010665162,-0.3014602,-0.10910606,0.028445367
trace_00158,causal_008,causal_micro_world,llama3.2:latest,medium,incorrect,causal_008__trial_03,3,0.8,,1,2,Decreased shade coverage results in more sunlight reaching the ground.,Increased sunlight leads to increased evaporation of water from the soil.,0.28346106,0.9589837,2,-0.03431027,-0.14937927,-0.09665477,0.12105521,-0.1068219,0.1510691,-0.25667885,-0.023630513
trace_00158,causal_008,causal_micro_world,llama3.2:latest,medium,incorrect,causal_008__trial_03,3,0.8,,2,3,Increased sunlight leads to increased evaporation of water from the soil.,"With less water available, plant growth slows down and eventually dies.",0.28332105,0.95902514,3,-0.037934266,0.08065562,-0.02685415,0.052886978,0.15134478,0.15946484,0.27885205,0.3204273
trace_00159,causal_008,causal_micro_world,llama3.2:latest,medium,incorrect,causal_008__trial_04,4,0.8,,0,1,"If a drought continues, the plants will continue to suffer from lack of water.","As a result, more plants will die or be severely stressed.",0.13809785,0.99041855,1,-0.17064394,0.17201877,0.30021822,-0.03860343,0.25614533,0.01521014,0.17785804,0.09922627
trace_00159,causal_008,causal_micro_world,llama3.2:latest,medium,incorrect,causal_008__trial_04,4,0.8,,1,2,"As a result, more plants will die or be severely stressed.","With fewer healthy plants, less vegetation will remain to absorb sunlight.",0.1114827,0.9937663,0,0.32606646,-0.09691511,-0.040510703,0.08251791,0.009817614,-0.10352324,-0.21410051,-0.3350631
trace_00159,causal_008,causal_micro_world,llama3.2:latest,medium,incorrect,causal_008__trial_04,4,0.8,,2,3,"With fewer healthy plants, less vegetation will remain to absorb sunlight.",Reduced plant cover will allow more sunlight to reach the ground.,0.14212194,0.9898492,3,-0.23283292,0.09545705,0.054698892,-0.08748634,-0.069628984,-0.083042055,-0.019149348,0.07212623
trace_00160,causal_008,causal_micro_world,llama3.2:latest,medium,incorrect,causal_008__trial_05,5,0.8,,0,1,Soils drying out cause plant wilting.,Wilting causes a decrease in shade coverage.,0.19189571,0.98141533,1,-0.049748443,0.022423523,0.19423127,-0.19568202,0.076022066,-0.10512881,0.14023598,-0.023509534
trace_00160,causal_008,causal_micro_world,llama3.2:latest,medium,incorrect,causal_008__trial_05,5,0.8,,1,2,Wilting causes a decrease in shade coverage.,"With continued drought, the amount of dry soil remains constant, leading to an increased surface area exposed to sunlight.",0.31712002,0.9483855,2,-0.04875752,-0.049443945,0.040873967,0.1479149,-0.07046551,0.05982492,-0.1719383,-0.005796111
trace_00160,causal_008,causal_micro_world,llama3.2:latest,medium,incorrect,causal_008__trial_05,5,0.8,,2,3,"With continued drought, the amount of dry soil remains constant, leading to an increased surface area exposed to sunlight.",Increased sunlight results in more heat absorption and further stress on plants.,0.30646828,0.9518809,1,-0.0102254115,0.13772547,0.14617865,0.04877094,0.1612542,-0.22641368,0.14889385,-0.19433577
trace_00161,commonsense_001,commonsense_multihop,llama3.2:latest,easy,incorrect,commonsense_001__trial_01,1,0.8,,0,1,The ice cube began to melt due to the heat from the sun.,"As it melted, its temperature increased, eventually equalizing with the surrounding air temperature.",0.27829432,0.9604958,2,0.04708156,-0.21800937,0.12928224,0.005259698,-0.10621521,0.17617102,-0.092168584,-0.08634265
trace_00161,commonsense_001,commonsense_multihop,llama3.2:latest,easy,incorrect,commonsense_001__trial_01,1,0.8,,1,2,"As it melted, its temperature increased, eventually equalizing with the surrounding air temperature.","Since the metal tray is conductive, it absorbs and distributes the heat energy from the air evenly throughout its surface.",0.18826671,0.982118,1,0.16092192,0.064178444,0.27303803,0.0018668211,-0.01264409,-0.29712427,-0.15573306,-0.2847016
trace_00161,commonsense_001,commonsense_multihop,llama3.2:latest,easy,incorrect,commonsense_001__trial_01,1,0.8,,2,3,"Since the metal tray is conductive, it absorbs and distributes the heat energy from the air evenly throughout its surface.",The increased heat energy on the metal tray caused the surface of the metal to rise in temperature.,0.2587299,0.9659497,3,-0.34818435,0.11172487,-0.2044072,-0.010605363,-0.00015022622,0.15348034,0.31789067,0.22362283
trace_00161,commonsense_001,commonsense_multihop,llama3.2:latest,easy,incorrect,commonsense_001__trial_01,1,0.8,,3,4,The increased heat energy on the metal tray caused the surface of the metal to rise in temperature.,"As a result, moisture on the surface of the metal tray began to evaporate quickly due to the higher temperatures.",0.30752105,0.95154136,0,0.26937768,-0.18970567,-0.3790249,0.013154517,-0.071370766,0.14649,-0.14390044,0.06529318
trace_00161,commonsense_001,commonsense_multihop,llama3.2:latest,easy,incorrect,commonsense_001__trial_01,1,0.8,,4,5,"As a result, moisture on the surface of the metal tray began to evaporate quickly due to the higher temperatures.",This rapid evaporation led to condensation occurring within the gaps between the metal's surface and its interior surfaces.,0.24307531,0.9700074,1,0.049802218,0.109631546,0.14864275,-0.14086264,-0.05945433,0.1819206,-0.16498315,0.08418589
trace_00161,commonsense_001,commonsense_multihop,llama3.2:latest,easy,incorrect,commonsense_001__trial_01,1,0.8,,5,6,This rapid evaporation led to condensation occurring within the gaps between the metal's surface and its interior surfaces.,"The accumulated water condensed and dripped onto the metal tray, causing it to become wet.",0.05585026,0.9984392,3,-0.13031363,-0.04132371,-0.1916679,0.10335108,-0.16362849,-0.20273142,0.059787985,-0.07681257
trace_00162,commonsense_001,commonsense_multihop,llama3.2:latest,easy,correct,commonsense_001__trial_02,2,0.8,,0,1,The ice cube began to melt as it absorbed heat from the environment.,"As the ice cube melted, it released latent heat of fusion, which is a large amount of energy released when a solid changes state to a liquid.",0.23417151,0.9721953,1,-0.07985621,-0.025492003,0.15823859,-0.029795008,-0.102637164,0.2864981,-0.08877859,0.005368191
trace_00162,commonsense_001,commonsense_multihop,llama3.2:latest,easy,correct,commonsense_001__trial_02,2,0.8,,1,2,"As the ice cube melted, it released latent heat of fusion, which is a large amount of energy released when a solid changes state to a liquid.","This released heat energy evaporated the water molecules on the metal tray, causing the surface of the tray to become wet.",0.16110079,0.98693794,0,0.04223616,-0.08315514,-0.09748502,0.00060553703,-0.18955049,-0.19073318,-0.07151258,-0.16908099
trace_00162,commonsense_001,commonsense_multihop,llama3.2:latest,easy,correct,commonsense_001__trial_02,2,0.8,,2,3,"This released heat energy evaporated the water molecules on the metal tray, causing the surface of the tray to become wet.","The evaporation occurred because the temperature of the ice cube and the metal tray increased, allowing the molecules to gain enough energy to escape into the air as vapor.",0.13545793,0.99078304,2,0.0492253,-0.0026608407,-0.090013504,0.081561595,0.19658847,0.1650145,-0.08647512,0.19271281
trace_00163,commonsense_001,commonsense_multihop,llama3.2:latest,easy,incorrect,commonsense_001__trial_03,3,0.8,,0,1,The ice cube began to melt due to the heat from the sun.,"As it melted, water accumulated around the ice cube.",0.17773718,0.984078,0,0.07020848,-0.20312698,-0.0754498,-0.11198041,-0.22520609,0.18337005,-0.13219035,0.049023353
trace_00163,commonsense_001,commonsense_multihop,llama3.2:latest,easy,incorrect,commonsense_001__trial_03,3,0.8,,1,2,"As it melted, water accumulated around the ice cube.","Since the metal tray is conductive, it absorbed some of the heat energy from the sun's rays through conduction.",0.15857236,0.9873473,1,0.1676475,0.06474483,0.3250046,0.038515825,0.08377422,-0.31821418,-0.014376738,-0.2783908
trace_00163,commonsense_001,commonsense_multihop,llama3.2:latest,easy,incorrect,commonsense_001__trial_03,3,0.8,,2,3,"Since the metal tray is conductive, it absorbed some of the heat energy from the sun's rays through conduction.",This increased temperature caused the water molecules in the metal to gain kinetic energy and start moving faster.,0.19274637,0.98124856,3,-0.33898392,-0.11321346,-0.17177644,-0.017503638,-0.08231742,0.36682174,-0.026365798,0.07757536
trace_00163,commonsense_001,commonsense_multihop,llama3.2:latest,easy,incorrect,commonsense_001__trial_03,3,0.8,,3,4,This increased temperature caused the water molecules in the metal to gain kinetic energy and start moving faster.,"The increased movement of water molecules led to evaporation, which converted liquid water into gas (water vapor).",0.28978097,0.95709294,2,0.21018744,0.0033314428,-0.14272912,0.13503784,-0.13406816,0.059021298,-0.22870651,0.095591165
trace_00163,commonsense_001,commonsense_multihop,llama3.2:latest,easy,incorrect,commonsense_001__trial_03,3,0.8,,4,5,"The increased movement of water molecules led to evaporation, which converted liquid water into gas (water vapor).","Consequently, the surrounding air became saturated with moisture.",0.1353892,0.99079245,0,0.119617276,-0.013936997,0.026412869,-0.040890686,0.09414119,-0.17548819,0.1603655,-0.13461389
trace_00163,commonsense_001,commonsense_multihop,llama3.2:latest,easy,incorrect,commonsense_001__trial_03,3,0.8,,5,6,"Consequently, the surrounding air became saturated with moisture.","Eventually, precipitation occurred as a result of excess moisture.",0.3269603,0.9450381,3,-0.18695371,0.008135407,-0.1718793,-0.028900366,-0.16282536,0.16087675,0.11251184,0.2373595
trace_00164,commonsense_001,commonsense_multihop,llama3.2:latest,easy,incorrect,commonsense_001__trial_04,4,0.8,,0,1,The metal tray is in direct contact with the sun's radiation.,Sunlight contains ultraviolet (UV) rays that can cause heating.,0.25482368,0.96698755,2,-0.06378006,-0.06550098,-0.101506956,0.06037003,-0.045979813,-0.014425463,-0.12032345,-0.18860495
trace_00164,commonsense_001,commonsense_multihop,llama3.2:latest,easy,incorrect,commonsense_001__trial_04,4,0.8,,1,2,Sunlight contains ultraviolet (UV) rays that can cause heating.,"When the ice cube was placed on the metal tray, it absorbed some of the heat from the sun's radiation and began to melt.",0.2680618,0.9634018,3,-0.049407944,0.025278226,-0.0654778,-0.057224452,0.06948598,0.11727207,0.14173312,0.29658353
trace_00164,commonsense_001,commonsense_multihop,llama3.2:latest,easy,incorrect,commonsense_001__trial_04,4,0.8,,2,3,"When the ice cube was placed on the metal tray, it absorbed some of the heat from the sun's radiation and began to melt.","As the ice cube melted, it released latent heat into the surrounding environment, increasing the temperature nearby.",0.27430886,0.96164155,4,-0.1140196,-0.21703728,0.04301621,-0.031728957,-0.027987616,0.29984418,-0.08049091,-0.0742511
trace_00164,commonsense_001,commonsense_multihop,llama3.2:latest,easy,incorrect,commonsense_001__trial_04,4,0.8,,3,4,"As the ice cube melted, it released latent heat into the surrounding environment, increasing the temperature nearby.","The increased temperature caused the metal tray underneath the ice cube to warm up, eventually reaching its melting point.",0.313668,0.9495328,3,-0.1739579,0.1674174,-0.059381135,0.06826844,-0.06940889,-0.029004067,0.07479067,0.09607628
trace_00164,commonsense_001,commonsense_multihop,llama3.2:latest,easy,incorrect,commonsense_001__trial_04,4,0.8,,4,5,"The increased temperature caused the metal tray underneath the ice cube to warm up, eventually reaching its melting point.","At this point, the metal tray began to melt, turning it wet.",0.20268947,0.9792431,0,0.18690665,-0.009712374,-0.07671949,-0.01918235,-0.23140015,-0.18387151,0.049918152,-0.013561594
trace_00165,commonsense_001,commonsense_multihop,llama3.2:latest,easy,correct,commonsense_001__trial_05,5,0.8,,0,1,The sun emitted heat radiation onto the metal tray.,This heat caused the metal to warm up.,0.2586117,0.9659813,3,-0.19057524,-0.09897237,-0.090245575,-0.08420905,-0.06286875,0.26041144,0.09339126,-0.022806907
trace_00165,commonsense_001,commonsense_multihop,llama3.2:latest,easy,correct,commonsense_001__trial_05,5,0.8,,1,2,This heat caused the metal to warm up.,"As the metal warmed, it transferred its thermal energy to the air molecules around it.",0.23911096,0.97099227,2,0.21591659,-0.05883938,0.07379578,0.11054165,0.07579361,-0.028072672,-0.3436948,-0.111216165
trace_00165,commonsense_001,commonsense_multihop,llama3.2:latest,easy,correct,commonsense_001__trial_05,5,0.8,,2,3,"As the metal warmed, it transferred its thermal energy to the air molecules around it.",These heated air molecules gained kinetic energy and started moving rapidly.,0.28135875,0.95960265,1,-0.21733856,0.0509332,0.00110262,0.12990476,-0.084739044,0.09155022,0.11456564,0.10850785
trace_00165,commonsense_001,commonsense_multihop,llama3.2:latest,easy,correct,commonsense_001__trial_05,5,0.8,,3,4,These heated air molecules gained kinetic energy and started moving rapidly.,"As they moved, they carried moisture from the surrounding environment (evaporation from dew or other moisture) onto the metal tray.",0.21037431,0.97762096,0,0.27901512,-0.12263273,-0.11851918,0.0041638114,-0.021991722,-0.06468158,0.033027403,0.03259544
trace_00165,commonsense_001,commonsense_multihop,llama3.2:latest,easy,correct,commonsense_001__trial_05,5,0.8,,4,5,"As they moved, they carried moisture from the surrounding environment (evaporation from dew or other moisture) onto the metal tray.","The increased temperature of the metal accelerated the condensation process, turning the water vapor back into liquid droplets on the tray's surface.",0.27454114,0.9615753,3,-0.22742985,0.07872536,0.008910658,-0.081262246,-0.110384926,0.12669872,-0.17314239,0.12537387
trace_00165,commonsense_001,commonsense_multihop,llama3.2:latest,easy,correct,commonsense_001__trial_05,5,0.8,,5,6,"The increased temperature of the metal accelerated the condensation process, turning the water vapor back into liquid droplets on the tray's surface.",These liquid droplets formed a thin layer of dew or condensation on the metal tray.,0.34427503,0.9388688,1,0.07924359,0.1555517,0.024004793,-0.025989367,-0.14548296,0.06667267,-0.07975687,-0.00853773
trace_00166,commonsense_002,commonsense_multihop,llama3.2:latest,easy,correct,commonsense_002__trial_01,1,0.8,,0,1,The dough was initially intended for baking.,"Instead of being baked, it was left in the warm environment of the kitchen.",0.20861486,0.97799784,0,0.30962533,0.004207952,-0.04553372,-0.13192134,0.07867727,-0.08372407,0.18089943,-0.077724464
trace_00166,commonsense_002,commonsense_multihop,llama3.2:latest,easy,correct,commonsense_002__trial_01,1,0.8,,1,2,"Instead of being baked, it was left in the warm environment of the kitchen.",Warm environments can cause yeast dough to rise due to increased activity of yeast.,0.20626105,0.9784969,1,-0.35501477,0.050892133,0.13086879,0.11622186,-0.10799013,0.059842955,-0.24033368,-0.021202767
trace_00166,commonsense_002,commonsense_multihop,llama3.2:latest,easy,correct,commonsense_002__trial_01,1,0.8,,2,3,Warm environments can cause yeast dough to rise due to increased activity of yeast.,"Yeast fermentation is a natural process that produces carbon dioxide, leading to expansion.",0.22020741,0.975453,0,0.12983966,-0.047804587,0.11679198,-0.072874546,-0.016827924,0.08019208,-0.12672926,0.33719265
trace_00166,commonsense_002,commonsense_multihop,llama3.2:latest,easy,correct,commonsense_002__trial_01,1,0.8,,3,4,"Yeast fermentation is a natural process that produces carbon dioxide, leading to expansion.","As the dough absorbed moisture and temperature from the air, its size increased without baking.",0.17907375,0.9838357,2,0.054483645,-0.0400039,-0.11403478,0.070489764,0.013571518,-0.03622254,0.09117489,-0.29324016
trace_00167,commonsense_002,commonsense_multihop,llama3.2:latest,easy,correct,commonsense_002__trial_02,2,0.8,,0,1,"The temperature of the warm kitchen is likely higher than room temperature, which could cause the yeast in the dough to activate and produce more carbon dioxide.","As the yeast produces more carbon dioxide, the dough expands and becomes larger due to the increased gas content.",0.40910542,0.9124872,1,-0.06257944,0.10037188,0.19713138,0.098228455,-0.024049353,0.16712613,-0.17313477,0.20113106
trace_00167,commonsense_002,commonsense_multihop,llama3.2:latest,easy,correct,commonsense_002__trial_02,2,0.8,,1,2,"As the yeast produces more carbon dioxide, the dough expands and becomes larger due to the increased gas content.","Without baking, the starches in the dough remain uncooked, but the gluten network in the dough remains intact.",0.2789585,0.9603032,0,0.332925,0.08611092,-0.15100953,-0.0042411466,-0.012367008,-0.1258624,0.24949549,-0.15696368
trace_00167,commonsense_002,commonsense_multihop,llama3.2:latest,easy,correct,commonsense_002__trial_02,2,0.8,,2,3,"Without baking, the starches in the dough remain uncooked, but the gluten network in the dough remains intact.",The warm temperature and moisture in the kitchen may also cause the gluten network to relax and become less resistant to expansion.,0.2994915,0.9540989,4,-0.17818424,-0.07322324,0.104432404,-0.03075557,0.013353067,-0.022566836,0.02912689,0.01456041
trace_00167,commonsense_002,commonsense_multihop,llama3.2:latest,easy,correct,commonsense_002__trial_02,2,0.8,,3,4,The warm temperature and moisture in the kitchen may also cause the gluten network to relax and become less resistant to expansion.,"As a result of these factors, the dough expands without being baked, resulting in its larger size.",0.12592766,0.99203944,1,-0.17457233,0.006473132,0.02672306,-0.0071534268,-0.025266487,0.117890745,-0.14987402,0.047951438
trace_00168,commonsense_002,commonsense_multihop,llama3.2:latest,easy,correct,commonsense_002__trial_03,3,0.8,,0,1,The dough's temperature would likely increase due to the warm environment of the kitchen.,"As the temperature increases, the dough's molecular structure changes and its gluten relaxes, leading to expansion.",0.19466387,0.98087,3,-0.11757272,-0.017644037,-0.023036545,-0.110882126,-0.008659535,0.1885187,-0.09820024,0.053400286
trace_00168,commonsense_002,commonsense_multihop,llama3.2:latest,easy,correct,commonsense_002__trial_03,3,0.8,,1,2,"As the temperature increases, the dough's molecular structure changes and its gluten relaxes, leading to expansion.","Yeast fermentation also occurs more rapidly in warmer temperatures, releasing carbon dioxide gas bubbles that can cause the dough to rise further.",0.21190359,0.9772906,1,-0.10994934,0.08471889,0.03955675,0.12484627,-0.06582118,-0.04052101,-0.20125198,0.027798181
trace_00168,commonsense_002,commonsense_multihop,llama3.2:latest,easy,correct,commonsense_002__trial_03,3,0.8,,2,3,"Yeast fermentation also occurs more rapidly in warmer temperatures, releasing carbon dioxide gas bubbles that can cause the dough to rise further.","The increased moisture content due to the warm air may contribute to the growth of yeast or bacteria, causing the dough to expand as well.",0.25680947,0.96646214,0,0.09665169,-0.0941838,-0.047188774,-0.05818648,-0.01488927,-0.031057436,0.09260929,-0.118573725
trace_00169,commonsense_002,commonsense_multihop,llama3.2:latest,easy,correct,commonsense_002__trial_04,4,0.8,,0,1,"Yeast fermentation produces carbon dioxide gas, causing the dough to rise.","If the dough is left at room temperature (warm kitchen), yeast activity increases due to optimal conditions for fermentation.",0.2574152,0.9663009,0,0.1580443,-0.1022517,0.010599446,0.01695555,0.18917033,0.00095830293,0.23052263,-0.29980648
trace_00169,commonsense_002,commonsense_multihop,llama3.2:latest,easy,correct,commonsense_002__trial_04,4,0.8,,1,2,"If the dough is left at room temperature (warm kitchen), yeast activity increases due to optimal conditions for fermentation.",The increased yeast activity results in more carbon dioxide production and a larger dough size.,0.38354242,0.92352325,1,-0.088866904,0.010972716,0.13274275,0.013019361,-0.15481485,0.11058935,-0.1972434,0.2771927
trace_00170,commonsense_002,commonsense_multihop,llama3.2:latest,easy,correct,commonsense_002__trial_05,5,0.8,,0,1,The dough was initially left at room temperature.,"Room temperature is warmer than refrigerated temperatures, which slows down yeast fermentation and rising.",0.28440213,0.9587051,1,-0.12560007,0.08286768,0.24022439,0.07893643,-0.067806914,0.019806426,-0.15448952,-0.08703058
trace_00170,commonsense_002,commonsense_multihop,llama3.2:latest,easy,correct,commonsense_002__trial_05,5,0.8,,1,2,"Room temperature is warmer than refrigerated temperatures, which slows down yeast fermentation and rising.","However, if the kitchen has a heating source or direct sunlight, its warm temperature could accelerate the yeast fermentation process.",0.11724832,0.9931026,1,0.112755485,0.0026427812,0.092520244,0.013162324,-0.05040248,-0.32488275,0.052156422,0.0687919
trace_00170,commonsense_002,commonsense_multihop,llama3.2:latest,easy,correct,commonsense_002__trial_05,5,0.8,,2,3,"However, if the kitchen has a heating source or direct sunlight, its warm temperature could accelerate the yeast fermentation process.",Accelerated yeast fermentation can cause the dough to rise rapidly.,0.22967474,0.97326744,3,-0.2818752,0.0990965,-0.0644336,-0.02824521,-0.10358085,0.25081635,-0.10659058,0.0559217
trace_00170,commonsense_002,commonsense_multihop,llama3.2:latest,easy,correct,commonsense_002__trial_05,5,0.8,,3,4,Accelerated yeast fermentation can cause the dough to rise rapidly.,"If the chef did not intervene or bake the dough as intended, the rapid rise would continue without the heat of the oven to slow it down.",0.17059025,0.98534214,0,0.13562243,-0.09448394,-0.0879188,-0.021177728,-0.017868904,-0.1682895,0.3029833,-0.04317191
trace_00170,commonsense_002,commonsense_multihop,llama3.2:latest,easy,correct,commonsense_002__trial_05,5,0.8,,4,5,"If the chef did not intervene or bake the dough as intended, the rapid rise would continue without the heat of the oven to slow it down.","As a result, the dough became larger than expected.",0.25335672,0.9673729,3,0.0749515,-0.06425113,-0.05276955,-0.099743925,0.03628183,0.1613167,-0.059591495,0.1431694
trace_00171,commonsense_003,commonsense_multihop,llama3.2:latest,medium,correct,commonsense_003__trial_01,1,0.8,,0,1,"The person walked under a roof or a covered area, which caused their clothes to get wet.","Since they returned with a wet shoe, it is likely that the water was absorbed by the shoe through the umbrella.",0.04598297,0.9989422,3,-0.011206705,-0.075073995,-0.09972064,0.04929921,0.016400313,0.10844067,0.027416142,0.17610796
trace_00171,commonsense_003,commonsense_multihop,llama3.2:latest,medium,correct,commonsense_003__trial_01,1,0.8,,1,2,"Since they returned with a wet shoe, it is likely that the water was absorbed by the shoe through the umbrella.","However, since their shirt is dry, it's unlikely that the water from the umbrella seeped into the shirt while walking under the roof.",0.1423024,0.9898233,2,0.115846366,0.056908328,0.18495207,0.026726993,0.065770954,-0.14605561,-0.13794062,-0.18017477
trace_00171,commonsense_003,commonsense_multihop,llama3.2:latest,medium,correct,commonsense_003__trial_01,1,0.8,,2,3,"However, since their shirt is dry, it's unlikely that the water from the umbrella seeped into the shirt while walking under the roof.","A possible explanation is that the person opened and closed their umbrella many times on the wet ground outside, allowing water to enter the shoes but keeping the shirt dry.",0.21212815,0.9772419,3,-0.21982,0.038679104,-0.14976451,0.01546274,-0.037778962,0.12646991,0.044587623,0.12793474
trace_00172,commonsense_003,commonsense_multihop,llama3.2:latest,medium,incorrect,commonsense_003__trial_02,2,0.8,,0,1,"The person carried their umbrella inside, protecting themselves from rain.","When they came back outside, the umbrella was removed.",0.08282437,0.99656415,0,0.080575794,-0.048736434,0.045495998,-0.022590183,0.18507387,0.08892011,0.17149569,0.006660157
trace_00172,commonsense_003,commonsense_multihop,llama3.2:latest,medium,incorrect,commonsense_003__trial_02,2,0.8,,1,2,"When they came back outside, the umbrella was removed.","Rain fell on them again, resulting in wet shoes.",0.06698831,0.9977538,3,-0.16250251,-0.0651835,-0.19636004,-0.07148327,-0.336459,0.07799421,-0.072379306,0.0182654
trace_00172,commonsense_003,commonsense_multihop,llama3.2:latest,medium,incorrect,commonsense_003__trial_02,2,0.8,,2,3,"Rain fell on them again, resulting in wet shoes.","Meanwhile, the air was not saturated with water vapor, allowing the shirt to dry quickly.",0.25956857,0.96572465,2,0.098104104,-0.033183057,0.0606457,0.103453904,0.124729246,-0.062432416,-0.16795988,-0.11071164
trace_00173,commonsense_003,commonsense_multihop,llama3.2:latest,medium,correct,commonsense_003__trial_03,3,0.8,,0,1,The person entered a building or was under a covered area before bringing out the umbrella.,"They were caught in rain while walking under the umbrella, causing their shoes to get wet.",0.24354558,0.9698894,3,-0.05844802,-0.03109575,-0.18265295,-0.0032120491,-0.30175096,0.1110133,-0.019280022,-0.03796682
trace_00173,commonsense_003,commonsense_multihop,llama3.2:latest,medium,correct,commonsense_003__trial_03,3,0.8,,1,2,"They were caught in rain while walking under the umbrella, causing their shoes to get wet.","After getting out of the rain, they put away the umbrella and continued walking without it.",0.15997352,0.98712134,0,0.18562593,-0.026335867,0.122436784,0.031503912,0.2839777,-0.00016785438,0.089202665,0.033825606
trace_00174,commonsense_003,commonsense_multihop,llama3.2:latest,medium,incorrect,commonsense_003__trial_04,4,0.8,,0,1,The person used their umbrella to protect themselves from the rain while outside.,"When they went outside, it started raining heavily.",0.1524701,0.9883081,3,-0.05662531,-0.14108242,-0.10530384,-0.022482198,-0.17323318,0.16685331,0.025857816,-0.028182436
trace_00174,commonsense_003,commonsense_multihop,llama3.2:latest,medium,incorrect,commonsense_003__trial_04,4,0.8,,1,2,"When they went outside, it started raining heavily.",They then decided to bring the umbrella inside.,0.34111154,0.9400229,1,-0.017663255,0.10599731,0.14884478,0.12463943,0.42475036,-0.2203103,0.0375099,0.20680717
trace_00174,commonsense_003,commonsense_multihop,llama3.2:latest,medium,incorrect,commonsense_003__trial_04,4,0.8,,2,3,They then decided to bring the umbrella inside.,"However, by the time they returned with wet shoes, it had stopped raining or significantly reduced in intensity.",0.3842272,0.9232385,0,0.114608146,-0.13906074,-0.10366117,-0.13198788,-0.3278492,0.17739978,0.02445503,-0.15666226
trace_00175,commonsense_003,commonsense_multihop,llama3.2:latest,medium,incorrect,commonsense_003__trial_05,5,0.8,,0,1,The person initially took the umbrella outside to protect themselves from the rain.,"They then moved under the awning or went back inside, leaving the umbrella there.",0.1074642,0.994209,0,0.098210044,-0.055046763,0.002431124,0.06255768,0.16403428,0.1362962,0.087879516,-0.030674944
trace_00175,commonsense_003,commonsense_multihop,llama3.2:latest,medium,incorrect,commonsense_003__trial_05,5,0.8,,1,2,"They then moved under the awning or went back inside, leaving the umbrella there.","The rain continued, causing it to fall on their shoes and making them wet.",0.22364534,0.9746706,3,-0.16192314,0.003341872,-0.08542738,-0.098657906,-0.37674388,-0.013166158,-0.07276322,0.04846854
trace_00175,commonsense_003,commonsense_multihop,llama3.2:latest,medium,incorrect,commonsense_003__trial_05,5,0.8,,2,3,"The rain continued, causing it to fall on their shoes and making them wet.","Meanwhile, they changed into dry clothes, keeping the dry shirt on.",0.2881115,0.9575969,2,0.16451189,-0.02734598,0.09125403,0.109390624,0.22458339,0.1179007,-0.0295292,-0.14308266
trace_00176,commonsense_004,commonsense_multihop,llama3.2:latest,medium,incorrect,commonsense_004__trial_01,1,0.8,,0,1,The phone's battery level decreased after being plugged in for an extended period.,The charger may have been producing low power or had a faulty output.,0.19295022,0.98120856,3,-0.06540273,-0.028528413,-0.2376772,0.062707976,-0.14686431,-0.1823992,-0.13677745,0.11648907
trace_00176,commonsense_004,commonsense_multihop,llama3.2:latest,medium,incorrect,commonsense_004__trial_01,1,0.8,,1,2,The charger may have been producing low power or had a faulty output.,The phone's internal battery health could be declining due to age or repeated charge cycles.,0.1963368,0.9805365,1,0.0972102,0.0650319,0.3246451,-0.093489334,0.17893474,0.07985747,0.0825521,-0.10585804
trace_00176,commonsense_004,commonsense_multihop,llama3.2:latest,medium,incorrect,commonsense_004__trial_01,1,0.8,,2,3,The phone's internal battery health could be declining due to age or repeated charge cycles.,"The ambient temperature was too high, causing the battery to discharge faster.",0.26843113,0.96329886,2,-0.080401234,-0.04742697,-0.06886793,0.13101588,-0.07951762,-0.007083488,-0.07990564,0.045252524
trace_00176,commonsense_004,commonsense_multihop,llama3.2:latest,medium,incorrect,commonsense_004__trial_01,1,0.8,,3,4,"The ambient temperature was too high, causing the battery to discharge faster.","Some unknown external factor (e.g., a software glitch) might be affecting the battery.",0.25826898,0.96607304,3,-0.05645166,0.038998235,-0.046864573,-0.13587195,-0.024983335,-0.018420042,-0.03734163,-0.010988794
trace_00177,commonsense_004,commonsense_multihop,llama3.2:latest,medium,incorrect,commonsense_004__trial_02,2,0.8,,0,1,The phone was plugged into an electrical outlet for an extended period.,The phone's battery may have been damaged or compromised due to overcharging or excessive heat generated by prolonged charging.,0.33776432,0.9412307,2,-0.0075115375,-0.1294235,-0.045791958,-0.01032953,-0.05465797,-0.041884974,-0.11813674,0.00978486
trace_00177,commonsense_004,commonsense_multihop,llama3.2:latest,medium,incorrect,commonsense_004__trial_02,2,0.8,,1,2,The phone's battery may have been damaged or compromised due to overcharging or excessive heat generated by prolonged charging.,"It's possible that the charger itself may be faulty, causing the phone to drain faster than usual.",0.26280147,0.96484995,2,0.055499673,-0.11403375,-0.036363892,0.11199263,-0.08388765,0.20374054,-0.23360756,-0.032944933
trace_00177,commonsense_004,commonsense_multihop,llama3.2:latest,medium,incorrect,commonsense_004__trial_02,2,0.8,,2,3,"It's possible that the charger itself may be faulty, causing the phone to drain faster than usual.","The environment surrounding the phone, such as a hot room or proximity to a heater, could also contribute to the battery's reduced capacity.",0.18744962,0.9822742,1,0.059229083,0.069867365,0.3681009,-0.09497463,0.13863832,-0.10592766,0.14203094,-0.08942692
trace_00177,commonsense_004,commonsense_multihop,llama3.2:latest,medium,incorrect,commonsense_004__trial_02,2,0.8,,3,4,"The environment surrounding the phone, such as a hot room or proximity to a heater, could also contribute to the battery's reduced capacity.",It's also possible that there was an issue with the phone's charging circuitry or its battery management system.,0.25257227,0.96757805,3,-0.18362793,0.027220327,-0.4791518,0.06703638,-0.16190925,0.0060081542,-0.0022123316,0.11418788
trace_00178,commonsense_004,commonsense_multihop,llama3.2:latest,medium,incorrect,commonsense_004__trial_03,3,0.8,,0,1,The charger might be malfunctioning or damaged.,"The phone's power cord might be loose or frayed, causing a low connection.",0.15009418,0.9886717,1,-0.019743143,0.02929519,0.0286338,-0.018603722,-0.02239664,0.04912596,0.002471925,-0.17985626
trace_00178,commonsense_004,commonsense_multihop,llama3.2:latest,medium,incorrect,commonsense_004__trial_03,3,0.8,,1,2,"The phone's power cord might be loose or frayed, causing a low connection.","The battery itself could be old or weak, leading to inefficiency.",0.16540994,0.98622483,2,0.067724615,-0.078959316,0.19727427,0.0046494305,0.10962378,0.0044192895,-0.014583289,0.1565057
trace_00178,commonsense_004,commonsense_multihop,llama3.2:latest,medium,incorrect,commonsense_004__trial_03,3,0.8,,2,3,"The battery itself could be old or weak, leading to inefficiency.",Overheating could have reduced the battery's capacity overnight.,0.25284976,0.9675056,2,-0.06547253,-0.004782237,-0.06802507,0.0752384,0.03502455,0.021066774,0.16333784,-0.061144497
trace_00178,commonsense_004,commonsense_multihop,llama3.2:latest,medium,incorrect,commonsense_004__trial_03,3,0.8,,3,4,Overheating could have reduced the battery's capacity overnight.,Environmental factors like humidity or temperature changes outside could affect charging efficiency.,0.18942423,0.9818953,1,0.20852792,0.04223396,0.28319055,0.020334007,-0.040820457,-0.15452787,-0.17788762,-0.13859281
trace_00179,commonsense_004,commonsense_multihop,llama3.2:latest,medium,incorrect,commonsense_004__trial_04,4,0.8,,0,1,The battery was already partially discharged when the phone was left to charge.,"Overnight, environmental factors (temperature, humidity, etc.) affected the charging process.",0.29703072,0.95486796,2,0.0026342957,-0.05756628,0.15754166,0.108086474,-0.03266863,-0.07416916,-0.08576096,-0.1043654
trace_00179,commonsense_004,commonsense_multihop,llama3.2:latest,medium,incorrect,commonsense_004__trial_04,4,0.8,,1,2,"Overnight, environmental factors (temperature, humidity, etc.) affected the charging process.",The charger's power output may not have been sufficient or stable enough to fully recharge the battery overnight.,0.27735677,0.96076703,3,-0.1450302,0.011250344,-0.38619238,0.08947324,-0.11244521,-0.06034552,-0.06465395,0.08232438
trace_00179,commonsense_004,commonsense_multihop,llama3.2:latest,medium,incorrect,commonsense_004__trial_04,4,0.8,,2,3,The charger's power output may not have been sufficient or stable enough to fully recharge the battery overnight.,"It is possible that the phone's internal temperature regulation system kicked in, limiting the charging current to prevent overheating and potential damage.",0.23944944,0.9709088,1,0.018898005,0.11005585,0.18522029,-0.32269514,0.07954975,-0.010094294,0.12488406,-0.055441964
trace_00180,commonsense_004,commonsense_multihop,llama3.2:latest,medium,incorrect,commonsense_004__trial_05,5,0.8,,0,1,Consider the environmental factors that could affect battery performance.,Think about possible causes for low battery levels on a fully charged phone.,0.19194059,0.98140657,3,-0.20623721,0.08941244,-0.3443744,-0.07817379,-0.115825154,0.20652477,0.012902049,0.023863811
trace_00180,commonsense_004,commonsense_multihop,llama3.2:latest,medium,incorrect,commonsense_004__trial_05,5,0.8,,1,2,Think about possible causes for low battery levels on a fully charged phone.,Rule out external temperature extremes as an immediate cause of reduced battery life.,0.27297977,0.9620198,2,0.143352,-0.05204216,0.2689645,-0.0059816916,0.23396361,-0.08326001,0.13858072,-0.019159965
trace_00180,commonsense_004,commonsense_multihop,llama3.2:latest,medium,incorrect,commonsense_004__trial_05,5,0.8,,2,3,Rule out external temperature extremes as an immediate cause of reduced battery life.,"Consider if the phone's charging circuit might have malfunctioned, causing energy loss.",0.20910716,0.9778927,3,-0.018116985,0.048352953,-0.196023,-0.021298606,-0.1974914,-0.009684165,-0.049753975,0.0086860135
trace_00180,commonsense_004,commonsense_multihop,llama3.2:latest,medium,incorrect,commonsense_004__trial_05,5,0.8,,3,4,"Consider if the phone's charging circuit might have malfunctioned, causing energy loss.",Reflect on whether the phone's charging port or cable could be at fault.,0.24140199,0.97042525,3,-0.0855987,0.15120484,-0.22485724,-0.018513575,-0.13636123,-0.063421406,0.003567031,0.11414438
trace_00180,commonsense_004,commonsense_multihop,llama3.2:latest,medium,incorrect,commonsense_004__trial_05,5,0.8,,4,5,Reflect on whether the phone's charging port or cable could be at fault.,Acknowledge that it's possible that some capacity was already drained before going to sleep due to previous usage.,0.20457341,0.9788512,2,-0.0098003065,-0.17302191,0.22963476,0.1459451,0.12353437,0.11399934,-0.023191538,0.011524769
trace_00181,commonsense_005,commonsense_multihop,llama3.2:latest,hard,correct,commonsense_005__trial_01,1,0.8,,0,1,The temperature of the glass bottle was around 4°C.,"When removed from the refrigerated environment, it experienced a rapid change in temperature (thermal shock).",0.21779151,0.97599536,0,0.14136142,-0.1778121,0.15094887,0.08373846,0.11783231,0.12998486,0.031842057,-0.0033918894
trace_00181,commonsense_005,commonsense_multihop,llama3.2:latest,hard,correct,commonsense_005__trial_01,1,0.8,,1,2,"When removed from the refrigerated environment, it experienced a rapid change in temperature (thermal shock).","As the outer surface temperature rose to room temperature, water vapor from the air condensed on the cold surface.",0.1765568,0.9842905,2,-0.016951278,0.067990325,-0.11931888,-0.0714993,-0.21703637,-0.1676203,-0.4788494,-0.14635685
trace_00181,commonsense_005,commonsense_multihop,llama3.2:latest,hard,correct,commonsense_005__trial_01,1,0.8,,2,3,"As the outer surface temperature rose to room temperature, water vapor from the air condensed on the cold surface.",This condensation occurred rapidly due to the significant temperature difference between the warm air and the cold glass bottle.,0.20545614,0.97866637,1,-0.12082882,0.045431662,0.035993002,0.051833075,0.011878252,0.14521575,0.27848953,0.2745091
trace_00181,commonsense_005,commonsense_multihop,llama3.2:latest,hard,correct,commonsense_005__trial_01,1,0.8,,3,4,This condensation occurred rapidly due to the significant temperature difference between the warm air and the cold glass bottle.,"The sealed interior of the bottle prevented moisture from entering or leaving, trapping it inside.",0.21511665,0.97658837,0,0.12743792,-0.00053730817,-0.16236997,0.070100196,0.07523179,-0.10390493,0.037820376,-0.07200698
trace_00181,commonsense_005,commonsense_multihop,llama3.2:latest,hard,correct,commonsense_005__trial_01,1,0.8,,4,5,"The sealed interior of the bottle prevented moisture from entering or leaving, trapping it inside.","As a result, the outside surface became wet with condensated water vapor.",0.19915557,0.9799679,3,0.019952217,-0.06515288,0.004878722,-0.183977,-0.22891834,-0.02985004,-0.19638884,-0.009522853
trace_00182,commonsense_005,commonsense_multihop,llama3.2:latest,hard,correct,commonsense_005__trial_02,2,0.8,,0,1,"The bottle was removed from the refrigerator, which is a cold environment.","As soon as it was exposed to air at room temperature, evaporation of water vapor from the inside of the bottle occurred.",0.14126322,0.98997205,3,0.07182724,0.057627156,-0.073883645,-0.13907267,-0.24665749,-0.06513269,-0.20513387,0.07248316
trace_00182,commonsense_005,commonsense_multihop,llama3.2:latest,hard,correct,commonsense_005__trial_02,2,0.8,,1,2,"As soon as it was exposed to air at room temperature, evaporation of water vapor from the inside of the bottle occurred.",Water molecules on the surface of the interior liquid evaporated into the surrounding air.,0.23774076,0.9713287,1,0.09366667,-0.026854234,0.23058896,0.021126753,-0.11203556,0.020590538,-0.33797213,-0.3017935
trace_00182,commonsense_005,commonsense_multihop,llama3.2:latest,hard,correct,commonsense_005__trial_02,2,0.8,,2,3,Water molecules on the surface of the interior liquid evaporated into the surrounding air.,This process accelerated due to the lower humidity in the warmer air compared to the refrigerator's environment.,0.32185602,0.9467886,2,-0.082044154,-0.10502307,0.1577518,0.20748821,0.17768204,0.031073952,0.3056979,-0.016500492
trace_00182,commonsense_005,commonsense_multihop,llama3.2:latest,hard,correct,commonsense_005__trial_02,2,0.8,,3,4,This process accelerated due to the lower humidity in the warmer air compared to the refrigerator's environment.,"The evaporation created a pressure difference between the inside and outside of the bottle, causing condensation to occur.",0.16559322,0.9861942,3,-0.10290596,0.086565495,-0.28186977,-0.15850233,-0.1391399,0.04433911,-0.15713727,0.3116218
trace_00182,commonsense_005,commonsense_multihop,llama3.2:latest,hard,correct,commonsense_005__trial_02,2,0.8,,4,5,"The evaporation created a pressure difference between the inside and outside of the bottle, causing condensation to occur.","As water vapor condensed on the outer surface of the glass, it became wet within minutes.",0.07074556,0.99749434,1,0.08712623,0.13260686,0.09751414,-0.118472464,-0.10857998,-0.17829444,0.08982339,-0.23569772
trace_00183,commonsense_005,commonsense_multihop,llama3.2:latest,hard,incorrect,commonsense_005__trial_03,3,0.8,,0,1,The outside surface of the glass bottle came into contact with air after being removed from the refrigerator.,"Air contains water vapor, which is dissolved in it under normal conditions.",0.21835949,0.97586846,2,0.12771942,-0.14717448,-0.09188656,0.042341147,-0.20989999,-0.036208425,-0.36336148,-0.14148496
trace_00183,commonsense_005,commonsense_multihop,llama3.2:latest,hard,incorrect,commonsense_005__trial_03,3,0.8,,1,2,"Air contains water vapor, which is dissolved in it under normal conditions.","As the warm air near the bottle's exterior interacts with the cooler interior air, condensation occurs.",0.2207031,0.9753411,1,-0.17461437,0.06036786,0.1099168,-0.009132496,0.08442211,0.0878854,0.16882096,0.20269033
trace_00183,commonsense_005,commonsense_multihop,llama3.2:latest,hard,incorrect,commonsense_005__trial_03,3,0.8,,2,3,"As the warm air near the bottle's exterior interacts with the cooler interior air, condensation occurs.",Water molecules from the warmer air condense onto the colder surface of the glass bottle.,0.18866876,0.9820408,1,-0.029578859,0.19892623,0.040653676,-0.032502048,-0.034527298,-0.11254963,0.001654945,-0.17992663
trace_00183,commonsense_005,commonsense_multihop,llama3.2:latest,hard,incorrect,commonsense_005__trial_03,3,0.8,,3,4,Water molecules from the warmer air condense onto the colder surface of the glass bottle.,This process of condensation led to the appearance of wetness on the outside surface of the bottle within minutes.,0.26848042,0.9632852,3,0.02857337,-0.18617247,-0.1256727,-0.07867041,-0.13674437,0.13139707,0.044668514,0.12392038
trace_00184,commonsense_005,commonsense_multihop,llama3.2:latest,hard,correct,commonsense_005__trial_04,4,0.8,,0,1,"The air around the bottle, including the molecules of water vapor present in the air, was in constant contact with the bottle.","As the temperature of the refrigerator decreased, its walls and contents cooled down as well.",0.22922325,0.97337395,2,0.15811975,-0.1453598,0.13462988,0.13894244,0.2623944,0.11630821,0.2162305,-0.081219874
trace_00184,commonsense_005,commonsense_multihop,llama3.2:latest,hard,correct,commonsense_005__trial_04,4,0.8,,1,2,"As the temperature of the refrigerator decreased, its walls and contents cooled down as well.","When the cold glass bottle was brought out of the refrigerator, it rapidly lost heat to the warmer surrounding air.",0.2701042,0.9628311,3,-0.14195898,0.26264796,0.007303531,-0.10518471,-0.05596744,-0.190643,0.024735576,0.048318844
trace_00184,commonsense_005,commonsense_multihop,llama3.2:latest,hard,correct,commonsense_005__trial_04,4,0.8,,2,3,"When the cold glass bottle was brought out of the refrigerator, it rapidly lost heat to the warmer surrounding air.","This loss of heat caused the water molecules at the surface of the bottle to lose energy, transition from a liquid state to a gaseous (vapor) state, and rise into the air as water vapor.",0.13344933,0.99105567,3,-0.10050168,-0.025388047,-0.18122973,-0.078732185,-0.3206343,0.039834313,-0.36707205,0.07936878
trace_00184,commonsense_005,commonsense_multihop,llama3.2:latest,hard,correct,commonsense_005__trial_04,4,0.8,,3,4,"This loss of heat caused the water molecules at the surface of the bottle to lose energy, transition from a liquid state to a gaseous (vapor) state, and rise into the air as water vapor.","Due to evaporation, the outside surface of the bottle became wet within minutes.",0.18980563,0.9818217,3,-0.03497926,-0.06392747,-0.19537506,-0.02560693,-0.044156443,0.04934701,0.175628,-0.024521016
trace_00185,commonsense_005,commonsense_multihop,llama3.2:latest,hard,correct,commonsense_005__trial_05,5,0.8,,0,1,"The bottle was initially in a cold environment, likely with temperatures close to or below 4°C (39°F).","When removed from the refrigerator, it was exposed to warmer air.",0.13700183,0.9905708,0,0.25162303,-0.032598913,0.28709513,-0.011148983,0.09705877,-0.08915486,0.09561849,-0.1181169
trace_00185,commonsense_005,commonsense_multihop,llama3.2:latest,hard,correct,commonsense_005__trial_05,5,0.8,,1,2,"When removed from the refrigerator, it was exposed to warmer air.","As the glass bottle came into contact with the warmer air, heat transfer occurred through conduction and convection.",0.14446433,0.98951,1,-0.14030851,0.06964099,0.06379986,-0.040327687,-0.23175327,-0.1358256,-0.14263605,0.029464819
trace_00185,commonsense_005,commonsense_multihop,llama3.2:latest,hard,correct,commonsense_005__trial_05,5,0.8,,2,3,"As the glass bottle came into contact with the warmer air, heat transfer occurred through conduction and convection.","This increased the temperature of the bottle's exterior surface, causing evaporation of any moisture that may have been present on its surface.",0.3542042,0.93516815,3,-0.065666005,-0.09178545,-0.2690937,-0.057274926,-0.07017575,0.24999145,-0.14887512,0.08476932
trace_00185,commonsense_005,commonsense_multihop,llama3.2:latest,hard,correct,commonsense_005__trial_05,5,0.8,,3,4,"This increased the temperature of the bottle's exterior surface, causing evaporation of any moisture that may have been present on its surface.","Since the inside liquid remained sealed within the refrigerator, it did not contribute to the outside surface becoming wet.",0.19534239,0.9807351,2,0.14618173,-0.06971636,-0.051573608,0.15520737,0.018032601,-0.09915269,0.057413794,-0.11056833
trace_00185,commonsense_005,commonsense_multihop,llama3.2:latest,hard,correct,commonsense_005__trial_05,5,0.8,,4,5,"Since the inside liquid remained sealed within the refrigerator, it did not contribute to the outside surface becoming wet.",The rapid warming of the glass bottle led to condensation of water vapor from the surrounding air onto its outer surface.,0.18853983,0.98206556,1,-0.08608214,0.20097424,0.16345489,-0.11465338,-0.06242109,-0.039554715,-0.12774065,0.1473756
trace_00186,commonsense_006,commonsense_multihop,llama3.2:latest,easy,correct,commonsense_006__trial_01,1,0.8,,0,1,The initial state is that the pot contains popcorn kernels.,The environment surrounding the kernels changes as they are heated in hot oil.,0.31801584,0.9480855,0,0.1682786,-0.116551094,0.030565877,-0.1649187,0.015354142,-0.002846072,-0.09245414,-0.2546145
trace_00186,commonsense_006,commonsense_multihop,llama3.2:latest,easy,correct,commonsense_006__trial_01,1,0.8,,1,2,The environment surrounding the kernels changes as they are heated in hot oil.,Heat energy from the oil causes the kernel's internal moisture to turn into steam.,0.18463732,0.98280674,3,-0.11789079,-0.0038772242,-0.17061009,0.0128605375,-0.17958035,-0.085767716,-0.21694994,0.15379877
trace_00186,commonsense_006,commonsense_multihop,llama3.2:latest,easy,correct,commonsense_006__trial_01,1,0.8,,2,3,Heat energy from the oil causes the kernel's internal moisture to turn into steam.,"As the steam builds up, it turns the kernel inside out, causing it to expand and transform into a fluffy piece of popped popcorn.",0.13385661,0.99100065,1,-0.17317611,0.23660593,0.15609935,0.069326125,0.055270873,0.1583681,0.17571767,0.14129414
trace_00186,commonsense_006,commonsense_multihop,llama3.2:latest,easy,correct,commonsense_006__trial_01,1,0.8,,3,4,"As the steam builds up, it turns the kernel inside out, causing it to expand and transform into a fluffy piece of popped popcorn.",This transformation continues until all the kernels have undergone this change due to the heat and moisture.,0.29505816,0.9554793,0,0.22629315,-0.23801719,0.0048522907,-0.08636342,0.1243236,0.024717586,0.033110637,-0.09217046
trace_00187,commonsense_006,commonsense_multihop,llama3.2:latest,easy,correct,commonsense_006__trial_02,2,0.8,,0,1,The initial state involved popcorn kernels being heated in hot oil.,The heat from the hot oil would have caused the water inside the kernels to turn into steam rapidly.,0.23191282,0.9727366,3,0.040149823,-0.13131002,-0.2639708,-0.06437543,-0.12861869,-0.008770522,-0.18339404,0.054676574
trace_00187,commonsense_006,commonsense_multihop,llama3.2:latest,easy,correct,commonsense_006__trial_02,2,0.8,,1,2,The heat from the hot oil would have caused the water inside the kernels to turn into steam rapidly.,"As the steam built up, it began to escape through tiny cracks in the kernel's outer shell.",0.168897,0.98563373,3,0.020738386,0.18141712,0.011475853,-0.22665773,0.1786402,0.07886138,-0.061800182,0.19506739
trace_00187,commonsense_006,commonsense_multihop,llama3.2:latest,easy,correct,commonsense_006__trial_02,2,0.8,,2,3,"As the steam built up, it began to escape through tiny cracks in the kernel's outer shell.","This process, called ""popping"", resulted in the expansion of the kernel and its sudden transformation into a fluffy piece of popcorn.",0.14263731,0.989775,1,-0.09282264,-0.0007250154,0.2073137,0.2565544,-0.12678221,0.093930215,0.14473754,-0.12821501
trace_00188,commonsense_006,commonsense_multihop,llama3.2:latest,easy,incorrect,commonsense_006__trial_03,3,0.8,,0,1,The person added popcorn kernels to hot oil.,Heat from the oil causes the water molecules inside the kernel to turn into steam rapidly.,0.34275746,0.939424,3,0.024439553,-0.15187615,-0.24006085,-0.034604255,-0.0779725,0.045976505,-0.35047153,-0.01582424
trace_00188,commonsense_006,commonsense_multihop,llama3.2:latest,easy,incorrect,commonsense_006__trial_03,3,0.8,,1,2,Heat from the oil causes the water molecules inside the kernel to turn into steam rapidly.,"As steam builds up inside the kernel, the outer shell bursts, releasing the kernel.",0.32281557,0.946462,3,0.016955718,0.08394172,0.1543019,-0.19400322,0.1250623,0.18914826,0.07604543,0.07578068
trace_00188,commonsense_006,commonsense_multihop,llama3.2:latest,easy,incorrect,commonsense_006__trial_03,3,0.8,,2,3,"As steam builds up inside the kernel, the outer shell bursts, releasing the kernel.",The released kernel becomes fluffy as it cools and dries.,0.18787348,0.98219323,0,0.13988362,-0.021541443,0.021834807,0.07613121,0.08991229,-0.06476169,0.09185359,-0.1881871
trace_00189,commonsense_006,commonsense_multihop,llama3.2:latest,easy,incorrect,commonsense_006__trial_04,4,0.8,,0,1,The initial state is a person putting popcorn kernels into hot oil.,"The kernels are heated, causing them to change shape from a hard kernel to a soft piece.",0.37298384,0.9278377,0,0.095289074,-0.14190255,-0.12242657,-0.17139643,0.04053777,0.18494026,-0.12550034,-0.09775938
trace_00189,commonsense_006,commonsense_multihop,llama3.2:latest,easy,incorrect,commonsense_006__trial_04,4,0.8,,1,2,"The kernels are heated, causing them to change shape from a hard kernel to a soft piece.",The heat also causes the water inside the kernels to turn into steam.,0.2571849,0.9663622,2,0.0047503468,-0.067164816,-0.0320219,0.112282865,-0.112216905,-0.20167403,-0.14225316,0.07604621
trace_00189,commonsense_006,commonsense_multihop,llama3.2:latest,easy,incorrect,commonsense_006__trial_04,4,0.8,,2,3,The heat also causes the water inside the kernels to turn into steam.,"As the steam builds up pressure, the kernel explodes, turning inside out and expanding rapidly.",0.25612366,0.96664405,3,-0.11748702,0.21988231,0.081288174,-0.10583248,0.06679871,0.1986306,0.028483778,0.2826431
trace_00189,commonsense_006,commonsense_multihop,llama3.2:latest,easy,incorrect,commonsense_006__trial_04,4,0.8,,3,4,"As the steam builds up pressure, the kernel explodes, turning inside out and expanding rapidly.","The rapid expansion creates pressure on the outer layer of the kernel, causing it to break apart into fluffy pieces.",0.22470787,0.97442615,1,-0.03896919,-0.04088209,0.042014915,0.032540545,0.04624541,0.044748504,0.12485782,-0.2084191
trace_00189,commonsense_006,commonsense_multihop,llama3.2:latest,easy,incorrect,commonsense_006__trial_04,4,0.8,,4,5,"The rapid expansion creates pressure on the outer layer of the kernel, causing it to break apart into fluffy pieces.","Eventually, all the kernels have undergone this process, resulting in a pot full of fluffy popcorn.",0.17566966,0.98444915,2,0.055102784,0.10064963,0.061681278,0.22125328,-0.08397933,-0.10192518,0.0889993,0.08935494
trace_00190,commonsense_006,commonsense_multihop,llama3.2:latest,easy,incorrect,commonsense_006__trial_05,5,0.8,,0,1,The kernel's outer shell (pericarp) is hard and non-porous.,"When heated, the pericarp begins to dry out, making it brittle.",0.36492682,0.93103623,3,-0.072154455,0.03739689,-0.06141078,-0.022502027,0.07379225,-0.03092921,0.21569434,0.1425149
trace_00190,commonsense_006,commonsense_multihop,llama3.2:latest,easy,incorrect,commonsense_006__trial_05,5,0.8,,1,2,"When heated, the pericarp begins to dry out, making it brittle.","As the kernel continues to heat, the water inside turns into steam.",0.16127098,0.9869101,2,-0.046050802,-0.09312172,0.005191312,0.06682431,-0.20827629,0.011328987,-0.2261228,0.028898982
trace_00190,commonsense_006,commonsense_multihop,llama3.2:latest,easy,incorrect,commonsense_006__trial_05,5,0.8,,2,3,"As the kernel continues to heat, the water inside turns into steam.",The pressure from the steam builds up until the pericarp ruptures.,0.32554728,0.9455258,3,-0.094931826,0.07424177,0.08978707,-0.032983758,0.1781451,0.063387625,0.059394825,0.14364488
trace_00190,commonsense_006,commonsense_multihop,llama3.2:latest,easy,incorrect,commonsense_006__trial_05,5,0.8,,3,4,The pressure from the steam builds up until the pericarp ruptures.,The sudden release of the kernel's moisture creates a large amount of vapor.,0.16582502,0.98615515,2,0.10413052,-0.05868012,-0.07239522,0.025052013,-0.20528787,0.042656224,-0.050534856,-0.1791816
trace_00190,commonsense_006,commonsense_multihop,llama3.2:latest,easy,incorrect,commonsense_006__trial_05,5,0.8,,4,5,The sudden release of the kernel's moisture creates a large amount of vapor.,"This rapid expansion causes the popcorn to expand and ""pop"" into fluffy pieces.",0.17236605,0.98503304,1,-0.23388232,0.18246707,0.24044243,0.06278479,0.068574905,0.02969414,0.18902269,0.056206405
trace_00191,commonsense_007,commonsense_multihop,llama3.2:latest,medium,incorrect,commonsense_007__trial_01,1,0.8,,0,1,The position of the sun changed.,"As noon approached, the sun was at its highest point in the sky.",0.19126263,0.98153895,2,-0.14440677,0.0139692,-0.007885394,0.18465376,-0.11833277,-0.17558311,-0.00675242,-0.0027503672
trace_00191,commonsense_007,commonsense_multihop,llama3.2:latest,medium,incorrect,commonsense_007__trial_01,1,0.8,,1,2,"As noon approached, the sun was at its highest point in the sky.","When the sun is directly overhead, it casts a vertical shadow.",0.20199656,0.9793862,0,0.11033792,0.037091073,0.07483299,-0.24059659,0.045978174,0.07546405,-0.26618284,-0.14092778
trace_00191,commonsense_007,commonsense_multihop,llama3.2:latest,medium,incorrect,commonsense_007__trial_01,1,0.8,,2,3,"When the sun is directly overhead, it casts a vertical shadow.","As the sun moves to lower angles due to Earth's rotation, the shadow becomes longer.",0.27570125,0.96124345,2,-0.019588398,-0.06367813,-0.06449584,0.08156285,0.03906803,0.1562249,-0.07774355,0.12736394
trace_00191,commonsense_007,commonsense_multihop,llama3.2:latest,medium,incorrect,commonsense_007__trial_01,1,0.8,,3,4,"As the sun moves to lower angles due to Earth's rotation, the shadow becomes longer.","Therefore, the cyclist's shadow became shorter as noon approached because the angle of elevation of the sun decreased.",0.17893551,0.9838608,2,0.06618199,-0.17536607,-0.008923694,0.1092987,-0.13473788,-0.07636245,0.27995124,0.040543783
trace_00192,commonsense_007,commonsense_multihop,llama3.2:latest,medium,incorrect,commonsense_007__trial_02,2,0.8,,0,1,The position of the sun changes throughout the day.,"As noon approaches, the sun is directly overhead.",0.29826248,0.95448387,2,0.0129673565,0.03167163,0.06284744,0.06363658,-0.09531978,-0.123778276,0.108802326,0.07380119
trace_00192,commonsense_007,commonsense_multihop,llama3.2:latest,medium,incorrect,commonsense_007__trial_02,2,0.8,,1,2,"As noon approaches, the sun is directly overhead.","When the sun is directly overhead, its rays hit the earth at a 90-degree angle.",0.1594739,0.98720217,3,-0.060189053,0.24522436,-0.04971793,-0.18544799,-0.01430809,-0.026067058,-0.08613168,-0.052361835
trace_00192,commonsense_007,commonsense_multihop,llama3.2:latest,medium,incorrect,commonsense_007__trial_02,2,0.8,,2,3,"When the sun is directly overhead, its rays hit the earth at a 90-degree angle.","A 90-degree angle means that the sunlight enters the atmosphere perpendicularly, resulting in less scattered light.",0.20139962,0.9795092,0,0.117720336,-0.26404822,-0.024913827,-0.08043656,0.067834325,0.10937177,-0.18345815,-0.13215181
trace_00192,commonsense_007,commonsense_multihop,llama3.2:latest,medium,incorrect,commonsense_007__trial_02,2,0.8,,3,4,"A 90-degree angle means that the sunlight enters the atmosphere perpendicularly, resulting in less scattered light.","With less scattered light, the direct sunlight can cast longer shadows.",0.14993884,0.98869526,2,0.059817836,-0.11765132,0.10625559,-0.0034280545,-0.032965217,0.032669973,-0.08230573,0.15575305
trace_00193,commonsense_007,commonsense_multihop,llama3.2:latest,medium,incorrect,commonsense_007__trial_03,3,0.8,,0,1,The sun's position changes throughout the day.,"As the day progresses towards noon, the sun's angle in the sky increases.",0.1588693,0.9872996,2,-0.24483751,0.029696504,0.073634475,0.15477113,-0.12621002,0.0035528531,0.0720523,0.108684056
trace_00193,commonsense_007,commonsense_multihop,llama3.2:latest,medium,incorrect,commonsense_007__trial_03,3,0.8,,1,2,"As the day progresses towards noon, the sun's angle in the sky increases.","With the increased sun angle, the amount of sunlight that reaches the Earth's surface also increases.",0.2145479,0.9767134,4,-0.003978229,0.008204626,0.13791978,-0.20497859,0.048135407,-0.041354038,-0.26713753,-0.025334302
trace_00193,commonsense_007,commonsense_multihop,llama3.2:latest,medium,incorrect,commonsense_007__trial_03,3,0.8,,2,3,"With the increased sun angle, the amount of sunlight that reaches the Earth's surface also increases.","Since the cyclist is stationary and not moving with the Earth's rotation, their local time (noon) coincides with the global time.",0.33783522,0.9412052,2,0.13540834,-0.11531086,-0.12414065,0.12742662,-0.10267924,0.0568858,0.18304689,-0.005501493
trace_00193,commonsense_007,commonsense_multihop,llama3.2:latest,medium,incorrect,commonsense_007__trial_03,3,0.8,,3,4,"Since the cyclist is stationary and not moving with the Earth's rotation, their local time (noon) coincides with the global time.","As a result, the sun's rays strike the cyclist at a more direct angle during noon.",0.1829758,0.9831174,1,-0.018854769,0.17539729,0.0914494,-0.15529254,0.027939806,-0.16562784,0.008358993,-0.023891918
trace_00193,commonsense_007,commonsense_multihop,llama3.2:latest,medium,incorrect,commonsense_007__trial_03,3,0.8,,4,5,"As a result, the sun's rays strike the cyclist at a more direct angle during noon.","With a more direct angle of incidence, less of the sunlight is scattered by atmospheric particles in the air.",0.27806678,0.9605618,0,0.235256,-0.055529475,-0.04262379,-0.14209634,0.028800486,-0.011169198,-0.33667615,-0.09639794
trace_00193,commonsense_007,commonsense_multihop,llama3.2:latest,medium,incorrect,commonsense_007__trial_03,3,0.8,,5,6,"With a more direct angle of incidence, less of the sunlight is scattered by atmospheric particles in the air.","Consequently, the amount of light that reaches the ground increases, resulting in an increase in ambient temperature.",0.3067676,0.9517845,1,-0.29469293,0.028900437,0.10509524,-0.015670769,0.010454685,0.02866203,0.20293446,0.12207735
trace_00194,commonsense_007,commonsense_multihop,llama3.2:latest,medium,correct,commonsense_007__trial_04,4,0.8,,0,1,The sun's rays hit the Earth at an angle when the shadow is long.,"As time approaches noon, the sun's position in the sky changes to being directly overhead.",0.10811457,0.9941384,2,0.033612367,-0.21487829,0.09146144,0.22538145,-0.0076560923,0.087279506,0.21319969,-0.07016297
trace_00194,commonsense_007,commonsense_multihop,llama3.2:latest,medium,correct,commonsense_007__trial_04,4,0.8,,1,2,"As time approaches noon, the sun's position in the sky changes to being directly overhead.","When the sun is directly overhead, its rays hit the Earth perpendicular to the surface.",0.092345074,0.995727,3,-0.013616515,0.24293451,-0.01393197,-0.20714723,-0.013917915,-0.1808528,-0.22195435,-0.06769555
trace_00194,commonsense_007,commonsense_multihop,llama3.2:latest,medium,correct,commonsense_007__trial_04,4,0.8,,2,3,"When the sun is directly overhead, its rays hit the Earth perpendicular to the surface.",A shorter angle of incidence results in a greater amount of direct sunlight reaching the ground.,0.26085588,0.9653778,4,0.017486054,-0.22053677,0.08627024,-0.09559758,0.03433519,-0.0013988124,-0.059019886,0.08568177
trace_00194,commonsense_007,commonsense_multihop,llama3.2:latest,medium,correct,commonsense_007__trial_04,4,0.8,,3,4,A shorter angle of incidence results in a greater amount of direct sunlight reaching the ground.,The shorter length of shadow corresponds to this increased intensity and reduced scattering of sunlight.,0.09161023,0.9957949,0,0.1032973,-0.052183736,0.033048645,-0.05357109,-0.032832753,0.25700113,-0.012056447,-0.03522626
trace_00195,commonsense_007,commonsense_multihop,llama3.2:latest,medium,correct,commonsense_007__trial_05,5,0.8,,0,1,The sun was shining directly at noon.,"As noon approached, the direction of sunlight towards the earth increased due to the tilt in the Earth's axis.",0.31065467,0.9505229,1,-0.24729666,0.013360324,0.04832466,0.12117431,0.040830687,0.11137382,-0.14686446,-0.026818015
trace_00195,commonsense_007,commonsense_multihop,llama3.2:latest,medium,correct,commonsense_007__trial_05,5,0.8,,1,2,"As noon approached, the direction of sunlight towards the earth increased due to the tilt in the Earth's axis.",This resulted in more direct and intense light striking the cyclist's location.,0.20431656,0.9789049,0,0.12140881,-0.03633559,0.12176697,-0.3109737,-0.070979655,0.04462762,0.022863414,0.051407915
trace_00195,commonsense_007,commonsense_multihop,llama3.2:latest,medium,correct,commonsense_007__trial_05,5,0.8,,2,3,This resulted in more direct and intense light striking the cyclist's location.,"With the increased intensity of sunlight, the angle between the sunlight and the ground decreased.",0.32861564,0.94446373,2,0.06144432,-0.0063312612,-0.0773399,0.08170957,0.0663486,-0.08005473,-0.14452526,-0.06031659
trace_00195,commonsense_007,commonsense_multihop,llama3.2:latest,medium,correct,commonsense_007__trial_05,5,0.8,,3,4,"With the increased intensity of sunlight, the angle between the sunlight and the ground decreased.",A decrease in the angle between the sunlight and the ground caused the shadow length to shorten.,0.13846815,0.99036694,3,0.00854522,0.053596314,-0.122075446,-0.102272294,0.004289802,0.07839654,-0.03181491,0.093701795
trace_00196,commonsense_008,commonsense_multihop,llama3.2:latest,medium,correct,commonsense_008__trial_01,1,0.8,,0,1,"The wooden spoon is made of wood, which is a solid material.","When the spoon was initially placed in the hot soup, it had contact with the warmer liquid.",0.2758723,0.96119434,2,-0.11075791,-0.08878403,-0.06405591,0.06111815,0.09090134,0.14486963,0.18428767,-0.031349752
trace_00196,commonsense_008,commonsense_multihop,llama3.2:latest,medium,correct,commonsense_008__trial_01,1,0.8,,1,2,"When the spoon was initially placed in the hot soup, it had contact with the warmer liquid.","As the heat from the soup was transferred to the spoon through conduction and radiation, the temperature of the spoon began to rise.",0.23475218,0.9720552,2,0.12533383,-0.050860483,0.021575429,0.015339272,0.019187048,-0.26326495,-0.006655022,0.04149216
trace_00196,commonsense_008,commonsense_multihop,llama3.2:latest,medium,correct,commonsense_008__trial_01,1,0.8,,2,3,"As the heat from the soup was transferred to the spoon through conduction and radiation, the temperature of the spoon began to rise.","The wooden material has a relatively low thermal conductivity compared to metals, but still absorbs heat energy.",0.30331287,0.952891,0,0.295545,-0.0056935144,0.1978718,-0.25684476,0.01659792,-0.22326821,-0.23515654,-0.22288737
trace_00196,commonsense_008,commonsense_multihop,llama3.2:latest,medium,correct,commonsense_008__trial_01,1,0.8,,3,4,"The wooden material has a relatively low thermal conductivity compared to metals, but still absorbs heat energy.","Over time, as more heat is transferred to the spoon, its temperature increases.",0.2185395,0.9758282,3,-0.36714962,-0.0014822742,-0.061463807,0.19374013,-0.025841413,0.34251133,0.17309289,0.20806983
trace_00197,commonsense_008,commonsense_multihop,llama3.2:latest,medium,incorrect,commonsense_008__trial_02,2,0.8,,0,1,The spoon is made of wood.,"Wood is a relatively poor conductor of heat compared to metals, but it can still absorb and conduct some heat.",0.32400307,0.946056,0,0.28082108,-0.100632034,0.11258387,-0.14685714,0.055944752,-0.29140675,-0.10571066,-0.2482549
trace_00197,commonsense_008,commonsense_multihop,llama3.2:latest,medium,incorrect,commonsense_008__trial_02,2,0.8,,1,2,"Wood is a relatively poor conductor of heat compared to metals, but it can still absorb and conduct some heat.","When the spoon was initially placed in the hot soup, its surface temperature began to rise due to direct contact with the hot liquid.",0.35088944,0.9364169,3,-0.4016891,0.052277513,-0.17476767,0.18935946,-0.015389641,0.3071831,0.16579677,0.14942321
trace_00197,commonsense_008,commonsense_multihop,llama3.2:latest,medium,incorrect,commonsense_008__trial_02,2,0.8,,2,3,"When the spoon was initially placed in the hot soup, its surface temperature began to rise due to direct contact with the hot liquid.","As the spoon's surface continued to make contact with the soup for an extended period, the wood absorbed and conducted some of this heat energy into its interior.",0.13019831,0.991488,0,0.37122068,-0.12166927,0.26884297,-0.11646445,-0.04208613,-0.12377688,-0.04438939,-0.047555383
trace_00197,commonsense_008,commonsense_multihop,llama3.2:latest,medium,incorrect,commonsense_008__trial_02,2,0.8,,3,4,"As the spoon's surface continued to make contact with the soup for an extended period, the wood absorbed and conducted some of this heat energy into its interior.","The longer duration of contact allowed more heat to penetrate deeper into the wood, causing it to warm up internally as well.",0.39508468,0.91864467,3,-0.070495345,-0.05329832,0.06908292,-0.14396933,0.117339276,-0.09514642,-0.083710656,-0.11599706
trace_00197,commonsense_008,commonsense_multihop,llama3.2:latest,medium,incorrect,commonsense_008__trial_02,2,0.8,,4,5,"The longer duration of contact allowed more heat to penetrate deeper into the wood, causing it to warm up internally as well.","Eventually, a balance was reached where the spoon's surface temperature remained relatively constant with the surrounding soup temperature, while its internal temperature rose due to the absorbed and conducted heat energy.",0.24738471,0.96891725,2,-0.0022652294,0.06634091,-0.18398865,0.198402,-0.07758598,0.14899914,0.093284965,0.1576413
trace_00197,commonsense_008,commonsense_multihop,llama3.2:latest,medium,incorrect,commonsense_008__trial_02,2,0.8,,5,6,"Eventually, a balance was reached where the spoon's surface temperature remained relatively constant with the surrounding soup temperature, while its internal temperature rose due to the absorbed and conducted heat energy.","Over time, the overall warming of the spoon became noticeable, allowing us to feel its warmth upon touching or observing it further.",0.14025082,0.99011606,1,-0.14463611,0.15538315,0.18068439,-0.15000826,-0.008570529,-0.04876321,0.015894517,-0.11422562
trace_00198,commonsense_008,commonsense_multihop,llama3.2:latest,medium,incorrect,commonsense_008__trial_03,3,0.8,,0,1,The wooden spoon was initially at room temperature.,The air around it is also at room temperature.,0.28613934,0.95818806,2,0.120451845,-0.06178176,0.049984347,-0.09654208,-0.04397108,-0.1772079,-0.31891257,-0.22518627
trace_00198,commonsense_008,commonsense_multihop,llama3.2:latest,medium,incorrect,commonsense_008__trial_03,3,0.8,,1,2,The air around it is also at room temperature.,"As the spoon is placed into the hot soup, there is an initial heat transfer from the soup to the air near the spoon.",0.36525595,0.9309072,1,-0.14628872,0.0020159127,0.0019480209,0.15333995,-0.06234636,0.19520375,0.2585136,0.037941862
trace_00198,commonsense_008,commonsense_multihop,llama3.2:latest,medium,incorrect,commonsense_008__trial_03,3,0.8,,2,3,"As the spoon is placed into the hot soup, there is an initial heat transfer from the soup to the air near the spoon.",This warm air rises and transfers its heat to other areas of the spoon.,0.27883297,0.9603396,1,-0.007413283,0.13817437,0.26008415,-0.11426262,-0.09012175,-0.12728582,-0.1555148,0.04515188
trace_00198,commonsense_008,commonsense_multihop,llama3.2:latest,medium,incorrect,commonsense_008__trial_03,3,0.8,,3,4,This warm air rises and transfers its heat to other areas of the spoon.,"The wooden spoon, being a material with thermal conductivity, allows this heat transfer.",0.29594517,0.95520496,0,0.24239169,-0.07832179,0.07402425,-0.15776931,0.050466973,-0.07530514,0.021354595,-0.031732213
trace_00198,commonsense_008,commonsense_multihop,llama3.2:latest,medium,incorrect,commonsense_008__trial_03,3,0.8,,4,5,"The wooden spoon, being a material with thermal conductivity, allows this heat transfer.","Over time, more heat from the soup warms the entire surface of the spoon through conduction and convection.",0.12686796,0.9919196,2,-0.15048161,0.026834937,-0.2250911,0.17868829,-0.04420173,0.20240955,0.13591984,-0.07029897
trace_00199,commonsense_008,commonsense_multihop,llama3.2:latest,medium,incorrect,commonsense_008__trial_04,4,0.8,,0,1,The wooden spoon is made of a material (wood) with thermal conductivity.,"When the spoon is initially at room temperature and then submerged into the hot soup, it comes into contact with the warmer soup.",0.08648989,0.9962527,3,-0.24528688,-0.1124987,-0.20892516,0.16757952,0.010120037,0.27214584,0.12079681,-0.0150919035
trace_00199,commonsense_008,commonsense_multihop,llama3.2:latest,medium,incorrect,commonsense_008__trial_04,4,0.8,,1,2,"When the spoon is initially at room temperature and then submerged into the hot soup, it comes into contact with the warmer soup.",The heat from the soup is transferred to the wood through conduction.,0.12527531,0.992122,0,0.33890533,-0.13337559,0.17405888,-0.07709202,0.046628356,-0.29652146,-0.14417681,-0.16803111
trace_00199,commonsense_008,commonsense_multihop,llama3.2:latest,medium,incorrect,commonsense_008__trial_04,4,0.8,,2,3,The heat from the soup is transferred to the wood through conduction.,"As the heat penetrates the wooden spoon, its internal temperature increases due to thermal energy transfer.",0.25947043,0.96575093,3,-0.26470622,0.14688142,0.07075617,-0.07067638,0.01746167,0.07666446,0.08210727,0.20483264
trace_00199,commonsense_008,commonsense_multihop,llama3.2:latest,medium,incorrect,commonsense_008__trial_04,4,0.8,,3,4,"As the heat penetrates the wooden spoon, its internal temperature increases due to thermal energy transfer.",The increased internal temperature causes the surface of the spoon to warm up as well.,0.114667796,0.9934039,3,-0.35950336,0.0853697,-0.24555598,0.13974354,-0.11579759,0.2776289,0.07334822,-0.07065722
trace_00200,commonsense_008,commonsense_multihop,llama3.2:latest,medium,correct,commonsense_008__trial_05,5,0.8,,0,1,The wooden spoon was initially at room temperature.,"As it came into contact with the soup, conduction occurred due to direct heat transfer between the spoon and the soup.",0.1610937,0.98693913,0,0.08166458,-0.13273256,0.023516914,-0.045741122,-0.22794063,-0.050318867,-0.014488184,-0.16176039
trace_00200,commonsense_008,commonsense_multihop,llama3.2:latest,medium,correct,commonsense_008__trial_05,5,0.8,,1,2,"As it came into contact with the soup, conduction occurred due to direct heat transfer between the spoon and the soup.","Since the spoon is made of wood, it has some thermal conductivity.",0.17998016,0.9836703,1,0.11074617,0.17760623,0.17392199,-0.115023255,0.10146673,-0.09607499,-0.1370696,-0.030214425
trace_00200,commonsense_008,commonsense_multihop,llama3.2:latest,medium,correct,commonsense_008__trial_05,5,0.8,,2,3,"Since the spoon is made of wood, it has some thermal conductivity.",The density and specific heat capacity of the wood are lower than those of the soup.,0.31318858,0.94969094,2,-0.005220182,-0.17540425,-0.16721915,0.12346246,0.04387343,0.12529926,-0.027122285,-0.07388596
trace_00200,commonsense_008,commonsense_multihop,llama3.2:latest,medium,correct,commonsense_008__trial_05,5,0.8,,3,4,The density and specific heat capacity of the wood are lower than those of the soup.,"When the spoon touches the hot soup, heat energy from the soup was transferred into the spoon through conduction.",0.36768442,0.9299507,1,-0.062771976,0.109071,0.17930797,-0.025830142,-0.11049488,-0.09790042,0.12853478,0.05871299
trace_00200,commonsense_008,commonsense_multihop,llama3.2:latest,medium,correct,commonsense_008__trial_05,5,0.8,,4,5,"When the spoon touches the hot soup, heat energy from the soup was transferred into the spoon through conduction.","As a result, the temperature of the wooden spoon increased due to the absorption of thermal energy from the soup.",0.31248152,0.9499239,2,-0.11944364,-0.026617803,-0.07805738,0.03822987,0.11372002,0.1688945,-0.05594131,0.04408641
