left_trace_id,right_trace_id,left_prompt_id,right_prompt_id,left_family,right_family,left_outcome,right_outcome,same_family,same_outcome,js_divergence,tv_distance
trace_00001,trace_00002,arith_001,logic_001,arithmetic,symbolic_logic,correct,incorrect,False,False,0.007299156760473963,0.09999999999999998
trace_00001,trace_00003,arith_001,temporal_001,arithmetic,temporal_ordering,correct,correct,False,True,0.2295739585136224,0.3333333333333333
trace_00001,trace_00004,arith_001,causal_001,arithmetic,causal_micro_world,correct,correct,False,True,0.5,0.5
trace_00001,trace_00005,arith_001,commonsense_001,arithmetic,commonsense_multihop,correct,incorrect,False,False,0.22460175271458133,0.375
trace_00001,trace_00006,arith_001,arith_002,arithmetic,arithmetic,correct,correct,True,True,0.0,0.0
trace_00001,trace_00007,arith_001,logic_002,arithmetic,symbolic_logic,correct,correct,False,True,0.5,0.5
trace_00001,trace_00008,arith_001,temporal_002,arithmetic,temporal_ordering,correct,correct,False,True,0.5,0.5
trace_00001,trace_00009,arith_001,causal_002,arithmetic,causal_micro_world,correct,correct,False,True,0.1908745046211096,0.33333333333333337
trace_00001,trace_00010,arith_001,commonsense_002,arithmetic,commonsense_multihop,correct,correct,False,True,0.5954372523105548,0.6666666666666667
trace_00001,trace_00011,arith_001,arith_003,arithmetic,arithmetic,correct,correct,True,True,0.2519235740744792,0.4
trace_00001,trace_00012,arith_001,logic_003,arithmetic,symbolic_logic,correct,incorrect,False,False,0.5954372523105549,0.6666666666666666
trace_00001,trace_00013,arith_001,temporal_003,arithmetic,temporal_ordering,correct,incorrect,False,False,0.1908745046211096,0.33333333333333337
trace_00001,trace_00014,arith_001,causal_003,arithmetic,causal_micro_world,correct,correct,False,True,0.1908745046211096,0.33333333333333337
trace_00001,trace_00015,arith_001,commonsense_003,arithmetic,commonsense_multihop,correct,correct,False,True,0.3112781244591328,0.5
trace_00001,trace_00016,arith_001,arith_004,arithmetic,arithmetic,correct,correct,True,True,0.42528358731335336,0.5
trace_00001,trace_00017,arith_001,logic_004,arithmetic,symbolic_logic,correct,correct,False,True,0.020720839623908215,0.16666666666666666
trace_00001,trace_00018,arith_001,temporal_004,arithmetic,temporal_ordering,correct,incorrect,False,False,0.5,0.5
trace_00001,trace_00019,arith_001,causal_004,arithmetic,causal_micro_world,correct,correct,False,True,0.5954372523105549,0.6666666666666666
trace_00001,trace_00020,arith_001,commonsense_004,arithmetic,commonsense_multihop,correct,incorrect,False,False,0.5,0.5
trace_00001,trace_00021,arith_001,arith_005,arithmetic,arithmetic,correct,correct,True,True,0.5954372523105548,0.6666666666666667
trace_00001,trace_00022,arith_001,logic_005,arithmetic,symbolic_logic,correct,correct,False,True,0.5,0.5
trace_00001,trace_00023,arith_001,temporal_005,arithmetic,temporal_ordering,correct,correct,False,True,0.5,0.5
trace_00001,trace_00024,arith_001,causal_005,arithmetic,causal_micro_world,correct,correct,False,True,0.1908745046211096,0.33333333333333337
trace_00001,trace_00025,arith_001,commonsense_005,arithmetic,commonsense_multihop,correct,correct,False,True,0.5,0.5
trace_00001,trace_00026,arith_001,arith_006,arithmetic,arithmetic,correct,correct,True,True,0.2519235740744792,0.4
trace_00001,trace_00027,arith_001,logic_006,arithmetic,symbolic_logic,correct,correct,False,True,0.5,0.5
trace_00001,trace_00028,arith_001,temporal_006,arithmetic,temporal_ordering,correct,incorrect,False,False,1.0,1.0
trace_00001,trace_00029,arith_001,causal_006,arithmetic,causal_micro_world,correct,correct,False,True,0.0,0.0
trace_00001,trace_00030,arith_001,commonsense_006,arithmetic,commonsense_multihop,correct,incorrect,False,False,0.5954372523105549,0.6666666666666666
trace_00001,trace_00031,arith_001,arith_007,arithmetic,arithmetic,correct,correct,True,True,0.1908745046211096,0.3333333333333333
trace_00001,trace_00032,arith_001,logic_007,arithmetic,symbolic_logic,correct,correct,False,True,0.5,0.5
trace_00001,trace_00033,arith_001,temporal_007,arithmetic,temporal_ordering,correct,correct,False,True,1.0,0.9999999999999999
trace_00001,trace_00034,arith_001,causal_007,arithmetic,causal_micro_world,correct,incorrect,False,False,0.1908745046211096,0.33333333333333337
trace_00001,trace_00035,arith_001,commonsense_007,arithmetic,commonsense_multihop,correct,incorrect,False,False,0.37519620693013067,0.5
trace_00001,trace_00036,arith_001,arith_008,arithmetic,arithmetic,correct,correct,True,True,0.3958156020033583,0.6000000000000001
trace_00001,trace_00037,arith_001,logic_008,arithmetic,symbolic_logic,correct,correct,False,True,0.5,0.5
trace_00001,trace_00038,arith_001,temporal_008,arithmetic,temporal_ordering,correct,incorrect,False,False,0.1908745046211096,0.33333333333333337
trace_00001,trace_00039,arith_001,causal_008,arithmetic,causal_micro_world,correct,incorrect,False,False,0.5,0.5
trace_00001,trace_00040,arith_001,commonsense_008,arithmetic,commonsense_multihop,correct,incorrect,False,False,0.6556390622295665,0.75
trace_00001,trace_00041,arith_001,arith_009,arithmetic,arithmetic,correct,correct,True,True,0.5087256743873156,0.7142857142857142
trace_00001,trace_00042,arith_001,logic_009,arithmetic,symbolic_logic,correct,incorrect,False,False,0.3112781244591328,0.5
trace_00001,trace_00043,arith_001,temporal_009,arithmetic,temporal_ordering,correct,incorrect,False,False,0.1908745046211096,0.33333333333333337
trace_00001,trace_00044,arith_001,causal_009,arithmetic,causal_micro_world,correct,correct,False,True,0.1908745046211096,0.33333333333333337
trace_00001,trace_00045,arith_001,commonsense_009,arithmetic,commonsense_multihop,correct,incorrect,False,False,0.2519235740744792,0.4
trace_00001,trace_00046,arith_001,arith_010,arithmetic,arithmetic,correct,correct,True,True,0.3958156020033583,0.6
trace_00001,trace_00047,arith_001,logic_010,arithmetic,symbolic_logic,correct,incorrect,False,False,1.0,1.0
trace_00001,trace_00048,arith_001,temporal_010,arithmetic,temporal_ordering,correct,incorrect,False,False,0.5954372523105549,0.6666666666666666
trace_00001,trace_00049,arith_001,causal_010,arithmetic,causal_micro_world,correct,incorrect,False,False,1.0,1.0
trace_00001,trace_00050,arith_001,commonsense_010,arithmetic,commonsense_multihop,correct,correct,False,True,0.5954372523105549,0.6666666666666666
trace_00001,trace_00051,arith_001,arith_011,arithmetic,arithmetic,correct,incorrect,True,False,1.0,1.0
trace_00001,trace_00052,arith_001,logic_011,arithmetic,symbolic_logic,correct,correct,False,True,0.5954372523105549,0.6666666666666666
trace_00001,trace_00053,arith_001,temporal_011,arithmetic,temporal_ordering,correct,incorrect,False,False,0.0,0.0
trace_00001,trace_00054,arith_001,causal_011,arithmetic,causal_micro_world,correct,incorrect,False,False,0.1908745046211096,0.33333333333333337
trace_00001,trace_00055,arith_001,commonsense_011,arithmetic,commonsense_multihop,correct,correct,False,True,0.6284905946211771,0.7142857142857142
trace_00001,trace_00056,arith_001,arith_012,arithmetic,arithmetic,correct,correct,True,True,1.0,1.0
trace_00001,trace_00057,arith_001,logic_012,arithmetic,symbolic_logic,correct,correct,False,True,1.0,1.0
trace_00001,trace_00058,arith_001,temporal_012,arithmetic,temporal_ordering,correct,incorrect,False,False,0.1908745046211096,0.33333333333333337
trace_00001,trace_00059,arith_001,causal_012,arithmetic,causal_micro_world,correct,correct,False,True,1.0,1.0
trace_00001,trace_00060,arith_001,commonsense_012,arithmetic,commonsense_multihop,correct,incorrect,False,False,0.42528358731335336,0.5
trace_00001,trace_00061,arith_001,arith_013,arithmetic,arithmetic,correct,correct,True,True,0.7295739585136223,0.8333333333333334
trace_00001,trace_00062,arith_001,logic_013,arithmetic,symbolic_logic,correct,correct,False,True,0.5540157730728,0.6000000000000001
trace_00001,trace_00063,arith_001,temporal_013,arithmetic,temporal_ordering,correct,incorrect,False,False,0.5,0.5
trace_00001,trace_00064,arith_001,causal_013,arithmetic,causal_micro_world,correct,incorrect,False,False,0.5954372523105548,0.6666666666666667
trace_00001,trace_00065,arith_001,commonsense_013,arithmetic,commonsense_multihop,correct,incorrect,False,False,0.3112781244591328,0.5
trace_00001,trace_00066,arith_001,arith_014,arithmetic,arithmetic,correct,correct,True,True,1.0,0.9999999999999999
trace_00001,trace_00067,arith_001,logic_014,arithmetic,symbolic_logic,correct,incorrect,False,False,0.42528358731335336,0.5
trace_00001,trace_00068,arith_001,temporal_014,arithmetic,temporal_ordering,correct,incorrect,False,False,0.5954372523105549,0.6666666666666666
trace_00001,trace_00069,arith_001,causal_014,arithmetic,causal_micro_world,correct,correct,False,True,0.5,0.5
trace_00001,trace_00070,arith_001,commonsense_014,arithmetic,commonsense_multihop,correct,correct,False,True,0.5954372523105549,0.6666666666666667
trace_00001,trace_00071,arith_001,arith_015,arithmetic,arithmetic,correct,correct,True,True,1.0,1.0
trace_00001,trace_00072,arith_001,logic_015,arithmetic,symbolic_logic,correct,incorrect,False,False,0.7295739585136223,0.8333333333333333
trace_00001,trace_00073,arith_001,temporal_015,arithmetic,temporal_ordering,correct,incorrect,False,False,0.2519235740744792,0.4
trace_00001,trace_00074,arith_001,causal_015,arithmetic,causal_micro_world,correct,correct,False,True,0.3112781244591328,0.5
trace_00001,trace_00075,arith_001,commonsense_015,arithmetic,commonsense_multihop,correct,correct,False,True,0.5,0.5
trace_00001,trace_00076,arith_001,arith_016,arithmetic,arithmetic,correct,correct,True,True,0.7543628371936578,0.8571428571428572
trace_00001,trace_00077,arith_001,logic_016,arithmetic,symbolic_logic,correct,correct,False,True,0.1908745046211096,0.33333333333333337
trace_00001,trace_00078,arith_001,temporal_016,arithmetic,temporal_ordering,correct,incorrect,False,False,0.3112781244591328,0.5
trace_00001,trace_00079,arith_001,causal_016,arithmetic,causal_micro_world,correct,incorrect,False,False,0.5,0.5
trace_00001,trace_00080,arith_001,commonsense_016,arithmetic,commonsense_multihop,correct,correct,False,True,0.5,0.5
trace_00001,trace_00081,arith_001,arith_017,arithmetic,arithmetic,correct,correct,True,True,0.6556390622295665,0.75
trace_00001,trace_00082,arith_001,logic_017,arithmetic,symbolic_logic,correct,incorrect,False,False,0.5,0.5
trace_00001,trace_00083,arith_001,temporal_017,arithmetic,temporal_ordering,correct,incorrect,False,False,0.5954372523105549,0.6666666666666666
trace_00001,trace_00084,arith_001,causal_017,arithmetic,causal_micro_world,correct,correct,False,True,0.5,0.5
trace_00001,trace_00085,arith_001,commonsense_017,arithmetic,commonsense_multihop,correct,incorrect,False,False,0.020720839623908215,0.16666666666666666
trace_00001,trace_00086,arith_001,arith_018,arithmetic,arithmetic,correct,correct,True,True,1.0,0.9999999999999999
trace_00001,trace_00087,arith_001,logic_018,arithmetic,symbolic_logic,correct,correct,False,True,0.5954372523105549,0.6666666666666666
trace_00001,trace_00088,arith_001,temporal_018,arithmetic,temporal_ordering,correct,incorrect,False,False,0.5,0.5
trace_00001,trace_00089,arith_001,causal_018,arithmetic,causal_micro_world,correct,correct,False,True,0.3112781244591328,0.5
trace_00001,trace_00090,arith_001,commonsense_018,arithmetic,commonsense_multihop,correct,incorrect,False,False,0.6556390622295665,0.75
trace_00001,trace_00091,arith_001,arith_019,arithmetic,arithmetic,correct,correct,True,True,0.6556390622295665,0.75
trace_00001,trace_00092,arith_001,logic_019,arithmetic,symbolic_logic,correct,correct,False,True,0.4591479170272448,0.6666666666666667
trace_00001,trace_00093,arith_001,temporal_019,arithmetic,temporal_ordering,correct,incorrect,False,False,0.1908745046211096,0.33333333333333337
trace_00001,trace_00094,arith_001,causal_019,arithmetic,causal_micro_world,correct,correct,False,True,0.1908745046211096,0.33333333333333337
trace_00001,trace_00095,arith_001,commonsense_019,arithmetic,commonsense_multihop,correct,correct,False,True,0.1908745046211096,0.33333333333333337
trace_00001,trace_00096,arith_001,arith_020,arithmetic,arithmetic,correct,correct,True,True,0.6556390622295665,0.75
trace_00001,trace_00097,arith_001,logic_020,arithmetic,symbolic_logic,correct,incorrect,False,False,0.0,0.0
trace_00001,trace_00098,arith_001,temporal_020,arithmetic,temporal_ordering,correct,incorrect,False,False,0.5954372523105549,0.6666666666666666
trace_00001,trace_00099,arith_001,causal_020,arithmetic,causal_micro_world,correct,correct,False,True,0.5,0.5
trace_00001,trace_00100,arith_001,commonsense_020,arithmetic,commonsense_multihop,correct,correct,False,True,0.3958156020033583,0.6
trace_00002,trace_00003,logic_001,temporal_001,symbolic_logic,temporal_ordering,incorrect,correct,False,False,0.20565542005158918,0.3333333333333333
trace_00002,trace_00004,logic_001,causal_001,symbolic_logic,causal_micro_world,incorrect,correct,False,False,0.5540157730728,0.6
trace_00002,trace_00005,logic_001,commonsense_001,symbolic_logic,commonsense_multihop,incorrect,incorrect,False,True,0.2189952586626634,0.375
trace_00002,trace_00006,logic_001,arith_002,symbolic_logic,arithmetic,incorrect,correct,False,False,0.007299156760473963,0.09999999999999998
trace_00002,trace_00007,logic_001,logic_002,symbolic_logic,symbolic_logic,incorrect,correct,True,False,0.5540157730728,0.6
trace_00002,trace_00008,logic_001,temporal_002,symbolic_logic,temporal_ordering,incorrect,correct,False,False,0.45328338368767396,0.5
trace_00002,trace_00009,logic_001,causal_002,symbolic_logic,causal_micro_world,incorrect,correct,False,False,0.19672214174548802,0.33333333333333337
trace_00002,trace_00010,logic_001,commonsense_002,symbolic_logic,commonsense_multihop,incorrect,correct,False,False,0.6355222557917826,0.6666666666666667
trace_00002,trace_00011,logic_001,arith_003,symbolic_logic,arithmetic,incorrect,correct,False,False,0.23903595255631882,0.4
trace_00002,trace_00012,logic_001,logic_003,symbolic_logic,symbolic_logic,incorrect,incorrect,True,True,0.6355222557917826,0.6666666666666666
trace_00002,trace_00013,logic_001,temporal_003,symbolic_logic,temporal_ordering,incorrect,incorrect,False,True,0.19672214174548802,0.33333333333333337
trace_00002,trace_00014,logic_001,causal_003,symbolic_logic,causal_micro_world,incorrect,correct,False,False,0.19672214174548802,0.33333333333333337
trace_00002,trace_00015,logic_001,commonsense_003,symbolic_logic,commonsense_multihop,incorrect,correct,False,False,0.3161561580109383,0.5
trace_00002,trace_00016,logic_001,arith_004,symbolic_logic,arithmetic,incorrect,correct,False,False,0.3679327735475437,0.4
trace_00002,trace_00017,logic_001,logic_004,symbolic_logic,symbolic_logic,incorrect,correct,True,False,0.003455029339326253,0.06666666666666668
trace_00002,trace_00018,logic_001,temporal_004,symbolic_logic,temporal_ordering,incorrect,incorrect,False,True,0.45328338368767396,0.5
trace_00002,trace_00019,logic_001,causal_004,symbolic_logic,causal_micro_world,incorrect,correct,False,False,0.6355222557917826,0.6666666666666666
trace_00002,trace_00020,logic_001,commonsense_004,symbolic_logic,commonsense_multihop,incorrect,incorrect,False,True,0.45328338368767396,0.5
trace_00002,trace_00021,logic_001,arith_005,symbolic_logic,arithmetic,incorrect,correct,False,False,0.5611998859537054,0.6666666666666667
trace_00002,trace_00022,logic_001,logic_005,symbolic_logic,symbolic_logic,incorrect,correct,True,False,0.45328338368767396,0.5
trace_00002,trace_00023,logic_001,temporal_005,symbolic_logic,temporal_ordering,incorrect,correct,False,False,0.5540157730728,0.6
trace_00002,trace_00024,logic_001,causal_005,symbolic_logic,causal_micro_world,incorrect,correct,False,False,0.19672214174548802,0.33333333333333337
trace_00002,trace_00025,logic_001,commonsense_005,symbolic_logic,commonsense_multihop,incorrect,correct,False,False,0.45328338368767396,0.5
trace_00002,trace_00026,logic_001,arith_006,symbolic_logic,arithmetic,incorrect,correct,False,False,0.23903595255631882,0.4
trace_00002,trace_00027,logic_001,logic_006,symbolic_logic,symbolic_logic,incorrect,correct,True,False,0.45328338368767396,0.5
trace_00002,trace_00028,logic_001,temporal_006,symbolic_logic,temporal_ordering,incorrect,incorrect,False,True,1.0,1.0
trace_00002,trace_00029,logic_001,causal_006,symbolic_logic,causal_micro_world,incorrect,correct,False,False,0.007299156760473963,0.09999999999999998
trace_00002,trace_00030,logic_001,commonsense_006,symbolic_logic,commonsense_multihop,incorrect,incorrect,False,True,0.5611998859537054,0.6666666666666666
trace_00002,trace_00031,logic_001,arith_007,symbolic_logic,arithmetic,incorrect,correct,False,False,0.19672214174548802,0.3333333333333333
trace_00002,trace_00032,logic_001,logic_007,symbolic_logic,symbolic_logic,incorrect,correct,True,False,0.45328338368767396,0.5
trace_00002,trace_00033,logic_001,temporal_007,symbolic_logic,temporal_ordering,incorrect,correct,False,False,1.0,0.9999999999999999
trace_00002,trace_00034,logic_001,causal_007,symbolic_logic,causal_micro_world,incorrect,incorrect,False,True,0.19672214174548802,0.33333333333333337
trace_00002,trace_00035,logic_001,commonsense_007,symbolic_logic,commonsense_multihop,incorrect,incorrect,False,True,0.31034030477602415,0.4
trace_00002,trace_00036,logic_001,arith_008,symbolic_logic,arithmetic,incorrect,correct,False,False,0.3999999999999999,0.6000000000000001
trace_00002,trace_00037,logic_001,logic_008,symbolic_logic,symbolic_logic,incorrect,correct,True,False,0.5540157730728,0.6
trace_00002,trace_00038,logic_001,temporal_008,symbolic_logic,temporal_ordering,incorrect,incorrect,False,True,0.19672214174548802,0.33333333333333337
trace_00002,trace_00039,logic_001,causal_008,symbolic_logic,causal_micro_world,incorrect,incorrect,False,True,0.5540157730728,0.6
trace_00002,trace_00040,logic_001,commonsense_008,symbolic_logic,commonsense_multihop,incorrect,incorrect,False,True,0.6875981034650653,0.75
trace_00002,trace_00041,logic_001,arith_009,symbolic_logic,arithmetic,incorrect,correct,False,False,0.5119837186991074,0.7142857142857142
trace_00002,trace_00042,logic_001,logic_009,symbolic_logic,symbolic_logic,incorrect,incorrect,True,True,0.3161561580109383,0.5
trace_00002,trace_00043,logic_001,temporal_009,symbolic_logic,temporal_ordering,incorrect,incorrect,False,True,0.19672214174548802,0.33333333333333337
trace_00002,trace_00044,logic_001,causal_009,symbolic_logic,causal_micro_world,incorrect,correct,False,False,0.19672214174548802,0.33333333333333337
trace_00002,trace_00045,logic_001,commonsense_009,symbolic_logic,commonsense_multihop,incorrect,incorrect,False,True,0.2754887502163468,0.4
trace_00002,trace_00046,logic_001,arith_010,symbolic_logic,arithmetic,incorrect,correct,False,False,0.3999999999999999,0.6
trace_00002,trace_00047,logic_001,logic_010,symbolic_logic,symbolic_logic,incorrect,incorrect,True,True,1.0,1.0
trace_00002,trace_00048,logic_001,temporal_010,symbolic_logic,temporal_ordering,incorrect,incorrect,False,True,0.5611998859537054,0.6666666666666666
trace_00002,trace_00049,logic_001,causal_010,symbolic_logic,causal_micro_world,incorrect,incorrect,False,True,1.0,1.0
trace_00002,trace_00050,logic_001,commonsense_010,symbolic_logic,commonsense_multihop,incorrect,correct,False,False,0.6355222557917826,0.6666666666666666
trace_00002,trace_00051,logic_001,arith_011,symbolic_logic,arithmetic,incorrect,incorrect,False,True,1.0,1.0
trace_00002,trace_00052,logic_001,logic_011,symbolic_logic,symbolic_logic,incorrect,correct,True,False,0.5611998859537054,0.6666666666666666
trace_00002,trace_00053,logic_001,temporal_011,symbolic_logic,temporal_ordering,incorrect,incorrect,False,True,0.007299156760473963,0.09999999999999998
trace_00002,trace_00054,logic_001,causal_011,symbolic_logic,causal_micro_world,incorrect,incorrect,False,True,0.19672214174548802,0.33333333333333337
trace_00002,trace_00055,logic_001,commonsense_011,symbolic_logic,commonsense_multihop,incorrect,correct,False,False,0.5982551600747779,0.7142857142857142
trace_00002,trace_00056,logic_001,arith_012,symbolic_logic,arithmetic,incorrect,correct,False,False,1.0,1.0
trace_00002,trace_00057,logic_001,logic_012,symbolic_logic,symbolic_logic,incorrect,correct,True,False,1.0,1.0
trace_00002,trace_00058,logic_001,temporal_012,symbolic_logic,temporal_ordering,incorrect,incorrect,False,True,0.19672214174548802,0.33333333333333337
trace_00002,trace_00059,logic_001,causal_012,symbolic_logic,causal_micro_world,incorrect,correct,False,False,1.0,1.0
trace_00002,trace_00060,logic_001,commonsense_012,symbolic_logic,commonsense_multihop,incorrect,incorrect,False,True,0.490968531773352,0.6
trace_00002,trace_00061,logic_001,arith_013,symbolic_logic,arithmetic,incorrect,correct,False,False,0.7104394251847856,0.8333333333333334
trace_00002,trace_00062,logic_001,logic_013,symbolic_logic,symbolic_logic,incorrect,correct,True,False,0.6000000000000001,0.6000000000000001
trace_00002,trace_00063,logic_001,temporal_013,symbolic_logic,temporal_ordering,incorrect,incorrect,False,True,0.5540157730728,0.6
trace_00002,trace_00064,logic_001,causal_013,symbolic_logic,causal_micro_world,incorrect,incorrect,False,True,0.5611998859537054,0.6666666666666667
trace_00002,trace_00065,logic_001,commonsense_013,symbolic_logic,commonsense_multihop,incorrect,incorrect,False,True,0.3161561580109383,0.5
trace_00002,trace_00066,logic_001,arith_014,symbolic_logic,arithmetic,incorrect,correct,False,False,1.0,0.9999999999999999
trace_00002,trace_00067,logic_001,logic_014,symbolic_logic,symbolic_logic,incorrect,incorrect,True,True,0.3679327735475437,0.4
trace_00002,trace_00068,logic_001,temporal_014,symbolic_logic,temporal_ordering,incorrect,incorrect,False,True,0.6355222557917826,0.6666666666666666
trace_00002,trace_00069,logic_001,causal_014,symbolic_logic,causal_micro_world,incorrect,correct,False,False,0.5540157730728,0.6
trace_00002,trace_00070,logic_001,commonsense_014,symbolic_logic,commonsense_multihop,incorrect,correct,False,False,0.5611998859537055,0.6666666666666667
trace_00002,trace_00071,logic_001,arith_015,symbolic_logic,arithmetic,incorrect,correct,False,False,1.0,1.0
trace_00002,trace_00072,logic_001,logic_015,symbolic_logic,symbolic_logic,incorrect,incorrect,True,True,0.7523720363639153,0.8333333333333333
trace_00002,trace_00073,logic_001,temporal_015,symbolic_logic,temporal_ordering,incorrect,incorrect,False,True,0.23903595255631882,0.4
trace_00002,trace_00074,logic_001,causal_015,symbolic_logic,causal_micro_world,incorrect,correct,False,False,0.23645279766002797,0.4
trace_00002,trace_00075,logic_001,commonsense_015,symbolic_logic,commonsense_multihop,incorrect,correct,False,False,0.5540157730728,0.6
trace_00002,trace_00076,logic_001,arith_016,symbolic_logic,arithmetic,incorrect,correct,False,False,0.737669624016034,0.8571428571428572
trace_00002,trace_00077,logic_001,logic_016,symbolic_logic,symbolic_logic,incorrect,correct,True,False,0.19672214174548802,0.33333333333333337
trace_00002,trace_00078,logic_001,temporal_016,symbolic_logic,temporal_ordering,incorrect,incorrect,False,True,0.3161561580109383,0.5
trace_00002,trace_00079,logic_001,causal_016,symbolic_logic,causal_micro_world,incorrect,incorrect,False,True,0.5540157730728,0.6
trace_00002,trace_00080,logic_001,commonsense_016,symbolic_logic,commonsense_multihop,incorrect,correct,False,False,0.45328338368767396,0.5
trace_00002,trace_00081,logic_001,arith_017,symbolic_logic,arithmetic,incorrect,correct,False,False,0.6875981034650653,0.75
trace_00002,trace_00082,logic_001,logic_017,symbolic_logic,symbolic_logic,incorrect,incorrect,True,True,0.45328338368767396,0.5
trace_00002,trace_00083,logic_001,temporal_017,symbolic_logic,temporal_ordering,incorrect,incorrect,False,True,0.6355222557917826,0.6666666666666666
trace_00002,trace_00084,logic_001,causal_017,symbolic_logic,causal_micro_world,incorrect,correct,False,False,0.45328338368767396,0.5
trace_00002,trace_00085,logic_001,commonsense_017,symbolic_logic,commonsense_multihop,incorrect,incorrect,False,True,0.003455029339326253,0.06666666666666668
trace_00002,trace_00086,logic_001,arith_018,symbolic_logic,arithmetic,incorrect,correct,False,False,1.0,0.9999999999999999
trace_00002,trace_00087,logic_001,logic_018,symbolic_logic,symbolic_logic,incorrect,correct,True,False,0.6355222557917826,0.6666666666666666
trace_00002,trace_00088,logic_001,temporal_018,symbolic_logic,temporal_ordering,incorrect,incorrect,False,True,0.5540157730728,0.6
trace_00002,trace_00089,logic_001,causal_018,symbolic_logic,causal_micro_world,incorrect,correct,False,False,0.3161561580109383,0.5
trace_00002,trace_00090,logic_001,commonsense_018,symbolic_logic,commonsense_multihop,incorrect,incorrect,False,True,0.6285580545458729,0.75
trace_00002,trace_00091,logic_001,arith_019,symbolic_logic,arithmetic,incorrect,correct,False,False,0.6875981034650653,0.75
trace_00002,trace_00092,logic_001,logic_019,symbolic_logic,symbolic_logic,incorrect,correct,True,False,0.4628114615487009,0.6666666666666667
trace_00002,trace_00093,logic_001,temporal_019,symbolic_logic,temporal_ordering,incorrect,incorrect,False,True,0.19672214174548802,0.33333333333333337
trace_00002,trace_00094,logic_001,causal_019,symbolic_logic,causal_micro_world,incorrect,correct,False,False,0.19672214174548802,0.33333333333333337
trace_00002,trace_00095,logic_001,commonsense_019,symbolic_logic,commonsense_multihop,incorrect,correct,False,False,0.19672214174548802,0.33333333333333337
trace_00002,trace_00096,logic_001,arith_020,symbolic_logic,arithmetic,incorrect,correct,False,False,0.6285580545458729,0.75
trace_00002,trace_00097,logic_001,logic_020,symbolic_logic,symbolic_logic,incorrect,incorrect,True,True,0.007299156760473963,0.09999999999999998
trace_00002,trace_00098,logic_001,temporal_020,symbolic_logic,temporal_ordering,incorrect,incorrect,False,True,0.6355222557917826,0.6666666666666666
trace_00002,trace_00099,logic_001,causal_020,symbolic_logic,causal_micro_world,incorrect,correct,False,False,0.45328338368767396,0.5
trace_00002,trace_00100,logic_001,commonsense_020,symbolic_logic,commonsense_multihop,incorrect,correct,False,False,0.3999999999999999,0.6
trace_00003,trace_00004,temporal_001,causal_001,temporal_ordering,causal_micro_world,correct,correct,False,True,0.4591479170272448,0.6666666666666667
trace_00003,trace_00005,temporal_001,commonsense_001,temporal_ordering,commonsense_multihop,correct,incorrect,False,False,0.07932311029696906,0.20833333333333331
trace_00003,trace_00006,temporal_001,arith_002,temporal_ordering,arithmetic,correct,correct,False,True,0.2295739585136224,0.3333333333333333
trace_00003,trace_00007,temporal_001,logic_002,temporal_ordering,symbolic_logic,correct,correct,False,True,0.4591479170272448,0.6666666666666667
trace_00003,trace_00008,temporal_001,temporal_002,temporal_ordering,temporal_ordering,correct,correct,True,True,0.5,0.5
trace_00003,trace_00009,temporal_001,causal_002,temporal_ordering,causal_micro_world,correct,correct,False,True,0.3658632937969324,0.5
trace_00003,trace_00010,temporal_001,commonsense_002,temporal_ordering,commonsense_multihop,correct,correct,False,True,0.4696226686166433,0.6666666666666666
trace_00003,trace_00011,temporal_001,arith_003,temporal_ordering,arithmetic,correct,correct,False,True,0.18953802886458262,0.2666666666666667
trace_00003,trace_00012,temporal_001,logic_003,temporal_ordering,symbolic_logic,correct,incorrect,False,False,0.31127812445913283,0.49999999999999994
trace_00003,trace_00013,temporal_001,temporal_003,temporal_ordering,temporal_ordering,correct,incorrect,True,False,0.13628933528331,0.3333333333333333
trace_00003,trace_00014,temporal_001,causal_003,temporal_ordering,causal_micro_world,correct,correct,False,True,0.3658632937969324,0.5
trace_00003,trace_00015,temporal_001,commonsense_003,temporal_ordering,commonsense_multihop,correct,correct,False,True,0.048794940695398595,0.25000000000000006
trace_00003,trace_00016,temporal_001,arith_004,temporal_ordering,arithmetic,correct,correct,False,True,0.195709628799731,0.33333333333333326
trace_00003,trace_00017,temporal_001,logic_004,temporal_ordering,symbolic_logic,correct,correct,False,True,0.195709628799731,0.33333333333333326
trace_00003,trace_00018,temporal_001,temporal_004,temporal_ordering,temporal_ordering,correct,incorrect,True,False,0.2295739585136224,0.3333333333333333
trace_00003,trace_00019,temporal_001,causal_004,temporal_ordering,causal_micro_world,correct,correct,False,True,0.31127812445913283,0.49999999999999994
trace_00003,trace_00020,temporal_001,commonsense_004,temporal_ordering,commonsense_multihop,correct,incorrect,False,False,0.0954372523105548,0.16666666666666669
trace_00003,trace_00021,temporal_001,arith_005,temporal_ordering,arithmetic,correct,correct,False,True,0.29463387944082053,0.5
trace_00003,trace_00022,temporal_001,logic_005,temporal_ordering,symbolic_logic,correct,correct,False,True,0.2295739585136224,0.3333333333333333
trace_00003,trace_00023,temporal_001,temporal_005,temporal_ordering,temporal_ordering,correct,correct,True,True,0.4591479170272448,0.6666666666666667
trace_00003,trace_00024,temporal_001,causal_005,temporal_ordering,causal_micro_world,correct,correct,False,True,0.13628933528331,0.3333333333333333
trace_00003,trace_00025,temporal_001,commonsense_005,temporal_ordering,commonsense_multihop,correct,correct,False,True,0.2295739585136224,0.33333333333333337
trace_00003,trace_00026,temporal_001,arith_006,temporal_ordering,arithmetic,correct,correct,False,True,0.18953802886458262,0.2666666666666667
trace_00003,trace_00027,temporal_001,logic_006,temporal_ordering,symbolic_logic,correct,correct,False,True,0.2295739585136224,0.33333333333333337
trace_00003,trace_00028,temporal_001,temporal_006,temporal_ordering,temporal_ordering,correct,incorrect,True,False,0.6548575458269756,0.8333333333333333
trace_00003,trace_00029,temporal_001,causal_006,temporal_ordering,causal_micro_world,correct,correct,False,True,0.2295739585136224,0.3333333333333333
trace_00003,trace_00030,temporal_001,commonsense_006,temporal_ordering,commonsense_multihop,correct,incorrect,False,False,0.13628933528331,0.3333333333333333
trace_00003,trace_00031,temporal_001,arith_007,temporal_ordering,arithmetic,correct,correct,False,True,0.1991966271302657,0.3333333333333333
trace_00003,trace_00032,temporal_001,logic_007,temporal_ordering,symbolic_logic,correct,correct,False,True,0.2295739585136224,0.33333333333333337
trace_00003,trace_00033,temporal_001,temporal_007,temporal_ordering,temporal_ordering,correct,correct,True,True,0.4696226686166433,0.6666666666666666
trace_00003,trace_00034,temporal_001,causal_007,temporal_ordering,causal_micro_world,correct,incorrect,False,False,0.13628933528331,0.3333333333333333
trace_00003,trace_00035,temporal_001,commonsense_007,temporal_ordering,commonsense_multihop,correct,incorrect,False,False,0.19295733482602198,0.3333333333333333
trace_00003,trace_00036,temporal_001,arith_008,temporal_ordering,arithmetic,correct,correct,False,True,0.08580209315737702,0.30000000000000004
trace_00003,trace_00037,temporal_001,logic_008,temporal_ordering,symbolic_logic,correct,correct,False,True,0.4591479170272448,0.6666666666666667
trace_00003,trace_00038,temporal_001,temporal_008,temporal_ordering,temporal_ordering,correct,incorrect,True,False,0.13628933528331,0.3333333333333333
trace_00003,trace_00039,temporal_001,causal_008,temporal_ordering,causal_micro_world,correct,incorrect,False,False,0.4591479170272448,0.6666666666666667
trace_00003,trace_00040,temporal_001,commonsense_008,temporal_ordering,commonsense_multihop,correct,incorrect,False,False,0.32501121082417717,0.5
trace_00003,trace_00041,temporal_001,arith_009,temporal_ordering,arithmetic,correct,correct,False,True,0.3456637045614281,0.5476190476190476
trace_00003,trace_00042,temporal_001,logic_009,temporal_ordering,symbolic_logic,correct,incorrect,False,False,0.1829316468984662,0.4166666666666667
trace_00003,trace_00043,temporal_001,temporal_009,temporal_ordering,temporal_ordering,correct,incorrect,True,False,0.13628933528331,0.3333333333333333
trace_00003,trace_00044,temporal_001,causal_009,temporal_ordering,causal_micro_world,correct,correct,False,True,0.13628933528331,0.3333333333333333
trace_00003,trace_00045,temporal_001,commonsense_009,temporal_ordering,commonsense_multihop,correct,incorrect,False,False,0.26804096526148574,0.4666666666666667
trace_00003,trace_00046,temporal_001,arith_010,temporal_ordering,arithmetic,correct,correct,False,True,0.151191184689353,0.30000000000000004
trace_00003,trace_00047,temporal_001,logic_010,temporal_ordering,symbolic_logic,correct,incorrect,False,False,0.6548575458269756,0.8333333333333334
trace_00003,trace_00048,temporal_001,temporal_010,temporal_ordering,temporal_ordering,correct,incorrect,True,False,0.13628933528331,0.3333333333333333
trace_00003,trace_00049,temporal_001,causal_010,temporal_ordering,causal_micro_world,correct,incorrect,False,False,0.4696226686166433,0.6666666666666666
trace_00003,trace_00050,temporal_001,commonsense_010,temporal_ordering,commonsense_multihop,correct,correct,False,True,0.31127812445913283,0.49999999999999994
trace_00003,trace_00051,temporal_001,arith_011,temporal_ordering,arithmetic,correct,incorrect,False,False,0.5954372523105548,0.6666666666666667
trace_00003,trace_00052,temporal_001,logic_011,temporal_ordering,symbolic_logic,correct,correct,False,True,0.13628933528331,0.3333333333333333
trace_00003,trace_00053,temporal_001,temporal_011,temporal_ordering,temporal_ordering,correct,incorrect,True,False,0.2295739585136224,0.3333333333333333
trace_00003,trace_00054,temporal_001,causal_011,temporal_ordering,causal_micro_world,correct,incorrect,False,False,0.13628933528331,0.3333333333333333
trace_00003,trace_00055,temporal_001,commonsense_011,temporal_ordering,commonsense_multihop,correct,correct,False,True,0.3440917714035324,0.5476190476190476
trace_00003,trace_00056,temporal_001,arith_012,temporal_ordering,arithmetic,correct,correct,False,True,0.7295739585136223,0.8333333333333333
trace_00003,trace_00057,temporal_001,logic_012,temporal_ordering,symbolic_logic,correct,correct,False,True,0.6548575458269756,0.8333333333333334
trace_00003,trace_00058,temporal_001,temporal_012,temporal_ordering,temporal_ordering,correct,incorrect,True,False,0.13628933528331,0.3333333333333333
trace_00003,trace_00059,temporal_001,causal_012,temporal_ordering,causal_micro_world,correct,correct,False,True,0.7295739585136223,0.8333333333333333
trace_00003,trace_00060,temporal_001,commonsense_012,temporal_ordering,commonsense_multihop,correct,incorrect,False,False,0.4696226686166433,0.6666666666666667
trace_00003,trace_00061,temporal_001,arith_013,temporal_ordering,arithmetic,correct,correct,False,True,0.3333333333333333,0.5
trace_00003,trace_00062,temporal_001,logic_013,temporal_ordering,symbolic_logic,correct,correct,False,True,0.5701331642598065,0.6666666666666667
trace_00003,trace_00063,temporal_001,temporal_013,temporal_ordering,temporal_ordering,correct,incorrect,True,False,0.4591479170272448,0.6666666666666667
trace_00003,trace_00064,temporal_001,causal_013,temporal_ordering,causal_micro_world,correct,incorrect,False,False,0.29463387944082053,0.5
trace_00003,trace_00065,temporal_001,commonsense_013,temporal_ordering,commonsense_multihop,correct,incorrect,False,False,0.048794940695398595,0.25000000000000006
trace_00003,trace_00066,temporal_001,arith_014,temporal_ordering,arithmetic,correct,correct,False,True,0.5408520829727552,0.6666666666666666
trace_00003,trace_00067,temporal_001,logic_014,temporal_ordering,symbolic_logic,correct,incorrect,False,False,0.195709628799731,0.33333333333333326
trace_00003,trace_00068,temporal_001,temporal_014,temporal_ordering,temporal_ordering,correct,incorrect,True,False,0.31127812445913283,0.49999999999999994
trace_00003,trace_00069,temporal_001,causal_014,temporal_ordering,causal_micro_world,correct,correct,False,True,0.4591479170272448,0.6666666666666667
trace_00003,trace_00070,temporal_001,commonsense_014,temporal_ordering,commonsense_multihop,correct,correct,False,True,0.15834454415751054,0.33333333333333337
trace_00003,trace_00071,temporal_001,arith_015,temporal_ordering,arithmetic,correct,correct,False,True,0.7295739585136223,0.8333333333333333
trace_00003,trace_00072,temporal_001,logic_015,temporal_ordering,symbolic_logic,correct,incorrect,False,False,0.3658632937969324,0.5
trace_00003,trace_00073,temporal_001,temporal_015,temporal_ordering,temporal_ordering,correct,incorrect,True,False,0.0072991567604739245,0.10000000000000002
trace_00003,trace_00074,temporal_001,causal_015,temporal_ordering,causal_micro_world,correct,correct,False,True,0.3112781244591328,0.49999999999999994
trace_00003,trace_00075,temporal_001,commonsense_015,temporal_ordering,commonsense_multihop,correct,correct,False,True,0.3250112108241772,0.5
trace_00003,trace_00076,temporal_001,arith_016,temporal_ordering,arithmetic,correct,correct,False,True,0.285007378189202,0.5238095238095238
trace_00003,trace_00077,temporal_001,logic_016,temporal_ordering,symbolic_logic,correct,correct,False,True,0.13628933528331,0.3333333333333333
trace_00003,trace_00078,temporal_001,temporal_016,temporal_ordering,temporal_ordering,correct,incorrect,True,False,0.048794940695398595,0.25000000000000006
trace_00003,trace_00079,temporal_001,causal_016,temporal_ordering,causal_micro_world,correct,incorrect,False,False,0.4591479170272448,0.6666666666666667
trace_00003,trace_00080,temporal_001,commonsense_016,temporal_ordering,commonsense_multihop,correct,correct,False,True,0.2295739585136224,0.33333333333333337
trace_00003,trace_00081,temporal_001,arith_017,temporal_ordering,arithmetic,correct,correct,False,True,0.39315587846583216,0.5
trace_00003,trace_00082,temporal_001,logic_017,temporal_ordering,symbolic_logic,correct,incorrect,False,False,0.2295739585136224,0.3333333333333333
trace_00003,trace_00083,temporal_001,temporal_017,temporal_ordering,temporal_ordering,correct,incorrect,True,False,0.31127812445913283,0.49999999999999994
trace_00003,trace_00084,temporal_001,causal_017,temporal_ordering,causal_micro_world,correct,correct,False,True,0.2295739585136224,0.33333333333333337
trace_00003,trace_00085,temporal_001,commonsense_017,temporal_ordering,commonsense_multihop,correct,incorrect,False,False,0.195709628799731,0.33333333333333326
trace_00003,trace_00086,temporal_001,arith_018,temporal_ordering,arithmetic,correct,correct,False,True,0.5408520829727552,0.6666666666666666
trace_00003,trace_00087,temporal_001,logic_018,temporal_ordering,symbolic_logic,correct,correct,False,True,0.31127812445913283,0.49999999999999994
trace_00003,trace_00088,temporal_001,temporal_018,temporal_ordering,temporal_ordering,correct,incorrect,True,False,0.4591479170272448,0.6666666666666667
trace_00003,trace_00089,temporal_001,causal_018,temporal_ordering,causal_micro_world,correct,correct,False,True,0.2510763145401212,0.4166666666666667
trace_00003,trace_00090,temporal_001,commonsense_018,temporal_ordering,commonsense_multihop,correct,incorrect,False,False,0.18293164689846614,0.4166666666666667
trace_00003,trace_00091,temporal_001,arith_019,temporal_ordering,arithmetic,correct,correct,False,True,0.39315587846583216,0.5
trace_00003,trace_00092,temporal_001,logic_019,temporal_ordering,symbolic_logic,correct,correct,False,True,0.12581458369391144,0.33333333333333337
trace_00003,trace_00093,temporal_001,temporal_019,temporal_ordering,temporal_ordering,correct,incorrect,True,False,0.13628933528331,0.3333333333333333
trace_00003,trace_00094,temporal_001,causal_019,temporal_ordering,causal_micro_world,correct,correct,False,True,0.13628933528331,0.3333333333333333
trace_00003,trace_00095,temporal_001,commonsense_019,temporal_ordering,commonsense_multihop,correct,correct,False,True,0.13628933528331,0.3333333333333333
trace_00003,trace_00096,temporal_001,arith_020,temporal_ordering,arithmetic,correct,correct,False,True,0.25107631454012114,0.4166666666666667
trace_00003,trace_00097,temporal_001,logic_020,temporal_ordering,symbolic_logic,correct,incorrect,False,False,0.2295739585136224,0.3333333333333333
trace_00003,trace_00098,temporal_001,temporal_020,temporal_ordering,temporal_ordering,correct,incorrect,True,False,0.5408520829727552,0.6666666666666666
trace_00003,trace_00099,temporal_001,causal_020,temporal_ordering,causal_micro_world,correct,correct,False,True,0.2295739585136224,0.33333333333333337
trace_00003,trace_00100,temporal_001,commonsense_020,temporal_ordering,commonsense_multihop,correct,correct,False,True,0.08580209315737702,0.30000000000000004
trace_00004,trace_00005,causal_001,commonsense_001,causal_micro_world,commonsense_multihop,correct,incorrect,False,False,0.4300365325772657,0.625
trace_00004,trace_00006,causal_001,arith_002,causal_micro_world,arithmetic,correct,correct,False,True,0.5,0.5
trace_00004,trace_00007,causal_001,logic_002,causal_micro_world,symbolic_logic,correct,correct,False,True,0.0,0.0
trace_00004,trace_00008,causal_001,temporal_002,causal_micro_world,temporal_ordering,correct,correct,False,True,1.0,1.0
trace_00004,trace_00009,causal_001,causal_002,causal_micro_world,causal_micro_world,correct,correct,True,True,0.5954372523105549,0.6666666666666666
trace_00004,trace_00010,causal_001,commonsense_002,causal_micro_world,commonsense_multihop,correct,correct,False,True,0.020720839623908215,0.16666666666666666
trace_00004,trace_00011,causal_001,arith_003,causal_micro_world,arithmetic,correct,correct,False,True,0.6979078010016793,0.7999999999999999
trace_00004,trace_00012,causal_001,logic_003,causal_micro_world,symbolic_logic,correct,incorrect,False,False,0.1908745046211096,0.33333333333333337
trace_00004,trace_00013,causal_001,temporal_003,causal_micro_world,temporal_ordering,correct,incorrect,False,False,0.5954372523105549,0.6666666666666666
trace_00004,trace_00014,causal_001,causal_003,causal_micro_world,causal_micro_world,correct,correct,True,True,0.5954372523105549,0.6666666666666666
trace_00004,trace_00015,causal_001,commonsense_003,causal_micro_world,commonsense_multihop,correct,correct,False,True,0.3112781244591328,0.5
trace_00004,trace_00016,causal_001,arith_004,causal_micro_world,arithmetic,correct,correct,False,True,0.5954372523105548,0.6666666666666666
trace_00004,trace_00017,causal_001,logic_004,causal_micro_world,symbolic_logic,correct,correct,False,True,0.5954372523105548,0.6666666666666666
trace_00004,trace_00018,causal_001,temporal_004,causal_micro_world,temporal_ordering,correct,incorrect,False,False,0.5,0.5
trace_00004,trace_00019,causal_001,causal_004,causal_micro_world,causal_micro_world,correct,correct,True,True,0.1908745046211096,0.33333333333333337
trace_00004,trace_00020,causal_001,commonsense_004,causal_micro_world,commonsense_multihop,correct,incorrect,False,False,0.6556390622295665,0.75
trace_00004,trace_00021,causal_001,arith_005,causal_micro_world,arithmetic,correct,correct,False,True,0.42528358731335336,0.49999999999999994
trace_00004,trace_00022,causal_001,logic_005,causal_micro_world,symbolic_logic,correct,correct,False,True,0.5,0.5
trace_00004,trace_00023,causal_001,temporal_005,causal_micro_world,temporal_ordering,correct,correct,False,True,0.0,0.0
trace_00004,trace_00024,causal_001,causal_005,causal_micro_world,causal_micro_world,correct,correct,True,True,0.5954372523105549,0.6666666666666666
trace_00004,trace_00025,causal_001,commonsense_005,causal_micro_world,commonsense_multihop,correct,correct,False,True,1.0,1.0
trace_00004,trace_00026,causal_001,arith_006,causal_micro_world,arithmetic,correct,correct,False,True,0.3958156020033583,0.6
trace_00004,trace_00027,causal_001,logic_006,causal_micro_world,symbolic_logic,correct,correct,False,True,1.0,1.0
trace_00004,trace_00028,causal_001,temporal_006,causal_micro_world,temporal_ordering,correct,incorrect,False,False,1.0,1.0
trace_00004,trace_00029,causal_001,causal_006,causal_micro_world,causal_micro_world,correct,correct,True,True,0.5,0.5
trace_00004,trace_00030,causal_001,commonsense_006,causal_micro_world,commonsense_multihop,correct,incorrect,False,False,0.5954372523105549,0.6666666666666666
trace_00004,trace_00031,causal_001,arith_007,causal_micro_world,arithmetic,correct,correct,False,True,0.32501121082417717,0.5
trace_00004,trace_00032,causal_001,logic_007,causal_micro_world,symbolic_logic,correct,correct,False,True,1.0,1.0
trace_00004,trace_00033,causal_001,temporal_007,causal_micro_world,temporal_ordering,correct,correct,False,True,0.42528358731335336,0.5
trace_00004,trace_00034,causal_001,causal_007,causal_micro_world,causal_micro_world,correct,incorrect,True,False,0.5954372523105549,0.6666666666666666
trace_00004,trace_00035,causal_001,commonsense_007,causal_micro_world,commonsense_multihop,correct,incorrect,False,False,1.0,1.0
trace_00004,trace_00036,causal_001,arith_008,causal_micro_world,arithmetic,correct,correct,False,True,0.3958156020033583,0.6000000000000001
trace_00004,trace_00037,causal_001,logic_008,causal_micro_world,symbolic_logic,correct,correct,False,True,0.5,0.5
trace_00004,trace_00038,causal_001,temporal_008,causal_micro_world,temporal_ordering,correct,incorrect,False,False,0.5954372523105549,0.6666666666666666
trace_00004,trace_00039,causal_001,causal_008,causal_micro_world,causal_micro_world,correct,incorrect,True,False,0.0,0.0
trace_00004,trace_00040,causal_001,commonsense_008,causal_micro_world,commonsense_multihop,correct,incorrect,False,False,0.3112781244591328,0.5
trace_00004,trace_00041,causal_001,arith_009,causal_micro_world,arithmetic,correct,correct,False,True,0.2920608058685138,0.42857142857142855
trace_00004,trace_00042,causal_001,logic_009,causal_micro_world,symbolic_logic,correct,incorrect,False,False,0.6556390622295665,0.75
trace_00004,trace_00043,causal_001,temporal_009,causal_micro_world,temporal_ordering,correct,incorrect,False,False,0.1908745046211096,0.33333333333333337
trace_00004,trace_00044,causal_001,causal_009,causal_micro_world,causal_micro_world,correct,correct,True,True,0.5954372523105549,0.6666666666666666
trace_00004,trace_00045,causal_001,commonsense_009,causal_micro_world,commonsense_multihop,correct,incorrect,False,False,0.5540157730728,0.6
trace_00004,trace_00046,causal_001,arith_010,causal_micro_world,arithmetic,correct,correct,False,True,0.3958156020033583,0.6
trace_00004,trace_00047,causal_001,logic_010,causal_micro_world,symbolic_logic,correct,incorrect,False,False,0.3112781244591328,0.5
trace_00004,trace_00048,causal_001,temporal_010,causal_micro_world,temporal_ordering,correct,incorrect,False,False,0.5954372523105549,0.6666666666666666
trace_00004,trace_00049,causal_001,causal_010,causal_micro_world,causal_micro_world,correct,incorrect,True,False,0.5954372523105548,0.6666666666666667
trace_00004,trace_00050,causal_001,commonsense_010,causal_micro_world,commonsense_multihop,correct,correct,False,True,0.1908745046211096,0.33333333333333337
trace_00004,trace_00051,causal_001,arith_011,causal_micro_world,arithmetic,correct,incorrect,False,False,0.6556390622295665,0.75
trace_00004,trace_00052,causal_001,logic_011,causal_micro_world,symbolic_logic,correct,correct,False,True,0.5954372523105549,0.6666666666666666
trace_00004,trace_00053,causal_001,temporal_011,causal_micro_world,temporal_ordering,correct,incorrect,False,False,0.5,0.5
trace_00004,trace_00054,causal_001,causal_011,causal_micro_world,causal_micro_world,correct,incorrect,True,False,0.5954372523105549,0.6666666666666666
trace_00004,trace_00055,causal_001,commonsense_011,causal_micro_world,commonsense_multihop,correct,correct,False,True,1.0,0.9999999999999999
trace_00004,trace_00056,causal_001,arith_012,causal_micro_world,arithmetic,correct,correct,False,True,1.0,1.0
trace_00004,trace_00057,causal_001,logic_012,causal_micro_world,symbolic_logic,correct,correct,False,True,0.3112781244591328,0.5
trace_00004,trace_00058,causal_001,temporal_012,causal_micro_world,temporal_ordering,correct,incorrect,False,False,0.1908745046211096,0.33333333333333337
trace_00004,trace_00059,causal_001,causal_012,causal_micro_world,causal_micro_world,correct,correct,True,True,1.0,1.0
trace_00004,trace_00060,causal_001,commonsense_012,causal_micro_world,commonsense_multihop,correct,incorrect,False,False,0.42528358731335336,0.5
trace_00004,trace_00061,causal_001,arith_013,causal_micro_world,arithmetic,correct,correct,False,True,0.5954372523105549,0.6666666666666666
trace_00004,trace_00062,causal_001,logic_013,causal_micro_world,symbolic_logic,correct,correct,False,True,0.5540157730728,0.6000000000000001
trace_00004,trace_00063,causal_001,temporal_013,causal_micro_world,temporal_ordering,correct,incorrect,False,False,0.5,0.5
trace_00004,trace_00064,causal_001,causal_013,causal_micro_world,causal_micro_world,correct,incorrect,True,False,1.0,1.0
trace_00004,trace_00065,causal_001,commonsense_013,causal_micro_world,commonsense_multihop,correct,incorrect,False,False,0.3112781244591328,0.5
trace_00004,trace_00066,causal_001,arith_014,causal_micro_world,arithmetic,correct,correct,False,True,0.5954372523105549,0.6666666666666666
trace_00004,trace_00067,causal_001,logic_014,causal_micro_world,symbolic_logic,correct,incorrect,False,False,0.5954372523105548,0.6666666666666666
trace_00004,trace_00068,causal_001,temporal_014,causal_micro_world,temporal_ordering,correct,incorrect,False,False,0.1908745046211096,0.33333333333333337
trace_00004,trace_00069,causal_001,causal_014,causal_micro_world,causal_micro_world,correct,correct,True,True,0.5,0.5
trace_00004,trace_00070,causal_001,commonsense_014,causal_micro_world,commonsense_multihop,correct,correct,False,True,0.7295739585136223,0.8333333333333333
trace_00004,trace_00071,causal_001,arith_015,causal_micro_world,arithmetic,correct,correct,False,True,1.0,1.0
trace_00004,trace_00072,causal_001,logic_015,causal_micro_world,symbolic_logic,correct,incorrect,False,False,0.4591479170272448,0.6666666666666667
trace_00004,trace_00073,causal_001,temporal_015,causal_micro_world,temporal_ordering,correct,incorrect,False,False,0.3958156020033583,0.6
trace_00004,trace_00074,causal_001,causal_015,causal_micro_world,causal_micro_world,correct,correct,True,True,1.0,1.0
trace_00004,trace_00075,causal_001,commonsense_015,causal_micro_world,commonsense_multihop,correct,correct,False,True,0.1556390622295664,0.25
trace_00004,trace_00076,causal_001,arith_016,causal_micro_world,arithmetic,correct,correct,False,True,0.537697968674856,0.5714285714285714
trace_00004,trace_00077,causal_001,logic_016,causal_micro_world,symbolic_logic,correct,correct,False,True,0.5954372523105549,0.6666666666666666
trace_00004,trace_00078,causal_001,temporal_016,causal_micro_world,temporal_ordering,correct,incorrect,False,False,0.3112781244591328,0.5
trace_00004,trace_00079,causal_001,causal_016,causal_micro_world,causal_micro_world,correct,incorrect,True,False,0.5,0.5
trace_00004,trace_00080,causal_001,commonsense_016,causal_micro_world,commonsense_multihop,correct,correct,False,True,1.0,1.0
trace_00004,trace_00081,causal_001,arith_017,causal_micro_world,arithmetic,correct,correct,False,True,0.3112781244591328,0.5
trace_00004,trace_00082,causal_001,logic_017,causal_micro_world,symbolic_logic,correct,incorrect,False,False,0.5,0.5
trace_00004,trace_00083,causal_001,temporal_017,causal_micro_world,temporal_ordering,correct,incorrect,False,False,0.1908745046211096,0.33333333333333337
trace_00004,trace_00084,causal_001,causal_017,causal_micro_world,causal_micro_world,correct,correct,True,True,1.0,1.0
trace_00004,trace_00085,causal_001,commonsense_017,causal_micro_world,commonsense_multihop,correct,incorrect,False,False,0.5954372523105548,0.6666666666666666
trace_00004,trace_00086,causal_001,arith_018,causal_micro_world,arithmetic,correct,correct,False,True,0.5954372523105549,0.6666666666666666
trace_00004,trace_00087,causal_001,logic_018,causal_micro_world,symbolic_logic,correct,correct,False,True,0.1908745046211096,0.33333333333333337
trace_00004,trace_00088,causal_001,temporal_018,causal_micro_world,temporal_ordering,correct,incorrect,False,False,0.5,0.5
trace_00004,trace_00089,causal_001,causal_018,causal_micro_world,causal_micro_world,correct,correct,True,True,0.3112781244591328,0.5
trace_00004,trace_00090,causal_001,commonsense_018,causal_micro_world,commonsense_multihop,correct,incorrect,False,False,0.6556390622295665,0.75
trace_00004,trace_00091,causal_001,arith_019,causal_micro_world,arithmetic,correct,correct,False,True,0.3112781244591328,0.5
trace_00004,trace_00092,causal_001,logic_019,causal_micro_world,symbolic_logic,correct,correct,False,True,0.4591479170272448,0.6666666666666667
trace_00004,trace_00093,causal_001,temporal_019,causal_micro_world,temporal_ordering,correct,incorrect,False,False,0.5954372523105549,0.6666666666666666
trace_00004,trace_00094,causal_001,causal_019,causal_micro_world,causal_micro_world,correct,correct,True,True,0.1908745046211096,0.33333333333333337
trace_00004,trace_00095,causal_001,commonsense_019,causal_micro_world,commonsense_multihop,correct,correct,False,True,0.1908745046211096,0.33333333333333337
trace_00004,trace_00096,causal_001,arith_020,causal_micro_world,arithmetic,correct,correct,False,True,0.6556390622295665,0.75
trace_00004,trace_00097,causal_001,logic_020,causal_micro_world,symbolic_logic,correct,incorrect,False,False,0.5,0.5
trace_00004,trace_00098,causal_001,temporal_020,causal_micro_world,temporal_ordering,correct,incorrect,False,False,0.1908745046211096,0.33333333333333337
trace_00004,trace_00099,causal_001,causal_020,causal_micro_world,causal_micro_world,correct,correct,True,True,1.0,1.0
trace_00004,trace_00100,causal_001,commonsense_020,causal_micro_world,commonsense_multihop,correct,correct,False,True,0.2519235740744792,0.4
trace_00005,trace_00006,commonsense_001,arith_002,commonsense_multihop,arithmetic,incorrect,correct,False,False,0.22460175271458133,0.375
trace_00005,trace_00007,commonsense_001,logic_002,commonsense_multihop,symbolic_logic,incorrect,correct,False,False,0.4300365325772657,0.625
trace_00005,trace_00008,commonsense_001,temporal_002,commonsense_multihop,temporal_ordering,incorrect,correct,False,False,0.34336016083271426,0.5
trace_00005,trace_00009,commonsense_001,causal_002,commonsense_multihop,causal_micro_world,incorrect,correct,False,False,0.16563338550830675,0.29166666666666663
trace_00005,trace_00010,commonsense_001,commonsense_002,commonsense_multihop,commonsense_multihop,incorrect,correct,True,False,0.4635639758803297,0.625
trace_00005,trace_00011,commonsense_001,arith_003,commonsense_multihop,arithmetic,incorrect,correct,False,False,0.07739690640314843,0.17500000000000002
trace_00005,trace_00012,commonsense_001,logic_003,commonsense_multihop,symbolic_logic,incorrect,incorrect,False,True,0.32518928103806,0.5
trace_00005,trace_00013,commonsense_001,temporal_003,commonsense_multihop,temporal_ordering,incorrect,incorrect,False,True,0.16563338550830675,0.29166666666666663
trace_00005,trace_00014,commonsense_001,causal_003,commonsense_multihop,causal_micro_world,incorrect,correct,False,False,0.16563338550830675,0.29166666666666663
trace_00005,trace_00015,commonsense_001,commonsense_003,commonsense_multihop,commonsense_multihop,incorrect,correct,True,False,0.10221700146248244,0.25
trace_00005,trace_00016,commonsense_001,arith_004,commonsense_multihop,arithmetic,incorrect,correct,False,False,0.31529291595345615,0.5
trace_00005,trace_00017,commonsense_001,logic_004,commonsense_multihop,symbolic_logic,incorrect,correct,False,False,0.22166096591944123,0.375
trace_00005,trace_00018,commonsense_001,temporal_004,commonsense_multihop,temporal_ordering,incorrect,incorrect,False,True,0.34336016083271426,0.5
trace_00005,trace_00019,commonsense_001,causal_004,commonsense_multihop,causal_micro_world,incorrect,correct,False,False,0.32518928103806,0.5
trace_00005,trace_00020,commonsense_001,commonsense_004,commonsense_multihop,commonsense_multihop,incorrect,incorrect,True,True,0.22460175271458133,0.375
trace_00005,trace_00021,commonsense_001,arith_005,commonsense_multihop,arithmetic,incorrect,correct,False,False,0.39764003038459134,0.5416666666666666
trace_00005,trace_00022,commonsense_001,logic_005,commonsense_multihop,symbolic_logic,incorrect,correct,False,False,0.34336016083271426,0.5
trace_00005,trace_00023,commonsense_001,temporal_005,commonsense_multihop,temporal_ordering,incorrect,correct,False,False,0.4300365325772657,0.625
trace_00005,trace_00024,commonsense_001,causal_005,commonsense_multihop,causal_micro_world,incorrect,correct,False,False,0.16563338550830675,0.29166666666666663
trace_00005,trace_00025,commonsense_001,commonsense_005,commonsense_multihop,commonsense_multihop,incorrect,correct,True,False,0.34336016083271426,0.5
trace_00005,trace_00026,commonsense_001,arith_006,commonsense_multihop,arithmetic,incorrect,correct,False,False,0.07739690640314845,0.17500000000000002
trace_00005,trace_00027,commonsense_001,logic_006,commonsense_multihop,symbolic_logic,incorrect,correct,False,False,0.34336016083271426,0.5
trace_00005,trace_00028,commonsense_001,temporal_006,commonsense_multihop,temporal_ordering,incorrect,incorrect,False,True,0.7169171866886993,0.875
trace_00005,trace_00029,commonsense_001,causal_006,commonsense_multihop,causal_micro_world,incorrect,correct,False,False,0.22460175271458133,0.375
trace_00005,trace_00030,commonsense_001,commonsense_006,commonsense_multihop,commonsense_multihop,incorrect,incorrect,True,True,0.2592653355423217,0.41666666666666663
trace_00005,trace_00031,commonsense_001,arith_007,commonsense_multihop,arithmetic,incorrect,correct,False,False,0.0720014354742918,0.16666666666666663
trace_00005,trace_00032,commonsense_001,logic_007,commonsense_multihop,symbolic_logic,incorrect,correct,False,False,0.34336016083271426,0.5
trace_00005,trace_00033,commonsense_001,temporal_007,commonsense_multihop,temporal_ordering,incorrect,correct,False,False,0.5571959259143446,0.7499999999999999
trace_00005,trace_00034,commonsense_001,causal_007,commonsense_multihop,causal_micro_world,incorrect,incorrect,False,True,0.16563338550830675,0.29166666666666663
trace_00005,trace_00035,commonsense_001,commonsense_007,commonsense_multihop,commonsense_multihop,incorrect,incorrect,True,True,0.3130200880485179,0.5
trace_00005,trace_00036,commonsense_001,arith_008,commonsense_multihop,arithmetic,incorrect,correct,False,False,0.1449620450301743,0.35
trace_00005,trace_00037,commonsense_001,logic_008,commonsense_multihop,symbolic_logic,incorrect,correct,False,False,0.4300365325772657,0.625
trace_00005,trace_00038,commonsense_001,temporal_008,commonsense_multihop,temporal_ordering,incorrect,incorrect,False,True,0.16563338550830675,0.29166666666666663
trace_00005,trace_00039,commonsense_001,causal_008,commonsense_multihop,causal_micro_world,incorrect,incorrect,False,True,0.4300365325772657,0.625
trace_00005,trace_00040,commonsense_001,commonsense_008,commonsense_multihop,commonsense_multihop,incorrect,incorrect,True,True,0.3522170014624825,0.5
trace_00005,trace_00041,commonsense_001,arith_009,commonsense_multihop,arithmetic,incorrect,correct,False,False,0.1988638270825899,0.46428571428571425
trace_00005,trace_00042,commonsense_001,logic_009,commonsense_multihop,symbolic_logic,incorrect,incorrect,False,True,0.22097540958061537,0.375
trace_00005,trace_00043,commonsense_001,temporal_009,commonsense_multihop,temporal_ordering,incorrect,incorrect,False,True,0.16563338550830675,0.29166666666666663
trace_00005,trace_00044,commonsense_001,causal_009,commonsense_multihop,causal_micro_world,incorrect,correct,False,False,0.16563338550830675,0.29166666666666663
trace_00005,trace_00045,commonsense_001,commonsense_009,commonsense_multihop,commonsense_multihop,incorrect,incorrect,True,True,0.10721413124033674,0.30000000000000004
trace_00005,trace_00046,commonsense_001,arith_010,commonsense_multihop,arithmetic,incorrect,correct,False,False,0.04042296604420408,0.225
trace_00005,trace_00047,commonsense_001,logic_010,commonsense_multihop,symbolic_logic,incorrect,incorrect,False,True,0.7169171866886993,0.875
trace_00005,trace_00048,commonsense_001,temporal_010,commonsense_multihop,temporal_ordering,incorrect,incorrect,False,True,0.2592653355423217,0.41666666666666663
trace_00005,trace_00049,commonsense_001,causal_010,commonsense_multihop,causal_micro_world,incorrect,incorrect,False,True,0.5571959259143446,0.75
trace_00005,trace_00050,commonsense_001,commonsense_010,commonsense_multihop,commonsense_multihop,incorrect,correct,True,False,0.32518928103806,0.5
trace_00005,trace_00051,commonsense_001,arith_011,commonsense_multihop,arithmetic,incorrect,incorrect,False,True,0.4300365325772657,0.625
trace_00005,trace_00052,commonsense_001,logic_011,commonsense_multihop,symbolic_logic,incorrect,correct,False,False,0.2592653355423217,0.41666666666666663
trace_00005,trace_00053,commonsense_001,temporal_011,commonsense_multihop,temporal_ordering,incorrect,incorrect,False,True,0.22460175271458133,0.375
trace_00005,trace_00054,commonsense_001,causal_011,commonsense_multihop,causal_micro_world,incorrect,incorrect,False,True,0.16563338550830675,0.29166666666666663
trace_00005,trace_00055,commonsense_001,commonsense_011,commonsense_multihop,commonsense_multihop,incorrect,correct,True,False,0.3040876320458376,0.4642857142857143
trace_00005,trace_00056,commonsense_001,arith_012,commonsense_multihop,arithmetic,incorrect,correct,False,False,0.5487949406953987,0.75
trace_00005,trace_00057,commonsense_001,logic_012,commonsense_multihop,symbolic_logic,incorrect,correct,False,False,0.7169171866886993,0.875
trace_00005,trace_00058,commonsense_001,temporal_012,commonsense_multihop,temporal_ordering,incorrect,incorrect,False,True,0.16563338550830675,0.29166666666666663
trace_00005,trace_00059,commonsense_001,causal_012,commonsense_multihop,causal_micro_world,incorrect,correct,False,False,0.5487949406953987,0.75
trace_00005,trace_00060,commonsense_001,commonsense_012,commonsense_multihop,commonsense_multihop,incorrect,incorrect,True,True,0.41882123107207503,0.625
trace_00005,trace_00061,commonsense_001,arith_013,commonsense_multihop,arithmetic,incorrect,correct,False,False,0.2276935649836095,0.45833333333333337
trace_00005,trace_00062,commonsense_001,logic_013,commonsense_multihop,symbolic_logic,incorrect,correct,False,False,0.32353433764863354,0.5
trace_00005,trace_00063,commonsense_001,temporal_013,commonsense_multihop,temporal_ordering,incorrect,incorrect,False,True,0.4300365325772657,0.625
trace_00005,trace_00064,commonsense_001,causal_013,commonsense_multihop,causal_micro_world,incorrect,incorrect,False,True,0.39764003038459134,0.5416666666666666
trace_00005,trace_00065,commonsense_001,commonsense_013,commonsense_multihop,commonsense_multihop,incorrect,incorrect,True,True,0.10221700146248244,0.25
trace_00005,trace_00066,commonsense_001,arith_014,commonsense_multihop,arithmetic,incorrect,correct,False,False,0.418821231072075,0.6249999999999999
trace_00005,trace_00067,commonsense_001,logic_014,commonsense_multihop,symbolic_logic,incorrect,incorrect,False,True,0.31529291595345615,0.5
trace_00005,trace_00068,commonsense_001,temporal_014,commonsense_multihop,temporal_ordering,incorrect,incorrect,False,True,0.32518928103806,0.5
trace_00005,trace_00069,commonsense_001,causal_014,commonsense_multihop,causal_micro_world,incorrect,correct,False,False,0.4300365325772657,0.625
trace_00005,trace_00070,commonsense_001,commonsense_014,commonsense_multihop,commonsense_multihop,incorrect,correct,True,False,0.27743621533697604,0.4166666666666667
trace_00005,trace_00071,commonsense_001,arith_015,commonsense_multihop,arithmetic,incorrect,correct,False,False,0.5487949406953987,0.75
trace_00005,trace_00072,commonsense_001,logic_015,commonsense_multihop,symbolic_logic,incorrect,incorrect,False,True,0.4049617052072687,0.5833333333333333
trace_00005,trace_00073,commonsense_001,temporal_015,commonsense_multihop,temporal_ordering,incorrect,incorrect,False,True,0.07739690640314843,0.17500000000000002
trace_00005,trace_00074,commonsense_001,causal_015,commonsense_multihop,causal_micro_world,incorrect,correct,False,False,0.4188212310720749,0.625
trace_00005,trace_00075,commonsense_001,commonsense_015,commonsense_multihop,commonsense_multihop,incorrect,correct,True,False,0.3112781244591328,0.5
trace_00005,trace_00076,commonsense_001,arith_016,commonsense_multihop,arithmetic,incorrect,correct,False,False,0.2511196504887464,0.4821428571428571
trace_00005,trace_00077,commonsense_001,logic_016,commonsense_multihop,symbolic_logic,incorrect,correct,False,False,0.16563338550830675,0.29166666666666663
trace_00005,trace_00078,commonsense_001,temporal_016,commonsense_multihop,temporal_ordering,incorrect,incorrect,False,True,0.10221700146248244,0.25
trace_00005,trace_00079,commonsense_001,causal_016,commonsense_multihop,causal_micro_world,incorrect,incorrect,False,True,0.4300365325772657,0.625
trace_00005,trace_00080,commonsense_001,commonsense_016,commonsense_multihop,commonsense_multihop,incorrect,correct,True,False,0.34336016083271426,0.5
trace_00005,trace_00081,commonsense_001,arith_017,commonsense_multihop,arithmetic,incorrect,correct,False,False,0.2334585933443496,0.375
trace_00005,trace_00082,commonsense_001,logic_017,commonsense_multihop,symbolic_logic,incorrect,incorrect,False,True,0.34336016083271426,0.5
trace_00005,trace_00083,commonsense_001,temporal_017,commonsense_multihop,temporal_ordering,incorrect,incorrect,False,True,0.32518928103806,0.5
trace_00005,trace_00084,commonsense_001,causal_017,commonsense_multihop,causal_micro_world,incorrect,correct,False,False,0.34336016083271426,0.5
trace_00005,trace_00085,commonsense_001,commonsense_017,commonsense_multihop,commonsense_multihop,incorrect,incorrect,True,True,0.22166096591944123,0.375
trace_00005,trace_00086,commonsense_001,arith_018,commonsense_multihop,arithmetic,incorrect,correct,False,False,0.418821231072075,0.6249999999999999
trace_00005,trace_00087,commonsense_001,logic_018,commonsense_multihop,symbolic_logic,incorrect,correct,False,False,0.32518928103806,0.5
trace_00005,trace_00088,commonsense_001,temporal_018,commonsense_multihop,temporal_ordering,incorrect,incorrect,False,True,0.4300365325772657,0.625
trace_00005,trace_00089,commonsense_001,causal_018,commonsense_multihop,causal_micro_world,incorrect,correct,False,False,0.10221700146248244,0.25
trace_00005,trace_00090,commonsense_001,commonsense_018,commonsense_multihop,commonsense_multihop,incorrect,incorrect,True,True,0.2987949406953986,0.5
trace_00005,trace_00091,commonsense_001,arith_019,commonsense_multihop,arithmetic,incorrect,correct,False,False,0.2334585933443496,0.375
trace_00005,trace_00092,commonsense_001,logic_019,commonsense_multihop,symbolic_logic,incorrect,correct,False,False,0.1872621741052029,0.4166666666666667
trace_00005,trace_00093,commonsense_001,temporal_019,commonsense_multihop,temporal_ordering,incorrect,incorrect,False,True,0.16563338550830675,0.29166666666666663
trace_00005,trace_00094,commonsense_001,causal_019,commonsense_multihop,causal_micro_world,incorrect,correct,False,False,0.16563338550830675,0.29166666666666663
trace_00005,trace_00095,commonsense_001,commonsense_019,commonsense_multihop,commonsense_multihop,incorrect,correct,True,False,0.16563338550830675,0.29166666666666663
trace_00005,trace_00096,commonsense_001,arith_020,commonsense_multihop,arithmetic,incorrect,correct,False,False,0.18003653257726565,0.375
trace_00005,trace_00097,commonsense_001,logic_020,commonsense_multihop,symbolic_logic,incorrect,incorrect,False,True,0.22460175271458133,0.375
trace_00005,trace_00098,commonsense_001,temporal_020,commonsense_multihop,temporal_ordering,incorrect,incorrect,False,True,0.32518928103806,0.5
trace_00005,trace_00099,commonsense_001,causal_020,commonsense_multihop,causal_micro_world,incorrect,correct,False,False,0.34336016083271426,0.5
trace_00005,trace_00100,commonsense_001,commonsense_020,commonsense_multihop,commonsense_multihop,incorrect,correct,True,False,0.1449620450301743,0.35
trace_00006,trace_00007,arith_002,logic_002,arithmetic,symbolic_logic,correct,correct,False,True,0.5,0.5
trace_00006,trace_00008,arith_002,temporal_002,arithmetic,temporal_ordering,correct,correct,False,True,0.5,0.5
trace_00006,trace_00009,arith_002,causal_002,arithmetic,causal_micro_world,correct,correct,False,True,0.1908745046211096,0.33333333333333337
trace_00006,trace_00010,arith_002,commonsense_002,arithmetic,commonsense_multihop,correct,correct,False,True,0.5954372523105548,0.6666666666666667
trace_00006,trace_00011,arith_002,arith_003,arithmetic,arithmetic,correct,correct,True,True,0.2519235740744792,0.4
trace_00006,trace_00012,arith_002,logic_003,arithmetic,symbolic_logic,correct,incorrect,False,False,0.5954372523105549,0.6666666666666666
trace_00006,trace_00013,arith_002,temporal_003,arithmetic,temporal_ordering,correct,incorrect,False,False,0.1908745046211096,0.33333333333333337
trace_00006,trace_00014,arith_002,causal_003,arithmetic,causal_micro_world,correct,correct,False,True,0.1908745046211096,0.33333333333333337
trace_00006,trace_00015,arith_002,commonsense_003,arithmetic,commonsense_multihop,correct,correct,False,True,0.3112781244591328,0.5
trace_00006,trace_00016,arith_002,arith_004,arithmetic,arithmetic,correct,correct,True,True,0.42528358731335336,0.5
trace_00006,trace_00017,arith_002,logic_004,arithmetic,symbolic_logic,correct,correct,False,True,0.020720839623908215,0.16666666666666666
trace_00006,trace_00018,arith_002,temporal_004,arithmetic,temporal_ordering,correct,incorrect,False,False,0.5,0.5
trace_00006,trace_00019,arith_002,causal_004,arithmetic,causal_micro_world,correct,correct,False,True,0.5954372523105549,0.6666666666666666
trace_00006,trace_00020,arith_002,commonsense_004,arithmetic,commonsense_multihop,correct,incorrect,False,False,0.5,0.5
trace_00006,trace_00021,arith_002,arith_005,arithmetic,arithmetic,correct,correct,True,True,0.5954372523105548,0.6666666666666667
trace_00006,trace_00022,arith_002,logic_005,arithmetic,symbolic_logic,correct,correct,False,True,0.5,0.5
trace_00006,trace_00023,arith_002,temporal_005,arithmetic,temporal_ordering,correct,correct,False,True,0.5,0.5
trace_00006,trace_00024,arith_002,causal_005,arithmetic,causal_micro_world,correct,correct,False,True,0.1908745046211096,0.33333333333333337
trace_00006,trace_00025,arith_002,commonsense_005,arithmetic,commonsense_multihop,correct,correct,False,True,0.5,0.5
trace_00006,trace_00026,arith_002,arith_006,arithmetic,arithmetic,correct,correct,True,True,0.2519235740744792,0.4
trace_00006,trace_00027,arith_002,logic_006,arithmetic,symbolic_logic,correct,correct,False,True,0.5,0.5
trace_00006,trace_00028,arith_002,temporal_006,arithmetic,temporal_ordering,correct,incorrect,False,False,1.0,1.0
trace_00006,trace_00029,arith_002,causal_006,arithmetic,causal_micro_world,correct,correct,False,True,0.0,0.0
trace_00006,trace_00030,arith_002,commonsense_006,arithmetic,commonsense_multihop,correct,incorrect,False,False,0.5954372523105549,0.6666666666666666
trace_00006,trace_00031,arith_002,arith_007,arithmetic,arithmetic,correct,correct,True,True,0.1908745046211096,0.3333333333333333
trace_00006,trace_00032,arith_002,logic_007,arithmetic,symbolic_logic,correct,correct,False,True,0.5,0.5
trace_00006,trace_00033,arith_002,temporal_007,arithmetic,temporal_ordering,correct,correct,False,True,1.0,0.9999999999999999
trace_00006,trace_00034,arith_002,causal_007,arithmetic,causal_micro_world,correct,incorrect,False,False,0.1908745046211096,0.33333333333333337
trace_00006,trace_00035,arith_002,commonsense_007,arithmetic,commonsense_multihop,correct,incorrect,False,False,0.37519620693013067,0.5
trace_00006,trace_00036,arith_002,arith_008,arithmetic,arithmetic,correct,correct,True,True,0.3958156020033583,0.6000000000000001
trace_00006,trace_00037,arith_002,logic_008,arithmetic,symbolic_logic,correct,correct,False,True,0.5,0.5
trace_00006,trace_00038,arith_002,temporal_008,arithmetic,temporal_ordering,correct,incorrect,False,False,0.1908745046211096,0.33333333333333337
trace_00006,trace_00039,arith_002,causal_008,arithmetic,causal_micro_world,correct,incorrect,False,False,0.5,0.5
trace_00006,trace_00040,arith_002,commonsense_008,arithmetic,commonsense_multihop,correct,incorrect,False,False,0.6556390622295665,0.75
trace_00006,trace_00041,arith_002,arith_009,arithmetic,arithmetic,correct,correct,True,True,0.5087256743873156,0.7142857142857142
trace_00006,trace_00042,arith_002,logic_009,arithmetic,symbolic_logic,correct,incorrect,False,False,0.3112781244591328,0.5
trace_00006,trace_00043,arith_002,temporal_009,arithmetic,temporal_ordering,correct,incorrect,False,False,0.1908745046211096,0.33333333333333337
trace_00006,trace_00044,arith_002,causal_009,arithmetic,causal_micro_world,correct,correct,False,True,0.1908745046211096,0.33333333333333337
trace_00006,trace_00045,arith_002,commonsense_009,arithmetic,commonsense_multihop,correct,incorrect,False,False,0.2519235740744792,0.4
trace_00006,trace_00046,arith_002,arith_010,arithmetic,arithmetic,correct,correct,True,True,0.3958156020033583,0.6
trace_00006,trace_00047,arith_002,logic_010,arithmetic,symbolic_logic,correct,incorrect,False,False,1.0,1.0
trace_00006,trace_00048,arith_002,temporal_010,arithmetic,temporal_ordering,correct,incorrect,False,False,0.5954372523105549,0.6666666666666666
trace_00006,trace_00049,arith_002,causal_010,arithmetic,causal_micro_world,correct,incorrect,False,False,1.0,1.0
trace_00006,trace_00050,arith_002,commonsense_010,arithmetic,commonsense_multihop,correct,correct,False,True,0.5954372523105549,0.6666666666666666
trace_00006,trace_00051,arith_002,arith_011,arithmetic,arithmetic,correct,incorrect,True,False,1.0,1.0
trace_00006,trace_00052,arith_002,logic_011,arithmetic,symbolic_logic,correct,correct,False,True,0.5954372523105549,0.6666666666666666
trace_00006,trace_00053,arith_002,temporal_011,arithmetic,temporal_ordering,correct,incorrect,False,False,0.0,0.0
trace_00006,trace_00054,arith_002,causal_011,arithmetic,causal_micro_world,correct,incorrect,False,False,0.1908745046211096,0.33333333333333337
trace_00006,trace_00055,arith_002,commonsense_011,arithmetic,commonsense_multihop,correct,correct,False,True,0.6284905946211771,0.7142857142857142
trace_00006,trace_00056,arith_002,arith_012,arithmetic,arithmetic,correct,correct,True,True,1.0,1.0
trace_00006,trace_00057,arith_002,logic_012,arithmetic,symbolic_logic,correct,correct,False,True,1.0,1.0
trace_00006,trace_00058,arith_002,temporal_012,arithmetic,temporal_ordering,correct,incorrect,False,False,0.1908745046211096,0.33333333333333337
trace_00006,trace_00059,arith_002,causal_012,arithmetic,causal_micro_world,correct,correct,False,True,1.0,1.0
trace_00006,trace_00060,arith_002,commonsense_012,arithmetic,commonsense_multihop,correct,incorrect,False,False,0.42528358731335336,0.5
trace_00006,trace_00061,arith_002,arith_013,arithmetic,arithmetic,correct,correct,True,True,0.7295739585136223,0.8333333333333334
trace_00006,trace_00062,arith_002,logic_013,arithmetic,symbolic_logic,correct,correct,False,True,0.5540157730728,0.6000000000000001
trace_00006,trace_00063,arith_002,temporal_013,arithmetic,temporal_ordering,correct,incorrect,False,False,0.5,0.5
trace_00006,trace_00064,arith_002,causal_013,arithmetic,causal_micro_world,correct,incorrect,False,False,0.5954372523105548,0.6666666666666667
trace_00006,trace_00065,arith_002,commonsense_013,arithmetic,commonsense_multihop,correct,incorrect,False,False,0.3112781244591328,0.5
trace_00006,trace_00066,arith_002,arith_014,arithmetic,arithmetic,correct,correct,True,True,1.0,0.9999999999999999
trace_00006,trace_00067,arith_002,logic_014,arithmetic,symbolic_logic,correct,incorrect,False,False,0.42528358731335336,0.5
trace_00006,trace_00068,arith_002,temporal_014,arithmetic,temporal_ordering,correct,incorrect,False,False,0.5954372523105549,0.6666666666666666
trace_00006,trace_00069,arith_002,causal_014,arithmetic,causal_micro_world,correct,correct,False,True,0.5,0.5
trace_00006,trace_00070,arith_002,commonsense_014,arithmetic,commonsense_multihop,correct,correct,False,True,0.5954372523105549,0.6666666666666667
trace_00006,trace_00071,arith_002,arith_015,arithmetic,arithmetic,correct,correct,True,True,1.0,1.0
trace_00006,trace_00072,arith_002,logic_015,arithmetic,symbolic_logic,correct,incorrect,False,False,0.7295739585136223,0.8333333333333333
trace_00006,trace_00073,arith_002,temporal_015,arithmetic,temporal_ordering,correct,incorrect,False,False,0.2519235740744792,0.4
trace_00006,trace_00074,arith_002,causal_015,arithmetic,causal_micro_world,correct,correct,False,True,0.3112781244591328,0.5
trace_00006,trace_00075,arith_002,commonsense_015,arithmetic,commonsense_multihop,correct,correct,False,True,0.5,0.5
trace_00006,trace_00076,arith_002,arith_016,arithmetic,arithmetic,correct,correct,True,True,0.7543628371936578,0.8571428571428572
trace_00006,trace_00077,arith_002,logic_016,arithmetic,symbolic_logic,correct,correct,False,True,0.1908745046211096,0.33333333333333337
trace_00006,trace_00078,arith_002,temporal_016,arithmetic,temporal_ordering,correct,incorrect,False,False,0.3112781244591328,0.5
trace_00006,trace_00079,arith_002,causal_016,arithmetic,causal_micro_world,correct,incorrect,False,False,0.5,0.5
trace_00006,trace_00080,arith_002,commonsense_016,arithmetic,commonsense_multihop,correct,correct,False,True,0.5,0.5
trace_00006,trace_00081,arith_002,arith_017,arithmetic,arithmetic,correct,correct,True,True,0.6556390622295665,0.75
trace_00006,trace_00082,arith_002,logic_017,arithmetic,symbolic_logic,correct,incorrect,False,False,0.5,0.5
trace_00006,trace_00083,arith_002,temporal_017,arithmetic,temporal_ordering,correct,incorrect,False,False,0.5954372523105549,0.6666666666666666
trace_00006,trace_00084,arith_002,causal_017,arithmetic,causal_micro_world,correct,correct,False,True,0.5,0.5
trace_00006,trace_00085,arith_002,commonsense_017,arithmetic,commonsense_multihop,correct,incorrect,False,False,0.020720839623908215,0.16666666666666666
trace_00006,trace_00086,arith_002,arith_018,arithmetic,arithmetic,correct,correct,True,True,1.0,0.9999999999999999
trace_00006,trace_00087,arith_002,logic_018,arithmetic,symbolic_logic,correct,correct,False,True,0.5954372523105549,0.6666666666666666
trace_00006,trace_00088,arith_002,temporal_018,arithmetic,temporal_ordering,correct,incorrect,False,False,0.5,0.5
trace_00006,trace_00089,arith_002,causal_018,arithmetic,causal_micro_world,correct,correct,False,True,0.3112781244591328,0.5
trace_00006,trace_00090,arith_002,commonsense_018,arithmetic,commonsense_multihop,correct,incorrect,False,False,0.6556390622295665,0.75
trace_00006,trace_00091,arith_002,arith_019,arithmetic,arithmetic,correct,correct,True,True,0.6556390622295665,0.75
trace_00006,trace_00092,arith_002,logic_019,arithmetic,symbolic_logic,correct,correct,False,True,0.4591479170272448,0.6666666666666667
trace_00006,trace_00093,arith_002,temporal_019,arithmetic,temporal_ordering,correct,incorrect,False,False,0.1908745046211096,0.33333333333333337
trace_00006,trace_00094,arith_002,causal_019,arithmetic,causal_micro_world,correct,correct,False,True,0.1908745046211096,0.33333333333333337
trace_00006,trace_00095,arith_002,commonsense_019,arithmetic,commonsense_multihop,correct,correct,False,True,0.1908745046211096,0.33333333333333337
trace_00006,trace_00096,arith_002,arith_020,arithmetic,arithmetic,correct,correct,True,True,0.6556390622295665,0.75
trace_00006,trace_00097,arith_002,logic_020,arithmetic,symbolic_logic,correct,incorrect,False,False,0.0,0.0
trace_00006,trace_00098,arith_002,temporal_020,arithmetic,temporal_ordering,correct,incorrect,False,False,0.5954372523105549,0.6666666666666666
trace_00006,trace_00099,arith_002,causal_020,arithmetic,causal_micro_world,correct,correct,False,True,0.5,0.5
trace_00006,trace_00100,arith_002,commonsense_020,arithmetic,commonsense_multihop,correct,correct,False,True,0.3958156020033583,0.6
trace_00007,trace_00008,logic_002,temporal_002,symbolic_logic,temporal_ordering,correct,correct,False,True,1.0,1.0
trace_00007,trace_00009,logic_002,causal_002,symbolic_logic,causal_micro_world,correct,correct,False,True,0.5954372523105549,0.6666666666666666
trace_00007,trace_00010,logic_002,commonsense_002,symbolic_logic,commonsense_multihop,correct,correct,False,True,0.020720839623908215,0.16666666666666666
trace_00007,trace_00011,logic_002,arith_003,symbolic_logic,arithmetic,correct,correct,False,True,0.6979078010016793,0.7999999999999999
trace_00007,trace_00012,logic_002,logic_003,symbolic_logic,symbolic_logic,correct,incorrect,True,False,0.1908745046211096,0.33333333333333337
trace_00007,trace_00013,logic_002,temporal_003,symbolic_logic,temporal_ordering,correct,incorrect,False,False,0.5954372523105549,0.6666666666666666
trace_00007,trace_00014,logic_002,causal_003,symbolic_logic,causal_micro_world,correct,correct,False,True,0.5954372523105549,0.6666666666666666
trace_00007,trace_00015,logic_002,commonsense_003,symbolic_logic,commonsense_multihop,correct,correct,False,True,0.3112781244591328,0.5
trace_00007,trace_00016,logic_002,arith_004,symbolic_logic,arithmetic,correct,correct,False,True,0.5954372523105548,0.6666666666666666
trace_00007,trace_00017,logic_002,logic_004,symbolic_logic,symbolic_logic,correct,correct,True,True,0.5954372523105548,0.6666666666666666
trace_00007,trace_00018,logic_002,temporal_004,symbolic_logic,temporal_ordering,correct,incorrect,False,False,0.5,0.5
trace_00007,trace_00019,logic_002,causal_004,symbolic_logic,causal_micro_world,correct,correct,False,True,0.1908745046211096,0.33333333333333337
trace_00007,trace_00020,logic_002,commonsense_004,symbolic_logic,commonsense_multihop,correct,incorrect,False,False,0.6556390622295665,0.75
trace_00007,trace_00021,logic_002,arith_005,symbolic_logic,arithmetic,correct,correct,False,True,0.42528358731335336,0.49999999999999994
trace_00007,trace_00022,logic_002,logic_005,symbolic_logic,symbolic_logic,correct,correct,True,True,0.5,0.5
trace_00007,trace_00023,logic_002,temporal_005,symbolic_logic,temporal_ordering,correct,correct,False,True,0.0,0.0
trace_00007,trace_00024,logic_002,causal_005,symbolic_logic,causal_micro_world,correct,correct,False,True,0.5954372523105549,0.6666666666666666
trace_00007,trace_00025,logic_002,commonsense_005,symbolic_logic,commonsense_multihop,correct,correct,False,True,1.0,1.0
trace_00007,trace_00026,logic_002,arith_006,symbolic_logic,arithmetic,correct,correct,False,True,0.3958156020033583,0.6
trace_00007,trace_00027,logic_002,logic_006,symbolic_logic,symbolic_logic,correct,correct,True,True,1.0,1.0
trace_00007,trace_00028,logic_002,temporal_006,symbolic_logic,temporal_ordering,correct,incorrect,False,False,1.0,1.0
trace_00007,trace_00029,logic_002,causal_006,symbolic_logic,causal_micro_world,correct,correct,False,True,0.5,0.5
trace_00007,trace_00030,logic_002,commonsense_006,symbolic_logic,commonsense_multihop,correct,incorrect,False,False,0.5954372523105549,0.6666666666666666
trace_00007,trace_00031,logic_002,arith_007,symbolic_logic,arithmetic,correct,correct,False,True,0.32501121082417717,0.5
trace_00007,trace_00032,logic_002,logic_007,symbolic_logic,symbolic_logic,correct,correct,True,True,1.0,1.0
trace_00007,trace_00033,logic_002,temporal_007,symbolic_logic,temporal_ordering,correct,correct,False,True,0.42528358731335336,0.5
trace_00007,trace_00034,logic_002,causal_007,symbolic_logic,causal_micro_world,correct,incorrect,False,False,0.5954372523105549,0.6666666666666666
trace_00007,trace_00035,logic_002,commonsense_007,symbolic_logic,commonsense_multihop,correct,incorrect,False,False,1.0,1.0
trace_00007,trace_00036,logic_002,arith_008,symbolic_logic,arithmetic,correct,correct,False,True,0.3958156020033583,0.6000000000000001
trace_00007,trace_00037,logic_002,logic_008,symbolic_logic,symbolic_logic,correct,correct,True,True,0.5,0.5
trace_00007,trace_00038,logic_002,temporal_008,symbolic_logic,temporal_ordering,correct,incorrect,False,False,0.5954372523105549,0.6666666666666666
trace_00007,trace_00039,logic_002,causal_008,symbolic_logic,causal_micro_world,correct,incorrect,False,False,0.0,0.0
trace_00007,trace_00040,logic_002,commonsense_008,symbolic_logic,commonsense_multihop,correct,incorrect,False,False,0.3112781244591328,0.5
trace_00007,trace_00041,logic_002,arith_009,symbolic_logic,arithmetic,correct,correct,False,True,0.2920608058685138,0.42857142857142855
trace_00007,trace_00042,logic_002,logic_009,symbolic_logic,symbolic_logic,correct,incorrect,True,False,0.6556390622295665,0.75
trace_00007,trace_00043,logic_002,temporal_009,symbolic_logic,temporal_ordering,correct,incorrect,False,False,0.1908745046211096,0.33333333333333337
trace_00007,trace_00044,logic_002,causal_009,symbolic_logic,causal_micro_world,correct,correct,False,True,0.5954372523105549,0.6666666666666666
trace_00007,trace_00045,logic_002,commonsense_009,symbolic_logic,commonsense_multihop,correct,incorrect,False,False,0.5540157730728,0.6
trace_00007,trace_00046,logic_002,arith_010,symbolic_logic,arithmetic,correct,correct,False,True,0.3958156020033583,0.6
trace_00007,trace_00047,logic_002,logic_010,symbolic_logic,symbolic_logic,correct,incorrect,True,False,0.3112781244591328,0.5
trace_00007,trace_00048,logic_002,temporal_010,symbolic_logic,temporal_ordering,correct,incorrect,False,False,0.5954372523105549,0.6666666666666666
trace_00007,trace_00049,logic_002,causal_010,symbolic_logic,causal_micro_world,correct,incorrect,False,False,0.5954372523105548,0.6666666666666667
trace_00007,trace_00050,logic_002,commonsense_010,symbolic_logic,commonsense_multihop,correct,correct,False,True,0.1908745046211096,0.33333333333333337
trace_00007,trace_00051,logic_002,arith_011,symbolic_logic,arithmetic,correct,incorrect,False,False,0.6556390622295665,0.75
trace_00007,trace_00052,logic_002,logic_011,symbolic_logic,symbolic_logic,correct,correct,True,True,0.5954372523105549,0.6666666666666666
trace_00007,trace_00053,logic_002,temporal_011,symbolic_logic,temporal_ordering,correct,incorrect,False,False,0.5,0.5
trace_00007,trace_00054,logic_002,causal_011,symbolic_logic,causal_micro_world,correct,incorrect,False,False,0.5954372523105549,0.6666666666666666
trace_00007,trace_00055,logic_002,commonsense_011,symbolic_logic,commonsense_multihop,correct,correct,False,True,1.0,0.9999999999999999
trace_00007,trace_00056,logic_002,arith_012,symbolic_logic,arithmetic,correct,correct,False,True,1.0,1.0
trace_00007,trace_00057,logic_002,logic_012,symbolic_logic,symbolic_logic,correct,correct,True,True,0.3112781244591328,0.5
trace_00007,trace_00058,logic_002,temporal_012,symbolic_logic,temporal_ordering,correct,incorrect,False,False,0.1908745046211096,0.33333333333333337
trace_00007,trace_00059,logic_002,causal_012,symbolic_logic,causal_micro_world,correct,correct,False,True,1.0,1.0
trace_00007,trace_00060,logic_002,commonsense_012,symbolic_logic,commonsense_multihop,correct,incorrect,False,False,0.42528358731335336,0.5
trace_00007,trace_00061,logic_002,arith_013,symbolic_logic,arithmetic,correct,correct,False,True,0.5954372523105549,0.6666666666666666
trace_00007,trace_00062,logic_002,logic_013,symbolic_logic,symbolic_logic,correct,correct,True,True,0.5540157730728,0.6000000000000001
trace_00007,trace_00063,logic_002,temporal_013,symbolic_logic,temporal_ordering,correct,incorrect,False,False,0.5,0.5
trace_00007,trace_00064,logic_002,causal_013,symbolic_logic,causal_micro_world,correct,incorrect,False,False,1.0,1.0
trace_00007,trace_00065,logic_002,commonsense_013,symbolic_logic,commonsense_multihop,correct,incorrect,False,False,0.3112781244591328,0.5
trace_00007,trace_00066,logic_002,arith_014,symbolic_logic,arithmetic,correct,correct,False,True,0.5954372523105549,0.6666666666666666
trace_00007,trace_00067,logic_002,logic_014,symbolic_logic,symbolic_logic,correct,incorrect,True,False,0.5954372523105548,0.6666666666666666
trace_00007,trace_00068,logic_002,temporal_014,symbolic_logic,temporal_ordering,correct,incorrect,False,False,0.1908745046211096,0.33333333333333337
trace_00007,trace_00069,logic_002,causal_014,symbolic_logic,causal_micro_world,correct,correct,False,True,0.5,0.5
trace_00007,trace_00070,logic_002,commonsense_014,symbolic_logic,commonsense_multihop,correct,correct,False,True,0.7295739585136223,0.8333333333333333
trace_00007,trace_00071,logic_002,arith_015,symbolic_logic,arithmetic,correct,correct,False,True,1.0,1.0
trace_00007,trace_00072,logic_002,logic_015,symbolic_logic,symbolic_logic,correct,incorrect,True,False,0.4591479170272448,0.6666666666666667
trace_00007,trace_00073,logic_002,temporal_015,symbolic_logic,temporal_ordering,correct,incorrect,False,False,0.3958156020033583,0.6
trace_00007,trace_00074,logic_002,causal_015,symbolic_logic,causal_micro_world,correct,correct,False,True,1.0,1.0
trace_00007,trace_00075,logic_002,commonsense_015,symbolic_logic,commonsense_multihop,correct,correct,False,True,0.1556390622295664,0.25
trace_00007,trace_00076,logic_002,arith_016,symbolic_logic,arithmetic,correct,correct,False,True,0.537697968674856,0.5714285714285714
trace_00007,trace_00077,logic_002,logic_016,symbolic_logic,symbolic_logic,correct,correct,True,True,0.5954372523105549,0.6666666666666666
trace_00007,trace_00078,logic_002,temporal_016,symbolic_logic,temporal_ordering,correct,incorrect,False,False,0.3112781244591328,0.5
trace_00007,trace_00079,logic_002,causal_016,symbolic_logic,causal_micro_world,correct,incorrect,False,False,0.5,0.5
trace_00007,trace_00080,logic_002,commonsense_016,symbolic_logic,commonsense_multihop,correct,correct,False,True,1.0,1.0
trace_00007,trace_00081,logic_002,arith_017,symbolic_logic,arithmetic,correct,correct,False,True,0.3112781244591328,0.5
trace_00007,trace_00082,logic_002,logic_017,symbolic_logic,symbolic_logic,correct,incorrect,True,False,0.5,0.5
trace_00007,trace_00083,logic_002,temporal_017,symbolic_logic,temporal_ordering,correct,incorrect,False,False,0.1908745046211096,0.33333333333333337
trace_00007,trace_00084,logic_002,causal_017,symbolic_logic,causal_micro_world,correct,correct,False,True,1.0,1.0
trace_00007,trace_00085,logic_002,commonsense_017,symbolic_logic,commonsense_multihop,correct,incorrect,False,False,0.5954372523105548,0.6666666666666666
trace_00007,trace_00086,logic_002,arith_018,symbolic_logic,arithmetic,correct,correct,False,True,0.5954372523105549,0.6666666666666666
trace_00007,trace_00087,logic_002,logic_018,symbolic_logic,symbolic_logic,correct,correct,True,True,0.1908745046211096,0.33333333333333337
trace_00007,trace_00088,logic_002,temporal_018,symbolic_logic,temporal_ordering,correct,incorrect,False,False,0.5,0.5
trace_00007,trace_00089,logic_002,causal_018,symbolic_logic,causal_micro_world,correct,correct,False,True,0.3112781244591328,0.5
trace_00007,trace_00090,logic_002,commonsense_018,symbolic_logic,commonsense_multihop,correct,incorrect,False,False,0.6556390622295665,0.75
trace_00007,trace_00091,logic_002,arith_019,symbolic_logic,arithmetic,correct,correct,False,True,0.3112781244591328,0.5
trace_00007,trace_00092,logic_002,logic_019,symbolic_logic,symbolic_logic,correct,correct,True,True,0.4591479170272448,0.6666666666666667
trace_00007,trace_00093,logic_002,temporal_019,symbolic_logic,temporal_ordering,correct,incorrect,False,False,0.5954372523105549,0.6666666666666666
trace_00007,trace_00094,logic_002,causal_019,symbolic_logic,causal_micro_world,correct,correct,False,True,0.1908745046211096,0.33333333333333337
trace_00007,trace_00095,logic_002,commonsense_019,symbolic_logic,commonsense_multihop,correct,correct,False,True,0.1908745046211096,0.33333333333333337
trace_00007,trace_00096,logic_002,arith_020,symbolic_logic,arithmetic,correct,correct,False,True,0.6556390622295665,0.75
trace_00007,trace_00097,logic_002,logic_020,symbolic_logic,symbolic_logic,correct,incorrect,True,False,0.5,0.5
trace_00007,trace_00098,logic_002,temporal_020,symbolic_logic,temporal_ordering,correct,incorrect,False,False,0.1908745046211096,0.33333333333333337
trace_00007,trace_00099,logic_002,causal_020,symbolic_logic,causal_micro_world,correct,correct,False,True,1.0,1.0
trace_00007,trace_00100,logic_002,commonsense_020,symbolic_logic,commonsense_multihop,correct,correct,False,True,0.2519235740744792,0.4
trace_00008,trace_00009,temporal_002,causal_002,temporal_ordering,causal_micro_world,correct,correct,False,True,0.1908745046211096,0.33333333333333337
trace_00008,trace_00010,temporal_002,commonsense_002,temporal_ordering,commonsense_multihop,correct,correct,False,True,1.0,1.0
trace_00008,trace_00011,temporal_002,arith_003,temporal_ordering,arithmetic,correct,correct,False,True,0.2519235740744792,0.4
trace_00008,trace_00012,temporal_002,logic_003,temporal_ordering,symbolic_logic,correct,incorrect,False,False,1.0,0.9999999999999999
trace_00008,trace_00013,temporal_002,temporal_003,temporal_ordering,temporal_ordering,correct,incorrect,True,False,0.5954372523105549,0.6666666666666666
trace_00008,trace_00014,temporal_002,causal_003,temporal_ordering,causal_micro_world,correct,correct,False,True,0.1908745046211096,0.33333333333333337
trace_00008,trace_00015,temporal_002,commonsense_003,temporal_ordering,commonsense_multihop,correct,correct,False,True,0.6556390622295665,0.75
trace_00008,trace_00016,temporal_002,arith_004,temporal_ordering,arithmetic,correct,correct,False,True,0.42528358731335336,0.5
trace_00008,trace_00017,temporal_002,logic_004,temporal_ordering,symbolic_logic,correct,correct,False,True,0.42528358731335336,0.5
trace_00008,trace_00018,temporal_002,temporal_004,temporal_ordering,temporal_ordering,correct,incorrect,True,False,0.5,0.5
trace_00008,trace_00019,temporal_002,causal_004,temporal_ordering,causal_micro_world,correct,correct,False,True,1.0,0.9999999999999999
trace_00008,trace_00020,temporal_002,commonsense_004,temporal_ordering,commonsense_multihop,correct,incorrect,False,False,0.5,0.5
trace_00008,trace_00021,temporal_002,arith_005,temporal_ordering,arithmetic,correct,correct,False,True,0.5954372523105548,0.6666666666666666
trace_00008,trace_00022,temporal_002,logic_005,temporal_ordering,symbolic_logic,correct,correct,False,True,0.5,0.5
trace_00008,trace_00023,temporal_002,temporal_005,temporal_ordering,temporal_ordering,correct,correct,True,True,1.0,1.0
trace_00008,trace_00024,temporal_002,causal_005,temporal_ordering,causal_micro_world,correct,correct,False,True,0.5954372523105549,0.6666666666666666
trace_00008,trace_00025,temporal_002,commonsense_005,temporal_ordering,commonsense_multihop,correct,correct,False,True,0.5,0.5
trace_00008,trace_00026,temporal_002,arith_006,temporal_ordering,arithmetic,correct,correct,False,True,0.2519235740744792,0.4
trace_00008,trace_00027,temporal_002,logic_006,temporal_ordering,symbolic_logic,correct,correct,False,True,0.5,0.5
trace_00008,trace_00028,temporal_002,temporal_006,temporal_ordering,temporal_ordering,correct,incorrect,True,False,1.0,1.0
trace_00008,trace_00029,temporal_002,causal_006,temporal_ordering,causal_micro_world,correct,correct,False,True,0.5,0.5
trace_00008,trace_00030,temporal_002,commonsense_006,temporal_ordering,commonsense_multihop,correct,incorrect,False,False,0.5954372523105549,0.6666666666666666
trace_00008,trace_00031,temporal_002,arith_007,temporal_ordering,arithmetic,correct,correct,False,True,0.32501121082417717,0.5
trace_00008,trace_00032,temporal_002,logic_007,temporal_ordering,symbolic_logic,correct,correct,False,True,0.5,0.5
trace_00008,trace_00033,temporal_002,temporal_007,temporal_ordering,temporal_ordering,correct,correct,True,True,1.0,0.9999999999999999
trace_00008,trace_00034,temporal_002,causal_007,temporal_ordering,causal_micro_world,correct,incorrect,False,False,0.5954372523105549,0.6666666666666666
trace_00008,trace_00035,temporal_002,commonsense_007,temporal_ordering,commonsense_multihop,correct,incorrect,False,False,0.37519620693013067,0.5
trace_00008,trace_00036,temporal_002,arith_008,temporal_ordering,arithmetic,correct,correct,False,True,0.6979078010016793,0.8
trace_00008,trace_00037,temporal_002,logic_008,temporal_ordering,symbolic_logic,correct,correct,False,True,1.0,1.0
trace_00008,trace_00038,temporal_002,temporal_008,temporal_ordering,temporal_ordering,correct,incorrect,True,False,0.5954372523105549,0.6666666666666666
trace_00008,trace_00039,temporal_002,causal_008,temporal_ordering,causal_micro_world,correct,incorrect,False,False,1.0,1.0
trace_00008,trace_00040,temporal_002,commonsense_008,temporal_ordering,commonsense_multihop,correct,incorrect,False,False,1.0,1.0
trace_00008,trace_00041,temporal_002,arith_009,temporal_ordering,arithmetic,correct,correct,False,True,0.38285343181483494,0.5714285714285714
trace_00008,trace_00042,temporal_002,logic_009,temporal_ordering,symbolic_logic,correct,incorrect,False,False,0.6556390622295665,0.75
trace_00008,trace_00043,temporal_002,temporal_009,temporal_ordering,temporal_ordering,correct,incorrect,True,False,0.5954372523105549,0.6666666666666666
trace_00008,trace_00044,temporal_002,causal_009,temporal_ordering,causal_micro_world,correct,correct,False,True,0.5954372523105549,0.6666666666666666
trace_00008,trace_00045,temporal_002,commonsense_009,temporal_ordering,commonsense_multihop,correct,incorrect,False,False,0.3958156020033583,0.6
trace_00008,trace_00046,temporal_002,arith_010,temporal_ordering,arithmetic,correct,correct,False,True,0.3958156020033583,0.6
trace_00008,trace_00047,temporal_002,logic_010,temporal_ordering,symbolic_logic,correct,incorrect,False,False,1.0,1.0
trace_00008,trace_00048,temporal_002,temporal_010,temporal_ordering,temporal_ordering,correct,incorrect,True,False,0.5954372523105549,0.6666666666666666
trace_00008,trace_00049,temporal_002,causal_010,temporal_ordering,causal_micro_world,correct,incorrect,False,False,1.0,1.0
trace_00008,trace_00050,temporal_002,commonsense_010,temporal_ordering,commonsense_multihop,correct,correct,False,True,1.0,0.9999999999999999
trace_00008,trace_00051,temporal_002,arith_011,temporal_ordering,arithmetic,correct,incorrect,False,False,0.5,0.5
trace_00008,trace_00052,temporal_002,logic_011,temporal_ordering,symbolic_logic,correct,correct,False,True,0.5954372523105549,0.6666666666666666
trace_00008,trace_00053,temporal_002,temporal_011,temporal_ordering,temporal_ordering,correct,incorrect,True,False,0.5,0.5
trace_00008,trace_00054,temporal_002,causal_011,temporal_ordering,causal_micro_world,correct,incorrect,False,False,0.5954372523105549,0.6666666666666666
trace_00008,trace_00055,temporal_002,commonsense_011,temporal_ordering,commonsense_multihop,correct,correct,False,True,0.38285343181483494,0.5714285714285714
trace_00008,trace_00056,temporal_002,arith_012,temporal_ordering,arithmetic,correct,correct,False,True,0.5,0.5
trace_00008,trace_00057,temporal_002,logic_012,temporal_ordering,symbolic_logic,correct,correct,False,True,1.0,1.0
trace_00008,trace_00058,temporal_002,temporal_012,temporal_ordering,temporal_ordering,correct,incorrect,True,False,0.5954372523105549,0.6666666666666666
trace_00008,trace_00059,temporal_002,causal_012,temporal_ordering,causal_micro_world,correct,correct,False,True,0.5,0.5
trace_00008,trace_00060,temporal_002,commonsense_012,temporal_ordering,commonsense_multihop,correct,incorrect,False,False,1.0,0.9999999999999999
trace_00008,trace_00061,temporal_002,arith_013,temporal_ordering,arithmetic,correct,correct,False,True,0.32501121082417717,0.5
trace_00008,trace_00062,temporal_002,logic_013,temporal_ordering,symbolic_logic,correct,correct,False,True,0.5540157730728001,0.6000000000000001
trace_00008,trace_00063,temporal_002,temporal_013,temporal_ordering,temporal_ordering,correct,incorrect,True,False,1.0,1.0
trace_00008,trace_00064,temporal_002,causal_013,temporal_ordering,causal_micro_world,correct,incorrect,False,False,0.5954372523105548,0.6666666666666666
trace_00008,trace_00065,temporal_002,commonsense_013,temporal_ordering,commonsense_multihop,correct,incorrect,False,False,0.6556390622295665,0.75
trace_00008,trace_00066,temporal_002,arith_014,temporal_ordering,arithmetic,correct,correct,False,True,0.5954372523105548,0.6666666666666666
trace_00008,trace_00067,temporal_002,logic_014,temporal_ordering,symbolic_logic,correct,incorrect,False,False,0.42528358731335336,0.5
trace_00008,trace_00068,temporal_002,temporal_014,temporal_ordering,temporal_ordering,correct,incorrect,True,False,1.0,0.9999999999999999
trace_00008,trace_00069,temporal_002,causal_014,temporal_ordering,causal_micro_world,correct,correct,False,True,1.0,1.0
trace_00008,trace_00070,temporal_002,commonsense_014,temporal_ordering,commonsense_multihop,correct,correct,False,True,0.5954372523105549,0.6666666666666667
trace_00008,trace_00071,temporal_002,arith_015,temporal_ordering,arithmetic,correct,correct,False,True,0.5,0.5
trace_00008,trace_00072,temporal_002,logic_015,temporal_ordering,symbolic_logic,correct,incorrect,False,False,1.0,1.0
trace_00008,trace_00073,temporal_002,temporal_015,temporal_ordering,temporal_ordering,correct,incorrect,True,False,0.5540157730728,0.6
trace_00008,trace_00074,temporal_002,causal_015,temporal_ordering,causal_micro_world,correct,correct,False,True,0.3112781244591328,0.5
trace_00008,trace_00075,temporal_002,commonsense_015,temporal_ordering,commonsense_multihop,correct,correct,False,True,1.0,1.0
trace_00008,trace_00076,temporal_002,arith_016,temporal_ordering,arithmetic,correct,correct,False,True,0.5087256743873156,0.7142857142857143
trace_00008,trace_00077,temporal_002,logic_016,temporal_ordering,symbolic_logic,correct,correct,False,True,0.5954372523105549,0.6666666666666666
trace_00008,trace_00078,temporal_002,temporal_016,temporal_ordering,temporal_ordering,correct,incorrect,True,False,0.6556390622295665,0.75
trace_00008,trace_00079,temporal_002,causal_016,temporal_ordering,causal_micro_world,correct,incorrect,False,False,1.0,1.0
trace_00008,trace_00080,temporal_002,commonsense_016,temporal_ordering,commonsense_multihop,correct,correct,False,True,0.5,0.5
trace_00008,trace_00081,temporal_002,arith_017,temporal_ordering,arithmetic,correct,correct,False,True,0.6556390622295665,0.75
trace_00008,trace_00082,temporal_002,logic_017,temporal_ordering,symbolic_logic,correct,incorrect,False,False,0.5,0.5
trace_00008,trace_00083,temporal_002,temporal_017,temporal_ordering,temporal_ordering,correct,incorrect,True,False,1.0,0.9999999999999999
trace_00008,trace_00084,temporal_002,causal_017,temporal_ordering,causal_micro_world,correct,correct,False,True,0.5,0.5
trace_00008,trace_00085,temporal_002,commonsense_017,temporal_ordering,commonsense_multihop,correct,incorrect,False,False,0.42528358731335336,0.5
trace_00008,trace_00086,temporal_002,arith_018,temporal_ordering,arithmetic,correct,correct,False,True,0.5954372523105548,0.6666666666666666
trace_00008,trace_00087,temporal_002,logic_018,temporal_ordering,symbolic_logic,correct,correct,False,True,1.0,0.9999999999999999
trace_00008,trace_00088,temporal_002,temporal_018,temporal_ordering,temporal_ordering,correct,incorrect,True,False,1.0,1.0
trace_00008,trace_00089,temporal_002,causal_018,temporal_ordering,causal_micro_world,correct,correct,False,True,0.3112781244591328,0.5
trace_00008,trace_00090,temporal_002,commonsense_018,temporal_ordering,commonsense_multihop,correct,incorrect,False,False,0.6556390622295665,0.75
trace_00008,trace_00091,temporal_002,arith_019,temporal_ordering,arithmetic,correct,correct,False,True,0.6556390622295665,0.75
trace_00008,trace_00092,temporal_002,logic_019,temporal_ordering,symbolic_logic,correct,correct,False,True,0.7295739585136223,0.8333333333333333
trace_00008,trace_00093,temporal_002,temporal_019,temporal_ordering,temporal_ordering,correct,incorrect,True,False,0.5954372523105549,0.6666666666666666
trace_00008,trace_00094,temporal_002,causal_019,temporal_ordering,causal_micro_world,correct,correct,False,True,0.5954372523105549,0.6666666666666666
trace_00008,trace_00095,temporal_002,commonsense_019,temporal_ordering,commonsense_multihop,correct,correct,False,True,0.5954372523105549,0.6666666666666666
trace_00008,trace_00096,temporal_002,arith_020,temporal_ordering,arithmetic,correct,correct,False,True,0.3112781244591328,0.5
trace_00008,trace_00097,temporal_002,logic_020,temporal_ordering,symbolic_logic,correct,incorrect,False,False,0.5,0.5
trace_00008,trace_00098,temporal_002,temporal_020,temporal_ordering,temporal_ordering,correct,incorrect,True,False,0.5954372523105548,0.6666666666666666
trace_00008,trace_00099,temporal_002,causal_020,temporal_ordering,causal_micro_world,correct,correct,False,True,0.5,0.5
trace_00008,trace_00100,temporal_002,commonsense_020,temporal_ordering,commonsense_multihop,correct,correct,False,True,0.6979078010016793,0.8
trace_00009,trace_00010,causal_002,commonsense_002,causal_micro_world,commonsense_multihop,correct,correct,False,True,0.6666666666666666,0.6666666666666666
trace_00009,trace_00011,causal_002,arith_003,causal_micro_world,arithmetic,correct,correct,False,True,0.1264907875651346,0.26666666666666666
trace_00009,trace_00012,causal_002,logic_003,causal_micro_world,symbolic_logic,correct,incorrect,False,False,0.6666666666666666,0.6666666666666666
trace_00009,trace_00013,causal_002,temporal_003,causal_micro_world,temporal_ordering,correct,incorrect,False,False,0.3333333333333333,0.3333333333333333
trace_00009,trace_00014,causal_002,causal_003,causal_micro_world,causal_micro_world,correct,correct,True,True,0.0,0.0
trace_00009,trace_00015,causal_002,commonsense_003,causal_micro_world,commonsense_multihop,correct,correct,False,True,0.42528358731335336,0.5
trace_00009,trace_00016,causal_002,arith_004,causal_micro_world,arithmetic,correct,correct,False,True,0.5408520829727551,0.6666666666666666
trace_00009,trace_00017,causal_002,logic_004,causal_micro_world,symbolic_logic,correct,correct,False,True,0.20751874963942185,0.3333333333333333
trace_00009,trace_00018,causal_002,temporal_004,causal_micro_world,temporal_ordering,correct,incorrect,False,False,0.5954372523105549,0.6666666666666666
trace_00009,trace_00019,causal_002,causal_004,causal_micro_world,causal_micro_world,correct,correct,True,True,0.6666666666666666,0.6666666666666666
trace_00009,trace_00020,causal_002,commonsense_004,causal_micro_world,commonsense_multihop,correct,incorrect,False,False,0.5954372523105549,0.6666666666666666
trace_00009,trace_00021,causal_002,arith_005,causal_micro_world,arithmetic,correct,correct,False,True,0.6666666666666666,0.6666666666666666
trace_00009,trace_00022,causal_002,logic_005,causal_micro_world,symbolic_logic,correct,correct,False,True,0.5954372523105549,0.6666666666666666
trace_00009,trace_00023,causal_002,temporal_005,causal_micro_world,temporal_ordering,correct,correct,False,True,0.5954372523105549,0.6666666666666666
trace_00009,trace_00024,causal_002,causal_005,causal_micro_world,causal_micro_world,correct,correct,True,True,0.3333333333333333,0.3333333333333333
trace_00009,trace_00025,causal_002,commonsense_005,causal_micro_world,commonsense_multihop,correct,correct,False,True,0.5954372523105549,0.6666666666666666
trace_00009,trace_00026,causal_002,arith_006,causal_micro_world,arithmetic,correct,correct,False,True,0.1264907875651346,0.26666666666666666
trace_00009,trace_00027,causal_002,logic_006,causal_micro_world,symbolic_logic,correct,correct,False,True,0.5954372523105549,0.6666666666666666
trace_00009,trace_00028,causal_002,temporal_006,causal_micro_world,temporal_ordering,correct,incorrect,False,False,1.0,0.9999999999999999
trace_00009,trace_00029,causal_002,causal_006,causal_micro_world,causal_micro_world,correct,correct,True,True,0.1908745046211096,0.33333333333333337
trace_00009,trace_00030,causal_002,commonsense_006,causal_micro_world,commonsense_multihop,correct,incorrect,False,False,0.6666666666666666,0.6666666666666666
trace_00009,trace_00031,causal_002,arith_007,causal_micro_world,arithmetic,correct,correct,False,True,0.10375937481971093,0.16666666666666666
trace_00009,trace_00032,causal_002,logic_007,causal_micro_world,symbolic_logic,correct,correct,False,True,0.5954372523105549,0.6666666666666666
trace_00009,trace_00033,causal_002,temporal_007,causal_micro_world,temporal_ordering,correct,correct,False,True,1.0,0.9999999999999999
trace_00009,trace_00034,causal_002,causal_007,causal_micro_world,causal_micro_world,correct,incorrect,True,False,0.3333333333333333,0.3333333333333333
trace_00009,trace_00035,causal_002,commonsense_007,causal_micro_world,commonsense_multihop,correct,incorrect,False,False,0.5047440727278306,0.6666666666666666
trace_00009,trace_00036,causal_002,arith_008,causal_micro_world,arithmetic,correct,correct,False,True,0.490968531773352,0.6
trace_00009,trace_00037,causal_002,logic_008,causal_micro_world,symbolic_logic,correct,correct,False,True,0.5954372523105549,0.6666666666666666
trace_00009,trace_00038,causal_002,temporal_008,causal_micro_world,temporal_ordering,correct,incorrect,False,False,0.3333333333333333,0.3333333333333333
trace_00009,trace_00039,causal_002,causal_008,causal_micro_world,causal_micro_world,correct,incorrect,True,False,0.5954372523105549,0.6666666666666666
trace_00009,trace_00040,causal_002,commonsense_008,causal_micro_world,commonsense_multihop,correct,incorrect,False,False,0.7126417936566767,0.7499999999999999
trace_00009,trace_00041,causal_002,arith_009,causal_micro_world,arithmetic,correct,correct,False,True,0.2721363128162408,0.4285714285714286
trace_00009,trace_00042,causal_002,logic_009,causal_micro_world,symbolic_logic,correct,incorrect,False,False,0.42528358731335336,0.5
trace_00009,trace_00043,causal_002,temporal_009,causal_micro_world,temporal_ordering,correct,incorrect,False,False,0.3333333333333333,0.3333333333333333
trace_00009,trace_00044,causal_002,causal_009,causal_micro_world,causal_micro_world,correct,correct,True,True,0.3333333333333333,0.3333333333333333
trace_00009,trace_00045,causal_002,commonsense_009,causal_micro_world,commonsense_multihop,correct,incorrect,False,False,0.1264907875651346,0.26666666666666666
trace_00009,trace_00046,causal_002,arith_010,causal_micro_world,arithmetic,correct,correct,False,True,0.236452797660028,0.39999999999999997
trace_00009,trace_00047,causal_002,logic_010,causal_micro_world,symbolic_logic,correct,incorrect,False,False,1.0,0.9999999999999999
trace_00009,trace_00048,causal_002,temporal_010,causal_micro_world,temporal_ordering,correct,incorrect,False,False,0.6666666666666666,0.6666666666666666
trace_00009,trace_00049,causal_002,causal_010,causal_micro_world,causal_micro_world,correct,incorrect,True,False,1.0,0.9999999999999999
trace_00009,trace_00050,causal_002,commonsense_010,causal_micro_world,commonsense_multihop,correct,correct,False,True,0.6666666666666666,0.6666666666666666
trace_00009,trace_00051,causal_002,arith_011,causal_micro_world,arithmetic,correct,incorrect,False,False,0.5954372523105548,0.6666666666666666
trace_00009,trace_00052,causal_002,logic_011,causal_micro_world,symbolic_logic,correct,correct,False,True,0.6666666666666666,0.6666666666666666
trace_00009,trace_00053,causal_002,temporal_011,causal_micro_world,temporal_ordering,correct,incorrect,False,False,0.1908745046211096,0.33333333333333337
trace_00009,trace_00054,causal_002,causal_011,causal_micro_world,causal_micro_world,correct,incorrect,True,False,0.3333333333333333,0.3333333333333333
trace_00009,trace_00055,causal_002,commonsense_011,causal_micro_world,commonsense_multihop,correct,correct,False,True,0.48196747929973904,0.5714285714285714
trace_00009,trace_00056,causal_002,arith_012,causal_micro_world,arithmetic,correct,correct,False,True,0.5954372523105548,0.6666666666666666
trace_00009,trace_00057,causal_002,logic_012,causal_micro_world,symbolic_logic,correct,correct,False,True,1.0,0.9999999999999999
trace_00009,trace_00058,causal_002,temporal_012,causal_micro_world,temporal_ordering,correct,incorrect,False,False,0.3333333333333333,0.3333333333333333
trace_00009,trace_00059,causal_002,causal_012,causal_micro_world,causal_micro_world,correct,correct,True,True,0.5954372523105548,0.6666666666666666
trace_00009,trace_00060,causal_002,commonsense_012,causal_micro_world,commonsense_multihop,correct,incorrect,False,False,0.5408520829727551,0.6666666666666666
trace_00009,trace_00061,causal_002,arith_013,causal_micro_world,arithmetic,correct,correct,False,True,0.43709270815304424,0.49999999999999994
trace_00009,trace_00062,causal_002,logic_013,causal_micro_world,symbolic_logic,correct,correct,False,True,0.27104451158356513,0.33333333333333337
trace_00009,trace_00063,causal_002,temporal_013,causal_micro_world,temporal_ordering,correct,incorrect,False,False,0.5954372523105549,0.6666666666666666
trace_00009,trace_00064,causal_002,causal_013,causal_micro_world,causal_micro_world,correct,incorrect,True,False,0.6666666666666666,0.6666666666666666
trace_00009,trace_00065,causal_002,commonsense_013,causal_micro_world,commonsense_multihop,correct,incorrect,False,False,0.42528358731335336,0.5
trace_00009,trace_00066,causal_002,arith_014,causal_micro_world,arithmetic,correct,correct,False,True,0.6666666666666666,0.6666666666666666
trace_00009,trace_00067,causal_002,logic_014,causal_micro_world,symbolic_logic,correct,incorrect,False,False,0.5408520829727551,0.6666666666666666
trace_00009,trace_00068,causal_002,temporal_014,causal_micro_world,temporal_ordering,correct,incorrect,False,False,0.6666666666666666,0.6666666666666666
trace_00009,trace_00069,causal_002,causal_014,causal_micro_world,causal_micro_world,correct,correct,True,True,0.5954372523105549,0.6666666666666666
trace_00009,trace_00070,causal_002,commonsense_014,causal_micro_world,commonsense_multihop,correct,correct,False,True,0.6666666666666666,0.6666666666666666
trace_00009,trace_00071,causal_002,arith_015,causal_micro_world,arithmetic,correct,correct,False,True,0.5954372523105548,0.6666666666666666
trace_00009,trace_00072,causal_002,logic_015,causal_micro_world,symbolic_logic,correct,incorrect,False,False,0.7704260414863775,0.8333333333333333
trace_00009,trace_00073,causal_002,temporal_015,causal_micro_world,temporal_ordering,correct,incorrect,False,False,0.3810065216784586,0.4666666666666667
trace_00009,trace_00074,causal_002,causal_015,causal_micro_world,causal_micro_world,correct,correct,True,True,0.4591479170272448,0.6666666666666666
trace_00009,trace_00075,causal_002,commonsense_015,causal_micro_world,commonsense_multihop,correct,correct,False,True,0.5954372523105549,0.6666666666666666
trace_00009,trace_00076,causal_002,arith_016,causal_micro_world,arithmetic,correct,correct,False,True,0.5803376670330035,0.7142857142857143
trace_00009,trace_00077,causal_002,logic_016,causal_micro_world,symbolic_logic,correct,correct,False,True,0.3333333333333333,0.3333333333333333
trace_00009,trace_00078,causal_002,temporal_016,causal_micro_world,temporal_ordering,correct,incorrect,False,False,0.42528358731335336,0.5
trace_00009,trace_00079,causal_002,causal_016,causal_micro_world,causal_micro_world,correct,incorrect,True,False,0.5954372523105549,0.6666666666666666
trace_00009,trace_00080,causal_002,commonsense_016,causal_micro_world,commonsense_multihop,correct,correct,False,True,0.5954372523105549,0.6666666666666666
trace_00009,trace_00081,causal_002,arith_017,causal_micro_world,arithmetic,correct,correct,False,True,0.42528358731335336,0.5
trace_00009,trace_00082,causal_002,logic_017,causal_micro_world,symbolic_logic,correct,incorrect,False,False,0.5954372523105549,0.6666666666666666
trace_00009,trace_00083,causal_002,temporal_017,causal_micro_world,temporal_ordering,correct,incorrect,False,False,0.6666666666666666,0.6666666666666666
trace_00009,trace_00084,causal_002,causal_017,causal_micro_world,causal_micro_world,correct,correct,True,True,0.5954372523105549,0.6666666666666666
trace_00009,trace_00085,causal_002,commonsense_017,causal_micro_world,commonsense_multihop,correct,incorrect,False,False,0.20751874963942185,0.3333333333333333
trace_00009,trace_00086,causal_002,arith_018,causal_micro_world,arithmetic,correct,correct,False,True,0.6666666666666666,0.6666666666666666
trace_00009,trace_00087,causal_002,logic_018,causal_micro_world,symbolic_logic,correct,correct,False,True,0.6666666666666666,0.6666666666666666
trace_00009,trace_00088,causal_002,temporal_018,causal_micro_world,temporal_ordering,correct,incorrect,False,False,0.5954372523105549,0.6666666666666666
trace_00009,trace_00089,causal_002,causal_018,causal_micro_world,causal_micro_world,correct,correct,True,True,0.13792538097003013,0.24999999999999997
trace_00009,trace_00090,causal_002,commonsense_018,causal_micro_world,commonsense_multihop,correct,incorrect,False,False,0.7126417936566767,0.7499999999999999
trace_00009,trace_00091,causal_002,arith_019,causal_micro_world,arithmetic,correct,correct,False,True,0.42528358731335336,0.5
trace_00009,trace_00092,causal_002,logic_019,causal_micro_world,symbolic_logic,correct,correct,False,True,0.5408520829727552,0.6666666666666666
trace_00009,trace_00093,causal_002,temporal_019,causal_micro_world,temporal_ordering,correct,incorrect,False,False,0.3333333333333333,0.3333333333333333
trace_00009,trace_00094,causal_002,causal_019,causal_micro_world,causal_micro_world,correct,correct,True,True,0.3333333333333333,0.3333333333333333
trace_00009,trace_00095,causal_002,commonsense_019,causal_micro_world,commonsense_multihop,correct,correct,False,True,0.3333333333333333,0.3333333333333333
trace_00009,trace_00096,causal_002,arith_020,causal_micro_world,arithmetic,correct,correct,False,True,0.42528358731335336,0.5
trace_00009,trace_00097,causal_002,logic_020,causal_micro_world,symbolic_logic,correct,incorrect,False,False,0.1908745046211096,0.33333333333333337
trace_00009,trace_00098,causal_002,temporal_020,causal_micro_world,temporal_ordering,correct,incorrect,False,False,0.3333333333333333,0.3333333333333333
trace_00009,trace_00099,causal_002,causal_020,causal_micro_world,causal_micro_world,correct,correct,True,True,0.5954372523105549,0.6666666666666666
trace_00009,trace_00100,causal_002,commonsense_020,causal_micro_world,commonsense_multihop,correct,correct,False,True,0.490968531773352,0.6
trace_00010,trace_00011,commonsense_002,arith_003,commonsense_multihop,arithmetic,correct,correct,False,True,0.745484265886676,0.7999999999999999
trace_00010,trace_00012,commonsense_002,logic_003,commonsense_multihop,symbolic_logic,correct,incorrect,False,False,0.20751874963942185,0.3333333333333333
trace_00010,trace_00013,commonsense_002,temporal_003,commonsense_multihop,temporal_ordering,correct,incorrect,False,False,0.6666666666666666,0.6666666666666666
trace_00010,trace_00014,commonsense_002,causal_003,commonsense_multihop,causal_micro_world,correct,correct,False,True,0.6666666666666666,0.6666666666666666
trace_00010,trace_00015,commonsense_002,commonsense_003,commonsense_multihop,commonsense_multihop,correct,correct,True,True,0.32518928103806,0.5
trace_00010,trace_00016,commonsense_002,arith_004,commonsense_multihop,arithmetic,correct,correct,False,True,0.5408520829727551,0.6666666666666666
trace_00010,trace_00017,commonsense_002,logic_004,commonsense_multihop,symbolic_logic,correct,correct,False,True,0.6666666666666666,0.6666666666666666
trace_00010,trace_00018,commonsense_002,temporal_004,commonsense_multihop,temporal_ordering,correct,incorrect,False,False,0.42528358731335336,0.49999999999999994
trace_00010,trace_00019,commonsense_002,causal_004,commonsense_multihop,causal_micro_world,correct,correct,False,True,0.20751874963942185,0.3333333333333333
trace_00010,trace_00020,commonsense_002,commonsense_004,commonsense_multihop,commonsense_multihop,correct,incorrect,True,False,0.6125474873813833,0.75
trace_00010,trace_00021,commonsense_002,arith_005,commonsense_multihop,arithmetic,correct,correct,False,True,0.3333333333333333,0.3333333333333333
trace_00010,trace_00022,commonsense_002,logic_005,commonsense_multihop,symbolic_logic,correct,correct,False,True,0.42528358731335336,0.49999999999999994
trace_00010,trace_00023,commonsense_002,temporal_005,commonsense_multihop,temporal_ordering,correct,correct,False,True,0.020720839623908215,0.16666666666666666
trace_00010,trace_00024,commonsense_002,causal_005,commonsense_multihop,causal_micro_world,correct,correct,False,True,0.6666666666666666,0.6666666666666666
trace_00010,trace_00025,commonsense_002,commonsense_005,commonsense_multihop,commonsense_multihop,correct,correct,True,True,1.0,1.0
trace_00010,trace_00026,commonsense_002,arith_006,commonsense_multihop,arithmetic,correct,correct,False,True,0.4077660030601058,0.6
trace_00010,trace_00027,commonsense_002,logic_006,commonsense_multihop,symbolic_logic,correct,correct,False,True,1.0,1.0
trace_00010,trace_00028,commonsense_002,temporal_006,commonsense_multihop,temporal_ordering,correct,incorrect,False,False,1.0,1.0
trace_00010,trace_00029,commonsense_002,causal_006,commonsense_multihop,causal_micro_world,correct,correct,False,True,0.5954372523105548,0.6666666666666667
trace_00010,trace_00030,commonsense_002,commonsense_006,commonsense_multihop,commonsense_multihop,correct,incorrect,True,False,0.5408520829727551,0.6666666666666666
trace_00010,trace_00031,commonsense_002,arith_007,commonsense_multihop,arithmetic,correct,correct,False,True,0.3658632937969324,0.49999999999999994
trace_00010,trace_00032,commonsense_002,logic_007,commonsense_multihop,symbolic_logic,correct,correct,False,True,1.0,1.0
trace_00010,trace_00033,commonsense_002,temporal_007,commonsense_multihop,temporal_ordering,correct,correct,False,True,0.3333333333333333,0.3333333333333333
trace_00010,trace_00034,commonsense_002,causal_007,commonsense_multihop,causal_micro_world,correct,incorrect,False,False,0.6666666666666666,0.6666666666666666
trace_00010,trace_00035,commonsense_002,commonsense_007,commonsense_multihop,commonsense_multihop,correct,incorrect,True,False,1.0,0.9999999999999999
trace_00010,trace_00036,commonsense_002,arith_008,commonsense_multihop,arithmetic,correct,correct,False,True,0.4077660030601058,0.6
trace_00010,trace_00037,commonsense_002,logic_008,commonsense_multihop,symbolic_logic,correct,correct,False,True,0.5954372523105548,0.6666666666666666
trace_00010,trace_00038,commonsense_002,temporal_008,commonsense_multihop,temporal_ordering,correct,incorrect,False,False,0.6666666666666666,0.6666666666666666
trace_00010,trace_00039,commonsense_002,causal_008,commonsense_multihop,causal_micro_world,correct,incorrect,False,False,0.020720839623908215,0.16666666666666666
trace_00010,trace_00040,commonsense_002,commonsense_008,commonsense_multihop,commonsense_multihop,correct,incorrect,True,False,0.32518928103806,0.5
trace_00010,trace_00041,commonsense_002,arith_009,commonsense_multihop,arithmetic,correct,correct,False,True,0.26136809381354875,0.42857142857142855
trace_00010,trace_00042,commonsense_002,logic_009,commonsense_multihop,symbolic_logic,correct,incorrect,False,False,0.7126417936566767,0.75
trace_00010,trace_00043,commonsense_002,temporal_009,commonsense_multihop,temporal_ordering,correct,incorrect,False,False,0.20751874963942185,0.3333333333333333
trace_00010,trace_00044,commonsense_002,causal_009,commonsense_multihop,causal_micro_world,correct,correct,False,True,0.6666666666666666,0.6666666666666666
trace_00010,trace_00045,commonsense_002,commonsense_009,commonsense_multihop,commonsense_multihop,correct,incorrect,True,False,0.6355222557917826,0.6666666666666666
trace_00010,trace_00046,commonsense_002,arith_010,commonsense_multihop,arithmetic,correct,correct,False,True,0.4077660030601058,0.6
trace_00010,trace_00047,commonsense_002,logic_010,commonsense_multihop,symbolic_logic,correct,incorrect,False,False,0.1908745046211096,0.33333333333333337
trace_00010,trace_00048,commonsense_002,temporal_010,commonsense_multihop,temporal_ordering,correct,incorrect,False,False,0.5408520829727551,0.6666666666666666
trace_00010,trace_00049,commonsense_002,causal_010,commonsense_multihop,causal_micro_world,correct,incorrect,False,False,0.5408520829727551,0.6666666666666666
trace_00010,trace_00050,commonsense_002,commonsense_010,commonsense_multihop,commonsense_multihop,correct,correct,True,True,0.20751874963942185,0.3333333333333333
trace_00010,trace_00051,commonsense_002,arith_011,commonsense_multihop,arithmetic,correct,incorrect,False,False,0.6125474873813833,0.75
trace_00010,trace_00052,commonsense_002,logic_011,commonsense_multihop,symbolic_logic,correct,correct,False,True,0.5408520829727551,0.6666666666666666
trace_00010,trace_00053,commonsense_002,temporal_011,commonsense_multihop,temporal_ordering,correct,incorrect,False,False,0.5954372523105548,0.6666666666666667
trace_00010,trace_00054,commonsense_002,causal_011,commonsense_multihop,causal_micro_world,correct,incorrect,False,False,0.6666666666666666,0.6666666666666666
trace_00010,trace_00055,commonsense_002,commonsense_011,commonsense_multihop,commonsense_multihop,correct,correct,True,True,1.0,0.9999999999999999
trace_00010,trace_00056,commonsense_002,arith_012,commonsense_multihop,arithmetic,correct,correct,False,True,1.0,1.0
trace_00010,trace_00057,commonsense_002,logic_012,commonsense_multihop,symbolic_logic,correct,correct,False,True,0.1908745046211096,0.33333333333333337
trace_00010,trace_00058,commonsense_002,temporal_012,commonsense_multihop,temporal_ordering,correct,incorrect,False,False,0.20751874963942185,0.3333333333333333
trace_00010,trace_00059,commonsense_002,causal_012,commonsense_multihop,causal_micro_world,correct,correct,False,True,1.0,1.0
trace_00010,trace_00060,commonsense_002,commonsense_012,commonsense_multihop,commonsense_multihop,correct,incorrect,True,False,0.5408520829727551,0.6666666666666666
trace_00010,trace_00061,commonsense_002,arith_013,commonsense_multihop,arithmetic,correct,correct,False,True,0.5408520829727551,0.6666666666666666
trace_00010,trace_00062,commonsense_002,logic_013,commonsense_multihop,symbolic_logic,correct,correct,False,True,0.6355222557917826,0.6666666666666667
trace_00010,trace_00063,commonsense_002,temporal_013,commonsense_multihop,temporal_ordering,correct,incorrect,False,False,0.5954372523105548,0.6666666666666666
trace_00010,trace_00064,commonsense_002,causal_013,commonsense_multihop,causal_micro_world,correct,incorrect,False,False,1.0,1.0
trace_00010,trace_00065,commonsense_002,commonsense_013,commonsense_multihop,commonsense_multihop,correct,incorrect,True,False,0.32518928103806,0.5
trace_00010,trace_00066,commonsense_002,arith_014,commonsense_multihop,arithmetic,correct,correct,False,True,0.5408520829727551,0.6666666666666666
trace_00010,trace_00067,commonsense_002,logic_014,commonsense_multihop,symbolic_logic,correct,incorrect,False,False,0.5408520829727551,0.6666666666666666
trace_00010,trace_00068,commonsense_002,temporal_014,commonsense_multihop,temporal_ordering,correct,incorrect,False,False,0.20751874963942185,0.3333333333333333
trace_00010,trace_00069,commonsense_002,causal_014,commonsense_multihop,causal_micro_world,correct,correct,False,True,0.5954372523105548,0.6666666666666666
trace_00010,trace_00070,commonsense_002,commonsense_014,commonsense_multihop,commonsense_multihop,correct,correct,True,True,0.6991966271302656,0.8333333333333333
trace_00010,trace_00071,commonsense_002,arith_015,commonsense_multihop,arithmetic,correct,correct,False,True,1.0,1.0
trace_00010,trace_00072,commonsense_002,logic_015,commonsense_multihop,symbolic_logic,correct,incorrect,False,False,0.4696226686166433,0.6666666666666666
trace_00010,trace_00073,commonsense_002,temporal_015,commonsense_multihop,temporal_ordering,correct,incorrect,False,False,0.4077660030601058,0.6
trace_00010,trace_00074,commonsense_002,causal_015,commonsense_multihop,causal_micro_world,correct,correct,False,True,1.0,1.0
trace_00010,trace_00075,commonsense_002,commonsense_015,commonsense_multihop,commonsense_multihop,correct,correct,True,True,0.20798473969193812,0.41666666666666663
trace_00010,trace_00076,commonsense_002,arith_016,commonsense_multihop,arithmetic,correct,correct,False,True,0.471199260297047,0.5714285714285714
trace_00010,trace_00077,commonsense_002,logic_016,commonsense_multihop,symbolic_logic,correct,correct,False,True,0.6666666666666666,0.6666666666666666
trace_00010,trace_00078,commonsense_002,temporal_016,commonsense_multihop,temporal_ordering,correct,incorrect,False,False,0.32518928103806,0.5
trace_00010,trace_00079,commonsense_002,causal_016,commonsense_multihop,causal_micro_world,correct,incorrect,False,False,0.5954372523105548,0.6666666666666666
trace_00010,trace_00080,commonsense_002,commonsense_016,commonsense_multihop,commonsense_multihop,correct,correct,True,True,1.0,1.0
trace_00010,trace_00081,commonsense_002,arith_017,commonsense_multihop,arithmetic,correct,correct,False,True,0.32518928103806,0.5
trace_00010,trace_00082,commonsense_002,logic_017,commonsense_multihop,symbolic_logic,correct,incorrect,False,False,0.42528358731335336,0.49999999999999994
trace_00010,trace_00083,commonsense_002,temporal_017,commonsense_multihop,temporal_ordering,correct,incorrect,False,False,0.20751874963942185,0.3333333333333333
trace_00010,trace_00084,commonsense_002,causal_017,commonsense_multihop,causal_micro_world,correct,correct,False,True,1.0,1.0
trace_00010,trace_00085,commonsense_002,commonsense_017,commonsense_multihop,commonsense_multihop,correct,incorrect,True,False,0.6666666666666666,0.6666666666666666
trace_00010,trace_00086,commonsense_002,arith_018,commonsense_multihop,arithmetic,correct,correct,False,True,0.5408520829727551,0.6666666666666666
trace_00010,trace_00087,commonsense_002,logic_018,commonsense_multihop,symbolic_logic,correct,correct,False,True,0.20751874963942185,0.3333333333333333
trace_00010,trace_00088,commonsense_002,temporal_018,commonsense_multihop,temporal_ordering,correct,incorrect,False,False,0.5954372523105548,0.6666666666666666
trace_00010,trace_00089,commonsense_002,causal_018,commonsense_multihop,causal_micro_world,correct,correct,False,True,0.32518928103806,0.5
trace_00010,trace_00090,commonsense_002,commonsense_018,commonsense_multihop,commonsense_multihop,correct,incorrect,True,False,0.6125474873813833,0.75
trace_00010,trace_00091,commonsense_002,arith_019,commonsense_multihop,arithmetic,correct,correct,False,True,0.32518928103806,0.5
trace_00010,trace_00092,commonsense_002,logic_019,commonsense_multihop,symbolic_logic,correct,correct,False,True,0.4696226686166433,0.6666666666666666
trace_00010,trace_00093,commonsense_002,temporal_019,commonsense_multihop,temporal_ordering,correct,incorrect,False,False,0.6666666666666666,0.6666666666666666
trace_00010,trace_00094,commonsense_002,causal_019,commonsense_multihop,causal_micro_world,correct,correct,False,True,0.20751874963942185,0.3333333333333333
trace_00010,trace_00095,commonsense_002,commonsense_019,commonsense_multihop,commonsense_multihop,correct,correct,True,True,0.20751874963942185,0.3333333333333333
trace_00010,trace_00096,commonsense_002,arith_020,commonsense_multihop,arithmetic,correct,correct,False,True,0.6125474873813833,0.75
trace_00010,trace_00097,commonsense_002,logic_020,commonsense_multihop,symbolic_logic,correct,incorrect,False,False,0.5954372523105548,0.6666666666666667
trace_00010,trace_00098,commonsense_002,temporal_020,commonsense_multihop,temporal_ordering,correct,incorrect,False,False,0.20751874963942185,0.3333333333333333
trace_00010,trace_00099,commonsense_002,causal_020,commonsense_multihop,causal_micro_world,correct,correct,False,True,1.0,1.0
trace_00010,trace_00100,commonsense_002,commonsense_020,commonsense_multihop,commonsense_multihop,correct,correct,True,True,0.236452797660028,0.3999999999999999
trace_00011,trace_00012,arith_003,logic_003,arithmetic,symbolic_logic,correct,incorrect,False,False,0.490968531773352,0.6
trace_00011,trace_00013,arith_003,temporal_003,arithmetic,temporal_ordering,correct,incorrect,False,False,0.1264907875651346,0.26666666666666666
trace_00011,trace_00014,arith_003,causal_003,arithmetic,causal_micro_world,correct,correct,False,True,0.1264907875651346,0.26666666666666666
trace_00011,trace_00015,arith_003,commonsense_003,arithmetic,commonsense_multihop,correct,correct,False,True,0.24161387653786542,0.35
trace_00011,trace_00016,arith_003,arith_004,arithmetic,arithmetic,correct,correct,True,True,0.490968531773352,0.6
trace_00011,trace_00017,arith_003,logic_004,arithmetic,symbolic_logic,correct,correct,False,True,0.236452797660028,0.3999999999999999
trace_00011,trace_00018,arith_003,temporal_004,arithmetic,temporal_ordering,correct,incorrect,False,False,0.5540157730728,0.6
trace_00011,trace_00019,arith_003,causal_004,arithmetic,causal_micro_world,correct,correct,False,True,0.490968531773352,0.6
trace_00011,trace_00020,arith_003,commonsense_004,arithmetic,commonsense_multihop,correct,incorrect,False,False,0.3310236596092001,0.4
trace_00011,trace_00021,arith_003,arith_005,arithmetic,arithmetic,correct,correct,True,True,0.6355222557917826,0.6666666666666666
trace_00011,trace_00022,arith_003,logic_005,arithmetic,symbolic_logic,correct,correct,False,True,0.5540157730728,0.6
trace_00011,trace_00023,arith_003,temporal_005,arithmetic,temporal_ordering,correct,correct,False,True,0.6979078010016793,0.7999999999999999
trace_00011,trace_00024,arith_003,causal_005,arithmetic,causal_micro_world,correct,correct,False,True,0.1264907875651346,0.26666666666666666
trace_00011,trace_00025,arith_003,commonsense_005,arithmetic,commonsense_multihop,correct,correct,False,True,0.2519235740744792,0.4
trace_00011,trace_00026,arith_003,arith_006,arithmetic,arithmetic,correct,correct,True,True,0.2,0.2
trace_00011,trace_00027,arith_003,logic_006,arithmetic,symbolic_logic,correct,correct,False,True,0.2519235740744792,0.4
trace_00011,trace_00028,arith_003,temporal_006,arithmetic,temporal_ordering,correct,incorrect,False,False,0.6099865470109875,0.8
trace_00011,trace_00029,arith_003,causal_006,arithmetic,causal_micro_world,correct,correct,False,True,0.2519235740744792,0.4
trace_00011,trace_00030,arith_003,commonsense_006,arithmetic,commonsense_multihop,correct,incorrect,False,False,0.3810065216784586,0.4666666666666667
trace_00011,trace_00031,arith_003,arith_007,arithmetic,arithmetic,correct,correct,True,True,0.19876764957434986,0.3
trace_00011,trace_00032,arith_003,logic_007,arithmetic,symbolic_logic,correct,correct,False,True,0.2519235740744792,0.4
trace_00011,trace_00033,arith_003,temporal_007,arithmetic,temporal_ordering,correct,correct,False,True,0.745484265886676,0.7999999999999999
trace_00011,trace_00034,arith_003,causal_007,arithmetic,causal_micro_world,correct,incorrect,False,False,0.1264907875651346,0.26666666666666666
trace_00011,trace_00035,arith_003,commonsense_007,arithmetic,commonsense_multihop,correct,incorrect,False,False,0.24902249956730624,0.4
trace_00011,trace_00036,arith_003,arith_008,arithmetic,arithmetic,correct,correct,True,True,0.24902249956730624,0.4
trace_00011,trace_00037,arith_003,logic_008,arithmetic,symbolic_logic,correct,correct,False,True,0.3958156020033583,0.6
trace_00011,trace_00038,arith_003,temporal_008,arithmetic,temporal_ordering,correct,incorrect,False,False,0.1264907875651346,0.26666666666666666
trace_00011,trace_00039,arith_003,causal_008,arithmetic,causal_micro_world,correct,incorrect,False,False,0.6979078010016793,0.7999999999999999
trace_00011,trace_00040,arith_003,commonsense_008,arithmetic,commonsense_multihop,correct,incorrect,False,False,0.4749156875380792,0.6
trace_00011,trace_00041,arith_003,arith_009,arithmetic,arithmetic,correct,correct,True,True,0.3689636950003199,0.5142857142857142
trace_00011,trace_00042,arith_003,logic_009,arithmetic,symbolic_logic,correct,incorrect,False,False,0.16251379100314456,0.35
trace_00011,trace_00043,arith_003,temporal_009,arithmetic,temporal_ordering,correct,incorrect,False,False,0.3810065216784586,0.4666666666666667
trace_00011,trace_00044,arith_003,causal_009,arithmetic,causal_micro_world,correct,correct,False,True,0.1264907875651346,0.26666666666666666
trace_00011,trace_00045,arith_003,commonsense_009,arithmetic,commonsense_multihop,correct,incorrect,False,False,0.04902249956730623,0.2
trace_00011,trace_00046,arith_003,arith_010,arithmetic,arithmetic,correct,correct,True,True,0.12451124978365312,0.2
trace_00011,trace_00047,arith_003,logic_010,arithmetic,symbolic_logic,correct,incorrect,False,False,1.0,1.0
trace_00011,trace_00048,arith_003,temporal_010,arithmetic,temporal_ordering,correct,incorrect,False,False,0.3810065216784586,0.4666666666666667
trace_00011,trace_00049,arith_003,causal_010,arithmetic,causal_micro_world,correct,incorrect,False,False,0.6622817371734298,0.7999999999999999
trace_00011,trace_00050,arith_003,commonsense_010,arithmetic,commonsense_multihop,correct,correct,False,True,0.490968531773352,0.6
trace_00011,trace_00051,arith_003,arith_011,arithmetic,arithmetic,correct,incorrect,True,False,0.4749156875380792,0.6000000000000001
trace_00011,trace_00052,arith_003,logic_011,arithmetic,symbolic_logic,correct,correct,False,True,0.3810065216784586,0.4666666666666667
trace_00011,trace_00053,arith_003,temporal_011,arithmetic,temporal_ordering,correct,incorrect,False,False,0.2519235740744792,0.4
trace_00011,trace_00054,arith_003,causal_011,arithmetic,causal_micro_world,correct,incorrect,False,False,0.1264907875651346,0.26666666666666666
trace_00011,trace_00055,arith_003,commonsense_011,arithmetic,commonsense_multihop,correct,correct,False,True,0.17761155077564755,0.37142857142857144
trace_00011,trace_00056,arith_003,arith_012,arithmetic,arithmetic,correct,correct,True,True,0.39581560200335836,0.6000000000000001
trace_00011,trace_00057,arith_003,logic_012,arithmetic,symbolic_logic,correct,correct,False,True,1.0,1.0
trace_00011,trace_00058,arith_003,temporal_012,arithmetic,temporal_ordering,correct,incorrect,False,False,0.3810065216784586,0.4666666666666667
trace_00011,trace_00059,arith_003,causal_012,arithmetic,causal_micro_world,correct,correct,False,True,0.39581560200335836,0.6000000000000001
trace_00011,trace_00060,arith_003,commonsense_012,arithmetic,commonsense_multihop,correct,incorrect,False,False,0.4077660030601058,0.6
trace_00011,trace_00061,arith_003,arith_013,arithmetic,arithmetic,correct,correct,True,True,0.3156174301464826,0.4666666666666666
trace_00011,trace_00062,arith_003,logic_013,arithmetic,symbolic_logic,correct,correct,False,True,0.24902249956730627,0.4
trace_00011,trace_00063,arith_003,temporal_013,arithmetic,temporal_ordering,correct,incorrect,False,False,0.3958156020033583,0.6
trace_00011,trace_00064,arith_003,causal_013,arithmetic,causal_micro_world,correct,incorrect,False,False,0.2978039929652123,0.4666666666666667
trace_00011,trace_00065,arith_003,commonsense_013,arithmetic,commonsense_multihop,correct,incorrect,False,False,0.24161387653786542,0.35
trace_00011,trace_00066,arith_003,arith_014,arithmetic,arithmetic,correct,correct,True,True,0.490968531773352,0.6
trace_00011,trace_00067,arith_003,logic_014,arithmetic,symbolic_logic,correct,incorrect,False,False,0.490968531773352,0.6
trace_00011,trace_00068,arith_003,temporal_014,arithmetic,temporal_ordering,correct,incorrect,False,False,0.490968531773352,0.6
trace_00011,trace_00069,arith_003,causal_014,arithmetic,causal_micro_world,correct,correct,False,True,0.3958156020033583,0.6
trace_00011,trace_00070,arith_003,commonsense_014,arithmetic,commonsense_multihop,correct,correct,False,True,0.3334300567934617,0.4666666666666667
trace_00011,trace_00071,arith_003,arith_015,arithmetic,arithmetic,correct,correct,True,True,0.39581560200335836,0.6000000000000001
trace_00011,trace_00072,arith_003,logic_015,arithmetic,symbolic_logic,correct,incorrect,False,False,0.48004286506932103,0.6333333333333333
trace_00011,trace_00073,arith_003,temporal_015,arithmetic,temporal_ordering,correct,incorrect,False,False,0.2,0.2
trace_00011,trace_00074,arith_003,causal_015,arithmetic,causal_micro_world,correct,correct,False,True,0.3958156020033583,0.6
trace_00011,trace_00075,arith_003,commonsense_015,arithmetic,commonsense_multihop,correct,correct,False,True,0.4749156875380792,0.6
trace_00011,trace_00076,arith_003,arith_016,arithmetic,arithmetic,correct,correct,True,True,0.3689636950003199,0.5142857142857142
trace_00011,trace_00077,arith_003,logic_016,arithmetic,symbolic_logic,correct,correct,False,True,0.1264907875651346,0.26666666666666666
trace_00011,trace_00078,arith_003,temporal_016,arithmetic,temporal_ordering,correct,incorrect,False,False,0.24161387653786542,0.35
trace_00011,trace_00079,arith_003,causal_016,arithmetic,causal_micro_world,correct,incorrect,False,False,0.3958156020033583,0.6
trace_00011,trace_00080,arith_003,commonsense_016,arithmetic,commonsense_multihop,correct,correct,False,True,0.2519235740744792,0.4
trace_00011,trace_00081,arith_003,arith_017,arithmetic,arithmetic,correct,correct,True,True,0.3310236596092001,0.4
trace_00011,trace_00082,arith_003,logic_017,arithmetic,symbolic_logic,correct,incorrect,False,False,0.5540157730728,0.6
trace_00011,trace_00083,arith_003,temporal_017,arithmetic,temporal_ordering,correct,incorrect,False,False,0.490968531773352,0.6
trace_00011,trace_00084,arith_003,causal_017,arithmetic,causal_micro_world,correct,correct,False,True,0.2519235740744792,0.4
trace_00011,trace_00085,arith_003,commonsense_017,arithmetic,commonsense_multihop,correct,incorrect,False,False,0.236452797660028,0.3999999999999999
trace_00011,trace_00086,arith_003,arith_018,arithmetic,arithmetic,correct,correct,True,True,0.490968531773352,0.6
trace_00011,trace_00087,arith_003,logic_018,arithmetic,symbolic_logic,correct,correct,False,True,0.490968531773352,0.6
trace_00011,trace_00088,arith_003,temporal_018,arithmetic,temporal_ordering,correct,incorrect,False,False,0.3958156020033583,0.6
trace_00011,trace_00089,arith_003,causal_018,arithmetic,causal_micro_world,correct,correct,False,True,0.24161387653786542,0.35
trace_00011,trace_00090,arith_003,commonsense_018,arithmetic,commonsense_multihop,correct,incorrect,False,False,0.3855059044667445,0.55
trace_00011,trace_00091,arith_003,arith_019,arithmetic,arithmetic,correct,correct,True,True,0.3310236596092001,0.4
trace_00011,trace_00092,arith_003,logic_019,arithmetic,symbolic_logic,correct,correct,False,True,0.26804096526148574,0.4666666666666667
trace_00011,trace_00093,arith_003,temporal_019,arithmetic,temporal_ordering,correct,incorrect,False,False,0.1264907875651346,0.26666666666666666
trace_00011,trace_00094,arith_003,causal_019,arithmetic,causal_micro_world,correct,correct,False,True,0.3810065216784586,0.4666666666666667
trace_00011,trace_00095,arith_003,commonsense_019,arithmetic,commonsense_multihop,correct,correct,False,True,0.3810065216784586,0.4666666666666667
trace_00011,trace_00096,arith_003,arith_020,arithmetic,arithmetic,correct,correct,True,True,0.24161387653786542,0.3500000000000001
trace_00011,trace_00097,arith_003,logic_020,arithmetic,symbolic_logic,correct,incorrect,False,False,0.2519235740744792,0.4
trace_00011,trace_00098,arith_003,temporal_020,arithmetic,temporal_ordering,correct,incorrect,False,False,0.490968531773352,0.6
trace_00011,trace_00099,arith_003,causal_020,arithmetic,causal_micro_world,correct,correct,False,True,0.2519235740744792,0.4
trace_00011,trace_00100,arith_003,commonsense_020,arithmetic,commonsense_multihop,correct,correct,False,True,0.32451124978365314,0.4
trace_00012,trace_00013,logic_003,temporal_003,symbolic_logic,temporal_ordering,incorrect,incorrect,False,True,0.3333333333333333,0.3333333333333333
trace_00012,trace_00014,logic_003,causal_003,symbolic_logic,causal_micro_world,incorrect,correct,False,False,0.6666666666666666,0.6666666666666666
trace_00012,trace_00015,logic_003,commonsense_003,symbolic_logic,commonsense_multihop,incorrect,correct,False,False,0.1379253809700301,0.24999999999999997
trace_00012,trace_00016,logic_003,arith_004,symbolic_logic,arithmetic,incorrect,correct,False,False,0.6666666666666666,0.6666666666666666
trace_00012,trace_00017,logic_003,logic_004,symbolic_logic,symbolic_logic,incorrect,correct,True,False,0.6666666666666666,0.6666666666666666
trace_00012,trace_00018,logic_003,temporal_004,symbolic_logic,temporal_ordering,incorrect,incorrect,False,True,0.5954372523105549,0.6666666666666666
trace_00012,trace_00019,logic_003,causal_004,symbolic_logic,causal_micro_world,incorrect,correct,False,False,0.0,0.0
trace_00012,trace_00020,logic_003,commonsense_004,symbolic_logic,commonsense_multihop,incorrect,incorrect,False,True,0.42528358731335336,0.4999999999999999
trace_00012,trace_00021,logic_003,arith_005,symbolic_logic,arithmetic,incorrect,correct,False,False,0.5408520829727551,0.6666666666666666
trace_00012,trace_00022,logic_003,logic_005,symbolic_logic,symbolic_logic,incorrect,correct,True,False,0.5954372523105549,0.6666666666666666
trace_00012,trace_00023,logic_003,temporal_005,symbolic_logic,temporal_ordering,incorrect,correct,False,False,0.1908745046211096,0.33333333333333337
trace_00012,trace_00024,logic_003,causal_005,symbolic_logic,causal_micro_world,incorrect,correct,False,False,0.3333333333333333,0.3333333333333333
trace_00012,trace_00025,logic_003,commonsense_005,symbolic_logic,commonsense_multihop,incorrect,correct,False,False,0.5954372523105548,0.6666666666666666
trace_00012,trace_00026,logic_003,arith_006,symbolic_logic,arithmetic,incorrect,correct,False,False,0.490968531773352,0.6
trace_00012,trace_00027,logic_003,logic_006,symbolic_logic,symbolic_logic,incorrect,correct,True,False,0.5954372523105548,0.6666666666666666
trace_00012,trace_00028,logic_003,temporal_006,symbolic_logic,temporal_ordering,incorrect,incorrect,False,True,0.4591479170272448,0.6666666666666667
trace_00012,trace_00029,logic_003,causal_006,symbolic_logic,causal_micro_world,incorrect,correct,False,False,0.5954372523105549,0.6666666666666666
trace_00012,trace_00030,logic_003,commonsense_006,symbolic_logic,commonsense_multihop,incorrect,incorrect,False,True,0.3333333333333333,0.3333333333333333
trace_00012,trace_00031,logic_003,arith_007,symbolic_logic,arithmetic,incorrect,correct,False,False,0.43709270815304424,0.49999999999999994
trace_00012,trace_00032,logic_003,logic_007,symbolic_logic,symbolic_logic,incorrect,correct,True,False,0.5954372523105548,0.6666666666666666
trace_00012,trace_00033,logic_003,temporal_007,symbolic_logic,temporal_ordering,incorrect,correct,False,False,0.20751874963942185,0.3333333333333333
trace_00012,trace_00034,logic_003,causal_007,symbolic_logic,causal_micro_world,incorrect,incorrect,False,True,0.3333333333333333,0.3333333333333333
trace_00012,trace_00035,logic_003,commonsense_007,symbolic_logic,commonsense_multihop,incorrect,incorrect,False,True,0.745484265886676,0.7999999999999999
trace_00012,trace_00036,logic_003,arith_008,symbolic_logic,arithmetic,incorrect,correct,False,False,0.1264907875651346,0.26666666666666666
trace_00012,trace_00037,logic_003,logic_008,symbolic_logic,symbolic_logic,incorrect,correct,True,False,0.1908745046211096,0.33333333333333337
trace_00012,trace_00038,logic_003,temporal_008,symbolic_logic,temporal_ordering,incorrect,incorrect,False,True,0.3333333333333333,0.3333333333333333
trace_00012,trace_00039,logic_003,causal_008,symbolic_logic,causal_micro_world,incorrect,incorrect,False,True,0.1908745046211096,0.33333333333333337
trace_00012,trace_00040,logic_003,commonsense_008,symbolic_logic,commonsense_multihop,incorrect,incorrect,False,True,0.020720839623908215,0.16666666666666666
trace_00012,trace_00041,logic_003,arith_009,symbolic_logic,arithmetic,incorrect,correct,False,False,0.4135214398827884,0.5238095238095237
trace_00012,trace_00042,logic_003,logic_009,symbolic_logic,symbolic_logic,incorrect,incorrect,True,True,0.30807904596723146,0.41666666666666663
trace_00012,trace_00043,logic_003,temporal_009,symbolic_logic,temporal_ordering,incorrect,incorrect,False,True,0.3333333333333333,0.3333333333333333
trace_00012,trace_00044,logic_003,causal_009,symbolic_logic,causal_micro_world,incorrect,correct,False,False,0.3333333333333333,0.3333333333333333
trace_00012,trace_00045,logic_003,commonsense_009,symbolic_logic,commonsense_multihop,incorrect,incorrect,False,True,0.3810065216784586,0.4666666666666667
trace_00012,trace_00046,logic_003,arith_010,symbolic_logic,arithmetic,incorrect,correct,False,False,0.236452797660028,0.3999999999999999
trace_00012,trace_00047,logic_003,logic_010,symbolic_logic,symbolic_logic,incorrect,incorrect,True,True,0.4591479170272448,0.6666666666666666
trace_00012,trace_00048,logic_003,temporal_010,symbolic_logic,temporal_ordering,incorrect,incorrect,False,True,0.3333333333333333,0.3333333333333333
trace_00012,trace_00049,logic_003,causal_010,symbolic_logic,causal_micro_world,incorrect,incorrect,False,True,0.20751874963942185,0.3333333333333333
trace_00012,trace_00050,logic_003,commonsense_010,symbolic_logic,commonsense_multihop,incorrect,correct,False,False,0.0,0.0
trace_00012,trace_00051,logic_003,arith_011,symbolic_logic,arithmetic,incorrect,incorrect,False,True,0.42528358731335336,0.5
trace_00012,trace_00052,logic_003,logic_011,symbolic_logic,symbolic_logic,incorrect,correct,True,False,0.3333333333333333,0.3333333333333333
trace_00012,trace_00053,logic_003,temporal_011,symbolic_logic,temporal_ordering,incorrect,incorrect,False,True,0.5954372523105549,0.6666666666666666
trace_00012,trace_00054,logic_003,causal_011,symbolic_logic,causal_micro_world,incorrect,incorrect,False,True,0.3333333333333333,0.3333333333333333
trace_00012,trace_00055,logic_003,commonsense_011,symbolic_logic,commonsense_multihop,incorrect,correct,False,False,0.5704859930387852,0.6666666666666666
trace_00012,trace_00056,logic_003,arith_012,symbolic_logic,arithmetic,incorrect,correct,False,False,0.5954372523105548,0.6666666666666666
trace_00012,trace_00057,logic_003,logic_012,symbolic_logic,symbolic_logic,incorrect,correct,True,False,0.4591479170272448,0.6666666666666666
trace_00012,trace_00058,logic_003,temporal_012,symbolic_logic,temporal_ordering,incorrect,incorrect,False,True,0.3333333333333333,0.3333333333333333
trace_00012,trace_00059,logic_003,causal_012,symbolic_logic,causal_micro_world,incorrect,correct,False,False,0.5954372523105548,0.6666666666666666
trace_00012,trace_00060,logic_003,commonsense_012,symbolic_logic,commonsense_multihop,incorrect,incorrect,False,True,0.20751874963942185,0.3333333333333333
trace_00012,trace_00061,logic_003,arith_013,symbolic_logic,arithmetic,incorrect,correct,False,False,0.43709270815304424,0.5
trace_00012,trace_00062,logic_003,logic_013,symbolic_logic,symbolic_logic,incorrect,correct,True,False,0.3810065216784586,0.4666666666666667
trace_00012,trace_00063,logic_003,temporal_013,symbolic_logic,temporal_ordering,incorrect,incorrect,False,True,0.1908745046211096,0.33333333333333337
trace_00012,trace_00064,logic_003,causal_013,symbolic_logic,causal_micro_world,incorrect,incorrect,False,True,0.5408520829727551,0.6666666666666666
trace_00012,trace_00065,logic_003,commonsense_013,symbolic_logic,commonsense_multihop,incorrect,incorrect,False,True,0.1379253809700301,0.24999999999999997
trace_00012,trace_00066,logic_003,arith_014,symbolic_logic,arithmetic,incorrect,correct,False,False,0.3333333333333333,0.3333333333333333
trace_00012,trace_00067,logic_003,logic_014,symbolic_logic,symbolic_logic,incorrect,incorrect,True,True,0.6666666666666666,0.6666666666666666
trace_00012,trace_00068,logic_003,temporal_014,symbolic_logic,temporal_ordering,incorrect,incorrect,False,True,0.0,0.0
trace_00012,trace_00069,logic_003,causal_014,symbolic_logic,causal_micro_world,incorrect,correct,False,False,0.1908745046211096,0.33333333333333337
trace_00012,trace_00070,logic_003,commonsense_014,symbolic_logic,commonsense_multihop,incorrect,correct,False,False,0.3658632937969324,0.5
trace_00012,trace_00071,logic_003,arith_015,symbolic_logic,arithmetic,incorrect,correct,False,False,0.5954372523105548,0.6666666666666666
trace_00012,trace_00072,logic_003,logic_015,symbolic_logic,symbolic_logic,incorrect,incorrect,True,True,0.08170416594551039,0.3333333333333333
trace_00012,trace_00073,logic_003,temporal_015,symbolic_logic,temporal_ordering,incorrect,incorrect,False,True,0.236452797660028,0.39999999999999997
trace_00012,trace_00074,logic_003,causal_015,symbolic_logic,causal_micro_world,incorrect,correct,False,False,1.0,0.9999999999999999
trace_00012,trace_00075,logic_003,commonsense_015,symbolic_logic,commonsense_multihop,incorrect,correct,False,False,0.020720839623908215,0.16666666666666666
trace_00012,trace_00076,logic_003,arith_016,symbolic_logic,arithmetic,incorrect,correct,False,False,0.31515125214952394,0.38095238095238093
trace_00012,trace_00077,logic_003,logic_016,symbolic_logic,symbolic_logic,incorrect,correct,True,False,0.3333333333333333,0.3333333333333333
trace_00012,trace_00078,logic_003,temporal_016,symbolic_logic,temporal_ordering,incorrect,incorrect,False,True,0.1379253809700301,0.24999999999999997
trace_00012,trace_00079,logic_003,causal_016,symbolic_logic,causal_micro_world,incorrect,incorrect,False,True,0.1908745046211096,0.33333333333333337
trace_00012,trace_00080,logic_003,commonsense_016,symbolic_logic,commonsense_multihop,incorrect,correct,False,False,0.5954372523105548,0.6666666666666666
trace_00012,trace_00081,logic_003,arith_017,symbolic_logic,arithmetic,incorrect,correct,False,False,0.13792538097003013,0.24999999999999997
trace_00012,trace_00082,logic_003,logic_017,symbolic_logic,symbolic_logic,incorrect,incorrect,True,True,0.5954372523105549,0.6666666666666666
trace_00012,trace_00083,logic_003,temporal_017,symbolic_logic,temporal_ordering,incorrect,incorrect,False,True,0.0,0.0
trace_00012,trace_00084,logic_003,causal_017,symbolic_logic,causal_micro_world,incorrect,correct,False,False,0.5954372523105548,0.6666666666666666
trace_00012,trace_00085,logic_003,commonsense_017,symbolic_logic,commonsense_multihop,incorrect,incorrect,False,True,0.6666666666666666,0.6666666666666666
trace_00012,trace_00086,logic_003,arith_018,symbolic_logic,arithmetic,incorrect,correct,False,False,0.3333333333333333,0.3333333333333333
trace_00012,trace_00087,logic_003,logic_018,symbolic_logic,symbolic_logic,incorrect,correct,True,False,0.0,0.0
trace_00012,trace_00088,logic_003,temporal_018,symbolic_logic,temporal_ordering,incorrect,incorrect,False,True,0.1908745046211096,0.33333333333333337
trace_00012,trace_00089,logic_003,causal_018,symbolic_logic,causal_micro_world,incorrect,correct,False,False,0.42528358731335336,0.5
trace_00012,trace_00090,logic_003,commonsense_018,symbolic_logic,commonsense_multihop,incorrect,incorrect,False,True,0.30807904596723146,0.41666666666666663
trace_00012,trace_00091,logic_003,arith_019,symbolic_logic,arithmetic,incorrect,correct,False,False,0.13792538097003013,0.24999999999999997
trace_00012,trace_00092,logic_003,logic_019,symbolic_logic,symbolic_logic,incorrect,correct,True,False,0.13628933528331,0.33333333333333337
trace_00012,trace_00093,logic_003,temporal_019,symbolic_logic,temporal_ordering,incorrect,incorrect,False,True,0.3333333333333333,0.3333333333333333
trace_00012,trace_00094,logic_003,causal_019,symbolic_logic,causal_micro_world,incorrect,correct,False,False,0.3333333333333333,0.3333333333333333
trace_00012,trace_00095,logic_003,commonsense_019,symbolic_logic,commonsense_multihop,incorrect,correct,False,False,0.3333333333333333,0.3333333333333333
trace_00012,trace_00096,logic_003,arith_020,symbolic_logic,arithmetic,incorrect,correct,False,False,0.42528358731335336,0.4999999999999999
trace_00012,trace_00097,logic_003,logic_020,symbolic_logic,symbolic_logic,incorrect,incorrect,True,True,0.5954372523105549,0.6666666666666666
trace_00012,trace_00098,logic_003,temporal_020,symbolic_logic,temporal_ordering,incorrect,incorrect,False,True,0.3333333333333333,0.3333333333333333
trace_00012,trace_00099,logic_003,causal_020,symbolic_logic,causal_micro_world,incorrect,correct,False,False,0.5954372523105548,0.6666666666666666
trace_00012,trace_00100,logic_003,commonsense_020,symbolic_logic,commonsense_multihop,incorrect,correct,False,False,0.1264907875651346,0.26666666666666666
trace_00013,trace_00014,temporal_003,causal_003,temporal_ordering,causal_micro_world,incorrect,correct,False,False,0.3333333333333333,0.3333333333333333
trace_00013,trace_00015,temporal_003,commonsense_003,temporal_ordering,commonsense_multihop,incorrect,correct,False,False,0.13792538097003013,0.24999999999999997
trace_00013,trace_00016,temporal_003,arith_004,temporal_ordering,arithmetic,incorrect,correct,False,False,0.5408520829727551,0.6666666666666666
trace_00013,trace_00017,temporal_003,logic_004,temporal_ordering,symbolic_logic,incorrect,correct,False,False,0.20751874963942185,0.3333333333333333
trace_00013,trace_00018,temporal_003,temporal_004,temporal_ordering,temporal_ordering,incorrect,incorrect,True,True,0.5954372523105549,0.6666666666666666
trace_00013,trace_00019,temporal_003,causal_004,temporal_ordering,causal_micro_world,incorrect,correct,False,False,0.3333333333333333,0.3333333333333333
trace_00013,trace_00020,temporal_003,commonsense_004,temporal_ordering,commonsense_multihop,incorrect,incorrect,False,True,0.3080790459672315,0.41666666666666663
trace_00013,trace_00021,temporal_003,arith_005,temporal_ordering,arithmetic,incorrect,correct,False,False,0.6666666666666666,0.6666666666666666
trace_00013,trace_00022,temporal_003,logic_005,temporal_ordering,symbolic_logic,incorrect,correct,False,False,0.5954372523105549,0.6666666666666666
trace_00013,trace_00023,temporal_003,temporal_005,temporal_ordering,temporal_ordering,incorrect,correct,True,False,0.5954372523105549,0.6666666666666666
trace_00013,trace_00024,temporal_003,causal_005,temporal_ordering,causal_micro_world,incorrect,correct,False,False,0.0,0.0
trace_00013,trace_00025,temporal_003,commonsense_005,temporal_ordering,commonsense_multihop,incorrect,correct,False,False,0.1908745046211096,0.33333333333333337
trace_00013,trace_00026,temporal_003,arith_006,temporal_ordering,arithmetic,incorrect,correct,False,False,0.3810065216784586,0.4666666666666667
trace_00013,trace_00027,temporal_003,logic_006,temporal_ordering,symbolic_logic,incorrect,correct,False,False,0.1908745046211096,0.33333333333333337
trace_00013,trace_00028,temporal_003,temporal_006,temporal_ordering,temporal_ordering,incorrect,incorrect,True,True,0.4591479170272448,0.6666666666666667
trace_00013,trace_00029,temporal_003,causal_006,temporal_ordering,causal_micro_world,incorrect,correct,False,False,0.1908745046211096,0.33333333333333337
trace_00013,trace_00030,temporal_003,commonsense_006,temporal_ordering,commonsense_multihop,incorrect,incorrect,False,True,0.3333333333333333,0.3333333333333333
trace_00013,trace_00031,temporal_003,arith_007,temporal_ordering,arithmetic,incorrect,correct,False,False,0.3333333333333333,0.3333333333333333
trace_00013,trace_00032,temporal_003,logic_007,temporal_ordering,symbolic_logic,incorrect,correct,False,False,0.1908745046211096,0.33333333333333337
trace_00013,trace_00033,temporal_003,temporal_007,temporal_ordering,temporal_ordering,incorrect,correct,True,False,0.6666666666666666,0.6666666666666666
trace_00013,trace_00034,temporal_003,causal_007,temporal_ordering,causal_micro_world,incorrect,incorrect,False,True,0.0,0.0
trace_00013,trace_00035,temporal_003,commonsense_007,temporal_ordering,commonsense_multihop,incorrect,incorrect,False,True,0.2502283386145066,0.4666666666666667
trace_00013,trace_00036,temporal_003,arith_008,temporal_ordering,arithmetic,incorrect,correct,False,False,0.1264907875651346,0.26666666666666666
trace_00013,trace_00037,temporal_003,logic_008,temporal_ordering,symbolic_logic,incorrect,correct,False,False,0.1908745046211096,0.33333333333333337
trace_00013,trace_00038,temporal_003,temporal_008,temporal_ordering,temporal_ordering,incorrect,incorrect,True,True,0.0,0.0
trace_00013,trace_00039,temporal_003,causal_008,temporal_ordering,causal_micro_world,incorrect,incorrect,False,True,0.5954372523105549,0.6666666666666666
trace_00013,trace_00040,temporal_003,commonsense_008,temporal_ordering,commonsense_multihop,incorrect,incorrect,False,True,0.30807904596723146,0.41666666666666663
trace_00013,trace_00041,temporal_003,arith_009,temporal_ordering,arithmetic,incorrect,correct,False,False,0.5803376670330035,0.7142857142857142
trace_00013,trace_00042,temporal_003,logic_009,temporal_ordering,symbolic_logic,incorrect,incorrect,False,True,0.020720839623908215,0.16666666666666666
trace_00013,trace_00043,temporal_003,temporal_009,temporal_ordering,temporal_ordering,incorrect,incorrect,True,True,0.3333333333333333,0.3333333333333333
trace_00013,trace_00044,temporal_003,causal_009,temporal_ordering,causal_micro_world,incorrect,correct,False,False,0.0,0.0
trace_00013,trace_00045,temporal_003,commonsense_009,temporal_ordering,commonsense_multihop,incorrect,incorrect,False,True,0.1264907875651346,0.26666666666666666
trace_00013,trace_00046,temporal_003,arith_010,temporal_ordering,arithmetic,incorrect,correct,False,False,0.236452797660028,0.3999999999999999
trace_00013,trace_00047,temporal_003,logic_010,temporal_ordering,symbolic_logic,incorrect,incorrect,False,True,1.0,0.9999999999999999
trace_00013,trace_00048,temporal_003,temporal_010,temporal_ordering,temporal_ordering,incorrect,incorrect,True,True,0.3333333333333333,0.3333333333333333
trace_00013,trace_00049,temporal_003,causal_010,temporal_ordering,causal_micro_world,incorrect,incorrect,False,True,0.5408520829727551,0.6666666666666666
trace_00013,trace_00050,temporal_003,commonsense_010,temporal_ordering,commonsense_multihop,incorrect,correct,False,False,0.3333333333333333,0.3333333333333333
trace_00013,trace_00051,temporal_003,arith_011,temporal_ordering,arithmetic,incorrect,incorrect,False,True,0.7126417936566767,0.75
trace_00013,trace_00052,temporal_003,logic_011,temporal_ordering,symbolic_logic,incorrect,correct,False,False,0.3333333333333333,0.3333333333333333
trace_00013,trace_00053,temporal_003,temporal_011,temporal_ordering,temporal_ordering,incorrect,incorrect,True,True,0.1908745046211096,0.33333333333333337
trace_00013,trace_00054,temporal_003,causal_011,temporal_ordering,causal_micro_world,incorrect,incorrect,False,True,0.0,0.0
trace_00013,trace_00055,temporal_003,commonsense_011,temporal_ordering,commonsense_multihop,incorrect,correct,False,False,0.2622846388220226,0.38095238095238093
trace_00013,trace_00056,temporal_003,arith_012,temporal_ordering,arithmetic,incorrect,correct,False,False,0.5954372523105548,0.6666666666666666
trace_00013,trace_00057,temporal_003,logic_012,temporal_ordering,symbolic_logic,incorrect,correct,False,False,1.0,0.9999999999999999
trace_00013,trace_00058,temporal_003,temporal_012,temporal_ordering,temporal_ordering,incorrect,incorrect,True,True,0.3333333333333333,0.3333333333333333
trace_00013,trace_00059,temporal_003,causal_012,temporal_ordering,causal_micro_world,incorrect,correct,False,False,0.5954372523105548,0.6666666666666666
trace_00013,trace_00060,temporal_003,commonsense_012,temporal_ordering,commonsense_multihop,incorrect,incorrect,False,True,0.20751874963942185,0.3333333333333333
trace_00013,trace_00061,temporal_003,arith_013,temporal_ordering,arithmetic,incorrect,correct,False,False,0.5408520829727551,0.6666666666666666
trace_00013,trace_00062,temporal_003,logic_013,temporal_ordering,symbolic_logic,incorrect,correct,False,False,0.3810065216784586,0.4666666666666667
trace_00013,trace_00063,temporal_003,temporal_013,temporal_ordering,temporal_ordering,incorrect,incorrect,True,True,0.1908745046211096,0.33333333333333337
trace_00013,trace_00064,temporal_003,causal_013,temporal_ordering,causal_micro_world,incorrect,incorrect,False,True,0.20751874963942185,0.3333333333333333
trace_00013,trace_00065,temporal_003,commonsense_013,temporal_ordering,commonsense_multihop,incorrect,incorrect,False,True,0.13792538097003013,0.24999999999999997
trace_00013,trace_00066,temporal_003,arith_014,temporal_ordering,arithmetic,incorrect,correct,False,False,0.6666666666666666,0.6666666666666666
trace_00013,trace_00067,temporal_003,logic_014,temporal_ordering,symbolic_logic,incorrect,incorrect,False,True,0.5408520829727551,0.6666666666666666
trace_00013,trace_00068,temporal_003,temporal_014,temporal_ordering,temporal_ordering,incorrect,incorrect,True,True,0.3333333333333333,0.3333333333333333
trace_00013,trace_00069,temporal_003,causal_014,temporal_ordering,causal_micro_world,incorrect,correct,False,False,0.1908745046211096,0.33333333333333337
trace_00013,trace_00070,temporal_003,commonsense_014,temporal_ordering,commonsense_multihop,incorrect,correct,False,False,0.26210391897722146,0.33333333333333337
trace_00013,trace_00071,temporal_003,arith_015,temporal_ordering,arithmetic,incorrect,correct,False,False,0.5954372523105548,0.6666666666666666
trace_00013,trace_00072,temporal_003,logic_015,temporal_ordering,symbolic_logic,incorrect,incorrect,False,True,0.3112781244591328,0.5
trace_00013,trace_00073,temporal_003,temporal_015,temporal_ordering,temporal_ordering,incorrect,incorrect,True,True,0.1264907875651346,0.26666666666666666
trace_00013,trace_00074,temporal_003,causal_015,temporal_ordering,causal_micro_world,incorrect,correct,False,False,0.4591479170272448,0.6666666666666666
trace_00013,trace_00075,temporal_003,commonsense_015,temporal_ordering,commonsense_multihop,incorrect,correct,False,False,0.3080790459672315,0.41666666666666663
trace_00013,trace_00076,temporal_003,arith_016,temporal_ordering,arithmetic,incorrect,correct,False,False,0.48196747929973904,0.5714285714285714
trace_00013,trace_00077,temporal_003,logic_016,temporal_ordering,symbolic_logic,incorrect,correct,False,False,0.0,0.0
trace_00013,trace_00078,temporal_003,temporal_016,temporal_ordering,temporal_ordering,incorrect,incorrect,True,True,0.13792538097003013,0.24999999999999997
trace_00013,trace_00079,temporal_003,causal_016,temporal_ordering,causal_micro_world,incorrect,incorrect,False,True,0.1908745046211096,0.33333333333333337
trace_00013,trace_00080,temporal_003,commonsense_016,temporal_ordering,commonsense_multihop,incorrect,correct,False,False,0.1908745046211096,0.33333333333333337
trace_00013,trace_00081,temporal_003,arith_017,temporal_ordering,arithmetic,incorrect,correct,False,False,0.42528358731335336,0.5
trace_00013,trace_00082,temporal_003,logic_017,temporal_ordering,symbolic_logic,incorrect,incorrect,False,True,0.5954372523105549,0.6666666666666666
trace_00013,trace_00083,temporal_003,temporal_017,temporal_ordering,temporal_ordering,incorrect,incorrect,True,True,0.3333333333333333,0.3333333333333333
trace_00013,trace_00084,temporal_003,causal_017,temporal_ordering,causal_micro_world,incorrect,correct,False,False,0.1908745046211096,0.33333333333333337
trace_00013,trace_00085,temporal_003,commonsense_017,temporal_ordering,commonsense_multihop,incorrect,incorrect,False,True,0.20751874963942185,0.3333333333333333
trace_00013,trace_00086,temporal_003,arith_018,temporal_ordering,arithmetic,incorrect,correct,False,False,0.6666666666666666,0.6666666666666666
trace_00013,trace_00087,temporal_003,logic_018,temporal_ordering,symbolic_logic,incorrect,correct,False,False,0.3333333333333333,0.3333333333333333
trace_00013,trace_00088,temporal_003,temporal_018,temporal_ordering,temporal_ordering,incorrect,incorrect,True,True,0.1908745046211096,0.33333333333333337
trace_00013,trace_00089,temporal_003,causal_018,temporal_ordering,causal_micro_world,incorrect,correct,False,False,0.42528358731335336,0.5
trace_00013,trace_00090,temporal_003,commonsense_018,temporal_ordering,commonsense_multihop,incorrect,incorrect,False,True,0.30807904596723146,0.41666666666666663
trace_00013,trace_00091,temporal_003,arith_019,temporal_ordering,arithmetic,incorrect,correct,False,False,0.42528358731335336,0.5
trace_00013,trace_00092,temporal_003,logic_019,temporal_ordering,symbolic_logic,incorrect,correct,False,False,0.13628933528331,0.33333333333333337
trace_00013,trace_00093,temporal_003,temporal_019,temporal_ordering,temporal_ordering,incorrect,incorrect,True,True,0.0,0.0
trace_00013,trace_00094,temporal_003,causal_019,temporal_ordering,causal_micro_world,incorrect,correct,False,False,0.3333333333333333,0.3333333333333333
trace_00013,trace_00095,temporal_003,commonsense_019,temporal_ordering,commonsense_multihop,incorrect,correct,False,False,0.3333333333333333,0.3333333333333333
trace_00013,trace_00096,temporal_003,arith_020,temporal_ordering,arithmetic,incorrect,correct,False,False,0.42528358731335336,0.5
trace_00013,trace_00097,temporal_003,logic_020,temporal_ordering,symbolic_logic,incorrect,incorrect,False,True,0.1908745046211096,0.33333333333333337
trace_00013,trace_00098,temporal_003,temporal_020,temporal_ordering,temporal_ordering,incorrect,incorrect,True,True,0.6666666666666666,0.6666666666666666
trace_00013,trace_00099,temporal_003,causal_020,temporal_ordering,causal_micro_world,incorrect,correct,False,False,0.1908745046211096,0.33333333333333337
trace_00013,trace_00100,temporal_003,commonsense_020,temporal_ordering,commonsense_multihop,incorrect,correct,False,False,0.236452797660028,0.39999999999999997
trace_00014,trace_00015,causal_003,commonsense_003,causal_micro_world,commonsense_multihop,correct,correct,False,True,0.42528358731335336,0.5
trace_00014,trace_00016,causal_003,arith_004,causal_micro_world,arithmetic,correct,correct,False,True,0.5408520829727551,0.6666666666666666
trace_00014,trace_00017,causal_003,logic_004,causal_micro_world,symbolic_logic,correct,correct,False,True,0.20751874963942185,0.3333333333333333
trace_00014,trace_00018,causal_003,temporal_004,causal_micro_world,temporal_ordering,correct,incorrect,False,False,0.5954372523105549,0.6666666666666666
trace_00014,trace_00019,causal_003,causal_004,causal_micro_world,causal_micro_world,correct,correct,True,True,0.6666666666666666,0.6666666666666666
trace_00014,trace_00020,causal_003,commonsense_004,causal_micro_world,commonsense_multihop,correct,incorrect,False,False,0.5954372523105549,0.6666666666666666
trace_00014,trace_00021,causal_003,arith_005,causal_micro_world,arithmetic,correct,correct,False,True,0.6666666666666666,0.6666666666666666
trace_00014,trace_00022,causal_003,logic_005,causal_micro_world,symbolic_logic,correct,correct,False,True,0.5954372523105549,0.6666666666666666
trace_00014,trace_00023,causal_003,temporal_005,causal_micro_world,temporal_ordering,correct,correct,False,True,0.5954372523105549,0.6666666666666666
trace_00014,trace_00024,causal_003,causal_005,causal_micro_world,causal_micro_world,correct,correct,True,True,0.3333333333333333,0.3333333333333333
trace_00014,trace_00025,causal_003,commonsense_005,causal_micro_world,commonsense_multihop,correct,correct,False,True,0.5954372523105549,0.6666666666666666
trace_00014,trace_00026,causal_003,arith_006,causal_micro_world,arithmetic,correct,correct,False,True,0.1264907875651346,0.26666666666666666
trace_00014,trace_00027,causal_003,logic_006,causal_micro_world,symbolic_logic,correct,correct,False,True,0.5954372523105549,0.6666666666666666
trace_00014,trace_00028,causal_003,temporal_006,causal_micro_world,temporal_ordering,correct,incorrect,False,False,1.0,0.9999999999999999
trace_00014,trace_00029,causal_003,causal_006,causal_micro_world,causal_micro_world,correct,correct,True,True,0.1908745046211096,0.33333333333333337
trace_00014,trace_00030,causal_003,commonsense_006,causal_micro_world,commonsense_multihop,correct,incorrect,False,False,0.6666666666666666,0.6666666666666666
trace_00014,trace_00031,causal_003,arith_007,causal_micro_world,arithmetic,correct,correct,False,True,0.10375937481971093,0.16666666666666666
trace_00014,trace_00032,causal_003,logic_007,causal_micro_world,symbolic_logic,correct,correct,False,True,0.5954372523105549,0.6666666666666666
trace_00014,trace_00033,causal_003,temporal_007,causal_micro_world,temporal_ordering,correct,correct,False,True,1.0,0.9999999999999999
trace_00014,trace_00034,causal_003,causal_007,causal_micro_world,causal_micro_world,correct,incorrect,True,False,0.3333333333333333,0.3333333333333333
trace_00014,trace_00035,causal_003,commonsense_007,causal_micro_world,commonsense_multihop,correct,incorrect,False,False,0.5047440727278306,0.6666666666666666
trace_00014,trace_00036,causal_003,arith_008,causal_micro_world,arithmetic,correct,correct,False,True,0.490968531773352,0.6
trace_00014,trace_00037,causal_003,logic_008,causal_micro_world,symbolic_logic,correct,correct,False,True,0.5954372523105549,0.6666666666666666
trace_00014,trace_00038,causal_003,temporal_008,causal_micro_world,temporal_ordering,correct,incorrect,False,False,0.3333333333333333,0.3333333333333333
trace_00014,trace_00039,causal_003,causal_008,causal_micro_world,causal_micro_world,correct,incorrect,True,False,0.5954372523105549,0.6666666666666666
trace_00014,trace_00040,causal_003,commonsense_008,causal_micro_world,commonsense_multihop,correct,incorrect,False,False,0.7126417936566767,0.7499999999999999
trace_00014,trace_00041,causal_003,arith_009,causal_micro_world,arithmetic,correct,correct,False,True,0.2721363128162408,0.4285714285714286
trace_00014,trace_00042,causal_003,logic_009,causal_micro_world,symbolic_logic,correct,incorrect,False,False,0.42528358731335336,0.5
trace_00014,trace_00043,causal_003,temporal_009,causal_micro_world,temporal_ordering,correct,incorrect,False,False,0.3333333333333333,0.3333333333333333
trace_00014,trace_00044,causal_003,causal_009,causal_micro_world,causal_micro_world,correct,correct,True,True,0.3333333333333333,0.3333333333333333
trace_00014,trace_00045,causal_003,commonsense_009,causal_micro_world,commonsense_multihop,correct,incorrect,False,False,0.1264907875651346,0.26666666666666666
trace_00014,trace_00046,causal_003,arith_010,causal_micro_world,arithmetic,correct,correct,False,True,0.236452797660028,0.39999999999999997
trace_00014,trace_00047,causal_003,logic_010,causal_micro_world,symbolic_logic,correct,incorrect,False,False,1.0,0.9999999999999999
trace_00014,trace_00048,causal_003,temporal_010,causal_micro_world,temporal_ordering,correct,incorrect,False,False,0.6666666666666666,0.6666666666666666
trace_00014,trace_00049,causal_003,causal_010,causal_micro_world,causal_micro_world,correct,incorrect,True,False,1.0,0.9999999999999999
trace_00014,trace_00050,causal_003,commonsense_010,causal_micro_world,commonsense_multihop,correct,correct,False,True,0.6666666666666666,0.6666666666666666
trace_00014,trace_00051,causal_003,arith_011,causal_micro_world,arithmetic,correct,incorrect,False,False,0.5954372523105548,0.6666666666666666
trace_00014,trace_00052,causal_003,logic_011,causal_micro_world,symbolic_logic,correct,correct,False,True,0.6666666666666666,0.6666666666666666
trace_00014,trace_00053,causal_003,temporal_011,causal_micro_world,temporal_ordering,correct,incorrect,False,False,0.1908745046211096,0.33333333333333337
trace_00014,trace_00054,causal_003,causal_011,causal_micro_world,causal_micro_world,correct,incorrect,True,False,0.3333333333333333,0.3333333333333333
trace_00014,trace_00055,causal_003,commonsense_011,causal_micro_world,commonsense_multihop,correct,correct,False,True,0.48196747929973904,0.5714285714285714
trace_00014,trace_00056,causal_003,arith_012,causal_micro_world,arithmetic,correct,correct,False,True,0.5954372523105548,0.6666666666666666
trace_00014,trace_00057,causal_003,logic_012,causal_micro_world,symbolic_logic,correct,correct,False,True,1.0,0.9999999999999999
trace_00014,trace_00058,causal_003,temporal_012,causal_micro_world,temporal_ordering,correct,incorrect,False,False,0.3333333333333333,0.3333333333333333
trace_00014,trace_00059,causal_003,causal_012,causal_micro_world,causal_micro_world,correct,correct,True,True,0.5954372523105548,0.6666666666666666
trace_00014,trace_00060,causal_003,commonsense_012,causal_micro_world,commonsense_multihop,correct,incorrect,False,False,0.5408520829727551,0.6666666666666666
trace_00014,trace_00061,causal_003,arith_013,causal_micro_world,arithmetic,correct,correct,False,True,0.43709270815304424,0.49999999999999994
trace_00014,trace_00062,causal_003,logic_013,causal_micro_world,symbolic_logic,correct,correct,False,True,0.27104451158356513,0.33333333333333337
trace_00014,trace_00063,causal_003,temporal_013,causal_micro_world,temporal_ordering,correct,incorrect,False,False,0.5954372523105549,0.6666666666666666
trace_00014,trace_00064,causal_003,causal_013,causal_micro_world,causal_micro_world,correct,incorrect,True,False,0.6666666666666666,0.6666666666666666
trace_00014,trace_00065,causal_003,commonsense_013,causal_micro_world,commonsense_multihop,correct,incorrect,False,False,0.42528358731335336,0.5
trace_00014,trace_00066,causal_003,arith_014,causal_micro_world,arithmetic,correct,correct,False,True,0.6666666666666666,0.6666666666666666
trace_00014,trace_00067,causal_003,logic_014,causal_micro_world,symbolic_logic,correct,incorrect,False,False,0.5408520829727551,0.6666666666666666
trace_00014,trace_00068,causal_003,temporal_014,causal_micro_world,temporal_ordering,correct,incorrect,False,False,0.6666666666666666,0.6666666666666666
trace_00014,trace_00069,causal_003,causal_014,causal_micro_world,causal_micro_world,correct,correct,True,True,0.5954372523105549,0.6666666666666666
trace_00014,trace_00070,causal_003,commonsense_014,causal_micro_world,commonsense_multihop,correct,correct,False,True,0.6666666666666666,0.6666666666666666
trace_00014,trace_00071,causal_003,arith_015,causal_micro_world,arithmetic,correct,correct,False,True,0.5954372523105548,0.6666666666666666
trace_00014,trace_00072,causal_003,logic_015,causal_micro_world,symbolic_logic,correct,incorrect,False,False,0.7704260414863775,0.8333333333333333
trace_00014,trace_00073,causal_003,temporal_015,causal_micro_world,temporal_ordering,correct,incorrect,False,False,0.3810065216784586,0.4666666666666667
trace_00014,trace_00074,causal_003,causal_015,causal_micro_world,causal_micro_world,correct,correct,True,True,0.4591479170272448,0.6666666666666666
trace_00014,trace_00075,causal_003,commonsense_015,causal_micro_world,commonsense_multihop,correct,correct,False,True,0.5954372523105549,0.6666666666666666
trace_00014,trace_00076,causal_003,arith_016,causal_micro_world,arithmetic,correct,correct,False,True,0.5803376670330035,0.7142857142857143
trace_00014,trace_00077,causal_003,logic_016,causal_micro_world,symbolic_logic,correct,correct,False,True,0.3333333333333333,0.3333333333333333
trace_00014,trace_00078,causal_003,temporal_016,causal_micro_world,temporal_ordering,correct,incorrect,False,False,0.42528358731335336,0.5
trace_00014,trace_00079,causal_003,causal_016,causal_micro_world,causal_micro_world,correct,incorrect,True,False,0.5954372523105549,0.6666666666666666
trace_00014,trace_00080,causal_003,commonsense_016,causal_micro_world,commonsense_multihop,correct,correct,False,True,0.5954372523105549,0.6666666666666666
trace_00014,trace_00081,causal_003,arith_017,causal_micro_world,arithmetic,correct,correct,False,True,0.42528358731335336,0.5
trace_00014,trace_00082,causal_003,logic_017,causal_micro_world,symbolic_logic,correct,incorrect,False,False,0.5954372523105549,0.6666666666666666
trace_00014,trace_00083,causal_003,temporal_017,causal_micro_world,temporal_ordering,correct,incorrect,False,False,0.6666666666666666,0.6666666666666666
trace_00014,trace_00084,causal_003,causal_017,causal_micro_world,causal_micro_world,correct,correct,True,True,0.5954372523105549,0.6666666666666666
trace_00014,trace_00085,causal_003,commonsense_017,causal_micro_world,commonsense_multihop,correct,incorrect,False,False,0.20751874963942185,0.3333333333333333
trace_00014,trace_00086,causal_003,arith_018,causal_micro_world,arithmetic,correct,correct,False,True,0.6666666666666666,0.6666666666666666
trace_00014,trace_00087,causal_003,logic_018,causal_micro_world,symbolic_logic,correct,correct,False,True,0.6666666666666666,0.6666666666666666
trace_00014,trace_00088,causal_003,temporal_018,causal_micro_world,temporal_ordering,correct,incorrect,False,False,0.5954372523105549,0.6666666666666666
trace_00014,trace_00089,causal_003,causal_018,causal_micro_world,causal_micro_world,correct,correct,True,True,0.13792538097003013,0.24999999999999997
trace_00014,trace_00090,causal_003,commonsense_018,causal_micro_world,commonsense_multihop,correct,incorrect,False,False,0.7126417936566767,0.7499999999999999
trace_00014,trace_00091,causal_003,arith_019,causal_micro_world,arithmetic,correct,correct,False,True,0.42528358731335336,0.5
trace_00014,trace_00092,causal_003,logic_019,causal_micro_world,symbolic_logic,correct,correct,False,True,0.5408520829727552,0.6666666666666666
trace_00014,trace_00093,causal_003,temporal_019,causal_micro_world,temporal_ordering,correct,incorrect,False,False,0.3333333333333333,0.3333333333333333
trace_00014,trace_00094,causal_003,causal_019,causal_micro_world,causal_micro_world,correct,correct,True,True,0.3333333333333333,0.3333333333333333
trace_00014,trace_00095,causal_003,commonsense_019,causal_micro_world,commonsense_multihop,correct,correct,False,True,0.3333333333333333,0.3333333333333333
trace_00014,trace_00096,causal_003,arith_020,causal_micro_world,arithmetic,correct,correct,False,True,0.42528358731335336,0.5
trace_00014,trace_00097,causal_003,logic_020,causal_micro_world,symbolic_logic,correct,incorrect,False,False,0.1908745046211096,0.33333333333333337
trace_00014,trace_00098,causal_003,temporal_020,causal_micro_world,temporal_ordering,correct,incorrect,False,False,0.3333333333333333,0.3333333333333333
trace_00014,trace_00099,causal_003,causal_020,causal_micro_world,causal_micro_world,correct,correct,True,True,0.5954372523105549,0.6666666666666666
trace_00014,trace_00100,causal_003,commonsense_020,causal_micro_world,commonsense_multihop,correct,correct,False,True,0.490968531773352,0.6
trace_00015,trace_00016,commonsense_003,arith_004,commonsense_multihop,arithmetic,correct,correct,False,True,0.32518928103806,0.5
trace_00015,trace_00017,commonsense_003,logic_004,commonsense_multihop,symbolic_logic,correct,correct,False,True,0.32518928103806,0.5
trace_00015,trace_00018,commonsense_003,temporal_004,commonsense_multihop,temporal_ordering,correct,incorrect,False,False,0.3112781244591328,0.5
trace_00015,trace_00019,commonsense_003,causal_004,commonsense_multihop,causal_micro_world,correct,correct,False,True,0.1379253809700301,0.24999999999999997
trace_00015,trace_00020,commonsense_003,commonsense_004,commonsense_multihop,commonsense_multihop,correct,incorrect,True,False,0.1556390622295664,0.25
trace_00015,trace_00021,commonsense_003,arith_005,commonsense_multihop,arithmetic,correct,correct,False,True,0.32518928103806,0.5
trace_00015,trace_00022,commonsense_003,logic_005,commonsense_multihop,symbolic_logic,correct,correct,False,True,0.3112781244591328,0.5
trace_00015,trace_00023,commonsense_003,temporal_005,commonsense_multihop,temporal_ordering,correct,correct,False,True,0.3112781244591328,0.5
trace_00015,trace_00024,commonsense_003,causal_005,commonsense_multihop,causal_micro_world,correct,correct,False,True,0.13792538097003013,0.24999999999999997
trace_00015,trace_00025,commonsense_003,commonsense_005,commonsense_multihop,commonsense_multihop,correct,correct,True,True,0.3112781244591328,0.5
trace_00015,trace_00026,commonsense_003,arith_006,commonsense_multihop,arithmetic,correct,correct,False,True,0.24161387653786542,0.35
trace_00015,trace_00027,commonsense_003,logic_006,commonsense_multihop,symbolic_logic,correct,correct,False,True,0.3112781244591328,0.5
trace_00015,trace_00028,commonsense_003,temporal_006,commonsense_multihop,temporal_ordering,correct,incorrect,False,False,0.5487949406953987,0.75
trace_00015,trace_00029,commonsense_003,causal_006,commonsense_multihop,causal_micro_world,correct,correct,False,True,0.3112781244591328,0.5
trace_00015,trace_00030,commonsense_003,commonsense_006,commonsense_multihop,commonsense_multihop,correct,incorrect,True,False,0.1379253809700301,0.24999999999999997
trace_00015,trace_00031,commonsense_003,arith_007,commonsense_multihop,arithmetic,correct,correct,False,True,0.2230022134686308,0.3333333333333333
trace_00015,trace_00032,commonsense_003,logic_007,commonsense_multihop,symbolic_logic,correct,correct,False,True,0.3112781244591328,0.5
trace_00015,trace_00033,commonsense_003,temporal_007,commonsense_multihop,temporal_ordering,correct,correct,False,True,0.32518928103806,0.5
trace_00015,trace_00034,commonsense_003,causal_007,commonsense_multihop,causal_micro_world,correct,incorrect,False,False,0.13792538097003013,0.24999999999999997
trace_00015,trace_00035,commonsense_003,commonsense_007,commonsense_multihop,commonsense_multihop,correct,incorrect,True,False,0.36128225143847115,0.55
trace_00015,trace_00036,commonsense_003,arith_008,commonsense_multihop,arithmetic,correct,correct,False,True,0.018621763074265447,0.15
trace_00015,trace_00037,commonsense_003,logic_008,commonsense_multihop,symbolic_logic,correct,correct,False,True,0.3112781244591328,0.5
trace_00015,trace_00038,commonsense_003,temporal_008,commonsense_multihop,temporal_ordering,correct,incorrect,False,False,0.13792538097003013,0.24999999999999997
trace_00015,trace_00039,commonsense_003,causal_008,commonsense_multihop,causal_micro_world,correct,incorrect,False,False,0.3112781244591328,0.5
trace_00015,trace_00040,commonsense_003,commonsense_008,commonsense_multihop,commonsense_multihop,correct,incorrect,True,False,0.1556390622295664,0.25
trace_00015,trace_00041,commonsense_003,arith_009,commonsense_multihop,arithmetic,correct,correct,False,True,0.306355089400266,0.46428571428571425
trace_00015,trace_00042,commonsense_003,logic_009,commonsense_multihop,symbolic_logic,correct,incorrect,False,False,0.1556390622295664,0.25
trace_00015,trace_00043,commonsense_003,temporal_009,commonsense_multihop,temporal_ordering,correct,incorrect,False,False,0.13792538097003013,0.24999999999999997
trace_00015,trace_00044,commonsense_003,causal_009,commonsense_multihop,causal_micro_world,correct,correct,False,True,0.13792538097003013,0.24999999999999997
trace_00015,trace_00045,commonsense_003,commonsense_009,commonsense_multihop,commonsense_multihop,correct,incorrect,True,False,0.24161387653786542,0.35
trace_00015,trace_00046,commonsense_003,arith_010,commonsense_multihop,arithmetic,correct,correct,False,True,0.10803154614560012,0.19999999999999998
trace_00015,trace_00047,commonsense_003,logic_010,commonsense_multihop,symbolic_logic,correct,incorrect,False,False,0.5487949406953987,0.75
trace_00015,trace_00048,commonsense_003,temporal_010,commonsense_multihop,temporal_ordering,correct,incorrect,False,False,0.1379253809700301,0.24999999999999997
trace_00015,trace_00049,commonsense_003,causal_010,commonsense_multihop,causal_micro_world,correct,incorrect,False,False,0.32518928103806,0.49999999999999994
trace_00015,trace_00050,commonsense_003,commonsense_010,commonsense_multihop,commonsense_multihop,correct,correct,True,True,0.1379253809700301,0.24999999999999997
trace_00015,trace_00051,commonsense_003,arith_011,commonsense_multihop,arithmetic,correct,incorrect,False,False,0.5,0.5
trace_00015,trace_00052,commonsense_003,logic_011,commonsense_multihop,symbolic_logic,correct,correct,False,True,0.1379253809700301,0.24999999999999997
trace_00015,trace_00053,commonsense_003,temporal_011,commonsense_multihop,temporal_ordering,correct,incorrect,False,False,0.3112781244591328,0.5
trace_00015,trace_00054,commonsense_003,causal_011,commonsense_multihop,causal_micro_world,correct,incorrect,False,False,0.13792538097003013,0.24999999999999997
trace_00015,trace_00055,commonsense_003,commonsense_011,commonsense_multihop,commonsense_multihop,correct,correct,True,True,0.36888723188156036,0.5
trace_00015,trace_00056,commonsense_003,arith_012,commonsense_multihop,arithmetic,correct,correct,False,True,0.6556390622295665,0.75
trace_00015,trace_00057,commonsense_003,logic_012,commonsense_multihop,symbolic_logic,correct,correct,False,True,0.5487949406953987,0.75
trace_00015,trace_00058,commonsense_003,temporal_012,commonsense_multihop,temporal_ordering,correct,incorrect,False,False,0.13792538097003013,0.24999999999999997
trace_00015,trace_00059,commonsense_003,causal_012,commonsense_multihop,causal_micro_world,correct,correct,False,True,0.6556390622295665,0.75
trace_00015,trace_00060,commonsense_003,commonsense_012,commonsense_multihop,commonsense_multihop,correct,incorrect,True,False,0.32518928103806,0.5
trace_00015,trace_00061,commonsense_003,arith_013,commonsense_multihop,arithmetic,correct,correct,False,True,0.3080790459672315,0.41666666666666663
trace_00015,trace_00062,commonsense_003,logic_013,commonsense_multihop,symbolic_logic,correct,correct,False,True,0.4646059900014654,0.55
trace_00015,trace_00063,commonsense_003,temporal_013,commonsense_multihop,temporal_ordering,correct,incorrect,False,False,0.3112781244591328,0.5
trace_00015,trace_00064,commonsense_003,causal_013,commonsense_multihop,causal_micro_world,correct,incorrect,False,False,0.32518928103806,0.49999999999999994
trace_00015,trace_00065,commonsense_003,commonsense_013,commonsense_multihop,commonsense_multihop,correct,incorrect,True,False,0.0,0.0
trace_00015,trace_00066,commonsense_003,arith_014,commonsense_multihop,arithmetic,correct,correct,False,True,0.42528358731335336,0.4999999999999999
trace_00015,trace_00067,commonsense_003,logic_014,commonsense_multihop,symbolic_logic,correct,incorrect,False,False,0.32518928103806,0.5
trace_00015,trace_00068,commonsense_003,temporal_014,commonsense_multihop,temporal_ordering,correct,incorrect,False,False,0.1379253809700301,0.24999999999999997
trace_00015,trace_00069,commonsense_003,causal_014,commonsense_multihop,causal_micro_world,correct,correct,False,True,0.3112781244591328,0.5
trace_00015,trace_00070,commonsense_003,commonsense_014,commonsense_multihop,commonsense_multihop,correct,correct,True,True,0.16599948204152049,0.3333333333333333
trace_00015,trace_00071,commonsense_003,arith_015,commonsense_multihop,arithmetic,correct,correct,False,True,0.6556390622295665,0.75
trace_00015,trace_00072,commonsense_003,logic_015,commonsense_multihop,symbolic_logic,correct,incorrect,False,False,0.20798473969193815,0.4166666666666667
trace_00015,trace_00073,commonsense_003,temporal_015,commonsense_multihop,temporal_ordering,correct,incorrect,False,False,0.018621763074265444,0.15
trace_00015,trace_00074,commonsense_003,causal_015,commonsense_multihop,causal_micro_world,correct,correct,False,True,0.5487949406953987,0.75
trace_00015,trace_00075,commonsense_003,commonsense_015,commonsense_multihop,commonsense_multihop,correct,correct,True,True,0.1556390622295664,0.25
trace_00015,trace_00076,commonsense_003,arith_016,commonsense_multihop,arithmetic,correct,correct,False,True,0.2251120335231676,0.3571428571428571
trace_00015,trace_00077,commonsense_003,logic_016,commonsense_multihop,symbolic_logic,correct,correct,False,True,0.13792538097003013,0.24999999999999997
trace_00015,trace_00078,commonsense_003,temporal_016,commonsense_multihop,temporal_ordering,correct,incorrect,False,False,0.0,0.0
trace_00015,trace_00079,commonsense_003,causal_016,commonsense_multihop,causal_micro_world,correct,incorrect,False,False,0.3112781244591328,0.5
trace_00015,trace_00080,commonsense_003,commonsense_016,commonsense_multihop,commonsense_multihop,correct,correct,True,True,0.3112781244591328,0.5
trace_00015,trace_00081,commonsense_003,arith_017,commonsense_multihop,arithmetic,correct,correct,False,True,0.25,0.25
trace_00015,trace_00082,commonsense_003,logic_017,commonsense_multihop,symbolic_logic,correct,incorrect,False,False,0.3112781244591328,0.5
trace_00015,trace_00083,commonsense_003,temporal_017,commonsense_multihop,temporal_ordering,correct,incorrect,False,False,0.1379253809700301,0.24999999999999997
trace_00015,trace_00084,commonsense_003,causal_017,commonsense_multihop,causal_micro_world,correct,correct,False,True,0.3112781244591328,0.5
trace_00015,trace_00085,commonsense_003,commonsense_017,commonsense_multihop,commonsense_multihop,correct,incorrect,True,False,0.32518928103806,0.5
trace_00015,trace_00086,commonsense_003,arith_018,commonsense_multihop,arithmetic,correct,correct,False,True,0.42528358731335336,0.4999999999999999
trace_00015,trace_00087,commonsense_003,logic_018,commonsense_multihop,symbolic_logic,correct,correct,False,True,0.1379253809700301,0.24999999999999997
trace_00015,trace_00088,commonsense_003,temporal_018,commonsense_multihop,temporal_ordering,correct,incorrect,False,False,0.3112781244591328,0.5
trace_00015,trace_00089,commonsense_003,causal_018,commonsense_multihop,causal_micro_world,correct,correct,False,True,0.25,0.25
trace_00015,trace_00090,commonsense_003,commonsense_018,commonsense_multihop,commonsense_multihop,correct,incorrect,True,False,0.1556390622295664,0.25
trace_00015,trace_00091,commonsense_003,arith_019,commonsense_multihop,arithmetic,correct,correct,False,True,0.25,0.25
trace_00015,trace_00092,commonsense_003,logic_019,commonsense_multihop,symbolic_logic,correct,correct,False,True,0.04879494069539858,0.25
trace_00015,trace_00093,commonsense_003,temporal_019,commonsense_multihop,temporal_ordering,correct,incorrect,False,False,0.13792538097003013,0.24999999999999997
trace_00015,trace_00094,commonsense_003,causal_019,commonsense_multihop,causal_micro_world,correct,correct,False,True,0.13792538097003013,0.24999999999999997
trace_00015,trace_00095,commonsense_003,commonsense_019,commonsense_multihop,commonsense_multihop,correct,correct,True,True,0.13792538097003013,0.24999999999999997
trace_00015,trace_00096,commonsense_003,arith_020,commonsense_multihop,arithmetic,correct,correct,False,True,0.25,0.25
trace_00015,trace_00097,commonsense_003,logic_020,commonsense_multihop,symbolic_logic,correct,incorrect,False,False,0.3112781244591328,0.5
trace_00015,trace_00098,commonsense_003,temporal_020,commonsense_multihop,temporal_ordering,correct,incorrect,False,False,0.42528358731335336,0.5
trace_00015,trace_00099,commonsense_003,causal_020,commonsense_multihop,causal_micro_world,correct,correct,False,True,0.3112781244591328,0.5
trace_00015,trace_00100,commonsense_003,commonsense_020,commonsense_multihop,commonsense_multihop,correct,correct,True,True,0.01862176307426544,0.15
trace_00016,trace_00017,arith_004,logic_004,arithmetic,symbolic_logic,correct,correct,False,True,0.3333333333333333,0.3333333333333333
trace_00016,trace_00018,arith_004,temporal_004,arithmetic,temporal_ordering,correct,incorrect,False,False,0.020720839623908215,0.16666666666666666
trace_00016,trace_00019,arith_004,causal_004,arithmetic,causal_micro_world,correct,correct,False,True,0.6666666666666666,0.6666666666666666
trace_00016,trace_00020,arith_004,commonsense_004,arithmetic,commonsense_multihop,correct,incorrect,False,False,0.13792538097003013,0.24999999999999997
trace_00016,trace_00021,arith_004,arith_005,arithmetic,arithmetic,correct,correct,True,True,0.08170416594551039,0.3333333333333333
trace_00016,trace_00022,arith_004,logic_005,arithmetic,symbolic_logic,correct,correct,False,True,0.020720839623908215,0.16666666666666666
trace_00016,trace_00023,arith_004,temporal_005,arithmetic,temporal_ordering,correct,correct,False,True,0.5954372523105548,0.6666666666666666
trace_00016,trace_00024,arith_004,causal_005,arithmetic,causal_micro_world,correct,correct,False,True,0.5408520829727551,0.6666666666666666
trace_00016,trace_00025,arith_004,commonsense_005,arithmetic,commonsense_multihop,correct,correct,False,True,0.42528358731335336,0.5
trace_00016,trace_00026,arith_004,arith_006,arithmetic,arithmetic,correct,correct,True,True,0.236452797660028,0.3999999999999999
trace_00016,trace_00027,arith_004,logic_006,arithmetic,symbolic_logic,correct,correct,False,True,0.42528358731335336,0.5
trace_00016,trace_00028,arith_004,temporal_006,arithmetic,temporal_ordering,correct,incorrect,False,False,1.0,1.0
trace_00016,trace_00029,arith_004,causal_006,arithmetic,causal_micro_world,correct,correct,False,True,0.42528358731335336,0.5
trace_00016,trace_00030,arith_004,commonsense_006,arithmetic,commonsense_multihop,correct,incorrect,False,False,0.20751874963942185,0.3333333333333333
trace_00016,trace_00031,arith_004,arith_007,arithmetic,arithmetic,correct,correct,True,True,0.3112781244591328,0.49999999999999994
trace_00016,trace_00032,arith_004,logic_007,arithmetic,symbolic_logic,correct,correct,False,True,0.42528358731335336,0.5
trace_00016,trace_00033,arith_004,temporal_007,arithmetic,temporal_ordering,correct,correct,False,True,0.5408520829727551,0.6666666666666666
trace_00016,trace_00034,arith_004,causal_007,arithmetic,causal_micro_world,correct,incorrect,False,False,0.5408520829727551,0.6666666666666666
trace_00016,trace_00035,arith_004,commonsense_007,arithmetic,commonsense_multihop,correct,incorrect,False,False,0.27104451158356513,0.33333333333333337
trace_00016,trace_00036,arith_004,arith_008,arithmetic,arithmetic,correct,correct,True,True,0.4077660030601058,0.6
trace_00016,trace_00037,arith_004,logic_008,arithmetic,symbolic_logic,correct,correct,False,True,1.0,0.9999999999999999
trace_00016,trace_00038,arith_004,temporal_008,arithmetic,temporal_ordering,correct,incorrect,False,False,0.5408520829727551,0.6666666666666666
trace_00016,trace_00039,arith_004,causal_008,arithmetic,causal_micro_world,correct,incorrect,False,False,0.5954372523105548,0.6666666666666666
trace_00016,trace_00040,arith_004,commonsense_008,arithmetic,commonsense_multihop,correct,incorrect,False,False,0.7126417936566767,0.75
trace_00016,trace_00041,arith_004,arith_009,arithmetic,arithmetic,correct,correct,True,True,0.3512332756451951,0.5238095238095237
trace_00016,trace_00042,arith_004,logic_009,arithmetic,symbolic_logic,correct,incorrect,False,False,0.6125474873813833,0.75
trace_00016,trace_00043,arith_004,temporal_009,arithmetic,temporal_ordering,correct,incorrect,False,False,0.20751874963942185,0.3333333333333333
trace_00016,trace_00044,arith_004,causal_009,arithmetic,causal_micro_world,correct,correct,False,True,0.5408520829727551,0.6666666666666666
trace_00016,trace_00045,arith_004,commonsense_009,arithmetic,commonsense_multihop,correct,incorrect,False,False,0.6622817371734298,0.7999999999999999
trace_00016,trace_00046,arith_004,arith_010,arithmetic,arithmetic,correct,correct,True,True,0.4077660030601058,0.6
trace_00016,trace_00047,arith_004,logic_010,arithmetic,symbolic_logic,correct,incorrect,False,False,0.4591479170272448,0.6666666666666667
trace_00016,trace_00048,arith_004,temporal_010,arithmetic,temporal_ordering,correct,incorrect,False,False,0.20751874963942185,0.3333333333333333
trace_00016,trace_00049,arith_004,causal_010,arithmetic,causal_micro_world,correct,incorrect,False,False,0.6666666666666666,0.6666666666666666
trace_00016,trace_00050,arith_004,commonsense_010,arithmetic,commonsense_multihop,correct,correct,False,True,0.6666666666666666,0.6666666666666666
trace_00016,trace_00051,arith_004,arith_011,arithmetic,arithmetic,correct,incorrect,True,False,0.7126417936566767,0.75
trace_00016,trace_00052,arith_004,logic_011,arithmetic,symbolic_logic,correct,correct,False,True,0.20751874963942185,0.3333333333333333
trace_00016,trace_00053,arith_004,temporal_011,arithmetic,temporal_ordering,correct,incorrect,False,False,0.42528358731335336,0.5
trace_00016,trace_00054,arith_004,causal_011,arithmetic,causal_micro_world,correct,incorrect,False,False,0.5408520829727551,0.6666666666666666
trace_00016,trace_00055,arith_004,commonsense_011,arithmetic,commonsense_multihop,correct,correct,False,True,0.5803376670330035,0.7142857142857142
trace_00016,trace_00056,arith_004,arith_012,arithmetic,arithmetic,correct,correct,True,True,1.0,1.0
trace_00016,trace_00057,arith_004,logic_012,arithmetic,symbolic_logic,correct,correct,False,True,0.4591479170272448,0.6666666666666667
trace_00016,trace_00058,arith_004,temporal_012,arithmetic,temporal_ordering,correct,incorrect,False,False,0.20751874963942185,0.3333333333333333
trace_00016,trace_00059,arith_004,causal_012,arithmetic,causal_micro_world,correct,correct,False,True,1.0,1.0
trace_00016,trace_00060,arith_004,commonsense_012,arithmetic,commonsense_multihop,correct,incorrect,False,False,1.0,0.9999999999999999
trace_00016,trace_00061,arith_004,arith_013,arithmetic,arithmetic,correct,correct,True,True,0.3658632937969324,0.5
trace_00016,trace_00062,arith_004,logic_013,arithmetic,symbolic_logic,correct,correct,False,True,1.0,1.0
trace_00016,trace_00063,arith_004,temporal_013,arithmetic,temporal_ordering,correct,incorrect,False,False,1.0,0.9999999999999999
trace_00016,trace_00064,arith_004,causal_013,arithmetic,causal_micro_world,correct,incorrect,False,False,0.5408520829727551,0.6666666666666666
trace_00016,trace_00065,arith_004,commonsense_013,arithmetic,commonsense_multihop,correct,incorrect,False,False,0.32518928103806,0.5
trace_00016,trace_00066,arith_004,arith_014,arithmetic,arithmetic,correct,correct,True,True,0.6666666666666666,0.6666666666666666
trace_00016,trace_00067,arith_004,logic_014,arithmetic,symbolic_logic,correct,incorrect,False,False,0.0,0.0
trace_00016,trace_00068,arith_004,temporal_014,arithmetic,temporal_ordering,correct,incorrect,False,False,0.6666666666666666,0.6666666666666666
trace_00016,trace_00069,arith_004,causal_014,arithmetic,causal_micro_world,correct,correct,False,True,1.0,0.9999999999999999
trace_00016,trace_00070,arith_004,commonsense_014,arithmetic,commonsense_multihop,correct,correct,False,True,0.3112781244591328,0.5
trace_00016,trace_00071,arith_004,arith_015,arithmetic,arithmetic,correct,correct,True,True,1.0,1.0
trace_00016,trace_00072,arith_004,logic_015,arithmetic,symbolic_logic,correct,incorrect,False,False,0.7704260414863775,0.8333333333333333
trace_00016,trace_00073,arith_004,temporal_015,arithmetic,temporal_ordering,correct,incorrect,False,False,0.236452797660028,0.3999999999999999
trace_00016,trace_00074,arith_004,causal_015,arithmetic,causal_micro_world,correct,correct,False,True,0.1908745046211096,0.33333333333333337
trace_00016,trace_00075,arith_004,commonsense_015,arithmetic,commonsense_multihop,correct,correct,False,True,0.7126417936566767,0.7499999999999999
trace_00016,trace_00076,arith_004,arith_016,arithmetic,arithmetic,correct,correct,True,True,0.3512332756451951,0.5238095238095237
trace_00016,trace_00077,arith_004,logic_016,arithmetic,symbolic_logic,correct,correct,False,True,0.5408520829727551,0.6666666666666666
trace_00016,trace_00078,arith_004,temporal_016,arithmetic,temporal_ordering,correct,incorrect,False,False,0.32518928103806,0.5
trace_00016,trace_00079,arith_004,causal_016,arithmetic,causal_micro_world,correct,incorrect,False,False,1.0,0.9999999999999999
trace_00016,trace_00080,arith_004,commonsense_016,arithmetic,commonsense_multihop,correct,correct,False,True,0.42528358731335336,0.5
trace_00016,trace_00081,arith_004,arith_017,arithmetic,arithmetic,correct,correct,True,True,0.7126417936566767,0.75
trace_00016,trace_00082,arith_004,logic_017,arithmetic,symbolic_logic,correct,incorrect,False,False,0.020720839623908215,0.16666666666666666
trace_00016,trace_00083,arith_004,temporal_017,arithmetic,temporal_ordering,correct,incorrect,False,False,0.6666666666666666,0.6666666666666666
trace_00016,trace_00084,arith_004,causal_017,arithmetic,causal_micro_world,correct,correct,False,True,0.42528358731335336,0.5
trace_00016,trace_00085,arith_004,commonsense_017,arithmetic,commonsense_multihop,correct,incorrect,False,False,0.3333333333333333,0.3333333333333333
trace_00016,trace_00086,arith_004,arith_018,arithmetic,arithmetic,correct,correct,True,True,0.6666666666666666,0.6666666666666666
trace_00016,trace_00087,arith_004,logic_018,arithmetic,symbolic_logic,correct,correct,False,True,0.6666666666666666,0.6666666666666666
trace_00016,trace_00088,arith_004,temporal_018,arithmetic,temporal_ordering,correct,incorrect,False,False,1.0,0.9999999999999999
trace_00016,trace_00089,arith_004,causal_018,arithmetic,causal_micro_world,correct,correct,False,True,0.32518928103806,0.5
trace_00016,trace_00090,arith_004,commonsense_018,arithmetic,commonsense_multihop,correct,incorrect,False,False,0.32518928103806,0.5
trace_00016,trace_00091,arith_004,arith_019,arithmetic,arithmetic,correct,correct,True,True,0.7126417936566767,0.75
trace_00016,trace_00092,arith_004,logic_019,arithmetic,symbolic_logic,correct,correct,False,True,0.4696226686166433,0.6666666666666666
trace_00016,trace_00093,arith_004,temporal_019,arithmetic,temporal_ordering,correct,incorrect,False,False,0.5408520829727551,0.6666666666666666
trace_00016,trace_00094,arith_004,causal_019,arithmetic,causal_micro_world,correct,correct,False,True,0.20751874963942185,0.3333333333333333
trace_00016,trace_00095,arith_004,commonsense_019,arithmetic,commonsense_multihop,correct,correct,False,True,0.20751874963942185,0.3333333333333333
trace_00016,trace_00096,arith_004,arith_020,arithmetic,arithmetic,correct,correct,True,True,0.32518928103806,0.5
trace_00016,trace_00097,arith_004,logic_020,arithmetic,symbolic_logic,correct,incorrect,False,False,0.42528358731335336,0.5
trace_00016,trace_00098,arith_004,temporal_020,arithmetic,temporal_ordering,correct,incorrect,False,False,0.6666666666666666,0.6666666666666666
trace_00016,trace_00099,arith_004,causal_020,arithmetic,causal_micro_world,correct,correct,False,True,0.42528358731335336,0.5
trace_00016,trace_00100,arith_004,commonsense_020,arithmetic,commonsense_multihop,correct,correct,False,True,0.2978039929652123,0.4666666666666667
trace_00017,trace_00018,logic_004,temporal_004,symbolic_logic,temporal_ordering,correct,incorrect,False,False,0.42528358731335336,0.5
trace_00017,trace_00019,logic_004,causal_004,symbolic_logic,causal_micro_world,correct,correct,False,True,0.6666666666666666,0.6666666666666666
trace_00017,trace_00020,logic_004,commonsense_004,symbolic_logic,commonsense_multihop,correct,incorrect,False,False,0.42528358731335336,0.5
trace_00017,trace_00021,logic_004,arith_005,symbolic_logic,arithmetic,correct,correct,False,True,0.5408520829727551,0.6666666666666666
trace_00017,trace_00022,logic_004,logic_005,symbolic_logic,symbolic_logic,correct,correct,True,True,0.42528358731335336,0.5
trace_00017,trace_00023,logic_004,temporal_005,symbolic_logic,temporal_ordering,correct,correct,False,True,0.5954372523105548,0.6666666666666666
trace_00017,trace_00024,logic_004,causal_005,symbolic_logic,causal_micro_world,correct,correct,False,True,0.20751874963942185,0.3333333333333333
trace_00017,trace_00025,logic_004,commonsense_005,symbolic_logic,commonsense_multihop,correct,correct,False,True,0.42528358731335336,0.5
trace_00017,trace_00026,logic_004,arith_006,symbolic_logic,arithmetic,correct,correct,False,True,0.236452797660028,0.3999999999999999
trace_00017,trace_00027,logic_004,logic_006,symbolic_logic,symbolic_logic,correct,correct,True,True,0.42528358731335336,0.5
trace_00017,trace_00028,logic_004,temporal_006,symbolic_logic,temporal_ordering,correct,incorrect,False,False,1.0,1.0
trace_00017,trace_00029,logic_004,causal_006,symbolic_logic,causal_micro_world,correct,correct,False,True,0.020720839623908215,0.16666666666666666
trace_00017,trace_00030,logic_004,commonsense_006,symbolic_logic,commonsense_multihop,correct,incorrect,False,False,0.5408520829727551,0.6666666666666666
trace_00017,trace_00031,logic_004,arith_007,symbolic_logic,arithmetic,correct,correct,False,True,0.20751874963942185,0.3333333333333333
trace_00017,trace_00032,logic_004,logic_007,symbolic_logic,symbolic_logic,correct,correct,True,True,0.42528358731335336,0.5
trace_00017,trace_00033,logic_004,temporal_007,symbolic_logic,temporal_ordering,correct,correct,False,True,1.0,0.9999999999999999
trace_00017,trace_00034,logic_004,causal_007,symbolic_logic,causal_micro_world,correct,incorrect,False,False,0.20751874963942185,0.3333333333333333
trace_00017,trace_00035,logic_004,commonsense_007,symbolic_logic,commonsense_multihop,correct,incorrect,False,False,0.27104451158356513,0.33333333333333337
trace_00017,trace_00036,logic_004,arith_008,symbolic_logic,arithmetic,correct,correct,False,True,0.4077660030601058,0.5999999999999999
trace_00017,trace_00037,logic_004,logic_008,symbolic_logic,symbolic_logic,correct,correct,True,True,0.5954372523105548,0.6666666666666666
trace_00017,trace_00038,logic_004,temporal_008,symbolic_logic,temporal_ordering,correct,incorrect,False,False,0.20751874963942185,0.3333333333333333
trace_00017,trace_00039,logic_004,causal_008,symbolic_logic,causal_micro_world,correct,incorrect,False,False,0.5954372523105548,0.6666666666666666
trace_00017,trace_00040,logic_004,commonsense_008,symbolic_logic,commonsense_multihop,correct,incorrect,False,False,0.7126417936566767,0.75
trace_00017,trace_00041,logic_004,arith_009,symbolic_logic,arithmetic,correct,correct,False,True,0.5180495027954102,0.7142857142857142
trace_00017,trace_00042,logic_004,logic_009,symbolic_logic,symbolic_logic,correct,incorrect,True,False,0.32518928103806,0.5
trace_00017,trace_00043,logic_004,temporal_009,symbolic_logic,temporal_ordering,correct,incorrect,False,False,0.20751874963942185,0.3333333333333333
trace_00017,trace_00044,logic_004,causal_009,symbolic_logic,causal_micro_world,correct,correct,False,True,0.20751874963942185,0.3333333333333333
trace_00017,trace_00045,logic_004,commonsense_009,symbolic_logic,commonsense_multihop,correct,incorrect,False,False,0.2978039929652123,0.4666666666666667
trace_00017,trace_00046,logic_004,arith_010,symbolic_logic,arithmetic,correct,correct,False,True,0.4077660030601058,0.5999999999999999
trace_00017,trace_00047,logic_004,logic_010,symbolic_logic,symbolic_logic,correct,incorrect,True,False,1.0,1.0
trace_00017,trace_00048,logic_004,temporal_010,symbolic_logic,temporal_ordering,correct,incorrect,False,False,0.5408520829727551,0.6666666666666666
trace_00017,trace_00049,logic_004,causal_010,symbolic_logic,causal_micro_world,correct,incorrect,False,False,1.0,1.0
trace_00017,trace_00050,logic_004,commonsense_010,symbolic_logic,commonsense_multihop,correct,correct,False,True,0.6666666666666666,0.6666666666666666
trace_00017,trace_00051,logic_004,arith_011,symbolic_logic,arithmetic,correct,incorrect,False,False,1.0,1.0
trace_00017,trace_00052,logic_004,logic_011,symbolic_logic,symbolic_logic,correct,correct,True,True,0.5408520829727551,0.6666666666666666
trace_00017,trace_00053,logic_004,temporal_011,symbolic_logic,temporal_ordering,correct,incorrect,False,False,0.020720839623908215,0.16666666666666666
trace_00017,trace_00054,logic_004,causal_011,symbolic_logic,causal_micro_world,correct,incorrect,False,False,0.20751874963942185,0.3333333333333333
trace_00017,trace_00055,logic_004,commonsense_011,symbolic_logic,commonsense_multihop,correct,correct,False,True,0.5803376670330035,0.7142857142857142
trace_00017,trace_00056,logic_004,arith_012,symbolic_logic,arithmetic,correct,correct,False,True,1.0,1.0
trace_00017,trace_00057,logic_004,logic_012,symbolic_logic,symbolic_logic,correct,correct,True,True,1.0,1.0
trace_00017,trace_00058,logic_004,temporal_012,symbolic_logic,temporal_ordering,correct,incorrect,False,False,0.20751874963942185,0.3333333333333333
trace_00017,trace_00059,logic_004,causal_012,symbolic_logic,causal_micro_world,correct,correct,False,True,1.0,1.0
trace_00017,trace_00060,logic_004,commonsense_012,symbolic_logic,commonsense_multihop,correct,incorrect,False,False,0.5408520829727551,0.6666666666666666
trace_00017,trace_00061,logic_004,arith_013,symbolic_logic,arithmetic,correct,correct,False,True,0.6991966271302656,0.8333333333333333
trace_00017,trace_00062,logic_004,logic_013,symbolic_logic,symbolic_logic,correct,correct,True,True,0.6355222557917826,0.6666666666666667
trace_00017,trace_00063,logic_004,temporal_013,symbolic_logic,temporal_ordering,correct,incorrect,False,False,0.5954372523105548,0.6666666666666666
trace_00017,trace_00064,logic_004,causal_013,symbolic_logic,causal_micro_world,correct,incorrect,False,False,0.5408520829727551,0.6666666666666666
trace_00017,trace_00065,logic_004,commonsense_013,symbolic_logic,commonsense_multihop,correct,incorrect,False,False,0.32518928103806,0.5
trace_00017,trace_00066,logic_004,arith_014,symbolic_logic,arithmetic,correct,correct,False,True,1.0,0.9999999999999999
trace_00017,trace_00067,logic_004,logic_014,symbolic_logic,symbolic_logic,correct,incorrect,True,False,0.3333333333333333,0.3333333333333333
trace_00017,trace_00068,logic_004,temporal_014,symbolic_logic,temporal_ordering,correct,incorrect,False,False,0.6666666666666666,0.6666666666666666
trace_00017,trace_00069,logic_004,causal_014,symbolic_logic,causal_micro_world,correct,correct,False,True,0.5954372523105548,0.6666666666666666
trace_00017,trace_00070,logic_004,commonsense_014,symbolic_logic,commonsense_multihop,correct,correct,False,True,0.5408520829727552,0.6666666666666666
trace_00017,trace_00071,logic_004,arith_015,symbolic_logic,arithmetic,correct,correct,False,True,1.0,1.0
trace_00017,trace_00072,logic_004,logic_015,symbolic_logic,symbolic_logic,correct,incorrect,True,False,0.7704260414863775,0.8333333333333333
trace_00017,trace_00073,logic_004,temporal_015,symbolic_logic,temporal_ordering,correct,incorrect,False,False,0.236452797660028,0.3999999999999999
trace_00017,trace_00074,logic_004,causal_015,symbolic_logic,causal_micro_world,correct,correct,False,True,0.1908745046211096,0.33333333333333337
trace_00017,trace_00075,logic_004,commonsense_015,symbolic_logic,commonsense_multihop,correct,correct,False,True,0.5954372523105548,0.6666666666666666
trace_00017,trace_00076,logic_004,arith_016,symbolic_logic,arithmetic,correct,correct,False,True,0.7278806692789084,0.857142857142857
trace_00017,trace_00077,logic_004,logic_016,symbolic_logic,symbolic_logic,correct,correct,True,True,0.20751874963942185,0.3333333333333333
trace_00017,trace_00078,logic_004,temporal_016,symbolic_logic,temporal_ordering,correct,incorrect,False,False,0.32518928103806,0.5
trace_00017,trace_00079,logic_004,causal_016,symbolic_logic,causal_micro_world,correct,incorrect,False,False,0.5954372523105548,0.6666666666666666
trace_00017,trace_00080,logic_004,commonsense_016,symbolic_logic,commonsense_multihop,correct,correct,False,True,0.42528358731335336,0.5
trace_00017,trace_00081,logic_004,arith_017,symbolic_logic,arithmetic,correct,correct,False,True,0.7126417936566767,0.75
trace_00017,trace_00082,logic_004,logic_017,symbolic_logic,symbolic_logic,correct,incorrect,True,False,0.42528358731335336,0.5
trace_00017,trace_00083,logic_004,temporal_017,symbolic_logic,temporal_ordering,correct,incorrect,False,False,0.6666666666666666,0.6666666666666666
trace_00017,trace_00084,logic_004,causal_017,symbolic_logic,causal_micro_world,correct,correct,False,True,0.42528358731335336,0.5
trace_00017,trace_00085,logic_004,commonsense_017,symbolic_logic,commonsense_multihop,correct,incorrect,False,False,0.0,0.0
trace_00017,trace_00086,logic_004,arith_018,symbolic_logic,arithmetic,correct,correct,False,True,1.0,0.9999999999999999
trace_00017,trace_00087,logic_004,logic_018,symbolic_logic,symbolic_logic,correct,correct,True,True,0.6666666666666666,0.6666666666666666
trace_00017,trace_00088,logic_004,temporal_018,symbolic_logic,temporal_ordering,correct,incorrect,False,False,0.5954372523105548,0.6666666666666666
trace_00017,trace_00089,logic_004,causal_018,symbolic_logic,causal_micro_world,correct,correct,False,True,0.32518928103806,0.5
trace_00017,trace_00090,logic_004,commonsense_018,symbolic_logic,commonsense_multihop,correct,incorrect,False,False,0.6125474873813833,0.75
trace_00017,trace_00091,logic_004,arith_019,symbolic_logic,arithmetic,correct,correct,False,True,0.7126417936566767,0.75
trace_00017,trace_00092,logic_004,logic_019,symbolic_logic,symbolic_logic,correct,correct,True,True,0.4696226686166433,0.6666666666666666
trace_00017,trace_00093,logic_004,temporal_019,symbolic_logic,temporal_ordering,correct,incorrect,False,False,0.20751874963942185,0.3333333333333333
trace_00017,trace_00094,logic_004,causal_019,symbolic_logic,causal_micro_world,correct,correct,False,True,0.20751874963942185,0.3333333333333333
trace_00017,trace_00095,logic_004,commonsense_019,symbolic_logic,commonsense_multihop,correct,correct,False,True,0.20751874963942185,0.3333333333333333
trace_00017,trace_00096,logic_004,arith_020,symbolic_logic,arithmetic,correct,correct,False,True,0.6125474873813833,0.75
trace_00017,trace_00097,logic_004,logic_020,symbolic_logic,symbolic_logic,correct,incorrect,True,False,0.020720839623908215,0.16666666666666666
trace_00017,trace_00098,logic_004,temporal_020,symbolic_logic,temporal_ordering,correct,incorrect,False,False,0.6666666666666666,0.6666666666666666
trace_00017,trace_00099,logic_004,causal_020,symbolic_logic,causal_micro_world,correct,correct,False,True,0.42528358731335336,0.5
trace_00017,trace_00100,logic_004,commonsense_020,symbolic_logic,commonsense_multihop,correct,correct,False,True,0.4077660030601058,0.6
trace_00018,trace_00019,temporal_004,causal_004,temporal_ordering,causal_micro_world,incorrect,correct,False,False,0.5954372523105549,0.6666666666666666
trace_00018,trace_00020,temporal_004,commonsense_004,temporal_ordering,commonsense_multihop,incorrect,incorrect,False,True,0.1556390622295664,0.25
trace_00018,trace_00021,temporal_004,arith_005,temporal_ordering,arithmetic,incorrect,correct,False,False,0.020720839623908215,0.16666666666666666
trace_00018,trace_00022,temporal_004,logic_005,temporal_ordering,symbolic_logic,incorrect,correct,False,False,0.0,0.0
trace_00018,trace_00023,temporal_004,temporal_005,temporal_ordering,temporal_ordering,incorrect,correct,True,False,0.5,0.5
trace_00018,trace_00024,temporal_004,causal_005,temporal_ordering,causal_micro_world,incorrect,correct,False,False,0.5954372523105549,0.6666666666666666
trace_00018,trace_00025,temporal_004,commonsense_005,temporal_ordering,commonsense_multihop,incorrect,correct,False,False,0.5,0.5
trace_00018,trace_00026,temporal_004,arith_006,temporal_ordering,arithmetic,incorrect,correct,False,False,0.2519235740744792,0.4
trace_00018,trace_00027,temporal_004,logic_006,temporal_ordering,symbolic_logic,incorrect,correct,False,False,0.5,0.5
trace_00018,trace_00028,temporal_004,temporal_006,temporal_ordering,temporal_ordering,incorrect,incorrect,True,True,1.0,1.0
trace_00018,trace_00029,temporal_004,causal_006,temporal_ordering,causal_micro_world,incorrect,correct,False,False,0.5,0.5
trace_00018,trace_00030,temporal_004,commonsense_006,temporal_ordering,commonsense_multihop,incorrect,incorrect,False,True,0.1908745046211096,0.33333333333333337
trace_00018,trace_00031,temporal_004,arith_007,temporal_ordering,arithmetic,incorrect,correct,False,False,0.32501121082417717,0.5
trace_00018,trace_00032,temporal_004,logic_007,temporal_ordering,symbolic_logic,incorrect,correct,False,False,0.5,0.5
trace_00018,trace_00033,temporal_004,temporal_007,temporal_ordering,temporal_ordering,incorrect,correct,True,False,0.42528358731335336,0.5
trace_00018,trace_00034,temporal_004,causal_007,temporal_ordering,causal_micro_world,incorrect,incorrect,False,True,0.5954372523105549,0.6666666666666666
trace_00018,trace_00035,temporal_004,commonsense_007,temporal_ordering,commonsense_multihop,incorrect,incorrect,False,True,0.37519620693013067,0.5
trace_00018,trace_00036,temporal_004,arith_008,temporal_ordering,arithmetic,incorrect,correct,False,False,0.3958156020033583,0.6000000000000001
trace_00018,trace_00037,temporal_004,logic_008,temporal_ordering,symbolic_logic,incorrect,correct,False,False,1.0,1.0
trace_00018,trace_00038,temporal_004,temporal_008,temporal_ordering,temporal_ordering,incorrect,incorrect,True,True,0.5954372523105549,0.6666666666666666
trace_00018,trace_00039,temporal_004,causal_008,temporal_ordering,causal_micro_world,incorrect,incorrect,False,True,0.5,0.5
trace_00018,trace_00040,temporal_004,commonsense_008,temporal_ordering,commonsense_multihop,incorrect,incorrect,False,True,0.6556390622295665,0.75
trace_00018,trace_00041,temporal_004,arith_009,temporal_ordering,arithmetic,incorrect,correct,False,False,0.2920608058685138,0.42857142857142855
trace_00018,trace_00042,temporal_004,logic_009,temporal_ordering,symbolic_logic,incorrect,incorrect,False,True,0.6556390622295665,0.75
trace_00018,trace_00043,temporal_004,temporal_009,temporal_ordering,temporal_ordering,incorrect,incorrect,True,True,0.1908745046211096,0.33333333333333337
trace_00018,trace_00044,temporal_004,causal_009,temporal_ordering,causal_micro_world,incorrect,correct,False,False,0.5954372523105549,0.6666666666666666
trace_00018,trace_00045,temporal_004,commonsense_009,temporal_ordering,commonsense_multihop,incorrect,incorrect,False,True,0.6979078010016793,0.7999999999999999
trace_00018,trace_00046,temporal_004,arith_010,temporal_ordering,arithmetic,incorrect,correct,False,False,0.3958156020033583,0.6
trace_00018,trace_00047,temporal_004,logic_010,temporal_ordering,symbolic_logic,incorrect,incorrect,False,True,0.3112781244591328,0.5
trace_00018,trace_00048,temporal_004,temporal_010,temporal_ordering,temporal_ordering,incorrect,incorrect,True,True,0.1908745046211096,0.33333333333333337
trace_00018,trace_00049,temporal_004,causal_010,temporal_ordering,causal_micro_world,incorrect,incorrect,False,True,0.5954372523105548,0.6666666666666667
trace_00018,trace_00050,temporal_004,commonsense_010,temporal_ordering,commonsense_multihop,incorrect,correct,False,False,0.5954372523105549,0.6666666666666666
trace_00018,trace_00051,temporal_004,arith_011,temporal_ordering,arithmetic,incorrect,incorrect,False,True,0.6556390622295665,0.75
trace_00018,trace_00052,temporal_004,logic_011,temporal_ordering,symbolic_logic,incorrect,correct,False,False,0.1908745046211096,0.33333333333333337
trace_00018,trace_00053,temporal_004,temporal_011,temporal_ordering,temporal_ordering,incorrect,incorrect,True,True,0.5,0.5
trace_00018,trace_00054,temporal_004,causal_011,temporal_ordering,causal_micro_world,incorrect,incorrect,False,True,0.5954372523105549,0.6666666666666666
trace_00018,trace_00055,temporal_004,commonsense_011,temporal_ordering,commonsense_multihop,incorrect,correct,False,False,0.6284905946211771,0.7142857142857142
trace_00018,trace_00056,temporal_004,arith_012,temporal_ordering,arithmetic,incorrect,correct,False,False,1.0,1.0
trace_00018,trace_00057,temporal_004,logic_012,temporal_ordering,symbolic_logic,incorrect,correct,False,False,0.3112781244591328,0.5
trace_00018,trace_00058,temporal_004,temporal_012,temporal_ordering,temporal_ordering,incorrect,incorrect,True,True,0.1908745046211096,0.33333333333333337
trace_00018,trace_00059,temporal_004,causal_012,temporal_ordering,causal_micro_world,incorrect,correct,False,False,1.0,1.0
trace_00018,trace_00060,temporal_004,commonsense_012,temporal_ordering,commonsense_multihop,incorrect,incorrect,False,True,1.0,0.9999999999999999
trace_00018,trace_00061,temporal_004,arith_013,temporal_ordering,arithmetic,incorrect,correct,False,False,0.32501121082417717,0.5
trace_00018,trace_00062,temporal_004,logic_013,temporal_ordering,symbolic_logic,incorrect,correct,False,False,1.0,1.0
trace_00018,trace_00063,temporal_004,temporal_013,temporal_ordering,temporal_ordering,incorrect,incorrect,True,True,1.0,1.0
trace_00018,trace_00064,temporal_004,causal_013,temporal_ordering,causal_micro_world,incorrect,incorrect,False,True,0.5954372523105548,0.6666666666666667
trace_00018,trace_00065,temporal_004,commonsense_013,temporal_ordering,commonsense_multihop,incorrect,incorrect,False,True,0.3112781244591328,0.5
trace_00018,trace_00066,temporal_004,arith_014,temporal_ordering,arithmetic,incorrect,correct,False,False,0.5954372523105549,0.6666666666666666
trace_00018,trace_00067,temporal_004,logic_014,temporal_ordering,symbolic_logic,incorrect,incorrect,False,True,0.020720839623908215,0.16666666666666666
trace_00018,trace_00068,temporal_004,temporal_014,temporal_ordering,temporal_ordering,incorrect,incorrect,True,True,0.5954372523105549,0.6666666666666666
trace_00018,trace_00069,temporal_004,causal_014,temporal_ordering,causal_micro_world,incorrect,correct,False,False,1.0,1.0
trace_00018,trace_00070,temporal_004,commonsense_014,temporal_ordering,commonsense_multihop,incorrect,correct,False,False,0.32501121082417717,0.5
trace_00018,trace_00071,temporal_004,arith_015,temporal_ordering,arithmetic,incorrect,correct,False,False,1.0,1.0
trace_00018,trace_00072,temporal_004,logic_015,temporal_ordering,symbolic_logic,incorrect,incorrect,False,True,0.7295739585136223,0.8333333333333333
trace_00018,trace_00073,temporal_004,temporal_015,temporal_ordering,temporal_ordering,incorrect,incorrect,True,True,0.2519235740744792,0.4
trace_00018,trace_00074,temporal_004,causal_015,temporal_ordering,causal_micro_world,incorrect,correct,False,False,0.3112781244591328,0.5
trace_00018,trace_00075,temporal_004,commonsense_015,temporal_ordering,commonsense_multihop,incorrect,correct,False,False,0.6556390622295665,0.75
trace_00018,trace_00076,temporal_004,arith_016,temporal_ordering,arithmetic,incorrect,correct,False,False,0.2920608058685138,0.4285714285714286
trace_00018,trace_00077,temporal_004,logic_016,temporal_ordering,symbolic_logic,incorrect,correct,False,False,0.5954372523105549,0.6666666666666666
trace_00018,trace_00078,temporal_004,temporal_016,temporal_ordering,temporal_ordering,incorrect,incorrect,True,True,0.3112781244591328,0.5
trace_00018,trace_00079,temporal_004,causal_016,temporal_ordering,causal_micro_world,incorrect,incorrect,False,True,1.0,1.0
trace_00018,trace_00080,temporal_004,commonsense_016,temporal_ordering,commonsense_multihop,incorrect,correct,False,False,0.5,0.5
trace_00018,trace_00081,temporal_004,arith_017,temporal_ordering,arithmetic,incorrect,correct,False,False,0.6556390622295665,0.75
trace_00018,trace_00082,temporal_004,logic_017,temporal_ordering,symbolic_logic,incorrect,incorrect,False,True,0.0,0.0
trace_00018,trace_00083,temporal_004,temporal_017,temporal_ordering,temporal_ordering,incorrect,incorrect,True,True,0.5954372523105549,0.6666666666666666
trace_00018,trace_00084,temporal_004,causal_017,temporal_ordering,causal_micro_world,incorrect,correct,False,False,0.5,0.5
trace_00018,trace_00085,temporal_004,commonsense_017,temporal_ordering,commonsense_multihop,incorrect,incorrect,False,True,0.42528358731335336,0.5
trace_00018,trace_00086,temporal_004,arith_018,temporal_ordering,arithmetic,incorrect,correct,False,False,0.5954372523105549,0.6666666666666666
trace_00018,trace_00087,temporal_004,logic_018,temporal_ordering,symbolic_logic,incorrect,correct,False,False,0.5954372523105549,0.6666666666666666
trace_00018,trace_00088,temporal_004,temporal_018,temporal_ordering,temporal_ordering,incorrect,incorrect,True,True,1.0,1.0
trace_00018,trace_00089,temporal_004,causal_018,temporal_ordering,causal_micro_world,incorrect,correct,False,False,0.3112781244591328,0.5
trace_00018,trace_00090,temporal_004,commonsense_018,temporal_ordering,commonsense_multihop,incorrect,incorrect,False,True,0.3112781244591328,0.5
trace_00018,trace_00091,temporal_004,arith_019,temporal_ordering,arithmetic,incorrect,correct,False,False,0.6556390622295665,0.75
trace_00018,trace_00092,temporal_004,logic_019,temporal_ordering,symbolic_logic,incorrect,correct,False,False,0.4591479170272448,0.6666666666666667
trace_00018,trace_00093,temporal_004,temporal_019,temporal_ordering,temporal_ordering,incorrect,incorrect,True,True,0.5954372523105549,0.6666666666666666
trace_00018,trace_00094,temporal_004,causal_019,temporal_ordering,causal_micro_world,incorrect,correct,False,False,0.1908745046211096,0.33333333333333337
trace_00018,trace_00095,temporal_004,commonsense_019,temporal_ordering,commonsense_multihop,incorrect,correct,False,False,0.1908745046211096,0.33333333333333337
trace_00018,trace_00096,temporal_004,arith_020,temporal_ordering,arithmetic,incorrect,correct,False,False,0.3112781244591328,0.5
trace_00018,trace_00097,temporal_004,logic_020,temporal_ordering,symbolic_logic,incorrect,incorrect,False,True,0.5,0.5
trace_00018,trace_00098,temporal_004,temporal_020,temporal_ordering,temporal_ordering,incorrect,incorrect,True,True,0.5954372523105549,0.6666666666666666
trace_00018,trace_00099,temporal_004,causal_020,temporal_ordering,causal_micro_world,incorrect,correct,False,False,0.5,0.5
trace_00018,trace_00100,temporal_004,commonsense_020,temporal_ordering,commonsense_multihop,incorrect,correct,False,False,0.2519235740744792,0.4
trace_00019,trace_00020,causal_004,commonsense_004,causal_micro_world,commonsense_multihop,correct,incorrect,False,False,0.42528358731335336,0.4999999999999999
trace_00019,trace_00021,causal_004,arith_005,causal_micro_world,arithmetic,correct,correct,False,True,0.5408520829727551,0.6666666666666666
trace_00019,trace_00022,causal_004,logic_005,causal_micro_world,symbolic_logic,correct,correct,False,True,0.5954372523105549,0.6666666666666666
trace_00019,trace_00023,causal_004,temporal_005,causal_micro_world,temporal_ordering,correct,correct,False,True,0.1908745046211096,0.33333333333333337
trace_00019,trace_00024,causal_004,causal_005,causal_micro_world,causal_micro_world,correct,correct,True,True,0.3333333333333333,0.3333333333333333
trace_00019,trace_00025,causal_004,commonsense_005,causal_micro_world,commonsense_multihop,correct,correct,False,True,0.5954372523105548,0.6666666666666666
trace_00019,trace_00026,causal_004,arith_006,causal_micro_world,arithmetic,correct,correct,False,True,0.490968531773352,0.6
trace_00019,trace_00027,causal_004,logic_006,causal_micro_world,symbolic_logic,correct,correct,False,True,0.5954372523105548,0.6666666666666666
trace_00019,trace_00028,causal_004,temporal_006,causal_micro_world,temporal_ordering,correct,incorrect,False,False,0.4591479170272448,0.6666666666666667
trace_00019,trace_00029,causal_004,causal_006,causal_micro_world,causal_micro_world,correct,correct,True,True,0.5954372523105549,0.6666666666666666
trace_00019,trace_00030,causal_004,commonsense_006,causal_micro_world,commonsense_multihop,correct,incorrect,False,False,0.3333333333333333,0.3333333333333333
trace_00019,trace_00031,causal_004,arith_007,causal_micro_world,arithmetic,correct,correct,False,True,0.43709270815304424,0.49999999999999994
trace_00019,trace_00032,causal_004,logic_007,causal_micro_world,symbolic_logic,correct,correct,False,True,0.5954372523105548,0.6666666666666666
trace_00019,trace_00033,causal_004,temporal_007,causal_micro_world,temporal_ordering,correct,correct,False,True,0.20751874963942185,0.3333333333333333
trace_00019,trace_00034,causal_004,causal_007,causal_micro_world,causal_micro_world,correct,incorrect,True,False,0.3333333333333333,0.3333333333333333
trace_00019,trace_00035,causal_004,commonsense_007,causal_micro_world,commonsense_multihop,correct,incorrect,False,False,0.745484265886676,0.7999999999999999
trace_00019,trace_00036,causal_004,arith_008,causal_micro_world,arithmetic,correct,correct,False,True,0.1264907875651346,0.26666666666666666
trace_00019,trace_00037,causal_004,logic_008,causal_micro_world,symbolic_logic,correct,correct,False,True,0.1908745046211096,0.33333333333333337
trace_00019,trace_00038,causal_004,temporal_008,causal_micro_world,temporal_ordering,correct,incorrect,False,False,0.3333333333333333,0.3333333333333333
trace_00019,trace_00039,causal_004,causal_008,causal_micro_world,causal_micro_world,correct,incorrect,True,False,0.1908745046211096,0.33333333333333337
trace_00019,trace_00040,causal_004,commonsense_008,causal_micro_world,commonsense_multihop,correct,incorrect,False,False,0.020720839623908215,0.16666666666666666
trace_00019,trace_00041,causal_004,arith_009,causal_micro_world,arithmetic,correct,correct,False,True,0.4135214398827884,0.5238095238095237
trace_00019,trace_00042,causal_004,logic_009,causal_micro_world,symbolic_logic,correct,incorrect,False,False,0.30807904596723146,0.41666666666666663
trace_00019,trace_00043,causal_004,temporal_009,causal_micro_world,temporal_ordering,correct,incorrect,False,False,0.3333333333333333,0.3333333333333333
trace_00019,trace_00044,causal_004,causal_009,causal_micro_world,causal_micro_world,correct,correct,True,True,0.3333333333333333,0.3333333333333333
trace_00019,trace_00045,causal_004,commonsense_009,causal_micro_world,commonsense_multihop,correct,incorrect,False,False,0.3810065216784586,0.4666666666666667
trace_00019,trace_00046,causal_004,arith_010,causal_micro_world,arithmetic,correct,correct,False,True,0.236452797660028,0.3999999999999999
trace_00019,trace_00047,causal_004,logic_010,causal_micro_world,symbolic_logic,correct,incorrect,False,False,0.4591479170272448,0.6666666666666666
trace_00019,trace_00048,causal_004,temporal_010,causal_micro_world,temporal_ordering,correct,incorrect,False,False,0.3333333333333333,0.3333333333333333
trace_00019,trace_00049,causal_004,causal_010,causal_micro_world,causal_micro_world,correct,incorrect,True,False,0.20751874963942185,0.3333333333333333
trace_00019,trace_00050,causal_004,commonsense_010,causal_micro_world,commonsense_multihop,correct,correct,False,True,0.0,0.0
trace_00019,trace_00051,causal_004,arith_011,causal_micro_world,arithmetic,correct,incorrect,False,False,0.42528358731335336,0.5
trace_00019,trace_00052,causal_004,logic_011,causal_micro_world,symbolic_logic,correct,correct,False,True,0.3333333333333333,0.3333333333333333
trace_00019,trace_00053,causal_004,temporal_011,causal_micro_world,temporal_ordering,correct,incorrect,False,False,0.5954372523105549,0.6666666666666666
trace_00019,trace_00054,causal_004,causal_011,causal_micro_world,causal_micro_world,correct,incorrect,True,False,0.3333333333333333,0.3333333333333333
trace_00019,trace_00055,causal_004,commonsense_011,causal_micro_world,commonsense_multihop,correct,correct,False,True,0.5704859930387852,0.6666666666666666
trace_00019,trace_00056,causal_004,arith_012,causal_micro_world,arithmetic,correct,correct,False,True,0.5954372523105548,0.6666666666666666
trace_00019,trace_00057,causal_004,logic_012,causal_micro_world,symbolic_logic,correct,correct,False,True,0.4591479170272448,0.6666666666666666
trace_00019,trace_00058,causal_004,temporal_012,causal_micro_world,temporal_ordering,correct,incorrect,False,False,0.3333333333333333,0.3333333333333333
trace_00019,trace_00059,causal_004,causal_012,causal_micro_world,causal_micro_world,correct,correct,True,True,0.5954372523105548,0.6666666666666666
trace_00019,trace_00060,causal_004,commonsense_012,causal_micro_world,commonsense_multihop,correct,incorrect,False,False,0.20751874963942185,0.3333333333333333
trace_00019,trace_00061,causal_004,arith_013,causal_micro_world,arithmetic,correct,correct,False,True,0.43709270815304424,0.5
trace_00019,trace_00062,causal_004,logic_013,causal_micro_world,symbolic_logic,correct,correct,False,True,0.3810065216784586,0.4666666666666667
trace_00019,trace_00063,causal_004,temporal_013,causal_micro_world,temporal_ordering,correct,incorrect,False,False,0.1908745046211096,0.33333333333333337
trace_00019,trace_00064,causal_004,causal_013,causal_micro_world,causal_micro_world,correct,incorrect,True,False,0.5408520829727551,0.6666666666666666
trace_00019,trace_00065,causal_004,commonsense_013,causal_micro_world,commonsense_multihop,correct,incorrect,False,False,0.1379253809700301,0.24999999999999997
trace_00019,trace_00066,causal_004,arith_014,causal_micro_world,arithmetic,correct,correct,False,True,0.3333333333333333,0.3333333333333333
trace_00019,trace_00067,causal_004,logic_014,causal_micro_world,symbolic_logic,correct,incorrect,False,False,0.6666666666666666,0.6666666666666666
trace_00019,trace_00068,causal_004,temporal_014,causal_micro_world,temporal_ordering,correct,incorrect,False,False,0.0,0.0
trace_00019,trace_00069,causal_004,causal_014,causal_micro_world,causal_micro_world,correct,correct,True,True,0.1908745046211096,0.33333333333333337
trace_00019,trace_00070,causal_004,commonsense_014,causal_micro_world,commonsense_multihop,correct,correct,False,True,0.3658632937969324,0.5
trace_00019,trace_00071,causal_004,arith_015,causal_micro_world,arithmetic,correct,correct,False,True,0.5954372523105548,0.6666666666666666
trace_00019,trace_00072,causal_004,logic_015,causal_micro_world,symbolic_logic,correct,incorrect,False,False,0.08170416594551039,0.3333333333333333
trace_00019,trace_00073,causal_004,temporal_015,causal_micro_world,temporal_ordering,correct,incorrect,False,False,0.236452797660028,0.39999999999999997
trace_00019,trace_00074,causal_004,causal_015,causal_micro_world,causal_micro_world,correct,correct,True,True,1.0,0.9999999999999999
trace_00019,trace_00075,causal_004,commonsense_015,causal_micro_world,commonsense_multihop,correct,correct,False,True,0.020720839623908215,0.16666666666666666
trace_00019,trace_00076,causal_004,arith_016,causal_micro_world,arithmetic,correct,correct,False,True,0.31515125214952394,0.38095238095238093
trace_00019,trace_00077,causal_004,logic_016,causal_micro_world,symbolic_logic,correct,correct,False,True,0.3333333333333333,0.3333333333333333
trace_00019,trace_00078,causal_004,temporal_016,causal_micro_world,temporal_ordering,correct,incorrect,False,False,0.1379253809700301,0.24999999999999997
trace_00019,trace_00079,causal_004,causal_016,causal_micro_world,causal_micro_world,correct,incorrect,True,False,0.1908745046211096,0.33333333333333337
trace_00019,trace_00080,causal_004,commonsense_016,causal_micro_world,commonsense_multihop,correct,correct,False,True,0.5954372523105548,0.6666666666666666
trace_00019,trace_00081,causal_004,arith_017,causal_micro_world,arithmetic,correct,correct,False,True,0.13792538097003013,0.24999999999999997
trace_00019,trace_00082,causal_004,logic_017,causal_micro_world,symbolic_logic,correct,incorrect,False,False,0.5954372523105549,0.6666666666666666
trace_00019,trace_00083,causal_004,temporal_017,causal_micro_world,temporal_ordering,correct,incorrect,False,False,0.0,0.0
trace_00019,trace_00084,causal_004,causal_017,causal_micro_world,causal_micro_world,correct,correct,True,True,0.5954372523105548,0.6666666666666666
trace_00019,trace_00085,causal_004,commonsense_017,causal_micro_world,commonsense_multihop,correct,incorrect,False,False,0.6666666666666666,0.6666666666666666
trace_00019,trace_00086,causal_004,arith_018,causal_micro_world,arithmetic,correct,correct,False,True,0.3333333333333333,0.3333333333333333
trace_00019,trace_00087,causal_004,logic_018,causal_micro_world,symbolic_logic,correct,correct,False,True,0.0,0.0
trace_00019,trace_00088,causal_004,temporal_018,causal_micro_world,temporal_ordering,correct,incorrect,False,False,0.1908745046211096,0.33333333333333337
trace_00019,trace_00089,causal_004,causal_018,causal_micro_world,causal_micro_world,correct,correct,True,True,0.42528358731335336,0.5
trace_00019,trace_00090,causal_004,commonsense_018,causal_micro_world,commonsense_multihop,correct,incorrect,False,False,0.30807904596723146,0.41666666666666663
trace_00019,trace_00091,causal_004,arith_019,causal_micro_world,arithmetic,correct,correct,False,True,0.13792538097003013,0.24999999999999997
trace_00019,trace_00092,causal_004,logic_019,causal_micro_world,symbolic_logic,correct,correct,False,True,0.13628933528331,0.33333333333333337
trace_00019,trace_00093,causal_004,temporal_019,causal_micro_world,temporal_ordering,correct,incorrect,False,False,0.3333333333333333,0.3333333333333333
trace_00019,trace_00094,causal_004,causal_019,causal_micro_world,causal_micro_world,correct,correct,True,True,0.3333333333333333,0.3333333333333333
trace_00019,trace_00095,causal_004,commonsense_019,causal_micro_world,commonsense_multihop,correct,correct,False,True,0.3333333333333333,0.3333333333333333
trace_00019,trace_00096,causal_004,arith_020,causal_micro_world,arithmetic,correct,correct,False,True,0.42528358731335336,0.4999999999999999
trace_00019,trace_00097,causal_004,logic_020,causal_micro_world,symbolic_logic,correct,incorrect,False,False,0.5954372523105549,0.6666666666666666
trace_00019,trace_00098,causal_004,temporal_020,causal_micro_world,temporal_ordering,correct,incorrect,False,False,0.3333333333333333,0.3333333333333333
trace_00019,trace_00099,causal_004,causal_020,causal_micro_world,causal_micro_world,correct,correct,True,True,0.5954372523105548,0.6666666666666666
trace_00019,trace_00100,causal_004,commonsense_020,causal_micro_world,commonsense_multihop,correct,correct,False,True,0.1264907875651346,0.26666666666666666
trace_00020,trace_00021,commonsense_004,arith_005,commonsense_multihop,arithmetic,incorrect,correct,False,False,0.20798473969193812,0.41666666666666663
trace_00020,trace_00022,commonsense_004,logic_005,commonsense_multihop,symbolic_logic,incorrect,correct,False,False,0.1556390622295664,0.25
trace_00020,trace_00023,commonsense_004,temporal_005,commonsense_multihop,temporal_ordering,incorrect,correct,False,False,0.6556390622295665,0.75
trace_00020,trace_00024,commonsense_004,causal_005,commonsense_multihop,causal_micro_world,incorrect,correct,False,False,0.3080790459672315,0.41666666666666663
trace_00020,trace_00025,commonsense_004,commonsense_005,commonsense_multihop,commonsense_multihop,incorrect,correct,True,False,0.1556390622295664,0.25
trace_00020,trace_00026,commonsense_004,arith_006,commonsense_multihop,arithmetic,incorrect,correct,False,False,0.3310236596092001,0.4
trace_00020,trace_00027,commonsense_004,logic_006,commonsense_multihop,symbolic_logic,incorrect,correct,False,False,0.1556390622295664,0.25
trace_00020,trace_00028,commonsense_004,temporal_006,commonsense_multihop,temporal_ordering,incorrect,incorrect,False,True,0.5487949406953987,0.75
trace_00020,trace_00029,commonsense_004,causal_006,commonsense_multihop,causal_micro_world,incorrect,correct,False,False,0.5,0.5
trace_00020,trace_00030,commonsense_004,commonsense_006,commonsense_multihop,commonsense_multihop,incorrect,incorrect,True,True,0.020720839623908215,0.16666666666666666
trace_00020,trace_00031,commonsense_004,arith_007,commonsense_multihop,arithmetic,incorrect,correct,False,False,0.3931558784658322,0.5
trace_00020,trace_00032,commonsense_004,logic_007,commonsense_multihop,symbolic_logic,incorrect,correct,False,False,0.1556390622295664,0.25
trace_00020,trace_00033,commonsense_004,temporal_007,commonsense_multihop,temporal_ordering,incorrect,correct,False,False,0.32518928103806,0.5
trace_00020,trace_00034,commonsense_004,causal_007,commonsense_multihop,causal_micro_world,incorrect,incorrect,False,True,0.3080790459672315,0.41666666666666663
trace_00020,trace_00035,commonsense_004,commonsense_007,commonsense_multihop,commonsense_multihop,incorrect,incorrect,True,True,0.15220409346653074,0.30000000000000004
trace_00020,trace_00036,commonsense_004,arith_008,commonsense_multihop,arithmetic,incorrect,correct,False,False,0.16251379100314456,0.35000000000000003
trace_00020,trace_00037,commonsense_004,logic_008,commonsense_multihop,symbolic_logic,incorrect,correct,False,False,0.6556390622295665,0.75
trace_00020,trace_00038,commonsense_004,temporal_008,commonsense_multihop,temporal_ordering,incorrect,incorrect,False,True,0.3080790459672315,0.41666666666666663
trace_00020,trace_00039,commonsense_004,causal_008,commonsense_multihop,causal_micro_world,incorrect,incorrect,False,True,0.6556390622295665,0.75
trace_00020,trace_00040,commonsense_004,commonsense_008,commonsense_multihop,commonsense_multihop,incorrect,incorrect,True,True,0.40563906222956636,0.5
trace_00020,trace_00041,commonsense_004,arith_009,commonsense_multihop,arithmetic,incorrect,correct,False,False,0.4322273319727467,0.6071428571428572
trace_00020,trace_00042,commonsense_004,logic_009,commonsense_multihop,symbolic_logic,incorrect,incorrect,False,True,0.3112781244591328,0.5
trace_00020,trace_00043,commonsense_004,temporal_009,commonsense_multihop,temporal_ordering,incorrect,incorrect,False,True,0.3080790459672315,0.41666666666666663
trace_00020,trace_00044,commonsense_004,causal_009,commonsense_multihop,causal_micro_world,incorrect,correct,False,False,0.3080790459672315,0.41666666666666663
trace_00020,trace_00045,commonsense_004,commonsense_009,commonsense_multihop,commonsense_multihop,incorrect,incorrect,True,True,0.4749156875380792,0.6
trace_00020,trace_00046,commonsense_004,arith_010,commonsense_multihop,arithmetic,incorrect,correct,False,False,0.2519235740744792,0.4
trace_00020,trace_00047,commonsense_004,logic_010,commonsense_multihop,symbolic_logic,incorrect,incorrect,False,True,0.5487949406953987,0.75
trace_00020,trace_00048,commonsense_004,temporal_010,commonsense_multihop,temporal_ordering,incorrect,incorrect,False,True,0.020720839623908215,0.16666666666666666
trace_00020,trace_00049,commonsense_004,causal_010,commonsense_multihop,causal_micro_world,incorrect,incorrect,False,True,0.32518928103806,0.49999999999999994
trace_00020,trace_00050,commonsense_004,commonsense_010,commonsense_multihop,commonsense_multihop,incorrect,correct,True,False,0.42528358731335336,0.4999999999999999
trace_00020,trace_00051,commonsense_004,arith_011,commonsense_multihop,arithmetic,incorrect,incorrect,False,True,0.5,0.5
trace_00020,trace_00052,commonsense_004,logic_011,commonsense_multihop,symbolic_logic,incorrect,correct,False,False,0.020720839623908215,0.16666666666666666
trace_00020,trace_00053,commonsense_004,temporal_011,commonsense_multihop,temporal_ordering,incorrect,incorrect,False,True,0.5,0.5
trace_00020,trace_00054,commonsense_004,causal_011,commonsense_multihop,causal_micro_world,incorrect,incorrect,False,True,0.3080790459672315,0.41666666666666663
trace_00020,trace_00055,commonsense_004,commonsense_011,commonsense_multihop,commonsense_multihop,incorrect,correct,True,False,0.2643755850692473,0.4642857142857143
trace_00020,trace_00056,commonsense_004,arith_012,commonsense_multihop,arithmetic,incorrect,correct,False,False,0.6556390622295665,0.75
trace_00020,trace_00057,commonsense_004,logic_012,commonsense_multihop,symbolic_logic,incorrect,correct,False,False,0.5487949406953987,0.75
trace_00020,trace_00058,commonsense_004,temporal_012,commonsense_multihop,temporal_ordering,incorrect,incorrect,False,True,0.3080790459672315,0.41666666666666663
trace_00020,trace_00059,commonsense_004,causal_012,commonsense_multihop,causal_micro_world,incorrect,correct,False,False,0.6556390622295665,0.75
trace_00020,trace_00060,commonsense_004,commonsense_012,commonsense_multihop,commonsense_multihop,incorrect,incorrect,True,True,0.7126417936566767,0.7499999999999999
trace_00020,trace_00061,commonsense_004,arith_013,commonsense_multihop,arithmetic,incorrect,correct,False,False,0.2399343783255765,0.41666666666666663
trace_00020,trace_00062,commonsense_004,logic_013,commonsense_multihop,symbolic_logic,incorrect,correct,False,False,0.7770078865364001,0.8
trace_00020,trace_00063,commonsense_004,temporal_013,commonsense_multihop,temporal_ordering,incorrect,incorrect,False,True,0.6556390622295665,0.75
trace_00020,trace_00064,commonsense_004,causal_013,commonsense_multihop,causal_micro_world,incorrect,incorrect,False,True,0.20798473969193815,0.41666666666666663
trace_00020,trace_00065,commonsense_004,commonsense_013,commonsense_multihop,commonsense_multihop,incorrect,incorrect,True,True,0.1556390622295664,0.25
trace_00020,trace_00066,commonsense_004,arith_014,commonsense_multihop,arithmetic,incorrect,correct,False,False,0.42528358731335336,0.4999999999999999
trace_00020,trace_00067,commonsense_004,logic_014,commonsense_multihop,symbolic_logic,incorrect,incorrect,False,True,0.13792538097003013,0.24999999999999997
trace_00020,trace_00068,commonsense_004,temporal_014,commonsense_multihop,temporal_ordering,incorrect,incorrect,False,True,0.42528358731335336,0.4999999999999999
trace_00020,trace_00069,commonsense_004,causal_014,commonsense_multihop,causal_micro_world,incorrect,correct,False,False,0.6556390622295665,0.75
trace_00020,trace_00070,commonsense_004,commonsense_014,commonsense_multihop,commonsense_multihop,incorrect,correct,True,False,0.04879494069539858,0.25
trace_00020,trace_00071,commonsense_004,arith_015,commonsense_multihop,arithmetic,incorrect,correct,False,False,0.6556390622295665,0.75
trace_00020,trace_00072,commonsense_004,logic_015,commonsense_multihop,symbolic_logic,incorrect,incorrect,False,True,0.4102661135366607,0.5833333333333333
trace_00020,trace_00073,commonsense_004,temporal_015,commonsense_multihop,temporal_ordering,incorrect,incorrect,False,True,0.10803154614560011,0.19999999999999998
trace_00020,trace_00074,commonsense_004,causal_015,commonsense_multihop,causal_micro_world,incorrect,correct,False,False,0.3112781244591328,0.5
trace_00020,trace_00075,commonsense_004,commonsense_015,commonsense_multihop,commonsense_multihop,incorrect,correct,True,False,0.5,0.5
trace_00020,trace_00076,commonsense_004,arith_016,commonsense_multihop,arithmetic,incorrect,correct,False,False,0.16522957340623692,0.3571428571428571
trace_00020,trace_00077,commonsense_004,logic_016,commonsense_multihop,symbolic_logic,incorrect,correct,False,False,0.3080790459672315,0.41666666666666663
trace_00020,trace_00078,commonsense_004,temporal_016,commonsense_multihop,temporal_ordering,incorrect,incorrect,False,True,0.1556390622295664,0.25
trace_00020,trace_00079,commonsense_004,causal_016,commonsense_multihop,causal_micro_world,incorrect,incorrect,False,True,0.6556390622295665,0.75
trace_00020,trace_00080,commonsense_004,commonsense_016,commonsense_multihop,commonsense_multihop,incorrect,correct,True,False,0.1556390622295664,0.25
trace_00020,trace_00081,commonsense_004,arith_017,commonsense_multihop,arithmetic,incorrect,correct,False,False,0.5,0.5
trace_00020,trace_00082,commonsense_004,logic_017,commonsense_multihop,symbolic_logic,incorrect,incorrect,False,True,0.1556390622295664,0.25
trace_00020,trace_00083,commonsense_004,temporal_017,commonsense_multihop,temporal_ordering,incorrect,incorrect,False,True,0.42528358731335336,0.4999999999999999
trace_00020,trace_00084,commonsense_004,causal_017,commonsense_multihop,causal_micro_world,incorrect,correct,False,False,0.1556390622295664,0.25
trace_00020,trace_00085,commonsense_004,commonsense_017,commonsense_multihop,commonsense_multihop,incorrect,incorrect,True,True,0.42528358731335336,0.5
trace_00020,trace_00086,commonsense_004,arith_018,commonsense_multihop,arithmetic,incorrect,correct,False,False,0.42528358731335336,0.4999999999999999
trace_00020,trace_00087,commonsense_004,logic_018,commonsense_multihop,symbolic_logic,incorrect,correct,False,False,0.42528358731335336,0.4999999999999999
trace_00020,trace_00088,commonsense_004,temporal_018,commonsense_multihop,temporal_ordering,incorrect,incorrect,False,True,0.6556390622295665,0.75
trace_00020,trace_00089,commonsense_004,causal_018,commonsense_multihop,causal_micro_world,incorrect,correct,False,False,0.40563906222956636,0.5
trace_00020,trace_00090,commonsense_004,commonsense_018,commonsense_multihop,commonsense_multihop,incorrect,incorrect,True,True,0.06127812445913278,0.25
trace_00020,trace_00091,commonsense_004,arith_019,commonsense_multihop,arithmetic,incorrect,correct,False,False,0.5,0.5
trace_00020,trace_00092,commonsense_004,logic_019,commonsense_multihop,symbolic_logic,incorrect,correct,False,False,0.1829316468984662,0.4166666666666667
trace_00020,trace_00093,commonsense_004,temporal_019,commonsense_multihop,temporal_ordering,incorrect,incorrect,False,True,0.3080790459672315,0.41666666666666663
trace_00020,trace_00094,commonsense_004,causal_019,commonsense_multihop,causal_micro_world,incorrect,correct,False,False,0.3080790459672315,0.41666666666666663
trace_00020,trace_00095,commonsense_004,commonsense_019,commonsense_multihop,commonsense_multihop,incorrect,correct,True,False,0.3080790459672315,0.41666666666666663
trace_00020,trace_00096,commonsense_004,arith_020,commonsense_multihop,arithmetic,incorrect,correct,False,False,0.1556390622295664,0.25
trace_00020,trace_00097,commonsense_004,logic_020,commonsense_multihop,symbolic_logic,incorrect,incorrect,False,True,0.5,0.5
trace_00020,trace_00098,commonsense_004,temporal_020,commonsense_multihop,temporal_ordering,incorrect,incorrect,False,True,0.7126417936566767,0.7499999999999999
trace_00020,trace_00099,commonsense_004,causal_020,commonsense_multihop,causal_micro_world,incorrect,correct,False,False,0.1556390622295664,0.25
trace_00020,trace_00100,commonsense_004,commonsense_020,commonsense_multihop,commonsense_multihop,incorrect,correct,True,False,0.16251379100314456,0.35
trace_00021,trace_00022,arith_005,logic_005,arithmetic,symbolic_logic,correct,correct,False,True,0.020720839623908215,0.16666666666666666
trace_00021,trace_00023,arith_005,temporal_005,arithmetic,temporal_ordering,correct,correct,False,True,0.42528358731335336,0.49999999999999994
trace_00021,trace_00024,arith_005,causal_005,arithmetic,causal_micro_world,correct,correct,False,True,0.6666666666666666,0.6666666666666666
trace_00021,trace_00025,arith_005,commonsense_005,arithmetic,commonsense_multihop,correct,correct,False,True,0.5954372523105548,0.6666666666666666
trace_00021,trace_00026,arith_005,arith_006,arithmetic,arithmetic,correct,correct,True,True,0.2978039929652123,0.4666666666666667
trace_00021,trace_00027,arith_005,logic_006,arithmetic,symbolic_logic,correct,correct,False,True,0.5954372523105548,0.6666666666666666
trace_00021,trace_00028,arith_005,temporal_006,arithmetic,temporal_ordering,correct,incorrect,False,False,1.0,1.0
trace_00021,trace_00029,arith_005,causal_006,arithmetic,causal_micro_world,correct,correct,False,True,0.5954372523105548,0.6666666666666667
trace_00021,trace_00030,arith_005,commonsense_006,arithmetic,commonsense_multihop,correct,incorrect,False,False,0.20751874963942185,0.3333333333333333
trace_00021,trace_00031,arith_005,arith_007,arithmetic,arithmetic,correct,correct,True,True,0.3658632937969324,0.49999999999999994
trace_00021,trace_00032,arith_005,logic_007,arithmetic,symbolic_logic,correct,correct,False,True,0.5954372523105548,0.6666666666666666
trace_00021,trace_00033,arith_005,temporal_007,arithmetic,temporal_ordering,correct,correct,False,True,0.3333333333333333,0.3333333333333333
trace_00021,trace_00034,arith_005,causal_007,arithmetic,causal_micro_world,correct,incorrect,False,False,0.6666666666666666,0.6666666666666666
trace_00021,trace_00035,arith_005,commonsense_007,arithmetic,commonsense_multihop,correct,incorrect,False,False,0.5047440727278306,0.6666666666666666
trace_00021,trace_00036,arith_005,arith_008,arithmetic,arithmetic,correct,correct,True,True,0.4077660030601058,0.6
trace_00021,trace_00037,arith_005,logic_008,arithmetic,symbolic_logic,correct,correct,False,True,1.0,1.0
trace_00021,trace_00038,arith_005,temporal_008,arithmetic,temporal_ordering,correct,incorrect,False,False,0.6666666666666666,0.6666666666666666
trace_00021,trace_00039,arith_005,causal_008,arithmetic,causal_micro_world,correct,incorrect,False,False,0.42528358731335336,0.49999999999999994
trace_00021,trace_00040,arith_005,commonsense_008,arithmetic,commonsense_multihop,correct,incorrect,False,False,0.6125474873813833,0.75
trace_00021,trace_00041,arith_005,arith_009,arithmetic,arithmetic,correct,correct,True,True,0.26136809381354875,0.42857142857142855
trace_00021,trace_00042,arith_005,logic_009,arithmetic,symbolic_logic,correct,incorrect,False,False,0.7126417936566767,0.75
trace_00021,trace_00043,arith_005,temporal_009,arithmetic,temporal_ordering,correct,incorrect,False,False,0.20751874963942185,0.3333333333333333
trace_00021,trace_00044,arith_005,causal_009,arithmetic,causal_micro_world,correct,correct,False,True,0.6666666666666666,0.6666666666666666
trace_00021,trace_00045,arith_005,commonsense_009,arithmetic,commonsense_multihop,correct,incorrect,False,False,0.745484265886676,0.7999999999999999
trace_00021,trace_00046,arith_005,arith_010,arithmetic,arithmetic,correct,correct,True,True,0.4077660030601058,0.6
trace_00021,trace_00047,arith_005,logic_010,arithmetic,symbolic_logic,correct,incorrect,False,False,0.1908745046211096,0.33333333333333337
trace_00021,trace_00048,arith_005,temporal_010,arithmetic,temporal_ordering,correct,incorrect,False,False,0.20751874963942185,0.3333333333333333
trace_00021,trace_00049,arith_005,causal_010,arithmetic,causal_micro_world,correct,incorrect,False,False,0.5408520829727551,0.6666666666666666
trace_00021,trace_00050,arith_005,commonsense_010,arithmetic,commonsense_multihop,correct,correct,False,True,0.5408520829727551,0.6666666666666666
trace_00021,trace_00051,arith_005,arith_011,arithmetic,arithmetic,correct,incorrect,True,False,0.6125474873813833,0.75
trace_00021,trace_00052,arith_005,logic_011,arithmetic,symbolic_logic,correct,correct,False,True,0.20751874963942185,0.3333333333333333
trace_00021,trace_00053,arith_005,temporal_011,arithmetic,temporal_ordering,correct,incorrect,False,False,0.5954372523105548,0.6666666666666667
trace_00021,trace_00054,arith_005,causal_011,arithmetic,causal_micro_world,correct,incorrect,False,False,0.6666666666666666,0.6666666666666666
trace_00021,trace_00055,arith_005,commonsense_011,arithmetic,commonsense_multihop,correct,correct,False,True,0.6917986457832372,0.7142857142857142
trace_00021,trace_00056,arith_005,arith_012,arithmetic,arithmetic,correct,correct,True,True,1.0,1.0
trace_00021,trace_00057,arith_005,logic_012,arithmetic,symbolic_logic,correct,correct,False,True,0.1908745046211096,0.33333333333333337
trace_00021,trace_00058,arith_005,temporal_012,arithmetic,temporal_ordering,correct,incorrect,False,False,0.20751874963942185,0.3333333333333333
trace_00021,trace_00059,arith_005,causal_012,arithmetic,causal_micro_world,correct,correct,False,True,1.0,1.0
trace_00021,trace_00060,arith_005,commonsense_012,arithmetic,commonsense_multihop,correct,incorrect,False,False,1.0,0.9999999999999999
trace_00021,trace_00061,arith_005,arith_013,arithmetic,arithmetic,correct,correct,True,True,0.3112781244591328,0.5
trace_00021,trace_00062,arith_005,logic_013,arithmetic,symbolic_logic,correct,correct,False,True,1.0,1.0
trace_00021,trace_00063,arith_005,temporal_013,arithmetic,temporal_ordering,correct,incorrect,False,False,1.0,1.0
trace_00021,trace_00064,arith_005,causal_013,arithmetic,causal_micro_world,correct,incorrect,False,False,0.6666666666666666,0.6666666666666666
trace_00021,trace_00065,arith_005,commonsense_013,arithmetic,commonsense_multihop,correct,incorrect,False,False,0.32518928103806,0.5
trace_00021,trace_00066,arith_005,arith_014,arithmetic,arithmetic,correct,correct,True,True,0.5408520829727551,0.6666666666666666
trace_00021,trace_00067,arith_005,logic_014,arithmetic,symbolic_logic,correct,incorrect,False,False,0.08170416594551039,0.3333333333333333
trace_00021,trace_00068,arith_005,temporal_014,arithmetic,temporal_ordering,correct,incorrect,False,False,0.5408520829727551,0.6666666666666666
trace_00021,trace_00069,arith_005,causal_014,arithmetic,causal_micro_world,correct,correct,False,True,1.0,1.0
trace_00021,trace_00070,arith_005,commonsense_014,arithmetic,commonsense_multihop,correct,correct,False,True,0.3658632937969324,0.5
trace_00021,trace_00071,arith_005,arith_015,arithmetic,arithmetic,correct,correct,True,True,1.0,1.0
trace_00021,trace_00072,arith_005,logic_015,arithmetic,symbolic_logic,correct,incorrect,False,False,0.6991966271302656,0.8333333333333333
trace_00021,trace_00073,arith_005,temporal_015,arithmetic,temporal_ordering,correct,incorrect,False,False,0.2978039929652123,0.4666666666666667
trace_00021,trace_00074,arith_005,causal_015,arithmetic,causal_micro_world,correct,correct,False,True,0.4591479170272448,0.6666666666666667
trace_00021,trace_00075,arith_005,commonsense_015,arithmetic,commonsense_multihop,correct,correct,False,True,0.6125474873813833,0.75
trace_00021,trace_00076,arith_005,arith_016,arithmetic,arithmetic,correct,correct,True,True,0.26136809381354875,0.4285714285714285
trace_00021,trace_00077,arith_005,logic_016,arithmetic,symbolic_logic,correct,correct,False,True,0.6666666666666666,0.6666666666666666
trace_00021,trace_00078,arith_005,temporal_016,arithmetic,temporal_ordering,correct,incorrect,False,False,0.32518928103806,0.5
trace_00021,trace_00079,arith_005,causal_016,arithmetic,causal_micro_world,correct,incorrect,False,False,1.0,1.0
trace_00021,trace_00080,arith_005,commonsense_016,arithmetic,commonsense_multihop,correct,correct,False,True,0.5954372523105548,0.6666666666666666
trace_00021,trace_00081,arith_005,arith_017,arithmetic,arithmetic,correct,correct,True,True,0.6125474873813833,0.75
trace_00021,trace_00082,arith_005,logic_017,arithmetic,symbolic_logic,correct,incorrect,False,False,0.020720839623908215,0.16666666666666666
trace_00021,trace_00083,arith_005,temporal_017,arithmetic,temporal_ordering,correct,incorrect,False,False,0.5408520829727551,0.6666666666666666
trace_00021,trace_00084,arith_005,causal_017,arithmetic,causal_micro_world,correct,correct,False,True,0.5954372523105548,0.6666666666666666
trace_00021,trace_00085,arith_005,commonsense_017,arithmetic,commonsense_multihop,correct,incorrect,False,False,0.5408520829727551,0.6666666666666666
trace_00021,trace_00086,arith_005,arith_018,arithmetic,arithmetic,correct,correct,True,True,0.5408520829727551,0.6666666666666666
trace_00021,trace_00087,arith_005,logic_018,arithmetic,symbolic_logic,correct,correct,False,True,0.5408520829727551,0.6666666666666666
trace_00021,trace_00088,arith_005,temporal_018,arithmetic,temporal_ordering,correct,incorrect,False,False,1.0,1.0
trace_00021,trace_00089,arith_005,causal_018,arithmetic,causal_micro_world,correct,correct,False,True,0.32518928103806,0.5
trace_00021,trace_00090,arith_005,commonsense_018,arithmetic,commonsense_multihop,correct,incorrect,False,False,0.32518928103806,0.5
trace_00021,trace_00091,arith_005,arith_019,arithmetic,arithmetic,correct,correct,True,True,0.6125474873813833,0.75
trace_00021,trace_00092,arith_005,logic_019,arithmetic,symbolic_logic,correct,correct,False,True,0.4696226686166433,0.6666666666666666
trace_00021,trace_00093,arith_005,temporal_019,arithmetic,temporal_ordering,correct,incorrect,False,False,0.6666666666666666,0.6666666666666666
trace_00021,trace_00094,arith_005,causal_019,arithmetic,causal_micro_world,correct,correct,False,True,0.20751874963942185,0.3333333333333333
trace_00021,trace_00095,arith_005,commonsense_019,arithmetic,commonsense_multihop,correct,correct,False,True,0.20751874963942185,0.3333333333333333
trace_00021,trace_00096,arith_005,arith_020,arithmetic,arithmetic,correct,correct,True,True,0.32518928103806,0.5
trace_00021,trace_00097,arith_005,logic_020,arithmetic,symbolic_logic,correct,incorrect,False,False,0.5954372523105548,0.6666666666666667
trace_00021,trace_00098,arith_005,temporal_020,arithmetic,temporal_ordering,correct,incorrect,False,False,0.5408520829727551,0.6666666666666666
trace_00021,trace_00099,arith_005,causal_020,arithmetic,causal_micro_world,correct,correct,False,True,0.5954372523105548,0.6666666666666666
trace_00021,trace_00100,arith_005,commonsense_020,arithmetic,commonsense_multihop,correct,correct,False,True,0.236452797660028,0.3999999999999999
trace_00022,trace_00023,logic_005,temporal_005,symbolic_logic,temporal_ordering,correct,correct,False,True,0.5,0.5
trace_00022,trace_00024,logic_005,causal_005,symbolic_logic,causal_micro_world,correct,correct,False,True,0.5954372523105549,0.6666666666666666
trace_00022,trace_00025,logic_005,commonsense_005,symbolic_logic,commonsense_multihop,correct,correct,False,True,0.5,0.5
trace_00022,trace_00026,logic_005,arith_006,symbolic_logic,arithmetic,correct,correct,False,True,0.2519235740744792,0.4
trace_00022,trace_00027,logic_005,logic_006,symbolic_logic,symbolic_logic,correct,correct,True,True,0.5,0.5
trace_00022,trace_00028,logic_005,temporal_006,symbolic_logic,temporal_ordering,correct,incorrect,False,False,1.0,1.0
trace_00022,trace_00029,logic_005,causal_006,symbolic_logic,causal_micro_world,correct,correct,False,True,0.5,0.5
trace_00022,trace_00030,logic_005,commonsense_006,symbolic_logic,commonsense_multihop,correct,incorrect,False,False,0.1908745046211096,0.33333333333333337
trace_00022,trace_00031,logic_005,arith_007,symbolic_logic,arithmetic,correct,correct,False,True,0.32501121082417717,0.5
trace_00022,trace_00032,logic_005,logic_007,symbolic_logic,symbolic_logic,correct,correct,True,True,0.5,0.5
trace_00022,trace_00033,logic_005,temporal_007,symbolic_logic,temporal_ordering,correct,correct,False,True,0.42528358731335336,0.5
trace_00022,trace_00034,logic_005,causal_007,symbolic_logic,causal_micro_world,correct,incorrect,False,False,0.5954372523105549,0.6666666666666666
trace_00022,trace_00035,logic_005,commonsense_007,symbolic_logic,commonsense_multihop,correct,incorrect,False,False,0.37519620693013067,0.5
trace_00022,trace_00036,logic_005,arith_008,symbolic_logic,arithmetic,correct,correct,False,True,0.3958156020033583,0.6000000000000001
trace_00022,trace_00037,logic_005,logic_008,symbolic_logic,symbolic_logic,correct,correct,True,True,1.0,1.0
trace_00022,trace_00038,logic_005,temporal_008,symbolic_logic,temporal_ordering,correct,incorrect,False,False,0.5954372523105549,0.6666666666666666
trace_00022,trace_00039,logic_005,causal_008,symbolic_logic,causal_micro_world,correct,incorrect,False,False,0.5,0.5
trace_00022,trace_00040,logic_005,commonsense_008,symbolic_logic,commonsense_multihop,correct,incorrect,False,False,0.6556390622295665,0.75
trace_00022,trace_00041,logic_005,arith_009,symbolic_logic,arithmetic,correct,correct,False,True,0.2920608058685138,0.42857142857142855
trace_00022,trace_00042,logic_005,logic_009,symbolic_logic,symbolic_logic,correct,incorrect,True,False,0.6556390622295665,0.75
trace_00022,trace_00043,logic_005,temporal_009,symbolic_logic,temporal_ordering,correct,incorrect,False,False,0.1908745046211096,0.33333333333333337
trace_00022,trace_00044,logic_005,causal_009,symbolic_logic,causal_micro_world,correct,correct,False,True,0.5954372523105549,0.6666666666666666
trace_00022,trace_00045,logic_005,commonsense_009,symbolic_logic,commonsense_multihop,correct,incorrect,False,False,0.6979078010016793,0.7999999999999999
trace_00022,trace_00046,logic_005,arith_010,symbolic_logic,arithmetic,correct,correct,False,True,0.3958156020033583,0.6
trace_00022,trace_00047,logic_005,logic_010,symbolic_logic,symbolic_logic,correct,incorrect,True,False,0.3112781244591328,0.5
trace_00022,trace_00048,logic_005,temporal_010,symbolic_logic,temporal_ordering,correct,incorrect,False,False,0.1908745046211096,0.33333333333333337
trace_00022,trace_00049,logic_005,causal_010,symbolic_logic,causal_micro_world,correct,incorrect,False,False,0.5954372523105548,0.6666666666666667
trace_00022,trace_00050,logic_005,commonsense_010,symbolic_logic,commonsense_multihop,correct,correct,False,True,0.5954372523105549,0.6666666666666666
trace_00022,trace_00051,logic_005,arith_011,symbolic_logic,arithmetic,correct,incorrect,False,False,0.6556390622295665,0.75
trace_00022,trace_00052,logic_005,logic_011,symbolic_logic,symbolic_logic,correct,correct,True,True,0.1908745046211096,0.33333333333333337
trace_00022,trace_00053,logic_005,temporal_011,symbolic_logic,temporal_ordering,correct,incorrect,False,False,0.5,0.5
trace_00022,trace_00054,logic_005,causal_011,symbolic_logic,causal_micro_world,correct,incorrect,False,False,0.5954372523105549,0.6666666666666666
trace_00022,trace_00055,logic_005,commonsense_011,symbolic_logic,commonsense_multihop,correct,correct,False,True,0.6284905946211771,0.7142857142857142
trace_00022,trace_00056,logic_005,arith_012,symbolic_logic,arithmetic,correct,correct,False,True,1.0,1.0
trace_00022,trace_00057,logic_005,logic_012,symbolic_logic,symbolic_logic,correct,correct,True,True,0.3112781244591328,0.5
trace_00022,trace_00058,logic_005,temporal_012,symbolic_logic,temporal_ordering,correct,incorrect,False,False,0.1908745046211096,0.33333333333333337
trace_00022,trace_00059,logic_005,causal_012,symbolic_logic,causal_micro_world,correct,correct,False,True,1.0,1.0
trace_00022,trace_00060,logic_005,commonsense_012,symbolic_logic,commonsense_multihop,correct,incorrect,False,False,1.0,0.9999999999999999
trace_00022,trace_00061,logic_005,arith_013,symbolic_logic,arithmetic,correct,correct,False,True,0.32501121082417717,0.5
trace_00022,trace_00062,logic_005,logic_013,symbolic_logic,symbolic_logic,correct,correct,True,True,1.0,1.0
trace_00022,trace_00063,logic_005,temporal_013,symbolic_logic,temporal_ordering,correct,incorrect,False,False,1.0,1.0
trace_00022,trace_00064,logic_005,causal_013,symbolic_logic,causal_micro_world,correct,incorrect,False,False,0.5954372523105548,0.6666666666666667
trace_00022,trace_00065,logic_005,commonsense_013,symbolic_logic,commonsense_multihop,correct,incorrect,False,False,0.3112781244591328,0.5
trace_00022,trace_00066,logic_005,arith_014,symbolic_logic,arithmetic,correct,correct,False,True,0.5954372523105549,0.6666666666666666
trace_00022,trace_00067,logic_005,logic_014,symbolic_logic,symbolic_logic,correct,incorrect,True,False,0.020720839623908215,0.16666666666666666
trace_00022,trace_00068,logic_005,temporal_014,symbolic_logic,temporal_ordering,correct,incorrect,False,False,0.5954372523105549,0.6666666666666666
trace_00022,trace_00069,logic_005,causal_014,symbolic_logic,causal_micro_world,correct,correct,False,True,1.0,1.0
trace_00022,trace_00070,logic_005,commonsense_014,symbolic_logic,commonsense_multihop,correct,correct,False,True,0.32501121082417717,0.5
trace_00022,trace_00071,logic_005,arith_015,symbolic_logic,arithmetic,correct,correct,False,True,1.0,1.0
trace_00022,trace_00072,logic_005,logic_015,symbolic_logic,symbolic_logic,correct,incorrect,True,False,0.7295739585136223,0.8333333333333333
trace_00022,trace_00073,logic_005,temporal_015,symbolic_logic,temporal_ordering,correct,incorrect,False,False,0.2519235740744792,0.4
trace_00022,trace_00074,logic_005,causal_015,symbolic_logic,causal_micro_world,correct,correct,False,True,0.3112781244591328,0.5
trace_00022,trace_00075,logic_005,commonsense_015,symbolic_logic,commonsense_multihop,correct,correct,False,True,0.6556390622295665,0.75
trace_00022,trace_00076,logic_005,arith_016,symbolic_logic,arithmetic,correct,correct,False,True,0.2920608058685138,0.4285714285714286
trace_00022,trace_00077,logic_005,logic_016,symbolic_logic,symbolic_logic,correct,correct,True,True,0.5954372523105549,0.6666666666666666
trace_00022,trace_00078,logic_005,temporal_016,symbolic_logic,temporal_ordering,correct,incorrect,False,False,0.3112781244591328,0.5
trace_00022,trace_00079,logic_005,causal_016,symbolic_logic,causal_micro_world,correct,incorrect,False,False,1.0,1.0
trace_00022,trace_00080,logic_005,commonsense_016,symbolic_logic,commonsense_multihop,correct,correct,False,True,0.5,0.5
trace_00022,trace_00081,logic_005,arith_017,symbolic_logic,arithmetic,correct,correct,False,True,0.6556390622295665,0.75
trace_00022,trace_00082,logic_005,logic_017,symbolic_logic,symbolic_logic,correct,incorrect,True,False,0.0,0.0
trace_00022,trace_00083,logic_005,temporal_017,symbolic_logic,temporal_ordering,correct,incorrect,False,False,0.5954372523105549,0.6666666666666666
trace_00022,trace_00084,logic_005,causal_017,symbolic_logic,causal_micro_world,correct,correct,False,True,0.5,0.5
trace_00022,trace_00085,logic_005,commonsense_017,symbolic_logic,commonsense_multihop,correct,incorrect,False,False,0.42528358731335336,0.5
trace_00022,trace_00086,logic_005,arith_018,symbolic_logic,arithmetic,correct,correct,False,True,0.5954372523105549,0.6666666666666666
trace_00022,trace_00087,logic_005,logic_018,symbolic_logic,symbolic_logic,correct,correct,True,True,0.5954372523105549,0.6666666666666666
trace_00022,trace_00088,logic_005,temporal_018,symbolic_logic,temporal_ordering,correct,incorrect,False,False,1.0,1.0
trace_00022,trace_00089,logic_005,causal_018,symbolic_logic,causal_micro_world,correct,correct,False,True,0.3112781244591328,0.5
trace_00022,trace_00090,logic_005,commonsense_018,symbolic_logic,commonsense_multihop,correct,incorrect,False,False,0.3112781244591328,0.5
trace_00022,trace_00091,logic_005,arith_019,symbolic_logic,arithmetic,correct,correct,False,True,0.6556390622295665,0.75
trace_00022,trace_00092,logic_005,logic_019,symbolic_logic,symbolic_logic,correct,correct,True,True,0.4591479170272448,0.6666666666666667
trace_00022,trace_00093,logic_005,temporal_019,symbolic_logic,temporal_ordering,correct,incorrect,False,False,0.5954372523105549,0.6666666666666666
trace_00022,trace_00094,logic_005,causal_019,symbolic_logic,causal_micro_world,correct,correct,False,True,0.1908745046211096,0.33333333333333337
trace_00022,trace_00095,logic_005,commonsense_019,symbolic_logic,commonsense_multihop,correct,correct,False,True,0.1908745046211096,0.33333333333333337
trace_00022,trace_00096,logic_005,arith_020,symbolic_logic,arithmetic,correct,correct,False,True,0.3112781244591328,0.5
trace_00022,trace_00097,logic_005,logic_020,symbolic_logic,symbolic_logic,correct,incorrect,True,False,0.5,0.5
trace_00022,trace_00098,logic_005,temporal_020,symbolic_logic,temporal_ordering,correct,incorrect,False,False,0.5954372523105549,0.6666666666666666
trace_00022,trace_00099,logic_005,causal_020,symbolic_logic,causal_micro_world,correct,correct,False,True,0.5,0.5
trace_00022,trace_00100,logic_005,commonsense_020,symbolic_logic,commonsense_multihop,correct,correct,False,True,0.2519235740744792,0.4
trace_00023,trace_00024,temporal_005,causal_005,temporal_ordering,causal_micro_world,correct,correct,False,True,0.5954372523105549,0.6666666666666666
trace_00023,trace_00025,temporal_005,commonsense_005,temporal_ordering,commonsense_multihop,correct,correct,False,True,1.0,1.0
trace_00023,trace_00026,temporal_005,arith_006,temporal_ordering,arithmetic,correct,correct,False,True,0.3958156020033583,0.6
trace_00023,trace_00027,temporal_005,logic_006,temporal_ordering,symbolic_logic,correct,correct,False,True,1.0,1.0
trace_00023,trace_00028,temporal_005,temporal_006,temporal_ordering,temporal_ordering,correct,incorrect,True,False,1.0,1.0
trace_00023,trace_00029,temporal_005,causal_006,temporal_ordering,causal_micro_world,correct,correct,False,True,0.5,0.5
trace_00023,trace_00030,temporal_005,commonsense_006,temporal_ordering,commonsense_multihop,correct,incorrect,False,False,0.5954372523105549,0.6666666666666666
trace_00023,trace_00031,temporal_005,arith_007,temporal_ordering,arithmetic,correct,correct,False,True,0.32501121082417717,0.5
trace_00023,trace_00032,temporal_005,logic_007,temporal_ordering,symbolic_logic,correct,correct,False,True,1.0,1.0
trace_00023,trace_00033,temporal_005,temporal_007,temporal_ordering,temporal_ordering,correct,correct,True,True,0.42528358731335336,0.5
trace_00023,trace_00034,temporal_005,causal_007,temporal_ordering,causal_micro_world,correct,incorrect,False,False,0.5954372523105549,0.6666666666666666
trace_00023,trace_00035,temporal_005,commonsense_007,temporal_ordering,commonsense_multihop,correct,incorrect,False,False,1.0,1.0
trace_00023,trace_00036,temporal_005,arith_008,temporal_ordering,arithmetic,correct,correct,False,True,0.3958156020033583,0.6000000000000001
trace_00023,trace_00037,temporal_005,logic_008,temporal_ordering,symbolic_logic,correct,correct,False,True,0.5,0.5
trace_00023,trace_00038,temporal_005,temporal_008,temporal_ordering,temporal_ordering,correct,incorrect,True,False,0.5954372523105549,0.6666666666666666
trace_00023,trace_00039,temporal_005,causal_008,temporal_ordering,causal_micro_world,correct,incorrect,False,False,0.0,0.0
trace_00023,trace_00040,temporal_005,commonsense_008,temporal_ordering,commonsense_multihop,correct,incorrect,False,False,0.3112781244591328,0.5
trace_00023,trace_00041,temporal_005,arith_009,temporal_ordering,arithmetic,correct,correct,False,True,0.2920608058685138,0.42857142857142855
trace_00023,trace_00042,temporal_005,logic_009,temporal_ordering,symbolic_logic,correct,incorrect,False,False,0.6556390622295665,0.75
trace_00023,trace_00043,temporal_005,temporal_009,temporal_ordering,temporal_ordering,correct,incorrect,True,False,0.1908745046211096,0.33333333333333337
trace_00023,trace_00044,temporal_005,causal_009,temporal_ordering,causal_micro_world,correct,correct,False,True,0.5954372523105549,0.6666666666666666
trace_00023,trace_00045,temporal_005,commonsense_009,temporal_ordering,commonsense_multihop,correct,incorrect,False,False,0.5540157730728,0.6
trace_00023,trace_00046,temporal_005,arith_010,temporal_ordering,arithmetic,correct,correct,False,True,0.3958156020033583,0.6
trace_00023,trace_00047,temporal_005,logic_010,temporal_ordering,symbolic_logic,correct,incorrect,False,False,0.3112781244591328,0.5
trace_00023,trace_00048,temporal_005,temporal_010,temporal_ordering,temporal_ordering,correct,incorrect,True,False,0.5954372523105549,0.6666666666666666
trace_00023,trace_00049,temporal_005,causal_010,temporal_ordering,causal_micro_world,correct,incorrect,False,False,0.5954372523105548,0.6666666666666667
trace_00023,trace_00050,temporal_005,commonsense_010,temporal_ordering,commonsense_multihop,correct,correct,False,True,0.1908745046211096,0.33333333333333337
trace_00023,trace_00051,temporal_005,arith_011,temporal_ordering,arithmetic,correct,incorrect,False,False,0.6556390622295665,0.75
trace_00023,trace_00052,temporal_005,logic_011,temporal_ordering,symbolic_logic,correct,correct,False,True,0.5954372523105549,0.6666666666666666
trace_00023,trace_00053,temporal_005,temporal_011,temporal_ordering,temporal_ordering,correct,incorrect,True,False,0.5,0.5
trace_00023,trace_00054,temporal_005,causal_011,temporal_ordering,causal_micro_world,correct,incorrect,False,False,0.5954372523105549,0.6666666666666666
trace_00023,trace_00055,temporal_005,commonsense_011,temporal_ordering,commonsense_multihop,correct,correct,False,True,1.0,0.9999999999999999
trace_00023,trace_00056,temporal_005,arith_012,temporal_ordering,arithmetic,correct,correct,False,True,1.0,1.0
trace_00023,trace_00057,temporal_005,logic_012,temporal_ordering,symbolic_logic,correct,correct,False,True,0.3112781244591328,0.5
trace_00023,trace_00058,temporal_005,temporal_012,temporal_ordering,temporal_ordering,correct,incorrect,True,False,0.1908745046211096,0.33333333333333337
trace_00023,trace_00059,temporal_005,causal_012,temporal_ordering,causal_micro_world,correct,correct,False,True,1.0,1.0
trace_00023,trace_00060,temporal_005,commonsense_012,temporal_ordering,commonsense_multihop,correct,incorrect,False,False,0.42528358731335336,0.5
trace_00023,trace_00061,temporal_005,arith_013,temporal_ordering,arithmetic,correct,correct,False,True,0.5954372523105549,0.6666666666666666
trace_00023,trace_00062,temporal_005,logic_013,temporal_ordering,symbolic_logic,correct,correct,False,True,0.5540157730728,0.6000000000000001
trace_00023,trace_00063,temporal_005,temporal_013,temporal_ordering,temporal_ordering,correct,incorrect,True,False,0.5,0.5
trace_00023,trace_00064,temporal_005,causal_013,temporal_ordering,causal_micro_world,correct,incorrect,False,False,1.0,1.0
trace_00023,trace_00065,temporal_005,commonsense_013,temporal_ordering,commonsense_multihop,correct,incorrect,False,False,0.3112781244591328,0.5
trace_00023,trace_00066,temporal_005,arith_014,temporal_ordering,arithmetic,correct,correct,False,True,0.5954372523105549,0.6666666666666666
trace_00023,trace_00067,temporal_005,logic_014,temporal_ordering,symbolic_logic,correct,incorrect,False,False,0.5954372523105548,0.6666666666666666
trace_00023,trace_00068,temporal_005,temporal_014,temporal_ordering,temporal_ordering,correct,incorrect,True,False,0.1908745046211096,0.33333333333333337
trace_00023,trace_00069,temporal_005,causal_014,temporal_ordering,causal_micro_world,correct,correct,False,True,0.5,0.5
trace_00023,trace_00070,temporal_005,commonsense_014,temporal_ordering,commonsense_multihop,correct,correct,False,True,0.7295739585136223,0.8333333333333333
trace_00023,trace_00071,temporal_005,arith_015,temporal_ordering,arithmetic,correct,correct,False,True,1.0,1.0
trace_00023,trace_00072,temporal_005,logic_015,temporal_ordering,symbolic_logic,correct,incorrect,False,False,0.4591479170272448,0.6666666666666667
trace_00023,trace_00073,temporal_005,temporal_015,temporal_ordering,temporal_ordering,correct,incorrect,True,False,0.3958156020033583,0.6
trace_00023,trace_00074,temporal_005,causal_015,temporal_ordering,causal_micro_world,correct,correct,False,True,1.0,1.0
trace_00023,trace_00075,temporal_005,commonsense_015,temporal_ordering,commonsense_multihop,correct,correct,False,True,0.1556390622295664,0.25
trace_00023,trace_00076,temporal_005,arith_016,temporal_ordering,arithmetic,correct,correct,False,True,0.537697968674856,0.5714285714285714
trace_00023,trace_00077,temporal_005,logic_016,temporal_ordering,symbolic_logic,correct,correct,False,True,0.5954372523105549,0.6666666666666666
trace_00023,trace_00078,temporal_005,temporal_016,temporal_ordering,temporal_ordering,correct,incorrect,True,False,0.3112781244591328,0.5
trace_00023,trace_00079,temporal_005,causal_016,temporal_ordering,causal_micro_world,correct,incorrect,False,False,0.5,0.5
trace_00023,trace_00080,temporal_005,commonsense_016,temporal_ordering,commonsense_multihop,correct,correct,False,True,1.0,1.0
trace_00023,trace_00081,temporal_005,arith_017,temporal_ordering,arithmetic,correct,correct,False,True,0.3112781244591328,0.5
trace_00023,trace_00082,temporal_005,logic_017,temporal_ordering,symbolic_logic,correct,incorrect,False,False,0.5,0.5
trace_00023,trace_00083,temporal_005,temporal_017,temporal_ordering,temporal_ordering,correct,incorrect,True,False,0.1908745046211096,0.33333333333333337
trace_00023,trace_00084,temporal_005,causal_017,temporal_ordering,causal_micro_world,correct,correct,False,True,1.0,1.0
trace_00023,trace_00085,temporal_005,commonsense_017,temporal_ordering,commonsense_multihop,correct,incorrect,False,False,0.5954372523105548,0.6666666666666666
trace_00023,trace_00086,temporal_005,arith_018,temporal_ordering,arithmetic,correct,correct,False,True,0.5954372523105549,0.6666666666666666
trace_00023,trace_00087,temporal_005,logic_018,temporal_ordering,symbolic_logic,correct,correct,False,True,0.1908745046211096,0.33333333333333337
trace_00023,trace_00088,temporal_005,temporal_018,temporal_ordering,temporal_ordering,correct,incorrect,True,False,0.5,0.5
trace_00023,trace_00089,temporal_005,causal_018,temporal_ordering,causal_micro_world,correct,correct,False,True,0.3112781244591328,0.5
trace_00023,trace_00090,temporal_005,commonsense_018,temporal_ordering,commonsense_multihop,correct,incorrect,False,False,0.6556390622295665,0.75
trace_00023,trace_00091,temporal_005,arith_019,temporal_ordering,arithmetic,correct,correct,False,True,0.3112781244591328,0.5
trace_00023,trace_00092,temporal_005,logic_019,temporal_ordering,symbolic_logic,correct,correct,False,True,0.4591479170272448,0.6666666666666667
trace_00023,trace_00093,temporal_005,temporal_019,temporal_ordering,temporal_ordering,correct,incorrect,True,False,0.5954372523105549,0.6666666666666666
trace_00023,trace_00094,temporal_005,causal_019,temporal_ordering,causal_micro_world,correct,correct,False,True,0.1908745046211096,0.33333333333333337
trace_00023,trace_00095,temporal_005,commonsense_019,temporal_ordering,commonsense_multihop,correct,correct,False,True,0.1908745046211096,0.33333333333333337
trace_00023,trace_00096,temporal_005,arith_020,temporal_ordering,arithmetic,correct,correct,False,True,0.6556390622295665,0.75
trace_00023,trace_00097,temporal_005,logic_020,temporal_ordering,symbolic_logic,correct,incorrect,False,False,0.5,0.5
trace_00023,trace_00098,temporal_005,temporal_020,temporal_ordering,temporal_ordering,correct,incorrect,True,False,0.1908745046211096,0.33333333333333337
trace_00023,trace_00099,temporal_005,causal_020,temporal_ordering,causal_micro_world,correct,correct,False,True,1.0,1.0
trace_00023,trace_00100,temporal_005,commonsense_020,temporal_ordering,commonsense_multihop,correct,correct,False,True,0.2519235740744792,0.4
trace_00024,trace_00025,causal_005,commonsense_005,causal_micro_world,commonsense_multihop,correct,correct,False,True,0.1908745046211096,0.33333333333333337
trace_00024,trace_00026,causal_005,arith_006,causal_micro_world,arithmetic,correct,correct,False,True,0.3810065216784586,0.4666666666666667
trace_00024,trace_00027,causal_005,logic_006,causal_micro_world,symbolic_logic,correct,correct,False,True,0.1908745046211096,0.33333333333333337
trace_00024,trace_00028,causal_005,temporal_006,causal_micro_world,temporal_ordering,correct,incorrect,False,False,0.4591479170272448,0.6666666666666667
trace_00024,trace_00029,causal_005,causal_006,causal_micro_world,causal_micro_world,correct,correct,True,True,0.1908745046211096,0.33333333333333337
trace_00024,trace_00030,causal_005,commonsense_006,causal_micro_world,commonsense_multihop,correct,incorrect,False,False,0.3333333333333333,0.3333333333333333
trace_00024,trace_00031,causal_005,arith_007,causal_micro_world,arithmetic,correct,correct,False,True,0.3333333333333333,0.3333333333333333
trace_00024,trace_00032,causal_005,logic_007,causal_micro_world,symbolic_logic,correct,correct,False,True,0.1908745046211096,0.33333333333333337
trace_00024,trace_00033,causal_005,temporal_007,causal_micro_world,temporal_ordering,correct,correct,False,True,0.6666666666666666,0.6666666666666666
trace_00024,trace_00034,causal_005,causal_007,causal_micro_world,causal_micro_world,correct,incorrect,True,False,0.0,0.0
trace_00024,trace_00035,causal_005,commonsense_007,causal_micro_world,commonsense_multihop,correct,incorrect,False,False,0.2502283386145066,0.4666666666666667
trace_00024,trace_00036,causal_005,arith_008,causal_micro_world,arithmetic,correct,correct,False,True,0.1264907875651346,0.26666666666666666
trace_00024,trace_00037,causal_005,logic_008,causal_micro_world,symbolic_logic,correct,correct,False,True,0.1908745046211096,0.33333333333333337
trace_00024,trace_00038,causal_005,temporal_008,causal_micro_world,temporal_ordering,correct,incorrect,False,False,0.0,0.0
trace_00024,trace_00039,causal_005,causal_008,causal_micro_world,causal_micro_world,correct,incorrect,True,False,0.5954372523105549,0.6666666666666666
trace_00024,trace_00040,causal_005,commonsense_008,causal_micro_world,commonsense_multihop,correct,incorrect,False,False,0.30807904596723146,0.41666666666666663
trace_00024,trace_00041,causal_005,arith_009,causal_micro_world,arithmetic,correct,correct,False,True,0.5803376670330035,0.7142857142857142
trace_00024,trace_00042,causal_005,logic_009,causal_micro_world,symbolic_logic,correct,incorrect,False,False,0.020720839623908215,0.16666666666666666
trace_00024,trace_00043,causal_005,temporal_009,causal_micro_world,temporal_ordering,correct,incorrect,False,False,0.3333333333333333,0.3333333333333333
trace_00024,trace_00044,causal_005,causal_009,causal_micro_world,causal_micro_world,correct,correct,True,True,0.0,0.0
trace_00024,trace_00045,causal_005,commonsense_009,causal_micro_world,commonsense_multihop,correct,incorrect,False,False,0.1264907875651346,0.26666666666666666
trace_00024,trace_00046,causal_005,arith_010,causal_micro_world,arithmetic,correct,correct,False,True,0.236452797660028,0.3999999999999999
trace_00024,trace_00047,causal_005,logic_010,causal_micro_world,symbolic_logic,correct,incorrect,False,False,1.0,0.9999999999999999
trace_00024,trace_00048,causal_005,temporal_010,causal_micro_world,temporal_ordering,correct,incorrect,False,False,0.3333333333333333,0.3333333333333333
trace_00024,trace_00049,causal_005,causal_010,causal_micro_world,causal_micro_world,correct,incorrect,True,False,0.5408520829727551,0.6666666666666666
trace_00024,trace_00050,causal_005,commonsense_010,causal_micro_world,commonsense_multihop,correct,correct,False,True,0.3333333333333333,0.3333333333333333
trace_00024,trace_00051,causal_005,arith_011,causal_micro_world,arithmetic,correct,incorrect,False,False,0.7126417936566767,0.75
trace_00024,trace_00052,causal_005,logic_011,causal_micro_world,symbolic_logic,correct,correct,False,True,0.3333333333333333,0.3333333333333333
trace_00024,trace_00053,causal_005,temporal_011,causal_micro_world,temporal_ordering,correct,incorrect,False,False,0.1908745046211096,0.33333333333333337
trace_00024,trace_00054,causal_005,causal_011,causal_micro_world,causal_micro_world,correct,incorrect,True,False,0.0,0.0
trace_00024,trace_00055,causal_005,commonsense_011,causal_micro_world,commonsense_multihop,correct,correct,False,True,0.2622846388220226,0.38095238095238093
trace_00024,trace_00056,causal_005,arith_012,causal_micro_world,arithmetic,correct,correct,False,True,0.5954372523105548,0.6666666666666666
trace_00024,trace_00057,causal_005,logic_012,causal_micro_world,symbolic_logic,correct,correct,False,True,1.0,0.9999999999999999
trace_00024,trace_00058,causal_005,temporal_012,causal_micro_world,temporal_ordering,correct,incorrect,False,False,0.3333333333333333,0.3333333333333333
trace_00024,trace_00059,causal_005,causal_012,causal_micro_world,causal_micro_world,correct,correct,True,True,0.5954372523105548,0.6666666666666666
trace_00024,trace_00060,causal_005,commonsense_012,causal_micro_world,commonsense_multihop,correct,incorrect,False,False,0.20751874963942185,0.3333333333333333
trace_00024,trace_00061,causal_005,arith_013,causal_micro_world,arithmetic,correct,correct,False,True,0.5408520829727551,0.6666666666666666
trace_00024,trace_00062,causal_005,logic_013,causal_micro_world,symbolic_logic,correct,correct,False,True,0.3810065216784586,0.4666666666666667
trace_00024,trace_00063,causal_005,temporal_013,causal_micro_world,temporal_ordering,correct,incorrect,False,False,0.1908745046211096,0.33333333333333337
trace_00024,trace_00064,causal_005,causal_013,causal_micro_world,causal_micro_world,correct,incorrect,True,False,0.20751874963942185,0.3333333333333333
trace_00024,trace_00065,causal_005,commonsense_013,causal_micro_world,commonsense_multihop,correct,incorrect,False,False,0.13792538097003013,0.24999999999999997
trace_00024,trace_00066,causal_005,arith_014,causal_micro_world,arithmetic,correct,correct,False,True,0.6666666666666666,0.6666666666666666
trace_00024,trace_00067,causal_005,logic_014,causal_micro_world,symbolic_logic,correct,incorrect,False,False,0.5408520829727551,0.6666666666666666
trace_00024,trace_00068,causal_005,temporal_014,causal_micro_world,temporal_ordering,correct,incorrect,False,False,0.3333333333333333,0.3333333333333333
trace_00024,trace_00069,causal_005,causal_014,causal_micro_world,causal_micro_world,correct,correct,True,True,0.1908745046211096,0.33333333333333337
trace_00024,trace_00070,causal_005,commonsense_014,causal_micro_world,commonsense_multihop,correct,correct,False,True,0.26210391897722146,0.33333333333333337
trace_00024,trace_00071,causal_005,arith_015,causal_micro_world,arithmetic,correct,correct,False,True,0.5954372523105548,0.6666666666666666
trace_00024,trace_00072,causal_005,logic_015,causal_micro_world,symbolic_logic,correct,incorrect,False,False,0.3112781244591328,0.5
trace_00024,trace_00073,causal_005,temporal_015,causal_micro_world,temporal_ordering,correct,incorrect,False,False,0.1264907875651346,0.26666666666666666
trace_00024,trace_00074,causal_005,causal_015,causal_micro_world,causal_micro_world,correct,correct,True,True,0.4591479170272448,0.6666666666666666
trace_00024,trace_00075,causal_005,commonsense_015,causal_micro_world,commonsense_multihop,correct,correct,False,True,0.3080790459672315,0.41666666666666663
trace_00024,trace_00076,causal_005,arith_016,causal_micro_world,arithmetic,correct,correct,False,True,0.48196747929973904,0.5714285714285714
trace_00024,trace_00077,causal_005,logic_016,causal_micro_world,symbolic_logic,correct,correct,False,True,0.0,0.0
trace_00024,trace_00078,causal_005,temporal_016,causal_micro_world,temporal_ordering,correct,incorrect,False,False,0.13792538097003013,0.24999999999999997
trace_00024,trace_00079,causal_005,causal_016,causal_micro_world,causal_micro_world,correct,incorrect,True,False,0.1908745046211096,0.33333333333333337
trace_00024,trace_00080,causal_005,commonsense_016,causal_micro_world,commonsense_multihop,correct,correct,False,True,0.1908745046211096,0.33333333333333337
trace_00024,trace_00081,causal_005,arith_017,causal_micro_world,arithmetic,correct,correct,False,True,0.42528358731335336,0.5
trace_00024,trace_00082,causal_005,logic_017,causal_micro_world,symbolic_logic,correct,incorrect,False,False,0.5954372523105549,0.6666666666666666
trace_00024,trace_00083,causal_005,temporal_017,causal_micro_world,temporal_ordering,correct,incorrect,False,False,0.3333333333333333,0.3333333333333333
trace_00024,trace_00084,causal_005,causal_017,causal_micro_world,causal_micro_world,correct,correct,True,True,0.1908745046211096,0.33333333333333337
trace_00024,trace_00085,causal_005,commonsense_017,causal_micro_world,commonsense_multihop,correct,incorrect,False,False,0.20751874963942185,0.3333333333333333
trace_00024,trace_00086,causal_005,arith_018,causal_micro_world,arithmetic,correct,correct,False,True,0.6666666666666666,0.6666666666666666
trace_00024,trace_00087,causal_005,logic_018,causal_micro_world,symbolic_logic,correct,correct,False,True,0.3333333333333333,0.3333333333333333
trace_00024,trace_00088,causal_005,temporal_018,causal_micro_world,temporal_ordering,correct,incorrect,False,False,0.1908745046211096,0.33333333333333337
trace_00024,trace_00089,causal_005,causal_018,causal_micro_world,causal_micro_world,correct,correct,True,True,0.42528358731335336,0.5
trace_00024,trace_00090,causal_005,commonsense_018,causal_micro_world,commonsense_multihop,correct,incorrect,False,False,0.30807904596723146,0.41666666666666663
trace_00024,trace_00091,causal_005,arith_019,causal_micro_world,arithmetic,correct,correct,False,True,0.42528358731335336,0.5
trace_00024,trace_00092,causal_005,logic_019,causal_micro_world,symbolic_logic,correct,correct,False,True,0.13628933528331,0.33333333333333337
trace_00024,trace_00093,causal_005,temporal_019,causal_micro_world,temporal_ordering,correct,incorrect,False,False,0.0,0.0
trace_00024,trace_00094,causal_005,causal_019,causal_micro_world,causal_micro_world,correct,correct,True,True,0.3333333333333333,0.3333333333333333
trace_00024,trace_00095,causal_005,commonsense_019,causal_micro_world,commonsense_multihop,correct,correct,False,True,0.3333333333333333,0.3333333333333333
trace_00024,trace_00096,causal_005,arith_020,causal_micro_world,arithmetic,correct,correct,False,True,0.42528358731335336,0.5
trace_00024,trace_00097,causal_005,logic_020,causal_micro_world,symbolic_logic,correct,incorrect,False,False,0.1908745046211096,0.33333333333333337
trace_00024,trace_00098,causal_005,temporal_020,causal_micro_world,temporal_ordering,correct,incorrect,False,False,0.6666666666666666,0.6666666666666666
trace_00024,trace_00099,causal_005,causal_020,causal_micro_world,causal_micro_world,correct,correct,True,True,0.1908745046211096,0.33333333333333337
trace_00024,trace_00100,causal_005,commonsense_020,causal_micro_world,commonsense_multihop,correct,correct,False,True,0.236452797660028,0.39999999999999997
trace_00025,trace_00026,commonsense_005,arith_006,commonsense_multihop,arithmetic,correct,correct,False,True,0.5540157730728,0.6
trace_00025,trace_00027,commonsense_005,logic_006,commonsense_multihop,symbolic_logic,correct,correct,False,True,0.0,0.0
trace_00025,trace_00028,commonsense_005,temporal_006,commonsense_multihop,temporal_ordering,correct,incorrect,False,False,0.3112781244591328,0.5
trace_00025,trace_00029,commonsense_005,causal_006,commonsense_multihop,causal_micro_world,correct,correct,False,True,0.5,0.5
trace_00025,trace_00030,commonsense_005,commonsense_006,commonsense_multihop,commonsense_multihop,correct,incorrect,True,False,0.1908745046211096,0.33333333333333337
trace_00025,trace_00031,commonsense_005,arith_007,commonsense_multihop,arithmetic,correct,correct,False,True,0.5954372523105548,0.6666666666666666
trace_00025,trace_00032,commonsense_005,logic_007,commonsense_multihop,symbolic_logic,correct,correct,False,True,0.0,0.0
trace_00025,trace_00033,commonsense_005,temporal_007,commonsense_multihop,temporal_ordering,correct,correct,False,True,0.5954372523105548,0.6666666666666666
trace_00025,trace_00034,commonsense_005,causal_007,commonsense_multihop,causal_micro_world,correct,incorrect,False,False,0.1908745046211096,0.33333333333333337
trace_00025,trace_00035,commonsense_005,commonsense_007,commonsense_multihop,commonsense_multihop,correct,incorrect,True,False,0.07310400793180986,0.30000000000000004
trace_00025,trace_00036,commonsense_005,arith_008,commonsense_multihop,arithmetic,correct,correct,False,True,0.2519235740744792,0.39999999999999997
trace_00025,trace_00037,commonsense_005,logic_008,commonsense_multihop,symbolic_logic,correct,correct,False,True,0.5,0.5
trace_00025,trace_00038,commonsense_005,temporal_008,commonsense_multihop,temporal_ordering,correct,incorrect,False,False,0.1908745046211096,0.33333333333333337
trace_00025,trace_00039,commonsense_005,causal_008,commonsense_multihop,causal_micro_world,correct,incorrect,False,False,1.0,1.0
trace_00025,trace_00040,commonsense_005,commonsense_008,commonsense_multihop,commonsense_multihop,correct,incorrect,True,False,0.5,0.5
trace_00025,trace_00041,commonsense_005,arith_009,commonsense_multihop,arithmetic,correct,correct,False,True,0.7543628371936578,0.8571428571428572
trace_00025,trace_00042,commonsense_005,logic_009,commonsense_multihop,symbolic_logic,correct,incorrect,False,False,0.1556390622295664,0.25
trace_00025,trace_00043,commonsense_005,temporal_009,commonsense_multihop,temporal_ordering,correct,incorrect,False,False,0.5954372523105549,0.6666666666666666
trace_00025,trace_00044,commonsense_005,causal_009,commonsense_multihop,causal_micro_world,correct,correct,False,True,0.1908745046211096,0.33333333333333337
trace_00025,trace_00045,commonsense_005,commonsense_009,commonsense_multihop,commonsense_multihop,correct,incorrect,True,False,0.3958156020033583,0.6
trace_00025,trace_00046,commonsense_005,arith_010,commonsense_multihop,arithmetic,correct,correct,False,True,0.3958156020033583,0.6
trace_00025,trace_00047,commonsense_005,logic_010,commonsense_multihop,symbolic_logic,correct,incorrect,False,False,1.0,1.0
trace_00025,trace_00048,commonsense_005,temporal_010,commonsense_multihop,temporal_ordering,correct,incorrect,False,False,0.1908745046211096,0.33333333333333337
trace_00025,trace_00049,commonsense_005,causal_010,commonsense_multihop,causal_micro_world,correct,incorrect,False,False,0.42528358731335336,0.49999999999999994
trace_00025,trace_00050,commonsense_005,commonsense_010,commonsense_multihop,commonsense_multihop,correct,correct,True,True,0.5954372523105548,0.6666666666666666
trace_00025,trace_00051,commonsense_005,arith_011,commonsense_multihop,arithmetic,correct,incorrect,False,False,0.6556390622295665,0.75
trace_00025,trace_00052,commonsense_005,logic_011,commonsense_multihop,symbolic_logic,correct,correct,False,True,0.1908745046211096,0.33333333333333337
trace_00025,trace_00053,commonsense_005,temporal_011,commonsense_multihop,temporal_ordering,correct,incorrect,False,False,0.5,0.5
trace_00025,trace_00054,commonsense_005,causal_011,commonsense_multihop,causal_micro_world,correct,incorrect,False,False,0.1908745046211096,0.33333333333333337
trace_00025,trace_00055,commonsense_005,commonsense_011,commonsense_multihop,commonsense_multihop,correct,correct,True,True,0.09449507748815748,0.21428571428571427
trace_00025,trace_00056,commonsense_005,arith_012,commonsense_multihop,arithmetic,correct,correct,False,True,0.5,0.5
trace_00025,trace_00057,commonsense_005,logic_012,commonsense_multihop,symbolic_logic,correct,correct,False,True,1.0,1.0
trace_00025,trace_00058,commonsense_005,temporal_012,commonsense_multihop,temporal_ordering,correct,incorrect,False,False,0.5954372523105549,0.6666666666666666
trace_00025,trace_00059,commonsense_005,causal_012,commonsense_multihop,causal_micro_world,correct,correct,False,True,0.5,0.5
trace_00025,trace_00060,commonsense_005,commonsense_012,commonsense_multihop,commonsense_multihop,correct,incorrect,True,False,0.5954372523105548,0.6666666666666666
trace_00025,trace_00061,commonsense_005,arith_013,commonsense_multihop,arithmetic,correct,correct,False,True,0.4591479170272448,0.6666666666666666
trace_00025,trace_00062,commonsense_005,logic_013,commonsense_multihop,symbolic_logic,correct,correct,False,True,0.6979078010016793,0.8
trace_00025,trace_00063,commonsense_005,temporal_013,commonsense_multihop,temporal_ordering,correct,incorrect,False,False,0.5,0.5
trace_00025,trace_00064,commonsense_005,causal_013,commonsense_multihop,causal_micro_world,correct,incorrect,False,False,0.020720839623908215,0.16666666666666666
trace_00025,trace_00065,commonsense_005,commonsense_013,commonsense_multihop,commonsense_multihop,correct,incorrect,True,False,0.3112781244591328,0.5
trace_00025,trace_00066,commonsense_005,arith_014,commonsense_multihop,arithmetic,correct,correct,False,True,0.5954372523105549,0.6666666666666666
trace_00025,trace_00067,commonsense_005,logic_014,commonsense_multihop,symbolic_logic,correct,incorrect,False,False,0.42528358731335336,0.5
trace_00025,trace_00068,commonsense_005,temporal_014,commonsense_multihop,temporal_ordering,correct,incorrect,False,False,0.5954372523105548,0.6666666666666666
trace_00025,trace_00069,commonsense_005,causal_014,commonsense_multihop,causal_micro_world,correct,correct,False,True,0.5,0.5
trace_00025,trace_00070,commonsense_005,commonsense_014,commonsense_multihop,commonsense_multihop,correct,correct,True,True,0.0954372523105548,0.16666666666666669
trace_00025,trace_00071,commonsense_005,arith_015,commonsense_multihop,arithmetic,correct,correct,False,True,0.5,0.5
trace_00025,trace_00072,commonsense_005,logic_015,commonsense_multihop,symbolic_logic,correct,incorrect,False,False,0.42528358731335336,0.49999999999999994
trace_00025,trace_00073,commonsense_005,temporal_015,commonsense_multihop,temporal_ordering,correct,incorrect,False,False,0.2519235740744792,0.4
trace_00025,trace_00074,commonsense_005,causal_015,commonsense_multihop,causal_micro_world,correct,correct,False,True,0.3112781244591328,0.5
trace_00025,trace_00075,commonsense_005,commonsense_015,commonsense_multihop,commonsense_multihop,correct,correct,True,True,0.6556390622295665,0.75
trace_00025,trace_00076,commonsense_005,arith_016,commonsense_multihop,arithmetic,correct,correct,False,True,0.382853431814835,0.5714285714285714
trace_00025,trace_00077,commonsense_005,logic_016,commonsense_multihop,symbolic_logic,correct,correct,False,True,0.1908745046211096,0.33333333333333337
trace_00025,trace_00078,commonsense_005,temporal_016,commonsense_multihop,temporal_ordering,correct,incorrect,False,False,0.3112781244591328,0.5
trace_00025,trace_00079,commonsense_005,causal_016,commonsense_multihop,causal_micro_world,correct,incorrect,False,False,0.5,0.5
trace_00025,trace_00080,commonsense_005,commonsense_016,commonsense_multihop,commonsense_multihop,correct,correct,True,True,0.0,0.0
trace_00025,trace_00081,commonsense_005,arith_017,commonsense_multihop,arithmetic,correct,correct,False,True,0.6556390622295665,0.75
trace_00025,trace_00082,commonsense_005,logic_017,commonsense_multihop,symbolic_logic,correct,incorrect,False,False,0.5,0.5
trace_00025,trace_00083,commonsense_005,temporal_017,commonsense_multihop,temporal_ordering,correct,incorrect,False,False,0.5954372523105548,0.6666666666666666
trace_00025,trace_00084,commonsense_005,causal_017,commonsense_multihop,causal_micro_world,correct,correct,False,True,0.0,0.0
trace_00025,trace_00085,commonsense_005,commonsense_017,commonsense_multihop,commonsense_multihop,correct,incorrect,True,False,0.42528358731335336,0.5
trace_00025,trace_00086,commonsense_005,arith_018,commonsense_multihop,arithmetic,correct,correct,False,True,0.5954372523105549,0.6666666666666666
trace_00025,trace_00087,commonsense_005,logic_018,commonsense_multihop,symbolic_logic,correct,correct,False,True,0.5954372523105548,0.6666666666666666
trace_00025,trace_00088,commonsense_005,temporal_018,commonsense_multihop,temporal_ordering,correct,incorrect,False,False,0.5,0.5
trace_00025,trace_00089,commonsense_005,causal_018,commonsense_multihop,causal_micro_world,correct,correct,False,True,0.6556390622295665,0.75
trace_00025,trace_00090,commonsense_005,commonsense_018,commonsense_multihop,commonsense_multihop,correct,incorrect,True,False,0.1556390622295664,0.25
trace_00025,trace_00091,commonsense_005,arith_019,commonsense_multihop,arithmetic,correct,correct,False,True,0.6556390622295665,0.75
trace_00025,trace_00092,commonsense_005,logic_019,commonsense_multihop,symbolic_logic,correct,correct,False,True,0.2295739585136224,0.3333333333333333
trace_00025,trace_00093,commonsense_005,temporal_019,commonsense_multihop,temporal_ordering,correct,incorrect,False,False,0.1908745046211096,0.33333333333333337
trace_00025,trace_00094,commonsense_005,causal_019,commonsense_multihop,causal_micro_world,correct,correct,False,True,0.5954372523105549,0.6666666666666666
trace_00025,trace_00095,commonsense_005,commonsense_019,commonsense_multihop,commonsense_multihop,correct,correct,True,True,0.5954372523105549,0.6666666666666666
trace_00025,trace_00096,commonsense_005,arith_020,commonsense_multihop,arithmetic,correct,correct,False,True,0.3112781244591328,0.5
trace_00025,trace_00097,commonsense_005,logic_020,commonsense_multihop,symbolic_logic,correct,incorrect,False,False,0.5,0.5
trace_00025,trace_00098,commonsense_005,temporal_020,commonsense_multihop,temporal_ordering,correct,incorrect,False,False,1.0,0.9999999999999999
trace_00025,trace_00099,commonsense_005,causal_020,commonsense_multihop,causal_micro_world,correct,correct,False,True,0.0,0.0
trace_00025,trace_00100,commonsense_005,commonsense_020,commonsense_multihop,commonsense_multihop,correct,correct,True,True,0.3958156020033583,0.6
trace_00026,trace_00027,arith_006,logic_006,arithmetic,symbolic_logic,correct,correct,False,True,0.5540157730728,0.6
trace_00026,trace_00028,arith_006,temporal_006,arithmetic,temporal_ordering,correct,incorrect,False,False,1.0,1.0
trace_00026,trace_00029,arith_006,causal_006,arithmetic,causal_micro_world,correct,correct,False,True,0.2519235740744792,0.4
trace_00026,trace_00030,arith_006,commonsense_006,arithmetic,commonsense_multihop,correct,incorrect,False,False,0.3810065216784586,0.4666666666666667
trace_00026,trace_00031,arith_006,arith_007,arithmetic,arithmetic,correct,correct,True,True,0.016528777470241153,0.13333333333333336
trace_00026,trace_00032,arith_006,logic_007,arithmetic,symbolic_logic,correct,correct,False,True,0.5540157730728,0.6
trace_00026,trace_00033,arith_006,temporal_007,arithmetic,temporal_ordering,correct,correct,False,True,0.6622817371734298,0.7999999999999999
trace_00026,trace_00034,arith_006,causal_007,arithmetic,causal_micro_world,correct,incorrect,False,False,0.3810065216784586,0.4666666666666667
trace_00026,trace_00035,arith_006,commonsense_007,arithmetic,commonsense_multihop,correct,incorrect,False,False,0.4490224995673063,0.6
trace_00026,trace_00036,arith_006,arith_008,arithmetic,arithmetic,correct,correct,True,True,0.32451124978365314,0.4
trace_00026,trace_00037,arith_006,logic_008,arithmetic,symbolic_logic,correct,correct,False,True,0.6979078010016793,0.7999999999999999
trace_00026,trace_00038,arith_006,temporal_008,arithmetic,temporal_ordering,correct,incorrect,False,False,0.3810065216784586,0.4666666666666667
trace_00026,trace_00039,arith_006,causal_008,arithmetic,causal_micro_world,correct,incorrect,False,False,0.3958156020033583,0.6
trace_00026,trace_00040,arith_006,commonsense_008,arithmetic,commonsense_multihop,correct,incorrect,False,False,0.5540157730728,0.6
trace_00026,trace_00041,arith_006,arith_009,arithmetic,arithmetic,correct,correct,True,True,0.08535437755046942,0.3142857142857143
trace_00026,trace_00042,arith_006,logic_009,arithmetic,symbolic_logic,correct,incorrect,False,False,0.4646059900014654,0.55
trace_00026,trace_00043,arith_006,temporal_009,arithmetic,temporal_ordering,correct,incorrect,False,False,0.1264907875651346,0.26666666666666666
trace_00026,trace_00044,arith_006,causal_009,arithmetic,causal_micro_world,correct,correct,False,True,0.3810065216784586,0.4666666666666667
trace_00026,trace_00045,arith_006,commonsense_009,arithmetic,commonsense_multihop,correct,incorrect,False,False,0.24902249956730624,0.4
trace_00026,trace_00046,arith_006,arith_010,arithmetic,arithmetic,correct,correct,True,True,0.12451124978365312,0.2
trace_00026,trace_00047,arith_006,logic_010,arithmetic,symbolic_logic,correct,incorrect,False,False,0.6099865470109875,0.8
trace_00026,trace_00048,arith_006,temporal_010,arithmetic,temporal_ordering,correct,incorrect,False,False,0.3810065216784586,0.4666666666666667
trace_00026,trace_00049,arith_006,causal_010,arithmetic,causal_micro_world,correct,incorrect,False,False,0.745484265886676,0.7999999999999999
trace_00026,trace_00050,arith_006,commonsense_010,arithmetic,commonsense_multihop,correct,correct,False,True,0.490968531773352,0.6
trace_00026,trace_00051,arith_006,arith_011,arithmetic,arithmetic,correct,incorrect,True,False,0.4749156875380792,0.6000000000000001
trace_00026,trace_00052,arith_006,logic_011,arithmetic,symbolic_logic,correct,correct,False,True,0.3810065216784586,0.4666666666666667
trace_00026,trace_00053,arith_006,temporal_011,arithmetic,temporal_ordering,correct,incorrect,False,False,0.2519235740744792,0.4
trace_00026,trace_00054,arith_006,causal_011,arithmetic,causal_micro_world,correct,incorrect,False,False,0.3810065216784586,0.4666666666666667
trace_00026,trace_00055,arith_006,commonsense_011,arithmetic,commonsense_multihop,correct,correct,False,True,0.4960674965794071,0.5714285714285715
trace_00026,trace_00056,arith_006,arith_012,arithmetic,arithmetic,correct,correct,True,True,0.6979078010016793,0.8
trace_00026,trace_00057,arith_006,logic_012,arithmetic,symbolic_logic,correct,correct,False,True,0.6099865470109875,0.8
trace_00026,trace_00058,arith_006,temporal_012,arithmetic,temporal_ordering,correct,incorrect,False,False,0.1264907875651346,0.26666666666666666
trace_00026,trace_00059,arith_006,causal_012,arithmetic,causal_micro_world,correct,correct,False,True,0.6979078010016793,0.8
trace_00026,trace_00060,arith_006,commonsense_012,arithmetic,commonsense_multihop,correct,incorrect,False,False,0.6622817371734298,0.7999999999999999
trace_00026,trace_00061,arith_006,arith_013,arithmetic,arithmetic,correct,correct,True,True,0.2433405681372673,0.4333333333333333
trace_00026,trace_00062,arith_006,logic_013,arithmetic,symbolic_logic,correct,correct,False,True,0.4490224995673063,0.6
trace_00026,trace_00063,arith_006,temporal_013,arithmetic,temporal_ordering,correct,incorrect,False,False,0.6979078010016793,0.7999999999999999
trace_00026,trace_00064,arith_006,causal_013,arithmetic,causal_micro_world,correct,incorrect,False,False,0.6355222557917826,0.6666666666666666
trace_00026,trace_00065,arith_006,commonsense_013,arithmetic,commonsense_multihop,correct,incorrect,False,False,0.24161387653786542,0.35
trace_00026,trace_00066,arith_006,arith_014,arithmetic,arithmetic,correct,correct,True,True,0.490968531773352,0.6
trace_00026,trace_00067,arith_006,logic_014,arithmetic,symbolic_logic,correct,incorrect,False,False,0.236452797660028,0.3999999999999999
trace_00026,trace_00068,arith_006,temporal_014,arithmetic,temporal_ordering,correct,incorrect,False,False,0.490968531773352,0.6
trace_00026,trace_00069,arith_006,causal_014,arithmetic,causal_micro_world,correct,correct,False,True,0.6979078010016793,0.7999999999999999
trace_00026,trace_00070,arith_006,commonsense_014,arithmetic,commonsense_multihop,correct,correct,False,True,0.45328338368767385,0.5
trace_00026,trace_00071,arith_006,arith_015,arithmetic,arithmetic,correct,correct,True,True,0.6979078010016793,0.8
trace_00026,trace_00072,arith_006,logic_015,arithmetic,symbolic_logic,correct,incorrect,False,False,0.6355222557917826,0.6666666666666666
trace_00026,trace_00073,arith_006,temporal_015,arithmetic,temporal_ordering,correct,incorrect,False,False,0.2,0.2
trace_00026,trace_00074,arith_006,causal_015,arithmetic,causal_micro_world,correct,correct,False,True,0.3958156020033583,0.6
trace_00026,trace_00075,arith_006,commonsense_015,arithmetic,commonsense_multihop,correct,correct,False,True,0.4749156875380792,0.6
trace_00026,trace_00076,arith_006,arith_016,arithmetic,arithmetic,correct,correct,True,True,0.3227272760930254,0.5142857142857142
trace_00026,trace_00077,arith_006,logic_016,arithmetic,symbolic_logic,correct,correct,False,True,0.3810065216784586,0.4666666666666667
trace_00026,trace_00078,arith_006,temporal_016,arithmetic,temporal_ordering,correct,incorrect,False,False,0.24161387653786542,0.35
trace_00026,trace_00079,arith_006,causal_016,arithmetic,causal_micro_world,correct,incorrect,False,False,0.6979078010016793,0.7999999999999999
trace_00026,trace_00080,arith_006,commonsense_016,arithmetic,commonsense_multihop,correct,correct,False,True,0.5540157730728,0.6
trace_00026,trace_00081,arith_006,arith_017,arithmetic,arithmetic,correct,correct,True,True,0.3310236596092001,0.4
trace_00026,trace_00082,arith_006,logic_017,arithmetic,symbolic_logic,correct,incorrect,False,False,0.2519235740744792,0.4
trace_00026,trace_00083,arith_006,temporal_017,arithmetic,temporal_ordering,correct,incorrect,False,False,0.490968531773352,0.6
trace_00026,trace_00084,arith_006,causal_017,arithmetic,causal_micro_world,correct,correct,False,True,0.5540157730728,0.6
trace_00026,trace_00085,arith_006,commonsense_017,arithmetic,commonsense_multihop,correct,incorrect,False,False,0.236452797660028,0.3999999999999999
trace_00026,trace_00086,arith_006,arith_018,arithmetic,arithmetic,correct,correct,True,True,0.490968531773352,0.6
trace_00026,trace_00087,arith_006,logic_018,arithmetic,symbolic_logic,correct,correct,False,True,0.490968531773352,0.6
trace_00026,trace_00088,arith_006,temporal_018,arithmetic,temporal_ordering,correct,incorrect,False,False,0.6979078010016793,0.7999999999999999
trace_00026,trace_00089,arith_006,causal_018,arithmetic,causal_micro_world,correct,correct,False,True,0.018621763074265444,0.15
trace_00026,trace_00090,arith_006,commonsense_018,arithmetic,commonsense_multihop,correct,incorrect,False,False,0.4646059900014654,0.55
trace_00026,trace_00091,arith_006,arith_019,arithmetic,arithmetic,correct,correct,True,True,0.3310236596092001,0.4
trace_00026,trace_00092,arith_006,logic_019,arithmetic,symbolic_logic,correct,correct,False,True,0.3878942921556979,0.5
trace_00026,trace_00093,arith_006,temporal_019,arithmetic,temporal_ordering,correct,incorrect,False,False,0.3810065216784586,0.4666666666666667
trace_00026,trace_00094,arith_006,causal_019,arithmetic,causal_micro_world,correct,correct,False,True,0.1264907875651346,0.26666666666666666
trace_00026,trace_00095,arith_006,commonsense_019,arithmetic,commonsense_multihop,correct,correct,False,True,0.1264907875651346,0.26666666666666666
trace_00026,trace_00096,arith_006,arith_020,arithmetic,arithmetic,correct,correct,True,True,0.24161387653786542,0.35
trace_00026,trace_00097,arith_006,logic_020,arithmetic,symbolic_logic,correct,incorrect,False,False,0.2519235740744792,0.4
trace_00026,trace_00098,arith_006,temporal_020,arithmetic,temporal_ordering,correct,incorrect,False,False,0.236452797660028,0.39999999999999997
trace_00026,trace_00099,arith_006,causal_020,arithmetic,causal_micro_world,correct,correct,False,True,0.5540157730728,0.6
trace_00026,trace_00100,arith_006,commonsense_020,arithmetic,commonsense_multihop,correct,correct,False,True,0.24902249956730624,0.4
trace_00027,trace_00028,logic_006,temporal_006,symbolic_logic,temporal_ordering,correct,incorrect,False,False,0.3112781244591328,0.5
trace_00027,trace_00029,logic_006,causal_006,symbolic_logic,causal_micro_world,correct,correct,False,True,0.5,0.5
trace_00027,trace_00030,logic_006,commonsense_006,symbolic_logic,commonsense_multihop,correct,incorrect,False,False,0.1908745046211096,0.33333333333333337
trace_00027,trace_00031,logic_006,arith_007,symbolic_logic,arithmetic,correct,correct,False,True,0.5954372523105548,0.6666666666666666
trace_00027,trace_00032,logic_006,logic_007,symbolic_logic,symbolic_logic,correct,correct,True,True,0.0,0.0
trace_00027,trace_00033,logic_006,temporal_007,symbolic_logic,temporal_ordering,correct,correct,False,True,0.5954372523105548,0.6666666666666666
trace_00027,trace_00034,logic_006,causal_007,symbolic_logic,causal_micro_world,correct,incorrect,False,False,0.1908745046211096,0.33333333333333337
trace_00027,trace_00035,logic_006,commonsense_007,symbolic_logic,commonsense_multihop,correct,incorrect,False,False,0.07310400793180986,0.30000000000000004
trace_00027,trace_00036,logic_006,arith_008,symbolic_logic,arithmetic,correct,correct,False,True,0.2519235740744792,0.39999999999999997
trace_00027,trace_00037,logic_006,logic_008,symbolic_logic,symbolic_logic,correct,correct,True,True,0.5,0.5
trace_00027,trace_00038,logic_006,temporal_008,symbolic_logic,temporal_ordering,correct,incorrect,False,False,0.1908745046211096,0.33333333333333337
trace_00027,trace_00039,logic_006,causal_008,symbolic_logic,causal_micro_world,correct,incorrect,False,False,1.0,1.0
trace_00027,trace_00040,logic_006,commonsense_008,symbolic_logic,commonsense_multihop,correct,incorrect,False,False,0.5,0.5
trace_00027,trace_00041,logic_006,arith_009,symbolic_logic,arithmetic,correct,correct,False,True,0.7543628371936578,0.8571428571428572
trace_00027,trace_00042,logic_006,logic_009,symbolic_logic,symbolic_logic,correct,incorrect,True,False,0.1556390622295664,0.25
trace_00027,trace_00043,logic_006,temporal_009,symbolic_logic,temporal_ordering,correct,incorrect,False,False,0.5954372523105549,0.6666666666666666
trace_00027,trace_00044,logic_006,causal_009,symbolic_logic,causal_micro_world,correct,correct,False,True,0.1908745046211096,0.33333333333333337
trace_00027,trace_00045,logic_006,commonsense_009,symbolic_logic,commonsense_multihop,correct,incorrect,False,False,0.3958156020033583,0.6
trace_00027,trace_00046,logic_006,arith_010,symbolic_logic,arithmetic,correct,correct,False,True,0.3958156020033583,0.6
trace_00027,trace_00047,logic_006,logic_010,symbolic_logic,symbolic_logic,correct,incorrect,True,False,1.0,1.0
trace_00027,trace_00048,logic_006,temporal_010,symbolic_logic,temporal_ordering,correct,incorrect,False,False,0.1908745046211096,0.33333333333333337
trace_00027,trace_00049,logic_006,causal_010,symbolic_logic,causal_micro_world,correct,incorrect,False,False,0.42528358731335336,0.49999999999999994
trace_00027,trace_00050,logic_006,commonsense_010,symbolic_logic,commonsense_multihop,correct,correct,False,True,0.5954372523105548,0.6666666666666666
trace_00027,trace_00051,logic_006,arith_011,symbolic_logic,arithmetic,correct,incorrect,False,False,0.6556390622295665,0.75
trace_00027,trace_00052,logic_006,logic_011,symbolic_logic,symbolic_logic,correct,correct,True,True,0.1908745046211096,0.33333333333333337
trace_00027,trace_00053,logic_006,temporal_011,symbolic_logic,temporal_ordering,correct,incorrect,False,False,0.5,0.5
trace_00027,trace_00054,logic_006,causal_011,symbolic_logic,causal_micro_world,correct,incorrect,False,False,0.1908745046211096,0.33333333333333337
trace_00027,trace_00055,logic_006,commonsense_011,symbolic_logic,commonsense_multihop,correct,correct,False,True,0.09449507748815748,0.21428571428571427
trace_00027,trace_00056,logic_006,arith_012,symbolic_logic,arithmetic,correct,correct,False,True,0.5,0.5
trace_00027,trace_00057,logic_006,logic_012,symbolic_logic,symbolic_logic,correct,correct,True,True,1.0,1.0
trace_00027,trace_00058,logic_006,temporal_012,symbolic_logic,temporal_ordering,correct,incorrect,False,False,0.5954372523105549,0.6666666666666666
trace_00027,trace_00059,logic_006,causal_012,symbolic_logic,causal_micro_world,correct,correct,False,True,0.5,0.5
trace_00027,trace_00060,logic_006,commonsense_012,symbolic_logic,commonsense_multihop,correct,incorrect,False,False,0.5954372523105548,0.6666666666666666
trace_00027,trace_00061,logic_006,arith_013,symbolic_logic,arithmetic,correct,correct,False,True,0.4591479170272448,0.6666666666666666
trace_00027,trace_00062,logic_006,logic_013,symbolic_logic,symbolic_logic,correct,correct,True,True,0.6979078010016793,0.8
trace_00027,trace_00063,logic_006,temporal_013,symbolic_logic,temporal_ordering,correct,incorrect,False,False,0.5,0.5
trace_00027,trace_00064,logic_006,causal_013,symbolic_logic,causal_micro_world,correct,incorrect,False,False,0.020720839623908215,0.16666666666666666
trace_00027,trace_00065,logic_006,commonsense_013,symbolic_logic,commonsense_multihop,correct,incorrect,False,False,0.3112781244591328,0.5
trace_00027,trace_00066,logic_006,arith_014,symbolic_logic,arithmetic,correct,correct,False,True,0.5954372523105549,0.6666666666666666
trace_00027,trace_00067,logic_006,logic_014,symbolic_logic,symbolic_logic,correct,incorrect,True,False,0.42528358731335336,0.5
trace_00027,trace_00068,logic_006,temporal_014,symbolic_logic,temporal_ordering,correct,incorrect,False,False,0.5954372523105548,0.6666666666666666
trace_00027,trace_00069,logic_006,causal_014,symbolic_logic,causal_micro_world,correct,correct,False,True,0.5,0.5
trace_00027,trace_00070,logic_006,commonsense_014,symbolic_logic,commonsense_multihop,correct,correct,False,True,0.0954372523105548,0.16666666666666669
trace_00027,trace_00071,logic_006,arith_015,symbolic_logic,arithmetic,correct,correct,False,True,0.5,0.5
trace_00027,trace_00072,logic_006,logic_015,symbolic_logic,symbolic_logic,correct,incorrect,True,False,0.42528358731335336,0.49999999999999994
trace_00027,trace_00073,logic_006,temporal_015,symbolic_logic,temporal_ordering,correct,incorrect,False,False,0.2519235740744792,0.4
trace_00027,trace_00074,logic_006,causal_015,symbolic_logic,causal_micro_world,correct,correct,False,True,0.3112781244591328,0.5
trace_00027,trace_00075,logic_006,commonsense_015,symbolic_logic,commonsense_multihop,correct,correct,False,True,0.6556390622295665,0.75
trace_00027,trace_00076,logic_006,arith_016,symbolic_logic,arithmetic,correct,correct,False,True,0.382853431814835,0.5714285714285714
trace_00027,trace_00077,logic_006,logic_016,symbolic_logic,symbolic_logic,correct,correct,True,True,0.1908745046211096,0.33333333333333337
trace_00027,trace_00078,logic_006,temporal_016,symbolic_logic,temporal_ordering,correct,incorrect,False,False,0.3112781244591328,0.5
trace_00027,trace_00079,logic_006,causal_016,symbolic_logic,causal_micro_world,correct,incorrect,False,False,0.5,0.5
trace_00027,trace_00080,logic_006,commonsense_016,symbolic_logic,commonsense_multihop,correct,correct,False,True,0.0,0.0
trace_00027,trace_00081,logic_006,arith_017,symbolic_logic,arithmetic,correct,correct,False,True,0.6556390622295665,0.75
trace_00027,trace_00082,logic_006,logic_017,symbolic_logic,symbolic_logic,correct,incorrect,True,False,0.5,0.5
trace_00027,trace_00083,logic_006,temporal_017,symbolic_logic,temporal_ordering,correct,incorrect,False,False,0.5954372523105548,0.6666666666666666
trace_00027,trace_00084,logic_006,causal_017,symbolic_logic,causal_micro_world,correct,correct,False,True,0.0,0.0
trace_00027,trace_00085,logic_006,commonsense_017,symbolic_logic,commonsense_multihop,correct,incorrect,False,False,0.42528358731335336,0.5
trace_00027,trace_00086,logic_006,arith_018,symbolic_logic,arithmetic,correct,correct,False,True,0.5954372523105549,0.6666666666666666
trace_00027,trace_00087,logic_006,logic_018,symbolic_logic,symbolic_logic,correct,correct,True,True,0.5954372523105548,0.6666666666666666
trace_00027,trace_00088,logic_006,temporal_018,symbolic_logic,temporal_ordering,correct,incorrect,False,False,0.5,0.5
trace_00027,trace_00089,logic_006,causal_018,symbolic_logic,causal_micro_world,correct,correct,False,True,0.6556390622295665,0.75
trace_00027,trace_00090,logic_006,commonsense_018,symbolic_logic,commonsense_multihop,correct,incorrect,False,False,0.1556390622295664,0.25
trace_00027,trace_00091,logic_006,arith_019,symbolic_logic,arithmetic,correct,correct,False,True,0.6556390622295665,0.75
trace_00027,trace_00092,logic_006,logic_019,symbolic_logic,symbolic_logic,correct,correct,True,True,0.2295739585136224,0.3333333333333333
trace_00027,trace_00093,logic_006,temporal_019,symbolic_logic,temporal_ordering,correct,incorrect,False,False,0.1908745046211096,0.33333333333333337
trace_00027,trace_00094,logic_006,causal_019,symbolic_logic,causal_micro_world,correct,correct,False,True,0.5954372523105549,0.6666666666666666
trace_00027,trace_00095,logic_006,commonsense_019,symbolic_logic,commonsense_multihop,correct,correct,False,True,0.5954372523105549,0.6666666666666666
trace_00027,trace_00096,logic_006,arith_020,symbolic_logic,arithmetic,correct,correct,False,True,0.3112781244591328,0.5
trace_00027,trace_00097,logic_006,logic_020,symbolic_logic,symbolic_logic,correct,incorrect,True,False,0.5,0.5
trace_00027,trace_00098,logic_006,temporal_020,symbolic_logic,temporal_ordering,correct,incorrect,False,False,1.0,0.9999999999999999
trace_00027,trace_00099,logic_006,causal_020,symbolic_logic,causal_micro_world,correct,correct,False,True,0.0,0.0
trace_00027,trace_00100,logic_006,commonsense_020,symbolic_logic,commonsense_multihop,correct,correct,False,True,0.3958156020033583,0.6
trace_00028,trace_00029,temporal_006,causal_006,temporal_ordering,causal_micro_world,incorrect,correct,False,False,1.0,1.0
trace_00028,trace_00030,temporal_006,commonsense_006,temporal_ordering,commonsense_multihop,incorrect,incorrect,False,True,0.4591479170272448,0.6666666666666667
trace_00028,trace_00031,temporal_006,arith_007,temporal_ordering,arithmetic,incorrect,correct,False,False,1.0,1.0
trace_00028,trace_00032,temporal_006,logic_007,temporal_ordering,symbolic_logic,incorrect,correct,False,False,0.3112781244591328,0.5
trace_00028,trace_00033,temporal_006,temporal_007,temporal_ordering,temporal_ordering,incorrect,correct,True,False,0.4591479170272448,0.6666666666666667
trace_00028,trace_00034,temporal_006,causal_007,temporal_ordering,causal_micro_world,incorrect,incorrect,False,True,0.4591479170272448,0.6666666666666667
trace_00028,trace_00035,temporal_006,commonsense_007,temporal_ordering,commonsense_multihop,incorrect,incorrect,False,True,0.6099865470109875,0.8
trace_00028,trace_00036,temporal_006,arith_008,temporal_ordering,arithmetic,incorrect,correct,False,False,0.39581560200335836,0.6000000000000001
trace_00028,trace_00037,temporal_006,logic_008,temporal_ordering,symbolic_logic,incorrect,correct,False,False,0.3112781244591328,0.5
trace_00028,trace_00038,temporal_006,temporal_008,temporal_ordering,temporal_ordering,incorrect,incorrect,True,True,0.4591479170272448,0.6666666666666667
trace_00028,trace_00039,temporal_006,causal_008,temporal_ordering,causal_micro_world,incorrect,incorrect,False,True,1.0,1.0
trace_00028,trace_00040,temporal_006,commonsense_008,temporal_ordering,commonsense_multihop,incorrect,incorrect,False,True,0.3112781244591328,0.5
trace_00028,trace_00041,temporal_006,arith_009,temporal_ordering,arithmetic,incorrect,correct,False,False,1.0,1.0
trace_00028,trace_00042,temporal_006,logic_009,temporal_ordering,symbolic_logic,incorrect,incorrect,False,True,0.3112781244591328,0.5
trace_00028,trace_00043,temporal_006,temporal_009,temporal_ordering,temporal_ordering,incorrect,incorrect,True,True,1.0,1.0
trace_00028,trace_00044,temporal_006,causal_009,temporal_ordering,causal_micro_world,incorrect,correct,False,False,0.4591479170272448,0.6666666666666667
trace_00028,trace_00045,temporal_006,commonsense_009,temporal_ordering,commonsense_multihop,incorrect,incorrect,False,True,0.6099865470109875,0.8
trace_00028,trace_00046,temporal_006,arith_010,temporal_ordering,arithmetic,incorrect,correct,False,False,0.6099865470109875,0.8
trace_00028,trace_00047,temporal_006,logic_010,temporal_ordering,symbolic_logic,incorrect,incorrect,False,True,1.0,1.0
trace_00028,trace_00048,temporal_006,temporal_010,temporal_ordering,temporal_ordering,incorrect,incorrect,True,True,0.4591479170272448,0.6666666666666667
trace_00028,trace_00049,temporal_006,causal_010,temporal_ordering,causal_micro_world,incorrect,incorrect,False,True,0.1908745046211096,0.33333333333333337
trace_00028,trace_00050,temporal_006,commonsense_010,temporal_ordering,commonsense_multihop,incorrect,correct,False,False,0.4591479170272448,0.6666666666666667
trace_00028,trace_00051,temporal_006,arith_011,temporal_ordering,arithmetic,incorrect,incorrect,False,True,0.5487949406953987,0.75
trace_00028,trace_00052,temporal_006,logic_011,temporal_ordering,symbolic_logic,incorrect,correct,False,False,0.4591479170272448,0.6666666666666667
trace_00028,trace_00053,temporal_006,temporal_011,temporal_ordering,temporal_ordering,incorrect,incorrect,True,True,1.0,1.0
trace_00028,trace_00054,temporal_006,causal_011,temporal_ordering,causal_micro_world,incorrect,incorrect,False,True,0.4591479170272448,0.6666666666666667
trace_00028,trace_00055,temporal_006,commonsense_011,temporal_ordering,commonsense_multihop,incorrect,correct,False,False,0.2569811892423542,0.4285714285714286
trace_00028,trace_00056,temporal_006,arith_012,temporal_ordering,arithmetic,incorrect,correct,False,False,0.3112781244591328,0.5
trace_00028,trace_00057,temporal_006,logic_012,temporal_ordering,symbolic_logic,incorrect,correct,False,False,1.0,1.0
trace_00028,trace_00058,temporal_006,temporal_012,temporal_ordering,temporal_ordering,incorrect,incorrect,True,True,1.0,1.0
trace_00028,trace_00059,temporal_006,causal_012,temporal_ordering,causal_micro_world,incorrect,correct,False,False,0.3112781244591328,0.5
trace_00028,trace_00060,temporal_006,commonsense_012,temporal_ordering,commonsense_multihop,incorrect,incorrect,False,True,0.4591479170272448,0.6666666666666667
trace_00028,trace_00061,temporal_006,arith_013,temporal_ordering,arithmetic,incorrect,correct,False,False,0.6548575458269756,0.8333333333333334
trace_00028,trace_00062,temporal_006,logic_013,temporal_ordering,symbolic_logic,incorrect,correct,False,False,0.6099865470109875,0.8
trace_00028,trace_00063,temporal_006,temporal_013,temporal_ordering,temporal_ordering,incorrect,incorrect,True,True,0.3112781244591328,0.5
trace_00028,trace_00064,temporal_006,causal_013,temporal_ordering,causal_micro_world,incorrect,incorrect,False,True,0.1908745046211096,0.33333333333333337
trace_00028,trace_00065,temporal_006,commonsense_013,temporal_ordering,commonsense_multihop,incorrect,incorrect,False,True,0.5487949406953987,0.75
trace_00028,trace_00066,temporal_006,arith_014,temporal_ordering,arithmetic,incorrect,correct,False,False,0.4591479170272448,0.6666666666666666
trace_00028,trace_00067,temporal_006,logic_014,temporal_ordering,symbolic_logic,incorrect,incorrect,False,True,1.0,1.0
trace_00028,trace_00068,temporal_006,temporal_014,temporal_ordering,temporal_ordering,incorrect,incorrect,True,True,0.4591479170272448,0.6666666666666667
trace_00028,trace_00069,temporal_006,causal_014,temporal_ordering,causal_micro_world,incorrect,correct,False,False,0.3112781244591328,0.5
trace_00028,trace_00070,temporal_006,commonsense_014,temporal_ordering,commonsense_multihop,incorrect,correct,False,False,0.3112781244591328,0.5
trace_00028,trace_00071,temporal_006,arith_015,temporal_ordering,arithmetic,incorrect,correct,False,False,0.3112781244591328,0.5
trace_00028,trace_00072,temporal_006,logic_015,temporal_ordering,symbolic_logic,incorrect,incorrect,False,True,0.1908745046211096,0.33333333333333337
trace_00028,trace_00073,temporal_006,temporal_015,temporal_ordering,temporal_ordering,incorrect,incorrect,True,True,0.6099865470109875,0.8
trace_00028,trace_00074,temporal_006,causal_015,temporal_ordering,causal_micro_world,incorrect,correct,False,False,1.0,1.0
trace_00028,trace_00075,temporal_006,commonsense_015,temporal_ordering,commonsense_multihop,incorrect,correct,False,False,0.5487949406953987,0.75
trace_00028,trace_00076,temporal_006,arith_016,temporal_ordering,arithmetic,incorrect,correct,False,False,0.5087256743873156,0.7142857142857142
trace_00028,trace_00077,temporal_006,logic_016,temporal_ordering,symbolic_logic,incorrect,correct,False,False,0.4591479170272448,0.6666666666666667
trace_00028,trace_00078,temporal_006,temporal_016,temporal_ordering,temporal_ordering,incorrect,incorrect,True,True,0.5487949406953987,0.75
trace_00028,trace_00079,temporal_006,causal_016,temporal_ordering,causal_micro_world,incorrect,incorrect,False,True,0.3112781244591328,0.5
trace_00028,trace_00080,temporal_006,commonsense_016,temporal_ordering,commonsense_multihop,incorrect,correct,False,False,0.3112781244591328,0.5
trace_00028,trace_00081,temporal_006,arith_017,temporal_ordering,arithmetic,incorrect,correct,False,False,0.5487949406953987,0.75
trace_00028,trace_00082,temporal_006,logic_017,temporal_ordering,symbolic_logic,incorrect,incorrect,False,True,1.0,1.0
trace_00028,trace_00083,temporal_006,temporal_017,temporal_ordering,temporal_ordering,incorrect,incorrect,True,True,0.4591479170272448,0.6666666666666667
trace_00028,trace_00084,temporal_006,causal_017,temporal_ordering,causal_micro_world,incorrect,correct,False,False,0.3112781244591328,0.5
trace_00028,trace_00085,temporal_006,commonsense_017,temporal_ordering,commonsense_multihop,incorrect,incorrect,False,True,1.0,1.0
trace_00028,trace_00086,temporal_006,arith_018,temporal_ordering,arithmetic,incorrect,correct,False,False,0.4591479170272448,0.6666666666666666
trace_00028,trace_00087,temporal_006,logic_018,temporal_ordering,symbolic_logic,incorrect,correct,False,False,0.4591479170272448,0.6666666666666667
trace_00028,trace_00088,temporal_006,temporal_018,temporal_ordering,temporal_ordering,incorrect,incorrect,True,True,0.3112781244591328,0.5
trace_00028,trace_00089,temporal_006,causal_018,temporal_ordering,causal_micro_world,incorrect,correct,False,False,1.0,1.0
trace_00028,trace_00090,temporal_006,commonsense_018,temporal_ordering,commonsense_multihop,incorrect,incorrect,False,True,0.3112781244591328,0.5
trace_00028,trace_00091,temporal_006,arith_019,temporal_ordering,arithmetic,incorrect,correct,False,False,0.5487949406953987,0.75
trace_00028,trace_00092,temporal_006,logic_019,temporal_ordering,symbolic_logic,incorrect,correct,False,False,0.3112781244591328,0.5
trace_00028,trace_00093,temporal_006,temporal_019,temporal_ordering,temporal_ordering,incorrect,incorrect,True,True,0.4591479170272448,0.6666666666666667
trace_00028,trace_00094,temporal_006,causal_019,temporal_ordering,causal_micro_world,incorrect,correct,False,False,1.0,1.0
trace_00028,trace_00095,temporal_006,commonsense_019,temporal_ordering,commonsense_multihop,incorrect,correct,False,False,1.0,1.0
trace_00028,trace_00096,temporal_006,arith_020,temporal_ordering,arithmetic,incorrect,correct,False,False,0.5487949406953987,0.75
trace_00028,trace_00097,temporal_006,logic_020,temporal_ordering,symbolic_logic,incorrect,incorrect,False,True,1.0,1.0
trace_00028,trace_00098,temporal_006,temporal_020,temporal_ordering,temporal_ordering,incorrect,incorrect,True,True,1.0,0.9999999999999999
trace_00028,trace_00099,temporal_006,causal_020,temporal_ordering,causal_micro_world,incorrect,correct,False,False,0.3112781244591328,0.5
trace_00028,trace_00100,temporal_006,commonsense_020,temporal_ordering,commonsense_multihop,incorrect,correct,False,False,0.6099865470109875,0.8
trace_00029,trace_00030,causal_006,commonsense_006,causal_micro_world,commonsense_multihop,correct,incorrect,False,False,0.5954372523105549,0.6666666666666666
trace_00029,trace_00031,causal_006,arith_007,causal_micro_world,arithmetic,correct,correct,False,True,0.1908745046211096,0.3333333333333333
trace_00029,trace_00032,causal_006,logic_007,causal_micro_world,symbolic_logic,correct,correct,False,True,0.5,0.5
trace_00029,trace_00033,causal_006,temporal_007,causal_micro_world,temporal_ordering,correct,correct,False,True,1.0,0.9999999999999999
trace_00029,trace_00034,causal_006,causal_007,causal_micro_world,causal_micro_world,correct,incorrect,True,False,0.1908745046211096,0.33333333333333337
trace_00029,trace_00035,causal_006,commonsense_007,causal_micro_world,commonsense_multihop,correct,incorrect,False,False,0.37519620693013067,0.5
trace_00029,trace_00036,causal_006,arith_008,causal_micro_world,arithmetic,correct,correct,False,True,0.3958156020033583,0.6000000000000001
trace_00029,trace_00037,causal_006,logic_008,causal_micro_world,symbolic_logic,correct,correct,False,True,0.5,0.5
trace_00029,trace_00038,causal_006,temporal_008,causal_micro_world,temporal_ordering,correct,incorrect,False,False,0.1908745046211096,0.33333333333333337
trace_00029,trace_00039,causal_006,causal_008,causal_micro_world,causal_micro_world,correct,incorrect,True,False,0.5,0.5
trace_00029,trace_00040,causal_006,commonsense_008,causal_micro_world,commonsense_multihop,correct,incorrect,False,False,0.6556390622295665,0.75
trace_00029,trace_00041,causal_006,arith_009,causal_micro_world,arithmetic,correct,correct,False,True,0.5087256743873156,0.7142857142857142
trace_00029,trace_00042,causal_006,logic_009,causal_micro_world,symbolic_logic,correct,incorrect,False,False,0.3112781244591328,0.5
trace_00029,trace_00043,causal_006,temporal_009,causal_micro_world,temporal_ordering,correct,incorrect,False,False,0.1908745046211096,0.33333333333333337
trace_00029,trace_00044,causal_006,causal_009,causal_micro_world,causal_micro_world,correct,correct,True,True,0.1908745046211096,0.33333333333333337
trace_00029,trace_00045,causal_006,commonsense_009,causal_micro_world,commonsense_multihop,correct,incorrect,False,False,0.2519235740744792,0.4
trace_00029,trace_00046,causal_006,arith_010,causal_micro_world,arithmetic,correct,correct,False,True,0.3958156020033583,0.6
trace_00029,trace_00047,causal_006,logic_010,causal_micro_world,symbolic_logic,correct,incorrect,False,False,1.0,1.0
trace_00029,trace_00048,causal_006,temporal_010,causal_micro_world,temporal_ordering,correct,incorrect,False,False,0.5954372523105549,0.6666666666666666
trace_00029,trace_00049,causal_006,causal_010,causal_micro_world,causal_micro_world,correct,incorrect,True,False,1.0,1.0
trace_00029,trace_00050,causal_006,commonsense_010,causal_micro_world,commonsense_multihop,correct,correct,False,True,0.5954372523105549,0.6666666666666666
trace_00029,trace_00051,causal_006,arith_011,causal_micro_world,arithmetic,correct,incorrect,False,False,1.0,1.0
trace_00029,trace_00052,causal_006,logic_011,causal_micro_world,symbolic_logic,correct,correct,False,True,0.5954372523105549,0.6666666666666666
trace_00029,trace_00053,causal_006,temporal_011,causal_micro_world,temporal_ordering,correct,incorrect,False,False,0.0,0.0
trace_00029,trace_00054,causal_006,causal_011,causal_micro_world,causal_micro_world,correct,incorrect,True,False,0.1908745046211096,0.33333333333333337
trace_00029,trace_00055,causal_006,commonsense_011,causal_micro_world,commonsense_multihop,correct,correct,False,True,0.6284905946211771,0.7142857142857142
trace_00029,trace_00056,causal_006,arith_012,causal_micro_world,arithmetic,correct,correct,False,True,1.0,1.0
trace_00029,trace_00057,causal_006,logic_012,causal_micro_world,symbolic_logic,correct,correct,False,True,1.0,1.0
trace_00029,trace_00058,causal_006,temporal_012,causal_micro_world,temporal_ordering,correct,incorrect,False,False,0.1908745046211096,0.33333333333333337
trace_00029,trace_00059,causal_006,causal_012,causal_micro_world,causal_micro_world,correct,correct,True,True,1.0,1.0
trace_00029,trace_00060,causal_006,commonsense_012,causal_micro_world,commonsense_multihop,correct,incorrect,False,False,0.42528358731335336,0.5
trace_00029,trace_00061,causal_006,arith_013,causal_micro_world,arithmetic,correct,correct,False,True,0.7295739585136223,0.8333333333333334
trace_00029,trace_00062,causal_006,logic_013,causal_micro_world,symbolic_logic,correct,correct,False,True,0.5540157730728,0.6000000000000001
trace_00029,trace_00063,causal_006,temporal_013,causal_micro_world,temporal_ordering,correct,incorrect,False,False,0.5,0.5
trace_00029,trace_00064,causal_006,causal_013,causal_micro_world,causal_micro_world,correct,incorrect,True,False,0.5954372523105548,0.6666666666666667
trace_00029,trace_00065,causal_006,commonsense_013,causal_micro_world,commonsense_multihop,correct,incorrect,False,False,0.3112781244591328,0.5
trace_00029,trace_00066,causal_006,arith_014,causal_micro_world,arithmetic,correct,correct,False,True,1.0,0.9999999999999999
trace_00029,trace_00067,causal_006,logic_014,causal_micro_world,symbolic_logic,correct,incorrect,False,False,0.42528358731335336,0.5
trace_00029,trace_00068,causal_006,temporal_014,causal_micro_world,temporal_ordering,correct,incorrect,False,False,0.5954372523105549,0.6666666666666666
trace_00029,trace_00069,causal_006,causal_014,causal_micro_world,causal_micro_world,correct,correct,True,True,0.5,0.5
trace_00029,trace_00070,causal_006,commonsense_014,causal_micro_world,commonsense_multihop,correct,correct,False,True,0.5954372523105549,0.6666666666666667
trace_00029,trace_00071,causal_006,arith_015,causal_micro_world,arithmetic,correct,correct,False,True,1.0,1.0
trace_00029,trace_00072,causal_006,logic_015,causal_micro_world,symbolic_logic,correct,incorrect,False,False,0.7295739585136223,0.8333333333333333
trace_00029,trace_00073,causal_006,temporal_015,causal_micro_world,temporal_ordering,correct,incorrect,False,False,0.2519235740744792,0.4
trace_00029,trace_00074,causal_006,causal_015,causal_micro_world,causal_micro_world,correct,correct,True,True,0.3112781244591328,0.5
trace_00029,trace_00075,causal_006,commonsense_015,causal_micro_world,commonsense_multihop,correct,correct,False,True,0.5,0.5
trace_00029,trace_00076,causal_006,arith_016,causal_micro_world,arithmetic,correct,correct,False,True,0.7543628371936578,0.8571428571428572
trace_00029,trace_00077,causal_006,logic_016,causal_micro_world,symbolic_logic,correct,correct,False,True,0.1908745046211096,0.33333333333333337
trace_00029,trace_00078,causal_006,temporal_016,causal_micro_world,temporal_ordering,correct,incorrect,False,False,0.3112781244591328,0.5
trace_00029,trace_00079,causal_006,causal_016,causal_micro_world,causal_micro_world,correct,incorrect,True,False,0.5,0.5
trace_00029,trace_00080,causal_006,commonsense_016,causal_micro_world,commonsense_multihop,correct,correct,False,True,0.5,0.5
trace_00029,trace_00081,causal_006,arith_017,causal_micro_world,arithmetic,correct,correct,False,True,0.6556390622295665,0.75
trace_00029,trace_00082,causal_006,logic_017,causal_micro_world,symbolic_logic,correct,incorrect,False,False,0.5,0.5
trace_00029,trace_00083,causal_006,temporal_017,causal_micro_world,temporal_ordering,correct,incorrect,False,False,0.5954372523105549,0.6666666666666666
trace_00029,trace_00084,causal_006,causal_017,causal_micro_world,causal_micro_world,correct,correct,True,True,0.5,0.5
trace_00029,trace_00085,causal_006,commonsense_017,causal_micro_world,commonsense_multihop,correct,incorrect,False,False,0.020720839623908215,0.16666666666666666
trace_00029,trace_00086,causal_006,arith_018,causal_micro_world,arithmetic,correct,correct,False,True,1.0,0.9999999999999999
trace_00029,trace_00087,causal_006,logic_018,causal_micro_world,symbolic_logic,correct,correct,False,True,0.5954372523105549,0.6666666666666666
trace_00029,trace_00088,causal_006,temporal_018,causal_micro_world,temporal_ordering,correct,incorrect,False,False,0.5,0.5
trace_00029,trace_00089,causal_006,causal_018,causal_micro_world,causal_micro_world,correct,correct,True,True,0.3112781244591328,0.5
trace_00029,trace_00090,causal_006,commonsense_018,causal_micro_world,commonsense_multihop,correct,incorrect,False,False,0.6556390622295665,0.75
trace_00029,trace_00091,causal_006,arith_019,causal_micro_world,arithmetic,correct,correct,False,True,0.6556390622295665,0.75
trace_00029,trace_00092,causal_006,logic_019,causal_micro_world,symbolic_logic,correct,correct,False,True,0.4591479170272448,0.6666666666666667
trace_00029,trace_00093,causal_006,temporal_019,causal_micro_world,temporal_ordering,correct,incorrect,False,False,0.1908745046211096,0.33333333333333337
trace_00029,trace_00094,causal_006,causal_019,causal_micro_world,causal_micro_world,correct,correct,True,True,0.1908745046211096,0.33333333333333337
trace_00029,trace_00095,causal_006,commonsense_019,causal_micro_world,commonsense_multihop,correct,correct,False,True,0.1908745046211096,0.33333333333333337
trace_00029,trace_00096,causal_006,arith_020,causal_micro_world,arithmetic,correct,correct,False,True,0.6556390622295665,0.75
trace_00029,trace_00097,causal_006,logic_020,causal_micro_world,symbolic_logic,correct,incorrect,False,False,0.0,0.0
trace_00029,trace_00098,causal_006,temporal_020,causal_micro_world,temporal_ordering,correct,incorrect,False,False,0.5954372523105549,0.6666666666666666
trace_00029,trace_00099,causal_006,causal_020,causal_micro_world,causal_micro_world,correct,correct,True,True,0.5,0.5
trace_00029,trace_00100,causal_006,commonsense_020,causal_micro_world,commonsense_multihop,correct,correct,False,True,0.3958156020033583,0.6
trace_00030,trace_00031,commonsense_006,arith_007,commonsense_multihop,arithmetic,incorrect,correct,False,False,0.43709270815304424,0.49999999999999994
trace_00030,trace_00032,commonsense_006,logic_007,commonsense_multihop,symbolic_logic,incorrect,correct,False,False,0.1908745046211096,0.33333333333333337
trace_00030,trace_00033,commonsense_006,temporal_007,commonsense_multihop,temporal_ordering,incorrect,correct,False,False,0.20751874963942185,0.3333333333333333
trace_00030,trace_00034,commonsense_006,causal_007,commonsense_multihop,causal_micro_world,incorrect,incorrect,False,True,0.3333333333333333,0.3333333333333333
trace_00030,trace_00035,commonsense_006,commonsense_007,commonsense_multihop,commonsense_multihop,incorrect,incorrect,True,True,0.2502283386145066,0.4666666666666667
trace_00030,trace_00036,commonsense_006,arith_008,commonsense_multihop,arithmetic,incorrect,correct,False,False,0.1264907875651346,0.26666666666666666
trace_00030,trace_00037,commonsense_006,logic_008,commonsense_multihop,symbolic_logic,incorrect,correct,False,False,0.5954372523105548,0.6666666666666666
trace_00030,trace_00038,commonsense_006,temporal_008,commonsense_multihop,temporal_ordering,incorrect,incorrect,False,True,0.3333333333333333,0.3333333333333333
trace_00030,trace_00039,commonsense_006,causal_008,commonsense_multihop,causal_micro_world,incorrect,incorrect,False,True,0.5954372523105549,0.6666666666666666
trace_00030,trace_00040,commonsense_006,commonsense_008,commonsense_multihop,commonsense_multihop,incorrect,incorrect,True,True,0.30807904596723146,0.41666666666666663
trace_00030,trace_00041,commonsense_006,arith_009,commonsense_multihop,arithmetic,incorrect,correct,False,False,0.4135214398827884,0.5238095238095237
trace_00030,trace_00042,commonsense_006,logic_009,commonsense_multihop,symbolic_logic,incorrect,incorrect,False,True,0.30807904596723146,0.41666666666666663
trace_00030,trace_00043,commonsense_006,temporal_009,commonsense_multihop,temporal_ordering,incorrect,incorrect,False,True,0.3333333333333333,0.3333333333333333
trace_00030,trace_00044,commonsense_006,causal_009,commonsense_multihop,causal_micro_world,incorrect,correct,False,False,0.3333333333333333,0.3333333333333333
trace_00030,trace_00045,commonsense_006,commonsense_009,commonsense_multihop,commonsense_multihop,incorrect,incorrect,True,True,0.490968531773352,0.6
trace_00030,trace_00046,commonsense_006,arith_010,commonsense_multihop,arithmetic,incorrect,correct,False,False,0.236452797660028,0.3999999999999999
trace_00030,trace_00047,commonsense_006,logic_010,commonsense_multihop,symbolic_logic,incorrect,incorrect,False,True,0.4591479170272448,0.6666666666666666
trace_00030,trace_00048,commonsense_006,temporal_010,commonsense_multihop,temporal_ordering,incorrect,incorrect,False,True,0.0,0.0
trace_00030,trace_00049,commonsense_006,causal_010,commonsense_multihop,causal_micro_world,incorrect,incorrect,False,True,0.20751874963942185,0.3333333333333333
trace_00030,trace_00050,commonsense_006,commonsense_010,commonsense_multihop,commonsense_multihop,incorrect,correct,True,False,0.3333333333333333,0.3333333333333333
trace_00030,trace_00051,commonsense_006,arith_011,commonsense_multihop,arithmetic,incorrect,incorrect,False,True,0.42528358731335336,0.5
trace_00030,trace_00052,commonsense_006,logic_011,commonsense_multihop,symbolic_logic,incorrect,correct,False,False,0.0,0.0
trace_00030,trace_00053,commonsense_006,temporal_011,commonsense_multihop,temporal_ordering,incorrect,incorrect,False,True,0.5954372523105549,0.6666666666666666
trace_00030,trace_00054,commonsense_006,causal_011,commonsense_multihop,causal_micro_world,incorrect,incorrect,False,True,0.3333333333333333,0.3333333333333333
trace_00030,trace_00055,commonsense_006,commonsense_011,commonsense_multihop,commonsense_multihop,incorrect,correct,True,False,0.2622846388220226,0.38095238095238093
trace_00030,trace_00056,commonsense_006,arith_012,commonsense_multihop,arithmetic,incorrect,correct,False,False,0.5954372523105548,0.6666666666666666
trace_00030,trace_00057,commonsense_006,logic_012,commonsense_multihop,symbolic_logic,incorrect,correct,False,False,0.4591479170272448,0.6666666666666666
trace_00030,trace_00058,commonsense_006,temporal_012,commonsense_multihop,temporal_ordering,incorrect,incorrect,False,True,0.3333333333333333,0.3333333333333333
trace_00030,trace_00059,commonsense_006,causal_012,commonsense_multihop,causal_micro_world,incorrect,correct,False,False,0.5954372523105548,0.6666666666666666
trace_00030,trace_00060,commonsense_006,commonsense_012,commonsense_multihop,commonsense_multihop,incorrect,incorrect,True,True,0.6666666666666666,0.6666666666666666
trace_00030,trace_00061,commonsense_006,arith_013,commonsense_multihop,arithmetic,incorrect,correct,False,False,0.20751874963942185,0.3333333333333333
trace_00030,trace_00062,commonsense_006,logic_013,commonsense_multihop,symbolic_logic,incorrect,correct,False,False,0.745484265886676,0.8
trace_00030,trace_00063,commonsense_006,temporal_013,commonsense_multihop,temporal_ordering,incorrect,incorrect,False,True,0.5954372523105548,0.6666666666666666
trace_00030,trace_00064,commonsense_006,causal_013,commonsense_multihop,causal_micro_world,incorrect,incorrect,False,True,0.20751874963942185,0.3333333333333333
trace_00030,trace_00065,commonsense_006,commonsense_013,commonsense_multihop,commonsense_multihop,incorrect,incorrect,True,True,0.1379253809700301,0.24999999999999997
trace_00030,trace_00066,commonsense_006,arith_014,commonsense_multihop,arithmetic,incorrect,correct,False,False,0.3333333333333333,0.3333333333333333
trace_00030,trace_00067,commonsense_006,logic_014,commonsense_multihop,symbolic_logic,incorrect,incorrect,False,True,0.20751874963942185,0.3333333333333333
trace_00030,trace_00068,commonsense_006,temporal_014,commonsense_multihop,temporal_ordering,incorrect,incorrect,False,True,0.3333333333333333,0.3333333333333333
trace_00030,trace_00069,commonsense_006,causal_014,commonsense_multihop,causal_micro_world,incorrect,correct,False,False,0.5954372523105548,0.6666666666666666
trace_00030,trace_00070,commonsense_006,commonsense_014,commonsense_multihop,commonsense_multihop,incorrect,correct,True,False,0.032529960463599066,0.16666666666666669
trace_00030,trace_00071,commonsense_006,arith_015,commonsense_multihop,arithmetic,incorrect,correct,False,False,0.5954372523105548,0.6666666666666666
trace_00030,trace_00072,commonsense_006,logic_015,commonsense_multihop,symbolic_logic,incorrect,incorrect,False,True,0.3112781244591328,0.5
trace_00030,trace_00073,commonsense_006,temporal_015,commonsense_multihop,temporal_ordering,incorrect,incorrect,False,True,0.1264907875651346,0.26666666666666666
trace_00030,trace_00074,commonsense_006,causal_015,commonsense_multihop,causal_micro_world,incorrect,correct,False,False,0.4591479170272448,0.6666666666666666
trace_00030,trace_00075,commonsense_006,commonsense_015,commonsense_multihop,commonsense_multihop,incorrect,correct,True,False,0.42528358731335336,0.4999999999999999
trace_00030,trace_00076,commonsense_006,arith_016,commonsense_multihop,arithmetic,incorrect,correct,False,False,0.10532008566602571,0.23809523809523808
trace_00030,trace_00077,commonsense_006,logic_016,commonsense_multihop,symbolic_logic,incorrect,correct,False,False,0.3333333333333333,0.3333333333333333
trace_00030,trace_00078,commonsense_006,temporal_016,commonsense_multihop,temporal_ordering,incorrect,incorrect,False,True,0.1379253809700301,0.24999999999999997
trace_00030,trace_00079,commonsense_006,causal_016,commonsense_multihop,causal_micro_world,incorrect,incorrect,False,True,0.5954372523105548,0.6666666666666666
trace_00030,trace_00080,commonsense_006,commonsense_016,commonsense_multihop,commonsense_multihop,incorrect,correct,True,False,0.1908745046211096,0.33333333333333337
trace_00030,trace_00081,commonsense_006,arith_017,commonsense_multihop,arithmetic,incorrect,correct,False,False,0.42528358731335336,0.4999999999999999
trace_00030,trace_00082,commonsense_006,logic_017,commonsense_multihop,symbolic_logic,incorrect,incorrect,False,True,0.1908745046211096,0.33333333333333337
trace_00030,trace_00083,commonsense_006,temporal_017,commonsense_multihop,temporal_ordering,incorrect,incorrect,False,True,0.3333333333333333,0.3333333333333333
trace_00030,trace_00084,commonsense_006,causal_017,commonsense_multihop,causal_micro_world,incorrect,correct,False,False,0.1908745046211096,0.33333333333333337
trace_00030,trace_00085,commonsense_006,commonsense_017,commonsense_multihop,commonsense_multihop,incorrect,incorrect,True,True,0.5408520829727551,0.6666666666666666
trace_00030,trace_00086,commonsense_006,arith_018,commonsense_multihop,arithmetic,incorrect,correct,False,False,0.3333333333333333,0.3333333333333333
trace_00030,trace_00087,commonsense_006,logic_018,commonsense_multihop,symbolic_logic,incorrect,correct,False,False,0.3333333333333333,0.3333333333333333
trace_00030,trace_00088,commonsense_006,temporal_018,commonsense_multihop,temporal_ordering,incorrect,incorrect,False,True,0.5954372523105548,0.6666666666666666
trace_00030,trace_00089,commonsense_006,causal_018,commonsense_multihop,causal_micro_world,incorrect,correct,False,False,0.42528358731335336,0.5
trace_00030,trace_00090,commonsense_006,commonsense_018,commonsense_multihop,commonsense_multihop,incorrect,incorrect,True,True,0.020720839623908215,0.16666666666666666
trace_00030,trace_00091,commonsense_006,arith_019,commonsense_multihop,arithmetic,incorrect,correct,False,False,0.42528358731335336,0.4999999999999999
trace_00030,trace_00092,commonsense_006,logic_019,commonsense_multihop,symbolic_logic,incorrect,correct,False,False,0.13628933528331,0.33333333333333337
trace_00030,trace_00093,commonsense_006,temporal_019,commonsense_multihop,temporal_ordering,incorrect,incorrect,False,True,0.3333333333333333,0.3333333333333333
trace_00030,trace_00094,commonsense_006,causal_019,commonsense_multihop,causal_micro_world,incorrect,correct,False,False,0.3333333333333333,0.3333333333333333
trace_00030,trace_00095,commonsense_006,commonsense_019,commonsense_multihop,commonsense_multihop,incorrect,correct,True,False,0.3333333333333333,0.3333333333333333
trace_00030,trace_00096,commonsense_006,arith_020,commonsense_multihop,arithmetic,incorrect,correct,False,False,0.13792538097003013,0.24999999999999997
trace_00030,trace_00097,commonsense_006,logic_020,commonsense_multihop,symbolic_logic,incorrect,incorrect,False,True,0.5954372523105549,0.6666666666666666
trace_00030,trace_00098,commonsense_006,temporal_020,commonsense_multihop,temporal_ordering,incorrect,incorrect,False,True,0.6666666666666666,0.6666666666666666
trace_00030,trace_00099,commonsense_006,causal_020,commonsense_multihop,causal_micro_world,incorrect,correct,False,False,0.1908745046211096,0.33333333333333337
trace_00030,trace_00100,commonsense_006,commonsense_020,commonsense_multihop,commonsense_multihop,incorrect,correct,True,False,0.1264907875651346,0.26666666666666666
trace_00031,trace_00032,arith_007,logic_007,arithmetic,symbolic_logic,correct,correct,False,True,0.5954372523105548,0.6666666666666666
trace_00031,trace_00033,arith_007,temporal_007,arithmetic,temporal_ordering,correct,correct,False,True,0.6991966271302656,0.8333333333333333
trace_00031,trace_00034,arith_007,causal_007,arithmetic,causal_micro_world,correct,incorrect,False,False,0.3333333333333333,0.3333333333333333
trace_00031,trace_00035,arith_007,commonsense_007,arithmetic,commonsense_multihop,correct,incorrect,False,False,0.5047440727278306,0.6666666666666667
trace_00031,trace_00036,arith_007,arith_008,arithmetic,arithmetic,correct,correct,True,True,0.30872965966924326,0.4333333333333333
trace_00031,trace_00037,arith_007,logic_008,arithmetic,symbolic_logic,correct,correct,False,True,0.5954372523105548,0.6666666666666666
trace_00031,trace_00038,arith_007,temporal_008,arithmetic,temporal_ordering,correct,incorrect,False,False,0.3333333333333333,0.3333333333333333
trace_00031,trace_00039,arith_007,causal_008,arithmetic,causal_micro_world,correct,incorrect,False,False,0.32501121082417717,0.5
trace_00031,trace_00040,arith_007,commonsense_008,arithmetic,commonsense_multihop,correct,incorrect,False,False,0.510360419811954,0.5833333333333334
trace_00031,trace_00041,arith_007,arith_009,arithmetic,arithmetic,correct,correct,True,True,0.1109822080285477,0.38095238095238093
trace_00031,trace_00042,arith_007,logic_009,arithmetic,symbolic_logic,correct,incorrect,False,False,0.42528358731335336,0.49999999999999994
trace_00031,trace_00043,arith_007,temporal_009,arithmetic,temporal_ordering,correct,incorrect,False,False,0.10375937481971093,0.16666666666666666
trace_00031,trace_00044,arith_007,causal_009,arithmetic,causal_micro_world,correct,correct,False,True,0.3333333333333333,0.3333333333333333
trace_00031,trace_00045,arith_007,commonsense_009,arithmetic,commonsense_multihop,correct,incorrect,False,False,0.19876764957434986,0.3
trace_00031,trace_00046,arith_007,arith_010,arithmetic,arithmetic,correct,correct,True,True,0.12649078756513457,0.26666666666666666
trace_00031,trace_00047,arith_007,logic_010,arithmetic,symbolic_logic,correct,incorrect,False,False,0.6548575458269756,0.8333333333333334
trace_00031,trace_00048,arith_007,temporal_010,arithmetic,temporal_ordering,correct,incorrect,False,False,0.43709270815304424,0.49999999999999994
trace_00031,trace_00049,arith_007,causal_010,arithmetic,causal_micro_world,correct,incorrect,False,False,0.7704260414863775,0.8333333333333334
trace_00031,trace_00050,arith_007,commonsense_010,arithmetic,commonsense_multihop,correct,correct,False,True,0.43709270815304424,0.49999999999999994
trace_00031,trace_00051,arith_007,arith_011,arithmetic,arithmetic,correct,incorrect,True,False,0.5272925846688998,0.6666666666666667
trace_00031,trace_00052,arith_007,logic_011,arithmetic,symbolic_logic,correct,correct,False,True,0.43709270815304424,0.49999999999999994
trace_00031,trace_00053,arith_007,temporal_011,arithmetic,temporal_ordering,correct,incorrect,False,False,0.1908745046211096,0.3333333333333333
trace_00031,trace_00054,arith_007,causal_011,arithmetic,causal_micro_world,correct,incorrect,False,False,0.3333333333333333,0.3333333333333333
trace_00031,trace_00055,arith_007,commonsense_011,arithmetic,commonsense_multihop,correct,correct,False,True,0.537697968674856,0.5714285714285714
trace_00031,trace_00056,arith_007,arith_012,arithmetic,arithmetic,correct,correct,True,True,0.7295739585136223,0.8333333333333333
trace_00031,trace_00057,arith_007,logic_012,arithmetic,symbolic_logic,correct,correct,False,True,0.6548575458269756,0.8333333333333334
trace_00031,trace_00058,arith_007,temporal_012,arithmetic,temporal_ordering,correct,incorrect,False,False,0.10375937481971093,0.16666666666666666
trace_00031,trace_00059,arith_007,causal_012,arithmetic,causal_micro_world,correct,correct,False,True,0.7295739585136223,0.8333333333333333
trace_00031,trace_00060,arith_007,commonsense_012,arithmetic,commonsense_multihop,correct,incorrect,False,False,0.5408520829727551,0.6666666666666666
trace_00031,trace_00061,arith_007,arith_013,arithmetic,arithmetic,correct,correct,True,True,0.3112781244591328,0.49999999999999994
trace_00031,trace_00062,arith_007,logic_013,arithmetic,symbolic_logic,correct,correct,False,True,0.3878942921556978,0.5
trace_00031,trace_00063,arith_007,temporal_013,arithmetic,temporal_ordering,correct,incorrect,False,False,0.5954372523105548,0.6666666666666666
trace_00031,trace_00064,arith_007,causal_013,arithmetic,causal_micro_world,correct,incorrect,False,False,0.6666666666666666,0.6666666666666666
trace_00031,trace_00065,arith_007,commonsense_013,arithmetic,commonsense_multihop,correct,incorrect,False,False,0.2230022134686308,0.3333333333333333
trace_00031,trace_00066,arith_007,arith_014,arithmetic,arithmetic,correct,correct,True,True,0.5408520829727552,0.6666666666666666
trace_00031,trace_00067,arith_007,logic_014,arithmetic,symbolic_logic,correct,incorrect,False,False,0.3112781244591328,0.49999999999999994
trace_00031,trace_00068,arith_007,temporal_014,arithmetic,temporal_ordering,correct,incorrect,False,False,0.43709270815304424,0.49999999999999994
trace_00031,trace_00069,arith_007,causal_014,arithmetic,causal_micro_world,correct,correct,False,True,0.5954372523105548,0.6666666666666666
trace_00031,trace_00070,arith_007,commonsense_014,arithmetic,commonsense_multihop,correct,correct,False,True,0.5,0.49999999999999994
trace_00031,trace_00071,arith_007,arith_015,arithmetic,arithmetic,correct,correct,True,True,0.7295739585136223,0.8333333333333333
trace_00031,trace_00072,arith_007,logic_015,arithmetic,symbolic_logic,correct,incorrect,False,False,0.603759374819711,0.6666666666666666
trace_00031,trace_00073,arith_007,temporal_015,arithmetic,temporal_ordering,correct,incorrect,False,False,0.19876764957434986,0.3
trace_00031,trace_00074,arith_007,causal_015,arithmetic,causal_micro_world,correct,correct,False,True,0.4591479170272448,0.6666666666666667
trace_00031,trace_00075,arith_007,commonsense_015,arithmetic,commonsense_multihop,correct,correct,False,True,0.3931558784658322,0.5
trace_00031,trace_00076,arith_007,arith_016,arithmetic,arithmetic,correct,correct,True,True,0.38146970088427196,0.5476190476190474
trace_00031,trace_00077,arith_007,logic_016,arithmetic,symbolic_logic,correct,correct,False,True,0.3333333333333333,0.3333333333333333
trace_00031,trace_00078,arith_007,temporal_016,arithmetic,temporal_ordering,correct,incorrect,False,False,0.2230022134686308,0.3333333333333333
trace_00031,trace_00079,arith_007,causal_016,arithmetic,causal_micro_world,correct,incorrect,False,False,0.5954372523105548,0.6666666666666666
trace_00031,trace_00080,arith_007,commonsense_016,arithmetic,commonsense_multihop,correct,correct,False,True,0.5954372523105548,0.6666666666666666
trace_00031,trace_00081,arith_007,arith_017,arithmetic,arithmetic,correct,correct,True,True,0.30807904596723146,0.4166666666666667
trace_00031,trace_00082,arith_007,logic_017,arithmetic,symbolic_logic,correct,incorrect,False,False,0.32501121082417717,0.5
trace_00031,trace_00083,arith_007,temporal_017,arithmetic,temporal_ordering,correct,incorrect,False,False,0.43709270815304424,0.49999999999999994
trace_00031,trace_00084,arith_007,causal_017,arithmetic,causal_micro_world,correct,correct,False,True,0.5954372523105548,0.6666666666666666
trace_00031,trace_00085,arith_007,commonsense_017,arithmetic,commonsense_multihop,correct,incorrect,False,False,0.20751874963942185,0.3333333333333333
trace_00031,trace_00086,arith_007,arith_018,arithmetic,arithmetic,correct,correct,True,True,0.5408520829727552,0.6666666666666666
trace_00031,trace_00087,arith_007,logic_018,arithmetic,symbolic_logic,correct,correct,False,True,0.43709270815304424,0.49999999999999994
trace_00031,trace_00088,arith_007,temporal_018,arithmetic,temporal_ordering,correct,incorrect,False,False,0.5954372523105548,0.6666666666666666
trace_00031,trace_00089,arith_007,causal_018,arithmetic,causal_micro_world,correct,correct,False,True,0.020720839623908218,0.16666666666666666
trace_00031,trace_00090,arith_007,commonsense_018,arithmetic,commonsense_multihop,correct,incorrect,False,False,0.510360419811954,0.5833333333333334
trace_00031,trace_00091,arith_007,arith_019,arithmetic,arithmetic,correct,correct,True,True,0.30807904596723146,0.4166666666666667
trace_00031,trace_00092,arith_007,logic_019,arithmetic,symbolic_logic,correct,correct,False,True,0.3741854163060885,0.49999999999999994
trace_00031,trace_00093,arith_007,temporal_019,arithmetic,temporal_ordering,correct,incorrect,False,False,0.3333333333333333,0.3333333333333333
trace_00031,trace_00094,arith_007,causal_019,arithmetic,causal_micro_world,correct,correct,False,True,0.10375937481971093,0.16666666666666666
trace_00031,trace_00095,arith_007,commonsense_019,arithmetic,commonsense_multihop,correct,correct,False,True,0.10375937481971093,0.16666666666666666
trace_00031,trace_00096,arith_007,arith_020,arithmetic,arithmetic,correct,correct,True,True,0.30807904596723146,0.4166666666666667
trace_00031,trace_00097,arith_007,logic_020,arithmetic,symbolic_logic,correct,incorrect,False,False,0.1908745046211096,0.3333333333333333
trace_00031,trace_00098,arith_007,temporal_020,arithmetic,temporal_ordering,correct,incorrect,False,False,0.20751874963942185,0.3333333333333333
trace_00031,trace_00099,arith_007,causal_020,arithmetic,causal_micro_world,correct,correct,False,True,0.5954372523105548,0.6666666666666666
trace_00031,trace_00100,arith_007,commonsense_020,arithmetic,commonsense_multihop,correct,correct,False,True,0.2433405681372673,0.4333333333333333
trace_00032,trace_00033,logic_007,temporal_007,symbolic_logic,temporal_ordering,correct,correct,False,True,0.5954372523105548,0.6666666666666666
trace_00032,trace_00034,logic_007,causal_007,symbolic_logic,causal_micro_world,correct,incorrect,False,False,0.1908745046211096,0.33333333333333337
trace_00032,trace_00035,logic_007,commonsense_007,symbolic_logic,commonsense_multihop,correct,incorrect,False,False,0.07310400793180986,0.30000000000000004
trace_00032,trace_00036,logic_007,arith_008,symbolic_logic,arithmetic,correct,correct,False,True,0.2519235740744792,0.39999999999999997
trace_00032,trace_00037,logic_007,logic_008,symbolic_logic,symbolic_logic,correct,correct,True,True,0.5,0.5
trace_00032,trace_00038,logic_007,temporal_008,symbolic_logic,temporal_ordering,correct,incorrect,False,False,0.1908745046211096,0.33333333333333337
trace_00032,trace_00039,logic_007,causal_008,symbolic_logic,causal_micro_world,correct,incorrect,False,False,1.0,1.0
trace_00032,trace_00040,logic_007,commonsense_008,symbolic_logic,commonsense_multihop,correct,incorrect,False,False,0.5,0.5
trace_00032,trace_00041,logic_007,arith_009,symbolic_logic,arithmetic,correct,correct,False,True,0.7543628371936578,0.8571428571428572
trace_00032,trace_00042,logic_007,logic_009,symbolic_logic,symbolic_logic,correct,incorrect,True,False,0.1556390622295664,0.25
trace_00032,trace_00043,logic_007,temporal_009,symbolic_logic,temporal_ordering,correct,incorrect,False,False,0.5954372523105549,0.6666666666666666
trace_00032,trace_00044,logic_007,causal_009,symbolic_logic,causal_micro_world,correct,correct,False,True,0.1908745046211096,0.33333333333333337
trace_00032,trace_00045,logic_007,commonsense_009,symbolic_logic,commonsense_multihop,correct,incorrect,False,False,0.3958156020033583,0.6
trace_00032,trace_00046,logic_007,arith_010,symbolic_logic,arithmetic,correct,correct,False,True,0.3958156020033583,0.6
trace_00032,trace_00047,logic_007,logic_010,symbolic_logic,symbolic_logic,correct,incorrect,True,False,1.0,1.0
trace_00032,trace_00048,logic_007,temporal_010,symbolic_logic,temporal_ordering,correct,incorrect,False,False,0.1908745046211096,0.33333333333333337
trace_00032,trace_00049,logic_007,causal_010,symbolic_logic,causal_micro_world,correct,incorrect,False,False,0.42528358731335336,0.49999999999999994
trace_00032,trace_00050,logic_007,commonsense_010,symbolic_logic,commonsense_multihop,correct,correct,False,True,0.5954372523105548,0.6666666666666666
trace_00032,trace_00051,logic_007,arith_011,symbolic_logic,arithmetic,correct,incorrect,False,False,0.6556390622295665,0.75
trace_00032,trace_00052,logic_007,logic_011,symbolic_logic,symbolic_logic,correct,correct,True,True,0.1908745046211096,0.33333333333333337
trace_00032,trace_00053,logic_007,temporal_011,symbolic_logic,temporal_ordering,correct,incorrect,False,False,0.5,0.5
trace_00032,trace_00054,logic_007,causal_011,symbolic_logic,causal_micro_world,correct,incorrect,False,False,0.1908745046211096,0.33333333333333337
trace_00032,trace_00055,logic_007,commonsense_011,symbolic_logic,commonsense_multihop,correct,correct,False,True,0.09449507748815748,0.21428571428571427
trace_00032,trace_00056,logic_007,arith_012,symbolic_logic,arithmetic,correct,correct,False,True,0.5,0.5
trace_00032,trace_00057,logic_007,logic_012,symbolic_logic,symbolic_logic,correct,correct,True,True,1.0,1.0
trace_00032,trace_00058,logic_007,temporal_012,symbolic_logic,temporal_ordering,correct,incorrect,False,False,0.5954372523105549,0.6666666666666666
trace_00032,trace_00059,logic_007,causal_012,symbolic_logic,causal_micro_world,correct,correct,False,True,0.5,0.5
trace_00032,trace_00060,logic_007,commonsense_012,symbolic_logic,commonsense_multihop,correct,incorrect,False,False,0.5954372523105548,0.6666666666666666
trace_00032,trace_00061,logic_007,arith_013,symbolic_logic,arithmetic,correct,correct,False,True,0.4591479170272448,0.6666666666666666
trace_00032,trace_00062,logic_007,logic_013,symbolic_logic,symbolic_logic,correct,correct,True,True,0.6979078010016793,0.8
trace_00032,trace_00063,logic_007,temporal_013,symbolic_logic,temporal_ordering,correct,incorrect,False,False,0.5,0.5
trace_00032,trace_00064,logic_007,causal_013,symbolic_logic,causal_micro_world,correct,incorrect,False,False,0.020720839623908215,0.16666666666666666
trace_00032,trace_00065,logic_007,commonsense_013,symbolic_logic,commonsense_multihop,correct,incorrect,False,False,0.3112781244591328,0.5
trace_00032,trace_00066,logic_007,arith_014,symbolic_logic,arithmetic,correct,correct,False,True,0.5954372523105549,0.6666666666666666
trace_00032,trace_00067,logic_007,logic_014,symbolic_logic,symbolic_logic,correct,incorrect,True,False,0.42528358731335336,0.5
trace_00032,trace_00068,logic_007,temporal_014,symbolic_logic,temporal_ordering,correct,incorrect,False,False,0.5954372523105548,0.6666666666666666
trace_00032,trace_00069,logic_007,causal_014,symbolic_logic,causal_micro_world,correct,correct,False,True,0.5,0.5
trace_00032,trace_00070,logic_007,commonsense_014,symbolic_logic,commonsense_multihop,correct,correct,False,True,0.0954372523105548,0.16666666666666669
trace_00032,trace_00071,logic_007,arith_015,symbolic_logic,arithmetic,correct,correct,False,True,0.5,0.5
trace_00032,trace_00072,logic_007,logic_015,symbolic_logic,symbolic_logic,correct,incorrect,True,False,0.42528358731335336,0.49999999999999994
trace_00032,trace_00073,logic_007,temporal_015,symbolic_logic,temporal_ordering,correct,incorrect,False,False,0.2519235740744792,0.4
trace_00032,trace_00074,logic_007,causal_015,symbolic_logic,causal_micro_world,correct,correct,False,True,0.3112781244591328,0.5
trace_00032,trace_00075,logic_007,commonsense_015,symbolic_logic,commonsense_multihop,correct,correct,False,True,0.6556390622295665,0.75
trace_00032,trace_00076,logic_007,arith_016,symbolic_logic,arithmetic,correct,correct,False,True,0.382853431814835,0.5714285714285714
trace_00032,trace_00077,logic_007,logic_016,symbolic_logic,symbolic_logic,correct,correct,True,True,0.1908745046211096,0.33333333333333337
trace_00032,trace_00078,logic_007,temporal_016,symbolic_logic,temporal_ordering,correct,incorrect,False,False,0.3112781244591328,0.5
trace_00032,trace_00079,logic_007,causal_016,symbolic_logic,causal_micro_world,correct,incorrect,False,False,0.5,0.5
trace_00032,trace_00080,logic_007,commonsense_016,symbolic_logic,commonsense_multihop,correct,correct,False,True,0.0,0.0
trace_00032,trace_00081,logic_007,arith_017,symbolic_logic,arithmetic,correct,correct,False,True,0.6556390622295665,0.75
trace_00032,trace_00082,logic_007,logic_017,symbolic_logic,symbolic_logic,correct,incorrect,True,False,0.5,0.5
trace_00032,trace_00083,logic_007,temporal_017,symbolic_logic,temporal_ordering,correct,incorrect,False,False,0.5954372523105548,0.6666666666666666
trace_00032,trace_00084,logic_007,causal_017,symbolic_logic,causal_micro_world,correct,correct,False,True,0.0,0.0
trace_00032,trace_00085,logic_007,commonsense_017,symbolic_logic,commonsense_multihop,correct,incorrect,False,False,0.42528358731335336,0.5
trace_00032,trace_00086,logic_007,arith_018,symbolic_logic,arithmetic,correct,correct,False,True,0.5954372523105549,0.6666666666666666
trace_00032,trace_00087,logic_007,logic_018,symbolic_logic,symbolic_logic,correct,correct,True,True,0.5954372523105548,0.6666666666666666
trace_00032,trace_00088,logic_007,temporal_018,symbolic_logic,temporal_ordering,correct,incorrect,False,False,0.5,0.5
trace_00032,trace_00089,logic_007,causal_018,symbolic_logic,causal_micro_world,correct,correct,False,True,0.6556390622295665,0.75
trace_00032,trace_00090,logic_007,commonsense_018,symbolic_logic,commonsense_multihop,correct,incorrect,False,False,0.1556390622295664,0.25
trace_00032,trace_00091,logic_007,arith_019,symbolic_logic,arithmetic,correct,correct,False,True,0.6556390622295665,0.75
trace_00032,trace_00092,logic_007,logic_019,symbolic_logic,symbolic_logic,correct,correct,True,True,0.2295739585136224,0.3333333333333333
trace_00032,trace_00093,logic_007,temporal_019,symbolic_logic,temporal_ordering,correct,incorrect,False,False,0.1908745046211096,0.33333333333333337
trace_00032,trace_00094,logic_007,causal_019,symbolic_logic,causal_micro_world,correct,correct,False,True,0.5954372523105549,0.6666666666666666
trace_00032,trace_00095,logic_007,commonsense_019,symbolic_logic,commonsense_multihop,correct,correct,False,True,0.5954372523105549,0.6666666666666666
trace_00032,trace_00096,logic_007,arith_020,symbolic_logic,arithmetic,correct,correct,False,True,0.3112781244591328,0.5
trace_00032,trace_00097,logic_007,logic_020,symbolic_logic,symbolic_logic,correct,incorrect,True,False,0.5,0.5
trace_00032,trace_00098,logic_007,temporal_020,symbolic_logic,temporal_ordering,correct,incorrect,False,False,1.0,0.9999999999999999
trace_00032,trace_00099,logic_007,causal_020,symbolic_logic,causal_micro_world,correct,correct,False,True,0.0,0.0
trace_00032,trace_00100,logic_007,commonsense_020,symbolic_logic,commonsense_multihop,correct,correct,False,True,0.3958156020033583,0.6
trace_00033,trace_00034,temporal_007,causal_007,temporal_ordering,causal_micro_world,correct,incorrect,False,False,0.6666666666666666,0.6666666666666666
trace_00033,trace_00035,temporal_007,commonsense_007,temporal_ordering,commonsense_multihop,correct,incorrect,False,False,0.745484265886676,0.8
trace_00033,trace_00036,temporal_007,arith_008,temporal_ordering,arithmetic,correct,correct,False,True,0.2978039929652123,0.4666666666666667
trace_00033,trace_00037,temporal_007,logic_008,temporal_ordering,symbolic_logic,correct,correct,False,True,0.5954372523105548,0.6666666666666666
trace_00033,trace_00038,temporal_007,temporal_008,temporal_ordering,temporal_ordering,correct,incorrect,True,False,0.6666666666666666,0.6666666666666666
trace_00033,trace_00039,temporal_007,causal_008,temporal_ordering,causal_micro_world,correct,incorrect,False,False,0.42528358731335336,0.5
trace_00033,trace_00040,temporal_007,commonsense_008,temporal_ordering,commonsense_multihop,correct,incorrect,False,False,0.20798473969193812,0.41666666666666663
trace_00033,trace_00041,temporal_007,arith_009,temporal_ordering,arithmetic,correct,correct,False,True,0.471199260297047,0.5714285714285714
trace_00033,trace_00042,temporal_007,logic_009,temporal_ordering,symbolic_logic,correct,incorrect,False,False,0.5954372523105548,0.6666666666666666
trace_00033,trace_00043,temporal_007,temporal_009,temporal_ordering,temporal_ordering,correct,incorrect,True,False,0.5408520829727551,0.6666666666666666
trace_00033,trace_00044,temporal_007,causal_009,temporal_ordering,causal_micro_world,correct,correct,False,True,0.6666666666666666,0.6666666666666666
trace_00033,trace_00045,temporal_007,commonsense_009,temporal_ordering,commonsense_multihop,correct,incorrect,False,False,0.745484265886676,0.7999999999999999
trace_00033,trace_00046,temporal_007,arith_010,temporal_ordering,arithmetic,correct,correct,False,True,0.4077660030601058,0.6
trace_00033,trace_00047,temporal_007,logic_010,temporal_ordering,symbolic_logic,correct,incorrect,False,False,0.1908745046211096,0.33333333333333337
trace_00033,trace_00048,temporal_007,temporal_010,temporal_ordering,temporal_ordering,correct,incorrect,True,False,0.20751874963942185,0.3333333333333333
trace_00033,trace_00049,temporal_007,causal_010,temporal_ordering,causal_micro_world,correct,incorrect,False,False,0.08170416594551039,0.3333333333333333
trace_00033,trace_00050,temporal_007,commonsense_010,temporal_ordering,commonsense_multihop,correct,correct,False,True,0.20751874963942185,0.3333333333333333
trace_00033,trace_00051,temporal_007,arith_011,temporal_ordering,arithmetic,correct,incorrect,False,False,0.32518928103806,0.5
trace_00033,trace_00052,temporal_007,logic_011,temporal_ordering,symbolic_logic,correct,correct,False,True,0.20751874963942185,0.3333333333333333
trace_00033,trace_00053,temporal_007,temporal_011,temporal_ordering,temporal_ordering,correct,incorrect,True,False,1.0,0.9999999999999999
trace_00033,trace_00054,temporal_007,causal_011,temporal_ordering,causal_micro_world,correct,incorrect,False,False,0.6666666666666666,0.6666666666666666
trace_00033,trace_00055,temporal_007,commonsense_011,temporal_ordering,commonsense_multihop,correct,correct,False,True,0.5704859930387852,0.6666666666666666
trace_00033,trace_00056,temporal_007,arith_012,temporal_ordering,arithmetic,correct,correct,False,True,0.5954372523105548,0.6666666666666666
trace_00033,trace_00057,temporal_007,logic_012,temporal_ordering,symbolic_logic,correct,correct,False,True,0.1908745046211096,0.33333333333333337
trace_00033,trace_00058,temporal_007,temporal_012,temporal_ordering,temporal_ordering,correct,incorrect,True,False,0.5408520829727551,0.6666666666666666
trace_00033,trace_00059,temporal_007,causal_012,temporal_ordering,causal_micro_world,correct,correct,False,True,0.5954372523105548,0.6666666666666666
trace_00033,trace_00060,temporal_007,commonsense_012,temporal_ordering,commonsense_multihop,correct,incorrect,False,False,0.6666666666666666,0.6666666666666666
trace_00033,trace_00061,temporal_007,arith_013,temporal_ordering,arithmetic,correct,correct,False,True,0.3112781244591328,0.5
trace_00033,trace_00062,temporal_007,logic_013,temporal_ordering,symbolic_logic,correct,correct,False,True,0.745484265886676,0.8
trace_00033,trace_00063,temporal_007,temporal_013,temporal_ordering,temporal_ordering,correct,incorrect,True,False,0.5954372523105548,0.6666666666666666
trace_00033,trace_00064,temporal_007,causal_013,temporal_ordering,causal_micro_world,correct,incorrect,False,False,0.5408520829727551,0.6666666666666666
trace_00033,trace_00065,temporal_007,commonsense_013,temporal_ordering,commonsense_multihop,correct,incorrect,False,False,0.32518928103806,0.5
trace_00033,trace_00066,temporal_007,arith_014,temporal_ordering,arithmetic,correct,correct,False,True,0.20751874963942185,0.3333333333333333
trace_00033,trace_00067,temporal_007,logic_014,temporal_ordering,symbolic_logic,correct,incorrect,False,False,0.5408520829727551,0.6666666666666666
trace_00033,trace_00068,temporal_007,temporal_014,temporal_ordering,temporal_ordering,correct,incorrect,True,False,0.20751874963942185,0.3333333333333333
trace_00033,trace_00069,temporal_007,causal_014,temporal_ordering,causal_micro_world,correct,correct,False,True,0.5954372523105548,0.6666666666666666
trace_00033,trace_00070,temporal_007,commonsense_014,temporal_ordering,commonsense_multihop,correct,correct,False,True,0.29463387944082053,0.5
trace_00033,trace_00071,temporal_007,arith_015,temporal_ordering,arithmetic,correct,correct,False,True,0.5954372523105548,0.6666666666666666
trace_00033,trace_00072,temporal_007,logic_015,temporal_ordering,symbolic_logic,correct,incorrect,False,False,0.24004871010302092,0.5
trace_00033,trace_00073,temporal_007,temporal_015,temporal_ordering,temporal_ordering,correct,incorrect,True,False,0.4077660030601058,0.6
trace_00033,trace_00074,temporal_007,causal_015,temporal_ordering,causal_micro_world,correct,correct,False,True,1.0,0.9999999999999999
trace_00033,trace_00075,temporal_007,commonsense_015,temporal_ordering,commonsense_multihop,correct,correct,False,True,0.32518928103806,0.5
trace_00033,trace_00076,temporal_007,arith_016,temporal_ordering,arithmetic,correct,correct,False,True,0.1629979060802843,0.2857142857142857
trace_00033,trace_00077,temporal_007,logic_016,temporal_ordering,symbolic_logic,correct,correct,False,True,0.6666666666666666,0.6666666666666666
trace_00033,trace_00078,temporal_007,temporal_016,temporal_ordering,temporal_ordering,correct,incorrect,True,False,0.32518928103806,0.5
trace_00033,trace_00079,temporal_007,causal_016,temporal_ordering,causal_micro_world,correct,incorrect,False,False,0.5954372523105548,0.6666666666666666
trace_00033,trace_00080,temporal_007,commonsense_016,temporal_ordering,commonsense_multihop,correct,correct,False,True,0.5954372523105548,0.6666666666666666
trace_00033,trace_00081,temporal_007,arith_017,temporal_ordering,arithmetic,correct,correct,False,True,0.32518928103806,0.5
trace_00033,trace_00082,temporal_007,logic_017,temporal_ordering,symbolic_logic,correct,incorrect,False,False,0.42528358731335336,0.5
trace_00033,trace_00083,temporal_007,temporal_017,temporal_ordering,temporal_ordering,correct,incorrect,True,False,0.20751874963942185,0.3333333333333333
trace_00033,trace_00084,temporal_007,causal_017,temporal_ordering,causal_micro_world,correct,correct,False,True,0.5954372523105548,0.6666666666666666
trace_00033,trace_00085,temporal_007,commonsense_017,temporal_ordering,commonsense_multihop,correct,incorrect,False,False,1.0,0.9999999999999999
trace_00033,trace_00086,temporal_007,arith_018,temporal_ordering,arithmetic,correct,correct,False,True,0.20751874963942185,0.3333333333333333
trace_00033,trace_00087,temporal_007,logic_018,temporal_ordering,symbolic_logic,correct,correct,False,True,0.20751874963942185,0.3333333333333333
trace_00033,trace_00088,temporal_007,temporal_018,temporal_ordering,temporal_ordering,correct,incorrect,True,False,0.5954372523105548,0.6666666666666666
trace_00033,trace_00089,temporal_007,causal_018,temporal_ordering,causal_micro_world,correct,correct,False,True,0.6125474873813833,0.75
trace_00033,trace_00090,temporal_007,commonsense_018,temporal_ordering,commonsense_multihop,correct,incorrect,False,False,0.20798473969193812,0.41666666666666663
trace_00033,trace_00091,temporal_007,arith_019,temporal_ordering,arithmetic,correct,correct,False,True,0.32518928103806,0.5
trace_00033,trace_00092,temporal_007,logic_019,temporal_ordering,symbolic_logic,correct,correct,False,True,0.29463387944082053,0.5
trace_00033,trace_00093,temporal_007,temporal_019,temporal_ordering,temporal_ordering,correct,incorrect,True,False,0.6666666666666666,0.6666666666666666
trace_00033,trace_00094,temporal_007,causal_019,temporal_ordering,causal_micro_world,correct,correct,False,True,0.5408520829727551,0.6666666666666666
trace_00033,trace_00095,temporal_007,commonsense_019,temporal_ordering,commonsense_multihop,correct,correct,False,True,0.5408520829727551,0.6666666666666666
trace_00033,trace_00096,temporal_007,arith_020,temporal_ordering,arithmetic,correct,correct,False,True,0.32518928103806,0.5
trace_00033,trace_00097,temporal_007,logic_020,temporal_ordering,symbolic_logic,correct,incorrect,False,False,1.0,0.9999999999999999
trace_00033,trace_00098,temporal_007,temporal_020,temporal_ordering,temporal_ordering,correct,incorrect,True,False,0.5408520829727551,0.6666666666666666
trace_00033,trace_00099,temporal_007,causal_020,temporal_ordering,causal_micro_world,correct,correct,False,True,0.5954372523105548,0.6666666666666666
trace_00033,trace_00100,temporal_007,commonsense_020,temporal_ordering,commonsense_multihop,correct,correct,False,True,0.236452797660028,0.39999999999999997
trace_00034,trace_00035,causal_007,commonsense_007,causal_micro_world,commonsense_multihop,incorrect,incorrect,False,True,0.2502283386145066,0.4666666666666667
trace_00034,trace_00036,causal_007,arith_008,causal_micro_world,arithmetic,incorrect,correct,False,False,0.1264907875651346,0.26666666666666666
trace_00034,trace_00037,causal_007,logic_008,causal_micro_world,symbolic_logic,incorrect,correct,False,False,0.1908745046211096,0.33333333333333337
trace_00034,trace_00038,causal_007,temporal_008,causal_micro_world,temporal_ordering,incorrect,incorrect,False,True,0.0,0.0
trace_00034,trace_00039,causal_007,causal_008,causal_micro_world,causal_micro_world,incorrect,incorrect,True,True,0.5954372523105549,0.6666666666666666
trace_00034,trace_00040,causal_007,commonsense_008,causal_micro_world,commonsense_multihop,incorrect,incorrect,False,True,0.30807904596723146,0.41666666666666663
trace_00034,trace_00041,causal_007,arith_009,causal_micro_world,arithmetic,incorrect,correct,False,False,0.5803376670330035,0.7142857142857142
trace_00034,trace_00042,causal_007,logic_009,causal_micro_world,symbolic_logic,incorrect,incorrect,False,True,0.020720839623908215,0.16666666666666666
trace_00034,trace_00043,causal_007,temporal_009,causal_micro_world,temporal_ordering,incorrect,incorrect,False,True,0.3333333333333333,0.3333333333333333
trace_00034,trace_00044,causal_007,causal_009,causal_micro_world,causal_micro_world,incorrect,correct,True,False,0.0,0.0
trace_00034,trace_00045,causal_007,commonsense_009,causal_micro_world,commonsense_multihop,incorrect,incorrect,False,True,0.1264907875651346,0.26666666666666666
trace_00034,trace_00046,causal_007,arith_010,causal_micro_world,arithmetic,incorrect,correct,False,False,0.236452797660028,0.3999999999999999
trace_00034,trace_00047,causal_007,logic_010,causal_micro_world,symbolic_logic,incorrect,incorrect,False,True,1.0,0.9999999999999999
trace_00034,trace_00048,causal_007,temporal_010,causal_micro_world,temporal_ordering,incorrect,incorrect,False,True,0.3333333333333333,0.3333333333333333
trace_00034,trace_00049,causal_007,causal_010,causal_micro_world,causal_micro_world,incorrect,incorrect,True,True,0.5408520829727551,0.6666666666666666
trace_00034,trace_00050,causal_007,commonsense_010,causal_micro_world,commonsense_multihop,incorrect,correct,False,False,0.3333333333333333,0.3333333333333333
trace_00034,trace_00051,causal_007,arith_011,causal_micro_world,arithmetic,incorrect,incorrect,False,True,0.7126417936566767,0.75
trace_00034,trace_00052,causal_007,logic_011,causal_micro_world,symbolic_logic,incorrect,correct,False,False,0.3333333333333333,0.3333333333333333
trace_00034,trace_00053,causal_007,temporal_011,causal_micro_world,temporal_ordering,incorrect,incorrect,False,True,0.1908745046211096,0.33333333333333337
trace_00034,trace_00054,causal_007,causal_011,causal_micro_world,causal_micro_world,incorrect,incorrect,True,True,0.0,0.0
trace_00034,trace_00055,causal_007,commonsense_011,causal_micro_world,commonsense_multihop,incorrect,correct,False,False,0.2622846388220226,0.38095238095238093
trace_00034,trace_00056,causal_007,arith_012,causal_micro_world,arithmetic,incorrect,correct,False,False,0.5954372523105548,0.6666666666666666
trace_00034,trace_00057,causal_007,logic_012,causal_micro_world,symbolic_logic,incorrect,correct,False,False,1.0,0.9999999999999999
trace_00034,trace_00058,causal_007,temporal_012,causal_micro_world,temporal_ordering,incorrect,incorrect,False,True,0.3333333333333333,0.3333333333333333
trace_00034,trace_00059,causal_007,causal_012,causal_micro_world,causal_micro_world,incorrect,correct,True,False,0.5954372523105548,0.6666666666666666
trace_00034,trace_00060,causal_007,commonsense_012,causal_micro_world,commonsense_multihop,incorrect,incorrect,False,True,0.20751874963942185,0.3333333333333333
trace_00034,trace_00061,causal_007,arith_013,causal_micro_world,arithmetic,incorrect,correct,False,False,0.5408520829727551,0.6666666666666666
trace_00034,trace_00062,causal_007,logic_013,causal_micro_world,symbolic_logic,incorrect,correct,False,False,0.3810065216784586,0.4666666666666667
trace_00034,trace_00063,causal_007,temporal_013,causal_micro_world,temporal_ordering,incorrect,incorrect,False,True,0.1908745046211096,0.33333333333333337
trace_00034,trace_00064,causal_007,causal_013,causal_micro_world,causal_micro_world,incorrect,incorrect,True,True,0.20751874963942185,0.3333333333333333
trace_00034,trace_00065,causal_007,commonsense_013,causal_micro_world,commonsense_multihop,incorrect,incorrect,False,True,0.13792538097003013,0.24999999999999997
trace_00034,trace_00066,causal_007,arith_014,causal_micro_world,arithmetic,incorrect,correct,False,False,0.6666666666666666,0.6666666666666666
trace_00034,trace_00067,causal_007,logic_014,causal_micro_world,symbolic_logic,incorrect,incorrect,False,True,0.5408520829727551,0.6666666666666666
trace_00034,trace_00068,causal_007,temporal_014,causal_micro_world,temporal_ordering,incorrect,incorrect,False,True,0.3333333333333333,0.3333333333333333
trace_00034,trace_00069,causal_007,causal_014,causal_micro_world,causal_micro_world,incorrect,correct,True,False,0.1908745046211096,0.33333333333333337
trace_00034,trace_00070,causal_007,commonsense_014,causal_micro_world,commonsense_multihop,incorrect,correct,False,False,0.26210391897722146,0.33333333333333337
trace_00034,trace_00071,causal_007,arith_015,causal_micro_world,arithmetic,incorrect,correct,False,False,0.5954372523105548,0.6666666666666666
trace_00034,trace_00072,causal_007,logic_015,causal_micro_world,symbolic_logic,incorrect,incorrect,False,True,0.3112781244591328,0.5
trace_00034,trace_00073,causal_007,temporal_015,causal_micro_world,temporal_ordering,incorrect,incorrect,False,True,0.1264907875651346,0.26666666666666666
trace_00034,trace_00074,causal_007,causal_015,causal_micro_world,causal_micro_world,incorrect,correct,True,False,0.4591479170272448,0.6666666666666666
trace_00034,trace_00075,causal_007,commonsense_015,causal_micro_world,commonsense_multihop,incorrect,correct,False,False,0.3080790459672315,0.41666666666666663
trace_00034,trace_00076,causal_007,arith_016,causal_micro_world,arithmetic,incorrect,correct,False,False,0.48196747929973904,0.5714285714285714
trace_00034,trace_00077,causal_007,logic_016,causal_micro_world,symbolic_logic,incorrect,correct,False,False,0.0,0.0
trace_00034,trace_00078,causal_007,temporal_016,causal_micro_world,temporal_ordering,incorrect,incorrect,False,True,0.13792538097003013,0.24999999999999997
trace_00034,trace_00079,causal_007,causal_016,causal_micro_world,causal_micro_world,incorrect,incorrect,True,True,0.1908745046211096,0.33333333333333337
trace_00034,trace_00080,causal_007,commonsense_016,causal_micro_world,commonsense_multihop,incorrect,correct,False,False,0.1908745046211096,0.33333333333333337
trace_00034,trace_00081,causal_007,arith_017,causal_micro_world,arithmetic,incorrect,correct,False,False,0.42528358731335336,0.5
trace_00034,trace_00082,causal_007,logic_017,causal_micro_world,symbolic_logic,incorrect,incorrect,False,True,0.5954372523105549,0.6666666666666666
trace_00034,trace_00083,causal_007,temporal_017,causal_micro_world,temporal_ordering,incorrect,incorrect,False,True,0.3333333333333333,0.3333333333333333
trace_00034,trace_00084,causal_007,causal_017,causal_micro_world,causal_micro_world,incorrect,correct,True,False,0.1908745046211096,0.33333333333333337
trace_00034,trace_00085,causal_007,commonsense_017,causal_micro_world,commonsense_multihop,incorrect,incorrect,False,True,0.20751874963942185,0.3333333333333333
trace_00034,trace_00086,causal_007,arith_018,causal_micro_world,arithmetic,incorrect,correct,False,False,0.6666666666666666,0.6666666666666666
trace_00034,trace_00087,causal_007,logic_018,causal_micro_world,symbolic_logic,incorrect,correct,False,False,0.3333333333333333,0.3333333333333333
trace_00034,trace_00088,causal_007,temporal_018,causal_micro_world,temporal_ordering,incorrect,incorrect,False,True,0.1908745046211096,0.33333333333333337
trace_00034,trace_00089,causal_007,causal_018,causal_micro_world,causal_micro_world,incorrect,correct,True,False,0.42528358731335336,0.5
trace_00034,trace_00090,causal_007,commonsense_018,causal_micro_world,commonsense_multihop,incorrect,incorrect,False,True,0.30807904596723146,0.41666666666666663
trace_00034,trace_00091,causal_007,arith_019,causal_micro_world,arithmetic,incorrect,correct,False,False,0.42528358731335336,0.5
trace_00034,trace_00092,causal_007,logic_019,causal_micro_world,symbolic_logic,incorrect,correct,False,False,0.13628933528331,0.33333333333333337
trace_00034,trace_00093,causal_007,temporal_019,causal_micro_world,temporal_ordering,incorrect,incorrect,False,True,0.0,0.0
trace_00034,trace_00094,causal_007,causal_019,causal_micro_world,causal_micro_world,incorrect,correct,True,False,0.3333333333333333,0.3333333333333333
trace_00034,trace_00095,causal_007,commonsense_019,causal_micro_world,commonsense_multihop,incorrect,correct,False,False,0.3333333333333333,0.3333333333333333
trace_00034,trace_00096,causal_007,arith_020,causal_micro_world,arithmetic,incorrect,correct,False,False,0.42528358731335336,0.5
trace_00034,trace_00097,causal_007,logic_020,causal_micro_world,symbolic_logic,incorrect,incorrect,False,True,0.1908745046211096,0.33333333333333337
trace_00034,trace_00098,causal_007,temporal_020,causal_micro_world,temporal_ordering,incorrect,incorrect,False,True,0.6666666666666666,0.6666666666666666
trace_00034,trace_00099,causal_007,causal_020,causal_micro_world,causal_micro_world,incorrect,correct,True,False,0.1908745046211096,0.33333333333333337
trace_00034,trace_00100,causal_007,commonsense_020,causal_micro_world,commonsense_multihop,incorrect,correct,False,False,0.236452797660028,0.39999999999999997
trace_00035,trace_00036,commonsense_007,arith_008,commonsense_multihop,arithmetic,incorrect,correct,False,False,0.36354720233997206,0.6
trace_00035,trace_00037,commonsense_007,logic_008,commonsense_multihop,symbolic_logic,incorrect,correct,False,False,0.6979078010016793,0.8
trace_00035,trace_00038,commonsense_007,temporal_008,commonsense_multihop,temporal_ordering,incorrect,incorrect,False,True,0.2502283386145066,0.4666666666666667
trace_00035,trace_00039,commonsense_007,causal_008,commonsense_multihop,causal_micro_world,incorrect,incorrect,False,True,1.0,1.0
trace_00035,trace_00040,commonsense_007,commonsense_008,commonsense_multihop,commonsense_multihop,incorrect,incorrect,True,True,0.6979078010016793,0.8
trace_00035,trace_00041,commonsense_007,arith_009,commonsense_multihop,arithmetic,incorrect,correct,False,False,0.710722462188868,0.8571428571428572
trace_00035,trace_00042,commonsense_007,logic_009,commonsense_multihop,symbolic_logic,incorrect,incorrect,False,True,0.2821821659037502,0.55
trace_00035,trace_00043,commonsense_007,temporal_009,commonsense_multihop,temporal_ordering,incorrect,incorrect,False,True,0.5047440727278306,0.6666666666666666
trace_00035,trace_00044,commonsense_007,causal_009,commonsense_multihop,causal_micro_world,incorrect,correct,False,False,0.2502283386145066,0.4666666666666667
trace_00035,trace_00045,commonsense_007,commonsense_009,commonsense_multihop,commonsense_multihop,incorrect,incorrect,True,True,0.43903595255631894,0.6
trace_00035,trace_00046,commonsense_007,arith_010,commonsense_multihop,arithmetic,incorrect,correct,False,False,0.43903595255631894,0.6
trace_00035,trace_00047,commonsense_007,logic_010,commonsense_multihop,symbolic_logic,incorrect,incorrect,False,True,1.0,1.0
trace_00035,trace_00048,commonsense_007,temporal_010,commonsense_multihop,temporal_ordering,incorrect,incorrect,False,True,0.2502283386145066,0.4666666666666667
trace_00035,trace_00049,commonsense_007,causal_010,commonsense_multihop,causal_micro_world,incorrect,incorrect,False,True,0.6622817371734298,0.7999999999999999
trace_00035,trace_00050,commonsense_007,commonsense_010,commonsense_multihop,commonsense_multihop,incorrect,correct,True,False,0.745484265886676,0.7999999999999999
trace_00035,trace_00051,commonsense_007,arith_011,commonsense_multihop,arithmetic,incorrect,incorrect,False,True,0.7770078865364001,0.8
trace_00035,trace_00052,commonsense_007,logic_011,commonsense_multihop,symbolic_logic,incorrect,correct,False,False,0.2502283386145066,0.4666666666666667
trace_00035,trace_00053,commonsense_007,temporal_011,commonsense_multihop,temporal_ordering,incorrect,incorrect,False,True,0.37519620693013067,0.5
trace_00035,trace_00054,commonsense_007,causal_011,commonsense_multihop,causal_micro_world,incorrect,incorrect,False,True,0.2502283386145066,0.4666666666666667
trace_00035,trace_00055,commonsense_007,commonsense_011,commonsense_multihop,commonsense_multihop,incorrect,correct,True,False,0.23017224356238736,0.5142857142857142
trace_00035,trace_00056,commonsense_007,arith_012,commonsense_multihop,arithmetic,incorrect,correct,False,False,0.6979078010016793,0.8
trace_00035,trace_00057,commonsense_007,logic_012,commonsense_multihop,symbolic_logic,incorrect,correct,False,False,1.0,1.0
trace_00035,trace_00058,commonsense_007,temporal_012,commonsense_multihop,temporal_ordering,incorrect,incorrect,False,True,0.5047440727278306,0.6666666666666666
trace_00035,trace_00059,commonsense_007,causal_012,commonsense_multihop,causal_micro_world,incorrect,correct,False,False,0.6979078010016793,0.8
trace_00035,trace_00060,commonsense_007,commonsense_012,commonsense_multihop,commonsense_multihop,incorrect,incorrect,True,True,0.745484265886676,0.8
trace_00035,trace_00061,commonsense_007,arith_013,commonsense_multihop,arithmetic,incorrect,correct,False,False,0.4972159884466407,0.6666666666666667
trace_00035,trace_00062,commonsense_007,logic_013,commonsense_multihop,symbolic_logic,incorrect,correct,False,False,0.8,0.8
trace_00035,trace_00063,commonsense_007,temporal_013,commonsense_multihop,temporal_ordering,incorrect,incorrect,False,True,0.6979078010016793,0.8
trace_00035,trace_00064,commonsense_007,causal_013,commonsense_multihop,causal_micro_world,incorrect,incorrect,False,True,0.16702580990126037,0.4666666666666667
trace_00035,trace_00065,commonsense_007,commonsense_013,commonsense_multihop,commonsense_multihop,incorrect,incorrect,True,True,0.36128225143847115,0.55
trace_00035,trace_00066,commonsense_007,arith_014,commonsense_multihop,arithmetic,incorrect,correct,False,False,0.7454842658866759,0.7999999999999999
trace_00035,trace_00067,commonsense_007,logic_014,commonsense_multihop,symbolic_logic,incorrect,incorrect,False,True,0.27104451158356513,0.33333333333333337
trace_00035,trace_00068,commonsense_007,temporal_014,commonsense_multihop,temporal_ordering,incorrect,incorrect,False,True,0.745484265886676,0.7999999999999999
trace_00035,trace_00069,commonsense_007,causal_014,commonsense_multihop,causal_micro_world,incorrect,correct,False,False,0.6979078010016793,0.8
trace_00035,trace_00070,commonsense_007,commonsense_014,commonsense_multihop,commonsense_multihop,incorrect,correct,True,False,0.20265187372950977,0.4666666666666667
trace_00035,trace_00071,commonsense_007,arith_015,commonsense_multihop,arithmetic,incorrect,correct,False,False,0.6979078010016793,0.8
trace_00035,trace_00072,commonsense_007,logic_015,commonsense_multihop,symbolic_logic,incorrect,incorrect,False,True,0.6622817371734298,0.7999999999999999
trace_00035,trace_00073,commonsense_007,temporal_015,commonsense_multihop,temporal_ordering,incorrect,incorrect,False,True,0.24902249956730624,0.4
trace_00035,trace_00074,commonsense_007,causal_015,commonsense_multihop,causal_micro_world,incorrect,correct,False,False,0.10803154614560012,0.19999999999999998
trace_00035,trace_00075,commonsense_007,commonsense_015,commonsense_multihop,commonsense_multihop,incorrect,correct,True,False,0.7770078865364001,0.8
trace_00035,trace_00076,commonsense_007,arith_016,commonsense_multihop,arithmetic,incorrect,correct,False,False,0.4733495636463121,0.6571428571428571
trace_00035,trace_00077,commonsense_007,logic_016,commonsense_multihop,symbolic_logic,incorrect,correct,False,False,0.2502283386145066,0.4666666666666667
trace_00035,trace_00078,commonsense_007,temporal_016,commonsense_multihop,temporal_ordering,incorrect,incorrect,False,True,0.36128225143847115,0.55
trace_00035,trace_00079,commonsense_007,causal_016,commonsense_multihop,causal_micro_world,incorrect,incorrect,False,True,0.6979078010016793,0.8
trace_00035,trace_00080,commonsense_007,commonsense_016,commonsense_multihop,commonsense_multihop,incorrect,correct,True,False,0.07310400793180986,0.30000000000000004
trace_00035,trace_00081,commonsense_007,arith_017,commonsense_multihop,arithmetic,incorrect,correct,False,False,0.7770078865364001,0.8
trace_00035,trace_00082,commonsense_007,logic_017,commonsense_multihop,symbolic_logic,incorrect,incorrect,False,True,0.37519620693013067,0.5
trace_00035,trace_00083,commonsense_007,temporal_017,commonsense_multihop,temporal_ordering,incorrect,incorrect,False,True,0.745484265886676,0.7999999999999999
trace_00035,trace_00084,commonsense_007,causal_017,commonsense_multihop,causal_micro_world,incorrect,correct,False,False,0.07310400793180986,0.30000000000000004
trace_00035,trace_00085,commonsense_007,commonsense_017,commonsense_multihop,commonsense_multihop,incorrect,incorrect,True,True,0.27104451158356513,0.33333333333333337
trace_00035,trace_00086,commonsense_007,arith_018,commonsense_multihop,arithmetic,incorrect,correct,False,False,0.7454842658866759,0.7999999999999999
trace_00035,trace_00087,commonsense_007,logic_018,commonsense_multihop,symbolic_logic,incorrect,correct,False,False,0.745484265886676,0.7999999999999999
trace_00035,trace_00088,commonsense_007,temporal_018,commonsense_multihop,temporal_ordering,incorrect,incorrect,False,True,0.6979078010016793,0.8
trace_00035,trace_00089,commonsense_007,causal_018,commonsense_multihop,causal_micro_world,incorrect,correct,False,False,0.5842743649020711,0.75
trace_00035,trace_00090,commonsense_007,commonsense_018,commonsense_multihop,commonsense_multihop,incorrect,incorrect,True,True,0.2821821659037502,0.55
trace_00035,trace_00091,commonsense_007,arith_019,commonsense_multihop,arithmetic,incorrect,correct,False,False,0.7770078865364001,0.8
trace_00035,trace_00092,commonsense_007,logic_019,commonsense_multihop,symbolic_logic,incorrect,correct,False,False,0.37736266155242865,0.6333333333333333
trace_00035,trace_00093,commonsense_007,temporal_019,commonsense_multihop,temporal_ordering,incorrect,incorrect,False,True,0.2502283386145066,0.4666666666666667
trace_00035,trace_00094,commonsense_007,causal_019,commonsense_multihop,causal_micro_world,incorrect,correct,False,False,0.5047440727278306,0.6666666666666666
trace_00035,trace_00095,commonsense_007,commonsense_019,commonsense_multihop,commonsense_multihop,incorrect,correct,True,False,0.5047440727278306,0.6666666666666666
trace_00035,trace_00096,commonsense_007,arith_020,commonsense_multihop,arithmetic,incorrect,correct,False,False,0.36128225143847115,0.55
trace_00035,trace_00097,commonsense_007,logic_020,commonsense_multihop,symbolic_logic,incorrect,incorrect,False,True,0.37519620693013067,0.5
trace_00035,trace_00098,commonsense_007,temporal_020,commonsense_multihop,temporal_ordering,incorrect,incorrect,False,True,1.0,0.9999999999999999
trace_00035,trace_00099,commonsense_007,causal_020,commonsense_multihop,causal_micro_world,incorrect,correct,False,False,0.07310400793180986,0.30000000000000004
trace_00035,trace_00100,commonsense_007,commonsense_020,commonsense_multihop,commonsense_multihop,incorrect,correct,True,False,0.43903595255631894,0.6000000000000001
trace_00036,trace_00037,arith_008,logic_008,arithmetic,symbolic_logic,correct,correct,False,True,0.2519235740744792,0.39999999999999997
trace_00036,trace_00038,arith_008,temporal_008,arithmetic,temporal_ordering,correct,incorrect,False,False,0.1264907875651346,0.26666666666666666
trace_00036,trace_00039,arith_008,causal_008,arithmetic,causal_micro_world,correct,incorrect,False,False,0.3958156020033583,0.6000000000000001
trace_00036,trace_00040,arith_008,commonsense_008,arithmetic,commonsense_multihop,correct,incorrect,False,False,0.10803154614560012,0.19999999999999998
trace_00036,trace_00041,arith_008,arith_009,arithmetic,arithmetic,correct,correct,True,True,0.3804356802697543,0.5142857142857142
trace_00036,trace_00042,arith_008,logic_009,arithmetic,symbolic_logic,correct,incorrect,False,False,0.10803154614560012,0.19999999999999998
trace_00036,trace_00043,arith_008,temporal_009,arithmetic,temporal_ordering,correct,incorrect,False,False,0.236452797660028,0.39999999999999997
trace_00036,trace_00044,arith_008,causal_009,arithmetic,causal_micro_world,correct,correct,False,True,0.1264907875651346,0.26666666666666666
trace_00036,trace_00045,arith_008,commonsense_009,arithmetic,commonsense_multihop,correct,incorrect,False,False,0.24902249956730624,0.4
trace_00036,trace_00046,arith_008,arith_010,arithmetic,arithmetic,correct,correct,True,True,0.12451124978365312,0.2
trace_00036,trace_00047,arith_008,logic_010,arithmetic,symbolic_logic,correct,incorrect,False,False,0.6099865470109875,0.8
trace_00036,trace_00048,arith_008,temporal_010,arithmetic,temporal_ordering,correct,incorrect,False,False,0.1264907875651346,0.26666666666666666
trace_00036,trace_00049,arith_008,causal_010,arithmetic,causal_micro_world,correct,incorrect,False,False,0.236452797660028,0.39999999999999997
trace_00036,trace_00050,arith_008,commonsense_010,arithmetic,commonsense_multihop,correct,correct,False,True,0.1264907875651346,0.26666666666666666
trace_00036,trace_00051,arith_008,arith_011,arithmetic,arithmetic,correct,incorrect,True,False,0.4646059900014654,0.55
trace_00036,trace_00052,arith_008,logic_011,arithmetic,symbolic_logic,correct,correct,False,True,0.1264907875651346,0.26666666666666666
trace_00036,trace_00053,arith_008,temporal_011,arithmetic,temporal_ordering,correct,incorrect,False,False,0.3958156020033583,0.6000000000000001
trace_00036,trace_00054,arith_008,causal_011,arithmetic,causal_micro_world,correct,incorrect,False,False,0.1264907875651346,0.26666666666666666
trace_00036,trace_00055,arith_008,commonsense_011,arithmetic,commonsense_multihop,correct,correct,False,True,0.28788130437233217,0.3999999999999999
trace_00036,trace_00056,arith_008,arith_012,arithmetic,arithmetic,correct,correct,True,True,0.5540157730728001,0.6000000000000001
trace_00036,trace_00057,arith_008,logic_012,arithmetic,symbolic_logic,correct,correct,False,True,0.6099865470109875,0.8
trace_00036,trace_00058,arith_008,temporal_012,arithmetic,temporal_ordering,correct,incorrect,False,False,0.236452797660028,0.39999999999999997
trace_00036,trace_00059,arith_008,causal_012,arithmetic,causal_micro_world,correct,correct,False,True,0.5540157730728001,0.6000000000000001
trace_00036,trace_00060,arith_008,commonsense_012,arithmetic,commonsense_multihop,correct,incorrect,False,False,0.2978039929652123,0.4666666666666667
trace_00036,trace_00061,arith_008,arith_013,arithmetic,arithmetic,correct,correct,True,True,0.3156174301464826,0.4666666666666667
trace_00036,trace_00062,arith_008,logic_013,arithmetic,symbolic_logic,correct,correct,False,True,0.4490224995673062,0.6000000000000001
trace_00036,trace_00063,arith_008,temporal_013,arithmetic,temporal_ordering,correct,incorrect,False,False,0.2519235740744792,0.39999999999999997
trace_00036,trace_00064,arith_008,causal_013,arithmetic,causal_micro_world,correct,incorrect,False,False,0.236452797660028,0.39999999999999997
trace_00036,trace_00065,arith_008,commonsense_013,arithmetic,commonsense_multihop,correct,incorrect,False,False,0.018621763074265447,0.15
trace_00036,trace_00066,arith_008,arith_014,arithmetic,arithmetic,correct,correct,True,True,0.3810065216784586,0.4666666666666667
trace_00036,trace_00067,arith_008,logic_014,arithmetic,symbolic_logic,correct,incorrect,False,False,0.4077660030601058,0.6
trace_00036,trace_00068,arith_008,temporal_014,arithmetic,temporal_ordering,correct,incorrect,False,False,0.1264907875651346,0.26666666666666666
trace_00036,trace_00069,arith_008,causal_014,arithmetic,causal_micro_world,correct,correct,False,True,0.2519235740744792,0.39999999999999997
trace_00036,trace_00070,arith_008,commonsense_014,arithmetic,commonsense_multihop,correct,correct,False,True,0.11726116685536736,0.23333333333333334
trace_00036,trace_00071,arith_008,arith_015,arithmetic,arithmetic,correct,correct,True,True,0.5540157730728001,0.6000000000000001
trace_00036,trace_00072,arith_008,logic_015,arithmetic,symbolic_logic,correct,incorrect,False,False,0.1264907875651346,0.26666666666666666
trace_00036,trace_00073,arith_008,temporal_015,arithmetic,temporal_ordering,correct,incorrect,False,False,0.04902249956730623,0.2
trace_00036,trace_00074,arith_008,causal_015,arithmetic,causal_micro_world,correct,correct,False,True,0.6099865470109875,0.8
trace_00036,trace_00075,arith_008,commonsense_015,arithmetic,commonsense_multihop,correct,correct,False,True,0.16251379100314456,0.35000000000000003
trace_00036,trace_00076,arith_008,arith_016,arithmetic,arithmetic,correct,correct,True,True,0.21245817912955667,0.37142857142857144
trace_00036,trace_00077,arith_008,logic_016,arithmetic,symbolic_logic,correct,correct,False,True,0.1264907875651346,0.26666666666666666
trace_00036,trace_00078,arith_008,temporal_016,arithmetic,temporal_ordering,correct,incorrect,False,False,0.018621763074265447,0.15
trace_00036,trace_00079,arith_008,causal_016,arithmetic,causal_micro_world,correct,incorrect,False,False,0.2519235740744792,0.39999999999999997
trace_00036,trace_00080,arith_008,commonsense_016,arithmetic,commonsense_multihop,correct,correct,False,True,0.2519235740744792,0.39999999999999997
trace_00036,trace_00081,arith_008,arith_017,arithmetic,arithmetic,correct,correct,True,True,0.24161387653786542,0.35
trace_00036,trace_00082,arith_008,logic_017,arithmetic,symbolic_logic,correct,incorrect,False,False,0.3958156020033583,0.6000000000000001
trace_00036,trace_00083,arith_008,temporal_017,arithmetic,temporal_ordering,correct,incorrect,False,False,0.1264907875651346,0.26666666666666666
trace_00036,trace_00084,arith_008,causal_017,arithmetic,causal_micro_world,correct,correct,False,True,0.2519235740744792,0.39999999999999997
trace_00036,trace_00085,arith_008,commonsense_017,arithmetic,commonsense_multihop,correct,incorrect,False,False,0.4077660030601058,0.5999999999999999
trace_00036,trace_00086,arith_008,arith_018,arithmetic,arithmetic,correct,correct,True,True,0.3810065216784586,0.4666666666666667
trace_00036,trace_00087,arith_008,logic_018,arithmetic,symbolic_logic,correct,correct,False,True,0.1264907875651346,0.26666666666666666
trace_00036,trace_00088,arith_008,temporal_018,arithmetic,temporal_ordering,correct,incorrect,False,False,0.2519235740744792,0.39999999999999997
trace_00036,trace_00089,arith_008,causal_018,arithmetic,causal_micro_world,correct,correct,False,True,0.3310236596092001,0.4
trace_00036,trace_00090,arith_008,commonsense_018,arithmetic,commonsense_multihop,correct,incorrect,False,False,0.10803154614560012,0.19999999999999998
trace_00036,trace_00091,arith_008,arith_019,arithmetic,arithmetic,correct,correct,True,True,0.24161387653786542,0.35
trace_00036,trace_00092,arith_008,logic_019,arithmetic,symbolic_logic,correct,correct,False,True,0.007299156760473921,0.10000000000000002
trace_00036,trace_00093,arith_008,temporal_019,arithmetic,temporal_ordering,correct,incorrect,False,False,0.1264907875651346,0.26666666666666666
trace_00036,trace_00094,arith_008,causal_019,arithmetic,causal_micro_world,correct,correct,False,True,0.236452797660028,0.39999999999999997
trace_00036,trace_00095,arith_008,commonsense_019,arithmetic,commonsense_multihop,correct,correct,False,True,0.236452797660028,0.39999999999999997
trace_00036,trace_00096,arith_008,arith_020,arithmetic,arithmetic,correct,correct,True,True,0.24161387653786542,0.35
trace_00036,trace_00097,arith_008,logic_020,arithmetic,symbolic_logic,correct,incorrect,False,False,0.3958156020033583,0.6000000000000001
trace_00036,trace_00098,arith_008,temporal_020,arithmetic,temporal_ordering,correct,incorrect,False,False,0.490968531773352,0.6
trace_00036,trace_00099,arith_008,causal_020,arithmetic,causal_micro_world,correct,correct,False,True,0.2519235740744792,0.39999999999999997
trace_00036,trace_00100,arith_008,commonsense_020,arithmetic,commonsense_multihop,correct,correct,False,True,0.04902249956730623,0.2
trace_00037,trace_00038,logic_008,temporal_008,symbolic_logic,temporal_ordering,correct,incorrect,False,False,0.1908745046211096,0.33333333333333337
trace_00037,trace_00039,logic_008,causal_008,symbolic_logic,causal_micro_world,correct,incorrect,False,False,0.5,0.5
trace_00037,trace_00040,logic_008,commonsense_008,symbolic_logic,commonsense_multihop,correct,incorrect,False,False,0.1556390622295664,0.25
trace_00037,trace_00041,logic_008,arith_009,symbolic_logic,arithmetic,correct,correct,False,True,0.7543628371936578,0.8571428571428572
trace_00037,trace_00042,logic_008,logic_009,symbolic_logic,symbolic_logic,correct,incorrect,True,False,0.1556390622295664,0.25
trace_00037,trace_00043,logic_008,temporal_009,symbolic_logic,temporal_ordering,correct,incorrect,False,False,0.5954372523105549,0.6666666666666666
trace_00037,trace_00044,logic_008,causal_009,symbolic_logic,causal_micro_world,correct,correct,False,True,0.1908745046211096,0.33333333333333337
trace_00037,trace_00045,logic_008,commonsense_009,symbolic_logic,commonsense_multihop,correct,incorrect,False,False,0.2519235740744792,0.4
trace_00037,trace_00046,logic_008,arith_010,symbolic_logic,arithmetic,correct,correct,False,True,0.3958156020033583,0.6
trace_00037,trace_00047,logic_008,logic_010,symbolic_logic,symbolic_logic,correct,incorrect,True,False,1.0,1.0
trace_00037,trace_00048,logic_008,temporal_010,symbolic_logic,temporal_ordering,correct,incorrect,False,False,0.5954372523105548,0.6666666666666666
trace_00037,trace_00049,logic_008,causal_010,symbolic_logic,causal_micro_world,correct,incorrect,False,False,0.42528358731335336,0.49999999999999994
trace_00037,trace_00050,logic_008,commonsense_010,symbolic_logic,commonsense_multihop,correct,correct,False,True,0.1908745046211096,0.33333333333333337
trace_00037,trace_00051,logic_008,arith_011,symbolic_logic,arithmetic,correct,incorrect,False,False,0.6556390622295665,0.75
trace_00037,trace_00052,logic_008,logic_011,symbolic_logic,symbolic_logic,correct,correct,True,True,0.5954372523105548,0.6666666666666666
trace_00037,trace_00053,logic_008,temporal_011,symbolic_logic,temporal_ordering,correct,incorrect,False,False,0.5,0.5
trace_00037,trace_00054,logic_008,causal_011,symbolic_logic,causal_micro_world,correct,incorrect,False,False,0.1908745046211096,0.33333333333333337
trace_00037,trace_00055,logic_008,commonsense_011,symbolic_logic,commonsense_multihop,correct,correct,False,True,0.4660044828669804,0.5
trace_00037,trace_00056,logic_008,arith_012,symbolic_logic,arithmetic,correct,correct,False,True,0.5,0.5
trace_00037,trace_00057,logic_008,logic_012,symbolic_logic,symbolic_logic,correct,correct,True,True,1.0,1.0
trace_00037,trace_00058,logic_008,temporal_012,symbolic_logic,temporal_ordering,correct,incorrect,False,False,0.5954372523105549,0.6666666666666666
trace_00037,trace_00059,logic_008,causal_012,symbolic_logic,causal_micro_world,correct,correct,False,True,0.5,0.5
trace_00037,trace_00060,logic_008,commonsense_012,symbolic_logic,commonsense_multihop,correct,incorrect,False,False,0.020720839623908215,0.16666666666666666
trace_00037,trace_00061,logic_008,arith_013,symbolic_logic,arithmetic,correct,correct,False,True,0.7295739585136224,0.8333333333333334
trace_00037,trace_00062,logic_008,logic_013,symbolic_logic,symbolic_logic,correct,correct,True,True,0.2519235740744792,0.4
trace_00037,trace_00063,logic_008,temporal_013,symbolic_logic,temporal_ordering,correct,incorrect,False,False,0.0,0.0
trace_00037,trace_00064,logic_008,causal_013,symbolic_logic,causal_micro_world,correct,incorrect,False,False,0.42528358731335336,0.49999999999999994
trace_00037,trace_00065,logic_008,commonsense_013,symbolic_logic,commonsense_multihop,correct,incorrect,False,False,0.3112781244591328,0.5
trace_00037,trace_00066,logic_008,arith_014,symbolic_logic,arithmetic,correct,correct,False,True,0.5954372523105549,0.6666666666666666
trace_00037,trace_00067,logic_008,logic_014,symbolic_logic,symbolic_logic,correct,incorrect,True,False,1.0,0.9999999999999999
trace_00037,trace_00068,logic_008,temporal_014,symbolic_logic,temporal_ordering,correct,incorrect,False,False,0.1908745046211096,0.33333333333333337
trace_00037,trace_00069,logic_008,causal_014,symbolic_logic,causal_micro_world,correct,correct,False,True,0.0,0.0
trace_00037,trace_00070,logic_008,commonsense_014,symbolic_logic,commonsense_multihop,correct,correct,False,True,0.5,0.49999999999999994
trace_00037,trace_00071,logic_008,arith_015,symbolic_logic,arithmetic,correct,correct,False,True,0.5,0.5
trace_00037,trace_00072,logic_008,logic_015,symbolic_logic,symbolic_logic,correct,incorrect,True,False,0.1548575458269758,0.3333333333333333
trace_00037,trace_00073,logic_008,temporal_015,symbolic_logic,temporal_ordering,correct,incorrect,False,False,0.3958156020033583,0.6
trace_00037,trace_00074,logic_008,causal_015,symbolic_logic,causal_micro_world,correct,correct,False,True,1.0,1.0
trace_00037,trace_00075,logic_008,commonsense_015,symbolic_logic,commonsense_multihop,correct,correct,False,True,0.1556390622295664,0.25
trace_00037,trace_00076,logic_008,arith_016,symbolic_logic,arithmetic,correct,correct,False,True,0.6284905946211771,0.7142857142857142
trace_00037,trace_00077,logic_008,logic_016,symbolic_logic,symbolic_logic,correct,correct,True,True,0.1908745046211096,0.33333333333333337
trace_00037,trace_00078,logic_008,temporal_016,symbolic_logic,temporal_ordering,correct,incorrect,False,False,0.3112781244591328,0.5
trace_00037,trace_00079,logic_008,causal_016,symbolic_logic,causal_micro_world,correct,incorrect,False,False,0.0,0.0
trace_00037,trace_00080,logic_008,commonsense_016,symbolic_logic,commonsense_multihop,correct,correct,False,True,0.5,0.5
trace_00037,trace_00081,logic_008,arith_017,symbolic_logic,arithmetic,correct,correct,False,True,0.3112781244591328,0.5
trace_00037,trace_00082,logic_008,logic_017,symbolic_logic,symbolic_logic,correct,incorrect,True,False,1.0,1.0
trace_00037,trace_00083,logic_008,temporal_017,symbolic_logic,temporal_ordering,correct,incorrect,False,False,0.1908745046211096,0.33333333333333337
trace_00037,trace_00084,logic_008,causal_017,symbolic_logic,causal_micro_world,correct,correct,False,True,0.5,0.5
trace_00037,trace_00085,logic_008,commonsense_017,symbolic_logic,commonsense_multihop,correct,incorrect,False,False,0.5954372523105548,0.6666666666666666
trace_00037,trace_00086,logic_008,arith_018,symbolic_logic,arithmetic,correct,correct,False,True,0.5954372523105549,0.6666666666666666
trace_00037,trace_00087,logic_008,logic_018,symbolic_logic,symbolic_logic,correct,correct,True,True,0.1908745046211096,0.33333333333333337
trace_00037,trace_00088,logic_008,temporal_018,symbolic_logic,temporal_ordering,correct,incorrect,False,False,0.0,0.0
trace_00037,trace_00089,logic_008,causal_018,symbolic_logic,causal_micro_world,correct,correct,False,True,0.6556390622295665,0.75
trace_00037,trace_00090,logic_008,commonsense_018,symbolic_logic,commonsense_multihop,correct,incorrect,False,False,0.5,0.5
trace_00037,trace_00091,logic_008,arith_019,symbolic_logic,arithmetic,correct,correct,False,True,0.3112781244591328,0.5
trace_00037,trace_00092,logic_008,logic_019,symbolic_logic,symbolic_logic,correct,correct,True,True,0.2295739585136224,0.3333333333333333
trace_00037,trace_00093,logic_008,temporal_019,symbolic_logic,temporal_ordering,correct,incorrect,False,False,0.1908745046211096,0.33333333333333337
trace_00037,trace_00094,logic_008,causal_019,symbolic_logic,causal_micro_world,correct,correct,False,True,0.5954372523105549,0.6666666666666666
trace_00037,trace_00095,logic_008,commonsense_019,symbolic_logic,commonsense_multihop,correct,correct,False,True,0.5954372523105549,0.6666666666666666
trace_00037,trace_00096,logic_008,arith_020,symbolic_logic,arithmetic,correct,correct,False,True,0.6556390622295665,0.75
trace_00037,trace_00097,logic_008,logic_020,symbolic_logic,symbolic_logic,correct,incorrect,True,False,0.5,0.5
trace_00037,trace_00098,logic_008,temporal_020,symbolic_logic,temporal_ordering,correct,incorrect,False,False,0.5954372523105549,0.6666666666666666
trace_00037,trace_00099,logic_008,causal_020,symbolic_logic,causal_micro_world,correct,correct,False,True,0.5,0.5
trace_00037,trace_00100,logic_008,commonsense_020,symbolic_logic,commonsense_multihop,correct,correct,False,True,0.3958156020033583,0.6
trace_00038,trace_00039,temporal_008,causal_008,temporal_ordering,causal_micro_world,incorrect,incorrect,False,True,0.5954372523105549,0.6666666666666666
trace_00038,trace_00040,temporal_008,commonsense_008,temporal_ordering,commonsense_multihop,incorrect,incorrect,False,True,0.30807904596723146,0.41666666666666663
trace_00038,trace_00041,temporal_008,arith_009,temporal_ordering,arithmetic,incorrect,correct,False,False,0.5803376670330035,0.7142857142857142
trace_00038,trace_00042,temporal_008,logic_009,temporal_ordering,symbolic_logic,incorrect,incorrect,False,True,0.020720839623908215,0.16666666666666666
trace_00038,trace_00043,temporal_008,temporal_009,temporal_ordering,temporal_ordering,incorrect,incorrect,True,True,0.3333333333333333,0.3333333333333333
trace_00038,trace_00044,temporal_008,causal_009,temporal_ordering,causal_micro_world,incorrect,correct,False,False,0.0,0.0
trace_00038,trace_00045,temporal_008,commonsense_009,temporal_ordering,commonsense_multihop,incorrect,incorrect,False,True,0.1264907875651346,0.26666666666666666
trace_00038,trace_00046,temporal_008,arith_010,temporal_ordering,arithmetic,incorrect,correct,False,False,0.236452797660028,0.3999999999999999
trace_00038,trace_00047,temporal_008,logic_010,temporal_ordering,symbolic_logic,incorrect,incorrect,False,True,1.0,0.9999999999999999
trace_00038,trace_00048,temporal_008,temporal_010,temporal_ordering,temporal_ordering,incorrect,incorrect,True,True,0.3333333333333333,0.3333333333333333
trace_00038,trace_00049,temporal_008,causal_010,temporal_ordering,causal_micro_world,incorrect,incorrect,False,True,0.5408520829727551,0.6666666666666666
trace_00038,trace_00050,temporal_008,commonsense_010,temporal_ordering,commonsense_multihop,incorrect,correct,False,False,0.3333333333333333,0.3333333333333333
trace_00038,trace_00051,temporal_008,arith_011,temporal_ordering,arithmetic,incorrect,incorrect,False,True,0.7126417936566767,0.75
trace_00038,trace_00052,temporal_008,logic_011,temporal_ordering,symbolic_logic,incorrect,correct,False,False,0.3333333333333333,0.3333333333333333
trace_00038,trace_00053,temporal_008,temporal_011,temporal_ordering,temporal_ordering,incorrect,incorrect,True,True,0.1908745046211096,0.33333333333333337
trace_00038,trace_00054,temporal_008,causal_011,temporal_ordering,causal_micro_world,incorrect,incorrect,False,True,0.0,0.0
trace_00038,trace_00055,temporal_008,commonsense_011,temporal_ordering,commonsense_multihop,incorrect,correct,False,False,0.2622846388220226,0.38095238095238093
trace_00038,trace_00056,temporal_008,arith_012,temporal_ordering,arithmetic,incorrect,correct,False,False,0.5954372523105548,0.6666666666666666
trace_00038,trace_00057,temporal_008,logic_012,temporal_ordering,symbolic_logic,incorrect,correct,False,False,1.0,0.9999999999999999
trace_00038,trace_00058,temporal_008,temporal_012,temporal_ordering,temporal_ordering,incorrect,incorrect,True,True,0.3333333333333333,0.3333333333333333
trace_00038,trace_00059,temporal_008,causal_012,temporal_ordering,causal_micro_world,incorrect,correct,False,False,0.5954372523105548,0.6666666666666666
trace_00038,trace_00060,temporal_008,commonsense_012,temporal_ordering,commonsense_multihop,incorrect,incorrect,False,True,0.20751874963942185,0.3333333333333333
trace_00038,trace_00061,temporal_008,arith_013,temporal_ordering,arithmetic,incorrect,correct,False,False,0.5408520829727551,0.6666666666666666
trace_00038,trace_00062,temporal_008,logic_013,temporal_ordering,symbolic_logic,incorrect,correct,False,False,0.3810065216784586,0.4666666666666667
trace_00038,trace_00063,temporal_008,temporal_013,temporal_ordering,temporal_ordering,incorrect,incorrect,True,True,0.1908745046211096,0.33333333333333337
trace_00038,trace_00064,temporal_008,causal_013,temporal_ordering,causal_micro_world,incorrect,incorrect,False,True,0.20751874963942185,0.3333333333333333
trace_00038,trace_00065,temporal_008,commonsense_013,temporal_ordering,commonsense_multihop,incorrect,incorrect,False,True,0.13792538097003013,0.24999999999999997
trace_00038,trace_00066,temporal_008,arith_014,temporal_ordering,arithmetic,incorrect,correct,False,False,0.6666666666666666,0.6666666666666666
trace_00038,trace_00067,temporal_008,logic_014,temporal_ordering,symbolic_logic,incorrect,incorrect,False,True,0.5408520829727551,0.6666666666666666
trace_00038,trace_00068,temporal_008,temporal_014,temporal_ordering,temporal_ordering,incorrect,incorrect,True,True,0.3333333333333333,0.3333333333333333
trace_00038,trace_00069,temporal_008,causal_014,temporal_ordering,causal_micro_world,incorrect,correct,False,False,0.1908745046211096,0.33333333333333337
trace_00038,trace_00070,temporal_008,commonsense_014,temporal_ordering,commonsense_multihop,incorrect,correct,False,False,0.26210391897722146,0.33333333333333337
trace_00038,trace_00071,temporal_008,arith_015,temporal_ordering,arithmetic,incorrect,correct,False,False,0.5954372523105548,0.6666666666666666
trace_00038,trace_00072,temporal_008,logic_015,temporal_ordering,symbolic_logic,incorrect,incorrect,False,True,0.3112781244591328,0.5
trace_00038,trace_00073,temporal_008,temporal_015,temporal_ordering,temporal_ordering,incorrect,incorrect,True,True,0.1264907875651346,0.26666666666666666
trace_00038,trace_00074,temporal_008,causal_015,temporal_ordering,causal_micro_world,incorrect,correct,False,False,0.4591479170272448,0.6666666666666666
trace_00038,trace_00075,temporal_008,commonsense_015,temporal_ordering,commonsense_multihop,incorrect,correct,False,False,0.3080790459672315,0.41666666666666663
trace_00038,trace_00076,temporal_008,arith_016,temporal_ordering,arithmetic,incorrect,correct,False,False,0.48196747929973904,0.5714285714285714
trace_00038,trace_00077,temporal_008,logic_016,temporal_ordering,symbolic_logic,incorrect,correct,False,False,0.0,0.0
trace_00038,trace_00078,temporal_008,temporal_016,temporal_ordering,temporal_ordering,incorrect,incorrect,True,True,0.13792538097003013,0.24999999999999997
trace_00038,trace_00079,temporal_008,causal_016,temporal_ordering,causal_micro_world,incorrect,incorrect,False,True,0.1908745046211096,0.33333333333333337
trace_00038,trace_00080,temporal_008,commonsense_016,temporal_ordering,commonsense_multihop,incorrect,correct,False,False,0.1908745046211096,0.33333333333333337
trace_00038,trace_00081,temporal_008,arith_017,temporal_ordering,arithmetic,incorrect,correct,False,False,0.42528358731335336,0.5
trace_00038,trace_00082,temporal_008,logic_017,temporal_ordering,symbolic_logic,incorrect,incorrect,False,True,0.5954372523105549,0.6666666666666666
trace_00038,trace_00083,temporal_008,temporal_017,temporal_ordering,temporal_ordering,incorrect,incorrect,True,True,0.3333333333333333,0.3333333333333333
trace_00038,trace_00084,temporal_008,causal_017,temporal_ordering,causal_micro_world,incorrect,correct,False,False,0.1908745046211096,0.33333333333333337
trace_00038,trace_00085,temporal_008,commonsense_017,temporal_ordering,commonsense_multihop,incorrect,incorrect,False,True,0.20751874963942185,0.3333333333333333
trace_00038,trace_00086,temporal_008,arith_018,temporal_ordering,arithmetic,incorrect,correct,False,False,0.6666666666666666,0.6666666666666666
trace_00038,trace_00087,temporal_008,logic_018,temporal_ordering,symbolic_logic,incorrect,correct,False,False,0.3333333333333333,0.3333333333333333
trace_00038,trace_00088,temporal_008,temporal_018,temporal_ordering,temporal_ordering,incorrect,incorrect,True,True,0.1908745046211096,0.33333333333333337
trace_00038,trace_00089,temporal_008,causal_018,temporal_ordering,causal_micro_world,incorrect,correct,False,False,0.42528358731335336,0.5
trace_00038,trace_00090,temporal_008,commonsense_018,temporal_ordering,commonsense_multihop,incorrect,incorrect,False,True,0.30807904596723146,0.41666666666666663
trace_00038,trace_00091,temporal_008,arith_019,temporal_ordering,arithmetic,incorrect,correct,False,False,0.42528358731335336,0.5
trace_00038,trace_00092,temporal_008,logic_019,temporal_ordering,symbolic_logic,incorrect,correct,False,False,0.13628933528331,0.33333333333333337
trace_00038,trace_00093,temporal_008,temporal_019,temporal_ordering,temporal_ordering,incorrect,incorrect,True,True,0.0,0.0
trace_00038,trace_00094,temporal_008,causal_019,temporal_ordering,causal_micro_world,incorrect,correct,False,False,0.3333333333333333,0.3333333333333333
trace_00038,trace_00095,temporal_008,commonsense_019,temporal_ordering,commonsense_multihop,incorrect,correct,False,False,0.3333333333333333,0.3333333333333333
trace_00038,trace_00096,temporal_008,arith_020,temporal_ordering,arithmetic,incorrect,correct,False,False,0.42528358731335336,0.5
trace_00038,trace_00097,temporal_008,logic_020,temporal_ordering,symbolic_logic,incorrect,incorrect,False,True,0.1908745046211096,0.33333333333333337
trace_00038,trace_00098,temporal_008,temporal_020,temporal_ordering,temporal_ordering,incorrect,incorrect,True,True,0.6666666666666666,0.6666666666666666
trace_00038,trace_00099,temporal_008,causal_020,temporal_ordering,causal_micro_world,incorrect,correct,False,False,0.1908745046211096,0.33333333333333337
trace_00038,trace_00100,temporal_008,commonsense_020,temporal_ordering,commonsense_multihop,incorrect,correct,False,False,0.236452797660028,0.39999999999999997
trace_00039,trace_00040,causal_008,commonsense_008,causal_micro_world,commonsense_multihop,incorrect,incorrect,False,True,0.3112781244591328,0.5
trace_00039,trace_00041,causal_008,arith_009,causal_micro_world,arithmetic,incorrect,correct,False,False,0.2920608058685138,0.42857142857142855
trace_00039,trace_00042,causal_008,logic_009,causal_micro_world,symbolic_logic,incorrect,incorrect,False,True,0.6556390622295665,0.75
trace_00039,trace_00043,causal_008,temporal_009,causal_micro_world,temporal_ordering,incorrect,incorrect,False,True,0.1908745046211096,0.33333333333333337
trace_00039,trace_00044,causal_008,causal_009,causal_micro_world,causal_micro_world,incorrect,correct,True,False,0.5954372523105549,0.6666666666666666
trace_00039,trace_00045,causal_008,commonsense_009,causal_micro_world,commonsense_multihop,incorrect,incorrect,False,True,0.5540157730728,0.6
trace_00039,trace_00046,causal_008,arith_010,causal_micro_world,arithmetic,incorrect,correct,False,False,0.3958156020033583,0.6
trace_00039,trace_00047,causal_008,logic_010,causal_micro_world,symbolic_logic,incorrect,incorrect,False,True,0.3112781244591328,0.5
trace_00039,trace_00048,causal_008,temporal_010,causal_micro_world,temporal_ordering,incorrect,incorrect,False,True,0.5954372523105549,0.6666666666666666
trace_00039,trace_00049,causal_008,causal_010,causal_micro_world,causal_micro_world,incorrect,incorrect,True,True,0.5954372523105548,0.6666666666666667
trace_00039,trace_00050,causal_008,commonsense_010,causal_micro_world,commonsense_multihop,incorrect,correct,False,False,0.1908745046211096,0.33333333333333337
trace_00039,trace_00051,causal_008,arith_011,causal_micro_world,arithmetic,incorrect,incorrect,False,True,0.6556390622295665,0.75
trace_00039,trace_00052,causal_008,logic_011,causal_micro_world,symbolic_logic,incorrect,correct,False,False,0.5954372523105549,0.6666666666666666
trace_00039,trace_00053,causal_008,temporal_011,causal_micro_world,temporal_ordering,incorrect,incorrect,False,True,0.5,0.5
trace_00039,trace_00054,causal_008,causal_011,causal_micro_world,causal_micro_world,incorrect,incorrect,True,True,0.5954372523105549,0.6666666666666666
trace_00039,trace_00055,causal_008,commonsense_011,causal_micro_world,commonsense_multihop,incorrect,correct,False,False,1.0,0.9999999999999999
trace_00039,trace_00056,causal_008,arith_012,causal_micro_world,arithmetic,incorrect,correct,False,False,1.0,1.0
trace_00039,trace_00057,causal_008,logic_012,causal_micro_world,symbolic_logic,incorrect,correct,False,False,0.3112781244591328,0.5
trace_00039,trace_00058,causal_008,temporal_012,causal_micro_world,temporal_ordering,incorrect,incorrect,False,True,0.1908745046211096,0.33333333333333337
trace_00039,trace_00059,causal_008,causal_012,causal_micro_world,causal_micro_world,incorrect,correct,True,False,1.0,1.0
trace_00039,trace_00060,causal_008,commonsense_012,causal_micro_world,commonsense_multihop,incorrect,incorrect,False,True,0.42528358731335336,0.5
trace_00039,trace_00061,causal_008,arith_013,causal_micro_world,arithmetic,incorrect,correct,False,False,0.5954372523105549,0.6666666666666666
trace_00039,trace_00062,causal_008,logic_013,causal_micro_world,symbolic_logic,incorrect,correct,False,False,0.5540157730728,0.6000000000000001
trace_00039,trace_00063,causal_008,temporal_013,causal_micro_world,temporal_ordering,incorrect,incorrect,False,True,0.5,0.5
trace_00039,trace_00064,causal_008,causal_013,causal_micro_world,causal_micro_world,incorrect,incorrect,True,True,1.0,1.0
trace_00039,trace_00065,causal_008,commonsense_013,causal_micro_world,commonsense_multihop,incorrect,incorrect,False,True,0.3112781244591328,0.5
trace_00039,trace_00066,causal_008,arith_014,causal_micro_world,arithmetic,incorrect,correct,False,False,0.5954372523105549,0.6666666666666666
trace_00039,trace_00067,causal_008,logic_014,causal_micro_world,symbolic_logic,incorrect,incorrect,False,True,0.5954372523105548,0.6666666666666666
trace_00039,trace_00068,causal_008,temporal_014,causal_micro_world,temporal_ordering,incorrect,incorrect,False,True,0.1908745046211096,0.33333333333333337
trace_00039,trace_00069,causal_008,causal_014,causal_micro_world,causal_micro_world,incorrect,correct,True,False,0.5,0.5
trace_00039,trace_00070,causal_008,commonsense_014,causal_micro_world,commonsense_multihop,incorrect,correct,False,False,0.7295739585136223,0.8333333333333333
trace_00039,trace_00071,causal_008,arith_015,causal_micro_world,arithmetic,incorrect,correct,False,False,1.0,1.0
trace_00039,trace_00072,causal_008,logic_015,causal_micro_world,symbolic_logic,incorrect,incorrect,False,True,0.4591479170272448,0.6666666666666667
trace_00039,trace_00073,causal_008,temporal_015,causal_micro_world,temporal_ordering,incorrect,incorrect,False,True,0.3958156020033583,0.6
trace_00039,trace_00074,causal_008,causal_015,causal_micro_world,causal_micro_world,incorrect,correct,True,False,1.0,1.0
trace_00039,trace_00075,causal_008,commonsense_015,causal_micro_world,commonsense_multihop,incorrect,correct,False,False,0.1556390622295664,0.25
trace_00039,trace_00076,causal_008,arith_016,causal_micro_world,arithmetic,incorrect,correct,False,False,0.537697968674856,0.5714285714285714
trace_00039,trace_00077,causal_008,logic_016,causal_micro_world,symbolic_logic,incorrect,correct,False,False,0.5954372523105549,0.6666666666666666
trace_00039,trace_00078,causal_008,temporal_016,causal_micro_world,temporal_ordering,incorrect,incorrect,False,True,0.3112781244591328,0.5
trace_00039,trace_00079,causal_008,causal_016,causal_micro_world,causal_micro_world,incorrect,incorrect,True,True,0.5,0.5
trace_00039,trace_00080,causal_008,commonsense_016,causal_micro_world,commonsense_multihop,incorrect,correct,False,False,1.0,1.0
trace_00039,trace_00081,causal_008,arith_017,causal_micro_world,arithmetic,incorrect,correct,False,False,0.3112781244591328,0.5
trace_00039,trace_00082,causal_008,logic_017,causal_micro_world,symbolic_logic,incorrect,incorrect,False,True,0.5,0.5
trace_00039,trace_00083,causal_008,temporal_017,causal_micro_world,temporal_ordering,incorrect,incorrect,False,True,0.1908745046211096,0.33333333333333337
trace_00039,trace_00084,causal_008,causal_017,causal_micro_world,causal_micro_world,incorrect,correct,True,False,1.0,1.0
trace_00039,trace_00085,causal_008,commonsense_017,causal_micro_world,commonsense_multihop,incorrect,incorrect,False,True,0.5954372523105548,0.6666666666666666
trace_00039,trace_00086,causal_008,arith_018,causal_micro_world,arithmetic,incorrect,correct,False,False,0.5954372523105549,0.6666666666666666
trace_00039,trace_00087,causal_008,logic_018,causal_micro_world,symbolic_logic,incorrect,correct,False,False,0.1908745046211096,0.33333333333333337
trace_00039,trace_00088,causal_008,temporal_018,causal_micro_world,temporal_ordering,incorrect,incorrect,False,True,0.5,0.5
trace_00039,trace_00089,causal_008,causal_018,causal_micro_world,causal_micro_world,incorrect,correct,True,False,0.3112781244591328,0.5
trace_00039,trace_00090,causal_008,commonsense_018,causal_micro_world,commonsense_multihop,incorrect,incorrect,False,True,0.6556390622295665,0.75
trace_00039,trace_00091,causal_008,arith_019,causal_micro_world,arithmetic,incorrect,correct,False,False,0.3112781244591328,0.5
trace_00039,trace_00092,causal_008,logic_019,causal_micro_world,symbolic_logic,incorrect,correct,False,False,0.4591479170272448,0.6666666666666667
trace_00039,trace_00093,causal_008,temporal_019,causal_micro_world,temporal_ordering,incorrect,incorrect,False,True,0.5954372523105549,0.6666666666666666
trace_00039,trace_00094,causal_008,causal_019,causal_micro_world,causal_micro_world,incorrect,correct,True,False,0.1908745046211096,0.33333333333333337
trace_00039,trace_00095,causal_008,commonsense_019,causal_micro_world,commonsense_multihop,incorrect,correct,False,False,0.1908745046211096,0.33333333333333337
trace_00039,trace_00096,causal_008,arith_020,causal_micro_world,arithmetic,incorrect,correct,False,False,0.6556390622295665,0.75
trace_00039,trace_00097,causal_008,logic_020,causal_micro_world,symbolic_logic,incorrect,incorrect,False,True,0.5,0.5
trace_00039,trace_00098,causal_008,temporal_020,causal_micro_world,temporal_ordering,incorrect,incorrect,False,True,0.1908745046211096,0.33333333333333337
trace_00039,trace_00099,causal_008,causal_020,causal_micro_world,causal_micro_world,incorrect,correct,True,False,1.0,1.0
trace_00039,trace_00100,causal_008,commonsense_020,causal_micro_world,commonsense_multihop,incorrect,correct,False,False,0.2519235740744792,0.4
trace_00040,trace_00041,commonsense_008,arith_009,commonsense_multihop,arithmetic,incorrect,correct,False,False,0.4921097920896774,0.6071428571428572
trace_00040,trace_00042,commonsense_008,logic_009,commonsense_multihop,symbolic_logic,incorrect,incorrect,False,True,0.25,0.25
trace_00040,trace_00043,commonsense_008,temporal_009,commonsense_multihop,temporal_ordering,incorrect,incorrect,False,True,0.42528358731335336,0.5
trace_00040,trace_00044,commonsense_008,causal_009,commonsense_multihop,causal_micro_world,incorrect,correct,False,False,0.30807904596723146,0.41666666666666663
trace_00040,trace_00045,commonsense_008,commonsense_009,commonsense_multihop,commonsense_multihop,incorrect,incorrect,True,True,0.3855059044667445,0.55
trace_00040,trace_00046,commonsense_008,arith_010,commonsense_multihop,arithmetic,incorrect,correct,False,False,0.2519235740744792,0.4
trace_00040,trace_00047,commonsense_008,logic_010,commonsense_multihop,symbolic_logic,incorrect,incorrect,False,True,0.5487949406953987,0.75
trace_00040,trace_00048,commonsense_008,temporal_010,commonsense_multihop,temporal_ordering,incorrect,incorrect,False,True,0.30807904596723146,0.41666666666666663
trace_00040,trace_00049,commonsense_008,causal_010,commonsense_multihop,causal_micro_world,incorrect,incorrect,False,True,0.1379253809700301,0.24999999999999997
trace_00040,trace_00050,commonsense_008,commonsense_010,commonsense_multihop,commonsense_multihop,incorrect,correct,True,False,0.020720839623908215,0.16666666666666666
trace_00040,trace_00051,commonsense_008,arith_011,commonsense_multihop,arithmetic,incorrect,incorrect,False,True,0.40563906222956636,0.5
trace_00040,trace_00052,commonsense_008,logic_011,commonsense_multihop,symbolic_logic,incorrect,correct,False,False,0.30807904596723146,0.41666666666666663
trace_00040,trace_00053,commonsense_008,temporal_011,commonsense_multihop,temporal_ordering,incorrect,incorrect,False,True,0.6556390622295665,0.75
trace_00040,trace_00054,commonsense_008,causal_011,commonsense_multihop,causal_micro_world,incorrect,incorrect,False,True,0.30807904596723146,0.41666666666666663
trace_00040,trace_00055,commonsense_008,commonsense_011,commonsense_multihop,commonsense_multihop,incorrect,correct,True,False,0.4660044828669804,0.5
trace_00040,trace_00056,commonsense_008,arith_012,commonsense_multihop,arithmetic,incorrect,correct,False,False,0.5,0.5
trace_00040,trace_00057,commonsense_008,logic_012,commonsense_multihop,symbolic_logic,incorrect,correct,False,False,0.5487949406953987,0.75
trace_00040,trace_00058,commonsense_008,temporal_012,commonsense_multihop,temporal_ordering,incorrect,incorrect,False,True,0.42528358731335336,0.5
trace_00040,trace_00059,commonsense_008,causal_012,commonsense_multihop,causal_micro_world,incorrect,correct,False,False,0.5,0.5
trace_00040,trace_00060,commonsense_008,commonsense_012,commonsense_multihop,commonsense_multihop,incorrect,incorrect,True,True,0.20798473969193812,0.41666666666666663
trace_00040,trace_00061,commonsense_008,arith_013,commonsense_multihop,arithmetic,incorrect,correct,False,False,0.44221575217029907,0.5833333333333333
trace_00040,trace_00062,commonsense_008,logic_013,commonsense_multihop,symbolic_logic,incorrect,correct,False,False,0.3855059044667445,0.55
trace_00040,trace_00063,commonsense_008,temporal_013,commonsense_multihop,temporal_ordering,incorrect,incorrect,False,True,0.1556390622295664,0.25
trace_00040,trace_00064,commonsense_008,causal_013,commonsense_multihop,causal_micro_world,incorrect,incorrect,False,True,0.42528358731335336,0.49999999999999994
trace_00040,trace_00065,commonsense_008,commonsense_013,commonsense_multihop,commonsense_multihop,incorrect,incorrect,True,True,0.1556390622295664,0.25
trace_00040,trace_00066,commonsense_008,arith_014,commonsense_multihop,arithmetic,incorrect,correct,False,False,0.30807904596723146,0.41666666666666663
trace_00040,trace_00067,commonsense_008,logic_014,commonsense_multihop,symbolic_logic,incorrect,incorrect,False,True,0.7126417936566767,0.75
trace_00040,trace_00068,commonsense_008,temporal_014,commonsense_multihop,temporal_ordering,incorrect,incorrect,False,True,0.020720839623908215,0.16666666666666666
trace_00040,trace_00069,commonsense_008,causal_014,commonsense_multihop,causal_micro_world,incorrect,correct,False,False,0.1556390622295664,0.25
trace_00040,trace_00070,commonsense_008,commonsense_014,commonsense_multihop,commonsense_multihop,incorrect,correct,True,False,0.2977186261552774,0.3333333333333333
trace_00040,trace_00071,commonsense_008,arith_015,commonsense_multihop,arithmetic,incorrect,correct,False,False,0.5,0.5
trace_00040,trace_00072,commonsense_008,logic_015,commonsense_multihop,symbolic_logic,incorrect,incorrect,False,True,0.020720839623908215,0.16666666666666666
trace_00040,trace_00073,commonsense_008,temporal_015,commonsense_multihop,temporal_ordering,incorrect,incorrect,False,True,0.2519235740744792,0.4
trace_00040,trace_00074,commonsense_008,causal_015,commonsense_multihop,causal_micro_world,incorrect,correct,False,False,1.0,1.0
trace_00040,trace_00075,commonsense_008,commonsense_015,commonsense_multihop,commonsense_multihop,incorrect,correct,True,False,0.06127812445913278,0.25
trace_00040,trace_00076,commonsense_008,arith_016,commonsense_multihop,arithmetic,incorrect,correct,False,False,0.306355089400266,0.4642857142857143
trace_00040,trace_00077,commonsense_008,logic_016,commonsense_multihop,symbolic_logic,incorrect,correct,False,False,0.30807904596723146,0.41666666666666663
trace_00040,trace_00078,commonsense_008,temporal_016,commonsense_multihop,temporal_ordering,incorrect,incorrect,False,True,0.1556390622295664,0.25
trace_00040,trace_00079,commonsense_008,causal_016,commonsense_multihop,causal_micro_world,incorrect,incorrect,False,True,0.1556390622295664,0.25
trace_00040,trace_00080,commonsense_008,commonsense_016,commonsense_multihop,commonsense_multihop,incorrect,correct,True,False,0.5,0.5
trace_00040,trace_00081,commonsense_008,arith_017,commonsense_multihop,arithmetic,incorrect,correct,False,False,0.1556390622295664,0.25
trace_00040,trace_00082,commonsense_008,logic_017,commonsense_multihop,symbolic_logic,incorrect,incorrect,False,True,0.6556390622295665,0.75
trace_00040,trace_00083,commonsense_008,temporal_017,commonsense_multihop,temporal_ordering,incorrect,incorrect,False,True,0.020720839623908215,0.16666666666666666
trace_00040,trace_00084,commonsense_008,causal_017,commonsense_multihop,causal_micro_world,incorrect,correct,False,False,0.5,0.5
trace_00040,trace_00085,commonsense_008,commonsense_017,commonsense_multihop,commonsense_multihop,incorrect,incorrect,True,True,0.7126417936566767,0.75
trace_00040,trace_00086,commonsense_008,arith_018,commonsense_multihop,arithmetic,incorrect,correct,False,False,0.30807904596723146,0.41666666666666663
trace_00040,trace_00087,commonsense_008,logic_018,commonsense_multihop,symbolic_logic,incorrect,correct,False,False,0.020720839623908215,0.16666666666666666
trace_00040,trace_00088,commonsense_008,temporal_018,commonsense_multihop,temporal_ordering,incorrect,incorrect,False,True,0.1556390622295664,0.25
trace_00040,trace_00089,commonsense_008,causal_018,commonsense_multihop,causal_micro_world,incorrect,correct,False,False,0.5,0.5
trace_00040,trace_00090,commonsense_008,commonsense_018,commonsense_multihop,commonsense_multihop,incorrect,incorrect,True,True,0.25,0.25
trace_00040,trace_00091,commonsense_008,arith_019,commonsense_multihop,arithmetic,incorrect,correct,False,False,0.1556390622295664,0.25
trace_00040,trace_00092,commonsense_008,logic_019,commonsense_multihop,symbolic_logic,incorrect,correct,False,False,0.0954372523105548,0.16666666666666669
trace_00040,trace_00093,commonsense_008,temporal_019,commonsense_multihop,temporal_ordering,incorrect,incorrect,False,True,0.30807904596723146,0.41666666666666663
trace_00040,trace_00094,commonsense_008,causal_019,commonsense_multihop,causal_micro_world,incorrect,correct,False,False,0.42528358731335336,0.5
trace_00040,trace_00095,commonsense_008,commonsense_019,commonsense_multihop,commonsense_multihop,incorrect,correct,True,False,0.42528358731335336,0.5
trace_00040,trace_00096,commonsense_008,arith_020,commonsense_multihop,arithmetic,incorrect,correct,False,False,0.40563906222956636,0.5
trace_00040,trace_00097,commonsense_008,logic_020,commonsense_multihop,symbolic_logic,incorrect,incorrect,False,True,0.6556390622295665,0.75
trace_00040,trace_00098,commonsense_008,temporal_020,commonsense_multihop,temporal_ordering,incorrect,incorrect,False,True,0.42528358731335336,0.5
trace_00040,trace_00099,commonsense_008,causal_020,commonsense_multihop,causal_micro_world,incorrect,correct,False,False,0.5,0.5
trace_00040,trace_00100,commonsense_008,commonsense_020,commonsense_multihop,commonsense_multihop,incorrect,correct,True,False,0.16251379100314456,0.35
trace_00041,trace_00042,arith_009,logic_009,arithmetic,symbolic_logic,correct,incorrect,False,False,0.6284905946211771,0.7142857142857142
trace_00041,trace_00043,arith_009,temporal_009,arithmetic,temporal_ordering,correct,incorrect,False,False,0.20369027339929013,0.38095238095238093
trace_00041,trace_00044,arith_009,causal_009,arithmetic,causal_micro_world,correct,correct,False,True,0.5803376670330035,0.7142857142857142
trace_00041,trace_00045,arith_009,commonsense_009,arithmetic,commonsense_multihop,correct,incorrect,False,False,0.3689636950003199,0.5142857142857142
trace_00041,trace_00046,arith_009,arith_010,arithmetic,arithmetic,correct,correct,True,True,0.14306278172719833,0.3142857142857143
trace_00041,trace_00047,arith_009,logic_010,arithmetic,symbolic_logic,correct,incorrect,False,False,0.37050650054950524,0.5714285714285714
trace_00041,trace_00048,arith_009,temporal_010,arithmetic,temporal_ordering,correct,incorrect,False,False,0.4135214398827884,0.5238095238095237
trace_00041,trace_00049,arith_009,causal_010,arithmetic,causal_micro_world,correct,incorrect,False,False,0.6233526063662866,0.6666666666666665
trace_00041,trace_00050,arith_009,commonsense_010,arithmetic,commonsense_multihop,correct,correct,False,True,0.4135214398827884,0.5238095238095237
trace_00041,trace_00051,arith_009,arith_011,arithmetic,arithmetic,correct,incorrect,True,False,0.306355089400266,0.46428571428571425
trace_00041,trace_00052,arith_009,logic_011,arithmetic,symbolic_logic,correct,correct,False,True,0.4135214398827884,0.5238095238095237
trace_00041,trace_00053,arith_009,temporal_011,arithmetic,temporal_ordering,correct,incorrect,False,False,0.5087256743873156,0.7142857142857142
trace_00041,trace_00054,arith_009,causal_011,arithmetic,causal_micro_world,correct,incorrect,False,False,0.5803376670330035,0.7142857142857142
trace_00041,trace_00055,arith_009,commonsense_011,arithmetic,commonsense_multihop,correct,correct,False,True,0.6064446425480758,0.7142857142857142
trace_00041,trace_00056,arith_009,arith_012,arithmetic,arithmetic,correct,correct,True,True,0.6284905946211771,0.7142857142857142
trace_00041,trace_00057,arith_009,logic_012,arithmetic,symbolic_logic,correct,correct,False,True,0.37050650054950524,0.5714285714285714
trace_00041,trace_00058,arith_009,temporal_012,arithmetic,temporal_ordering,correct,incorrect,False,False,0.20369027339929013,0.38095238095238093
trace_00041,trace_00059,arith_009,causal_012,arithmetic,causal_micro_world,correct,correct,False,True,0.6284905946211771,0.7142857142857142
trace_00041,trace_00060,arith_009,commonsense_012,arithmetic,commonsense_multihop,correct,incorrect,False,False,0.7278806692789084,0.857142857142857
trace_00041,trace_00061,arith_009,arith_013,arithmetic,arithmetic,correct,correct,True,True,0.16105057504114262,0.23809523809523805
trace_00041,trace_00062,arith_009,logic_013,arithmetic,symbolic_logic,correct,correct,False,True,0.43835909240267823,0.5714285714285714
trace_00041,trace_00063,arith_009,temporal_013,arithmetic,temporal_ordering,correct,incorrect,False,False,0.7543628371936578,0.8571428571428572
trace_00041,trace_00064,arith_009,causal_013,arithmetic,causal_micro_world,correct,incorrect,False,False,0.7901688335165018,0.857142857142857
trace_00041,trace_00065,arith_009,commonsense_013,arithmetic,commonsense_multihop,correct,incorrect,False,False,0.306355089400266,0.46428571428571425
trace_00041,trace_00066,arith_009,arith_014,arithmetic,arithmetic,correct,correct,True,True,0.31515125214952394,0.38095238095238093
trace_00041,trace_00067,arith_009,logic_014,arithmetic,symbolic_logic,correct,incorrect,False,False,0.3512332756451951,0.5238095238095237
trace_00041,trace_00068,arith_009,temporal_014,arithmetic,temporal_ordering,correct,incorrect,False,False,0.4135214398827884,0.5238095238095237
trace_00041,trace_00069,arith_009,causal_014,arithmetic,causal_micro_world,correct,correct,False,True,0.7543628371936578,0.8571428571428572
trace_00041,trace_00070,arith_009,commonsense_014,arithmetic,commonsense_multihop,correct,correct,False,True,0.5355703779926533,0.6904761904761905
trace_00041,trace_00071,arith_009,arith_015,arithmetic,arithmetic,correct,correct,True,True,0.6284905946211771,0.7142857142857142
trace_00041,trace_00072,arith_009,logic_015,arithmetic,symbolic_logic,correct,incorrect,False,False,0.5913008673677702,0.6904761904761905
trace_00041,trace_00073,arith_009,temporal_015,arithmetic,temporal_ordering,correct,incorrect,False,False,0.3227272760930254,0.5142857142857142
trace_00041,trace_00074,arith_009,causal_015,arithmetic,causal_micro_world,correct,correct,False,True,0.6893917467430877,0.8571428571428572
trace_00041,trace_00075,arith_009,commonsense_015,arithmetic,commonsense_multihop,correct,correct,False,True,0.4322273319727467,0.6071428571428572
trace_00041,trace_00076,arith_009,arith_016,arithmetic,arithmetic,correct,correct,True,True,0.2317937498454665,0.2857142857142857
trace_00041,trace_00077,arith_009,logic_016,arithmetic,symbolic_logic,correct,correct,False,True,0.5803376670330035,0.7142857142857142
trace_00041,trace_00078,arith_009,temporal_016,arithmetic,temporal_ordering,correct,incorrect,False,False,0.306355089400266,0.46428571428571425
trace_00041,trace_00079,arith_009,causal_016,arithmetic,causal_micro_world,correct,incorrect,False,False,0.7543628371936578,0.8571428571428572
trace_00041,trace_00080,arith_009,commonsense_016,arithmetic,commonsense_multihop,correct,correct,False,True,0.7543628371936578,0.8571428571428572
trace_00041,trace_00081,arith_009,arith_017,arithmetic,arithmetic,correct,correct,True,True,0.2251120335231676,0.35714285714285715
trace_00041,trace_00082,arith_009,logic_017,arithmetic,symbolic_logic,correct,incorrect,False,False,0.2920608058685138,0.42857142857142855
trace_00041,trace_00083,arith_009,temporal_017,arithmetic,temporal_ordering,correct,incorrect,False,False,0.4135214398827884,0.5238095238095237
trace_00041,trace_00084,arith_009,causal_017,arithmetic,causal_micro_world,correct,correct,False,True,0.7543628371936578,0.8571428571428572
trace_00041,trace_00085,arith_009,commonsense_017,arithmetic,commonsense_multihop,correct,incorrect,False,False,0.5180495027954102,0.7142857142857142
trace_00041,trace_00086,arith_009,arith_018,arithmetic,arithmetic,correct,correct,True,True,0.31515125214952394,0.38095238095238093
trace_00041,trace_00087,arith_009,logic_018,arithmetic,symbolic_logic,correct,correct,False,True,0.4135214398827884,0.5238095238095237
trace_00041,trace_00088,arith_009,temporal_018,arithmetic,temporal_ordering,correct,incorrect,False,False,0.7543628371936578,0.8571428571428572
trace_00041,trace_00089,arith_009,causal_018,arithmetic,causal_micro_world,correct,correct,False,True,0.03935733083375617,0.21428571428571427
trace_00041,trace_00090,arith_009,commonsense_018,arithmetic,commonsense_multihop,correct,incorrect,False,False,0.4921097920896774,0.6071428571428572
trace_00041,trace_00091,arith_009,arith_019,arithmetic,arithmetic,correct,correct,True,True,0.2251120335231676,0.35714285714285715
trace_00041,trace_00092,arith_009,logic_019,arithmetic,symbolic_logic,correct,correct,False,True,0.43720019025938883,0.5476190476190477
trace_00041,trace_00093,arith_009,temporal_019,arithmetic,temporal_ordering,correct,incorrect,False,False,0.5803376670330035,0.7142857142857142
trace_00041,trace_00094,arith_009,causal_019,arithmetic,causal_micro_world,correct,correct,False,True,0.20369027339929013,0.38095238095238093
trace_00041,trace_00095,arith_009,commonsense_019,arithmetic,commonsense_multihop,correct,correct,False,True,0.20369027339929013,0.38095238095238093
trace_00041,trace_00096,arith_009,arith_020,arithmetic,arithmetic,correct,correct,True,True,0.2251120335231676,0.35714285714285715
trace_00041,trace_00097,arith_009,logic_020,arithmetic,symbolic_logic,correct,incorrect,False,False,0.5087256743873156,0.7142857142857142
trace_00041,trace_00098,arith_009,temporal_020,arithmetic,temporal_ordering,correct,incorrect,False,False,0.10532008566602571,0.23809523809523808
trace_00041,trace_00099,arith_009,causal_020,arithmetic,causal_micro_world,correct,correct,False,True,0.7543628371936578,0.8571428571428572
trace_00041,trace_00100,arith_009,commonsense_020,arithmetic,commonsense_multihop,correct,correct,False,True,0.2501146974943854,0.3142857142857143
trace_00042,trace_00043,logic_009,temporal_009,symbolic_logic,temporal_ordering,incorrect,incorrect,False,True,0.42528358731335336,0.5
trace_00042,trace_00044,logic_009,causal_009,symbolic_logic,causal_micro_world,incorrect,correct,False,False,0.020720839623908215,0.16666666666666666
trace_00042,trace_00045,logic_009,commonsense_009,symbolic_logic,commonsense_multihop,incorrect,incorrect,False,True,0.16251379100314456,0.35
trace_00042,trace_00046,logic_009,arith_010,symbolic_logic,arithmetic,incorrect,correct,False,False,0.2519235740744792,0.4
trace_00042,trace_00047,logic_009,logic_010,symbolic_logic,symbolic_logic,incorrect,incorrect,True,True,1.0,1.0
trace_00042,trace_00048,logic_009,temporal_010,symbolic_logic,temporal_ordering,incorrect,incorrect,False,True,0.30807904596723146,0.41666666666666663
trace_00042,trace_00049,logic_009,causal_010,symbolic_logic,causal_micro_world,incorrect,incorrect,False,True,0.42528358731335336,0.49999999999999994
trace_00042,trace_00050,logic_009,commonsense_010,symbolic_logic,commonsense_multihop,incorrect,correct,False,False,0.30807904596723146,0.41666666666666663
trace_00042,trace_00051,logic_009,arith_011,symbolic_logic,arithmetic,incorrect,incorrect,False,True,0.6556390622295665,0.75
trace_00042,trace_00052,logic_009,logic_011,symbolic_logic,symbolic_logic,incorrect,correct,True,False,0.30807904596723146,0.41666666666666663
trace_00042,trace_00053,logic_009,temporal_011,symbolic_logic,temporal_ordering,incorrect,incorrect,False,True,0.3112781244591328,0.5
trace_00042,trace_00054,logic_009,causal_011,symbolic_logic,causal_micro_world,incorrect,incorrect,False,True,0.020720839623908215,0.16666666666666666
trace_00042,trace_00055,logic_009,commonsense_011,symbolic_logic,commonsense_multihop,incorrect,correct,False,False,0.19900672430047056,0.24999999999999997
trace_00042,trace_00056,logic_009,arith_012,symbolic_logic,arithmetic,incorrect,correct,False,False,0.5,0.5
trace_00042,trace_00057,logic_009,logic_012,symbolic_logic,symbolic_logic,incorrect,correct,True,False,1.0,1.0
trace_00042,trace_00058,logic_009,temporal_012,symbolic_logic,temporal_ordering,incorrect,incorrect,False,True,0.42528358731335336,0.5
trace_00042,trace_00059,logic_009,causal_012,symbolic_logic,causal_micro_world,incorrect,correct,False,False,0.5,0.5
trace_00042,trace_00060,logic_009,commonsense_012,symbolic_logic,commonsense_multihop,incorrect,incorrect,False,True,0.20798473969193812,0.41666666666666663
trace_00042,trace_00061,logic_009,arith_013,symbolic_logic,arithmetic,incorrect,correct,False,False,0.5272925846688998,0.6666666666666666
trace_00042,trace_00062,logic_009,logic_013,symbolic_logic,symbolic_logic,incorrect,correct,True,False,0.3855059044667445,0.55
trace_00042,trace_00063,logic_009,temporal_013,symbolic_logic,temporal_ordering,incorrect,incorrect,False,True,0.1556390622295664,0.25
trace_00042,trace_00064,logic_009,causal_013,symbolic_logic,causal_micro_world,incorrect,incorrect,False,True,0.1379253809700301,0.24999999999999997
trace_00042,trace_00065,logic_009,commonsense_013,symbolic_logic,commonsense_multihop,incorrect,incorrect,False,True,0.1556390622295664,0.25
trace_00042,trace_00066,logic_009,arith_014,symbolic_logic,arithmetic,incorrect,correct,False,False,0.5954372523105549,0.6666666666666666
trace_00042,trace_00067,logic_009,logic_014,symbolic_logic,symbolic_logic,incorrect,incorrect,True,True,0.6125474873813833,0.75
trace_00042,trace_00068,logic_009,temporal_014,symbolic_logic,temporal_ordering,incorrect,incorrect,False,True,0.30807904596723146,0.41666666666666663
trace_00042,trace_00069,logic_009,causal_014,symbolic_logic,causal_micro_world,incorrect,correct,False,False,0.1556390622295664,0.25
trace_00042,trace_00070,logic_009,commonsense_014,symbolic_logic,commonsense_multihop,incorrect,correct,False,False,0.21264179365667668,0.25
trace_00042,trace_00071,logic_009,arith_015,symbolic_logic,arithmetic,incorrect,correct,False,False,0.5,0.5
trace_00042,trace_00072,logic_009,logic_015,symbolic_logic,symbolic_logic,incorrect,incorrect,True,True,0.2230022134686308,0.3333333333333333
trace_00042,trace_00073,logic_009,temporal_015,symbolic_logic,temporal_ordering,incorrect,incorrect,False,True,0.16251379100314456,0.35
trace_00042,trace_00074,logic_009,causal_015,symbolic_logic,causal_micro_world,incorrect,correct,False,False,0.5487949406953987,0.75
trace_00042,trace_00075,logic_009,commonsense_015,symbolic_logic,commonsense_multihop,incorrect,correct,False,False,0.3112781244591328,0.5
trace_00042,trace_00076,logic_009,arith_016,symbolic_logic,arithmetic,incorrect,correct,False,False,0.44273589193176566,0.5714285714285714
trace_00042,trace_00077,logic_009,logic_016,symbolic_logic,symbolic_logic,incorrect,correct,True,False,0.020720839623908215,0.16666666666666666
trace_00042,trace_00078,logic_009,temporal_016,symbolic_logic,temporal_ordering,incorrect,incorrect,False,True,0.1556390622295664,0.25
trace_00042,trace_00079,logic_009,causal_016,symbolic_logic,causal_micro_world,incorrect,incorrect,False,True,0.1556390622295664,0.25
trace_00042,trace_00080,logic_009,commonsense_016,symbolic_logic,commonsense_multihop,incorrect,correct,False,False,0.1556390622295664,0.25
trace_00042,trace_00081,logic_009,arith_017,symbolic_logic,arithmetic,incorrect,correct,False,False,0.40563906222956636,0.5
trace_00042,trace_00082,logic_009,logic_017,symbolic_logic,symbolic_logic,incorrect,incorrect,True,True,0.6556390622295665,0.75
trace_00042,trace_00083,logic_009,temporal_017,symbolic_logic,temporal_ordering,incorrect,incorrect,False,True,0.30807904596723146,0.41666666666666663
trace_00042,trace_00084,logic_009,causal_017,symbolic_logic,causal_micro_world,incorrect,correct,False,False,0.1556390622295664,0.25
trace_00042,trace_00085,logic_009,commonsense_017,symbolic_logic,commonsense_multihop,incorrect,incorrect,False,True,0.32518928103806,0.5
trace_00042,trace_00086,logic_009,arith_018,symbolic_logic,arithmetic,incorrect,correct,False,False,0.5954372523105549,0.6666666666666666
trace_00042,trace_00087,logic_009,logic_018,symbolic_logic,symbolic_logic,incorrect,correct,True,False,0.30807904596723146,0.41666666666666663
trace_00042,trace_00088,logic_009,temporal_018,symbolic_logic,temporal_ordering,incorrect,incorrect,False,True,0.1556390622295664,0.25
trace_00042,trace_00089,logic_009,causal_018,symbolic_logic,causal_micro_world,incorrect,correct,False,False,0.5,0.5
trace_00042,trace_00090,logic_009,commonsense_018,symbolic_logic,commonsense_multihop,incorrect,incorrect,False,True,0.25,0.25
trace_00042,trace_00091,logic_009,arith_019,symbolic_logic,arithmetic,incorrect,correct,False,False,0.40563906222956636,0.5
trace_00042,trace_00092,logic_009,logic_019,symbolic_logic,symbolic_logic,incorrect,correct,True,False,0.0954372523105548,0.16666666666666669
trace_00042,trace_00093,logic_009,temporal_019,symbolic_logic,temporal_ordering,incorrect,incorrect,False,True,0.020720839623908215,0.16666666666666666
trace_00042,trace_00094,logic_009,causal_019,symbolic_logic,causal_micro_world,incorrect,correct,False,False,0.42528358731335336,0.5
trace_00042,trace_00095,logic_009,commonsense_019,symbolic_logic,commonsense_multihop,incorrect,correct,False,False,0.42528358731335336,0.5
trace_00042,trace_00096,logic_009,arith_020,symbolic_logic,arithmetic,incorrect,correct,False,False,0.40563906222956636,0.5
trace_00042,trace_00097,logic_009,logic_020,symbolic_logic,symbolic_logic,incorrect,incorrect,True,True,0.3112781244591328,0.5
trace_00042,trace_00098,logic_009,temporal_020,symbolic_logic,temporal_ordering,incorrect,incorrect,False,True,0.7126417936566767,0.7499999999999999
trace_00042,trace_00099,logic_009,causal_020,symbolic_logic,causal_micro_world,incorrect,correct,False,False,0.1556390622295664,0.25
trace_00042,trace_00100,logic_009,commonsense_020,symbolic_logic,commonsense_multihop,incorrect,correct,False,False,0.2519235740744792,0.4
trace_00043,trace_00044,temporal_009,causal_009,temporal_ordering,causal_micro_world,incorrect,correct,False,False,0.3333333333333333,0.3333333333333333
trace_00043,trace_00045,temporal_009,commonsense_009,temporal_ordering,commonsense_multihop,incorrect,incorrect,False,True,0.3810065216784586,0.4666666666666667
trace_00043,trace_00046,temporal_009,arith_010,temporal_ordering,arithmetic,incorrect,correct,False,False,0.236452797660028,0.3999999999999999
trace_00043,trace_00047,temporal_009,logic_010,temporal_ordering,symbolic_logic,incorrect,incorrect,False,True,0.4591479170272448,0.6666666666666667
trace_00043,trace_00048,temporal_009,temporal_010,temporal_ordering,temporal_ordering,incorrect,incorrect,True,True,0.3333333333333333,0.3333333333333333
trace_00043,trace_00049,temporal_009,causal_010,temporal_ordering,causal_micro_world,incorrect,incorrect,False,True,0.6666666666666666,0.6666666666666666
trace_00043,trace_00050,temporal_009,commonsense_010,temporal_ordering,commonsense_multihop,incorrect,correct,False,False,0.3333333333333333,0.3333333333333333
trace_00043,trace_00051,temporal_009,arith_011,temporal_ordering,arithmetic,incorrect,incorrect,False,True,0.7126417936566767,0.75
trace_00043,trace_00052,temporal_009,logic_011,temporal_ordering,symbolic_logic,incorrect,correct,False,False,0.3333333333333333,0.3333333333333333
trace_00043,trace_00053,temporal_009,temporal_011,temporal_ordering,temporal_ordering,incorrect,incorrect,True,True,0.1908745046211096,0.33333333333333337
trace_00043,trace_00054,temporal_009,causal_011,temporal_ordering,causal_micro_world,incorrect,incorrect,False,True,0.3333333333333333,0.3333333333333333
trace_00043,trace_00055,temporal_009,commonsense_011,temporal_ordering,commonsense_multihop,incorrect,correct,False,False,0.6917986457832372,0.7142857142857142
trace_00043,trace_00056,temporal_009,arith_012,temporal_ordering,arithmetic,incorrect,correct,False,False,1.0,1.0
trace_00043,trace_00057,temporal_009,logic_012,temporal_ordering,symbolic_logic,incorrect,correct,False,False,0.4591479170272448,0.6666666666666667
trace_00043,trace_00058,temporal_009,temporal_012,temporal_ordering,temporal_ordering,incorrect,incorrect,True,True,0.0,0.0
trace_00043,trace_00059,temporal_009,causal_012,temporal_ordering,causal_micro_world,incorrect,correct,False,False,1.0,1.0
trace_00043,trace_00060,temporal_009,commonsense_012,temporal_ordering,commonsense_multihop,incorrect,incorrect,False,True,0.5408520829727551,0.6666666666666666
trace_00043,trace_00061,temporal_009,arith_013,temporal_ordering,arithmetic,incorrect,correct,False,False,0.43709270815304424,0.5
trace_00043,trace_00062,temporal_009,logic_013,temporal_ordering,symbolic_logic,incorrect,correct,False,False,0.6355222557917826,0.6666666666666667
trace_00043,trace_00063,temporal_009,temporal_013,temporal_ordering,temporal_ordering,incorrect,incorrect,True,True,0.5954372523105549,0.6666666666666666
trace_00043,trace_00064,temporal_009,causal_013,temporal_ordering,causal_micro_world,incorrect,incorrect,False,True,0.6666666666666666,0.6666666666666666
trace_00043,trace_00065,temporal_009,commonsense_013,temporal_ordering,commonsense_multihop,incorrect,incorrect,False,True,0.13792538097003013,0.24999999999999997
trace_00043,trace_00066,temporal_009,arith_014,temporal_ordering,arithmetic,incorrect,correct,False,False,0.6666666666666666,0.6666666666666666
trace_00043,trace_00067,temporal_009,logic_014,temporal_ordering,symbolic_logic,incorrect,incorrect,False,True,0.20751874963942185,0.3333333333333333
trace_00043,trace_00068,temporal_009,temporal_014,temporal_ordering,temporal_ordering,incorrect,incorrect,True,True,0.3333333333333333,0.3333333333333333
trace_00043,trace_00069,temporal_009,causal_014,temporal_ordering,causal_micro_world,incorrect,correct,False,False,0.5954372523105549,0.6666666666666666
trace_00043,trace_00070,temporal_009,commonsense_014,temporal_ordering,commonsense_multihop,incorrect,correct,False,False,0.43709270815304424,0.5
trace_00043,trace_00071,temporal_009,arith_015,temporal_ordering,arithmetic,incorrect,correct,False,False,1.0,1.0
trace_00043,trace_00072,temporal_009,logic_015,temporal_ordering,symbolic_logic,incorrect,incorrect,False,True,0.5408520829727551,0.6666666666666666
trace_00043,trace_00073,temporal_009,temporal_015,temporal_ordering,temporal_ordering,incorrect,incorrect,True,True,0.1264907875651346,0.26666666666666666
trace_00043,trace_00074,temporal_009,causal_015,temporal_ordering,causal_micro_world,incorrect,correct,False,False,0.4591479170272448,0.6666666666666666
trace_00043,trace_00075,temporal_009,commonsense_015,temporal_ordering,commonsense_multihop,incorrect,correct,False,False,0.3080790459672315,0.41666666666666663
trace_00043,trace_00076,temporal_009,arith_016,temporal_ordering,arithmetic,incorrect,correct,False,False,0.41352143988278833,0.5238095238095237
trace_00043,trace_00077,temporal_009,logic_016,temporal_ordering,symbolic_logic,incorrect,correct,False,False,0.3333333333333333,0.3333333333333333
trace_00043,trace_00078,temporal_009,temporal_016,temporal_ordering,temporal_ordering,incorrect,incorrect,True,True,0.13792538097003013,0.24999999999999997
trace_00043,trace_00079,temporal_009,causal_016,temporal_ordering,causal_micro_world,incorrect,incorrect,False,True,0.5954372523105549,0.6666666666666666
trace_00043,trace_00080,temporal_009,commonsense_016,temporal_ordering,commonsense_multihop,incorrect,correct,False,False,0.5954372523105549,0.6666666666666666
trace_00043,trace_00081,temporal_009,arith_017,temporal_ordering,arithmetic,incorrect,correct,False,False,0.42528358731335336,0.5
trace_00043,trace_00082,temporal_009,logic_017,temporal_ordering,symbolic_logic,incorrect,incorrect,False,True,0.1908745046211096,0.33333333333333337
trace_00043,trace_00083,temporal_009,temporal_017,temporal_ordering,temporal_ordering,incorrect,incorrect,True,True,0.3333333333333333,0.3333333333333333
trace_00043,trace_00084,temporal_009,causal_017,temporal_ordering,causal_micro_world,incorrect,correct,False,False,0.5954372523105549,0.6666666666666666
trace_00043,trace_00085,temporal_009,commonsense_017,temporal_ordering,commonsense_multihop,incorrect,incorrect,False,True,0.20751874963942185,0.3333333333333333
trace_00043,trace_00086,temporal_009,arith_018,temporal_ordering,arithmetic,incorrect,correct,False,False,0.6666666666666666,0.6666666666666666
trace_00043,trace_00087,temporal_009,logic_018,temporal_ordering,symbolic_logic,incorrect,correct,False,False,0.3333333333333333,0.3333333333333333
trace_00043,trace_00088,temporal_009,temporal_018,temporal_ordering,temporal_ordering,incorrect,incorrect,True,True,0.5954372523105549,0.6666666666666666
trace_00043,trace_00089,temporal_009,causal_018,temporal_ordering,causal_micro_world,incorrect,correct,False,False,0.13792538097003013,0.24999999999999997
trace_00043,trace_00090,temporal_009,commonsense_018,temporal_ordering,commonsense_multihop,incorrect,incorrect,False,True,0.42528358731335336,0.5
trace_00043,trace_00091,temporal_009,arith_019,temporal_ordering,arithmetic,incorrect,correct,False,False,0.42528358731335336,0.5
trace_00043,trace_00092,temporal_009,logic_019,temporal_ordering,symbolic_logic,incorrect,correct,False,False,0.3112781244591328,0.5
trace_00043,trace_00093,temporal_009,temporal_019,temporal_ordering,temporal_ordering,incorrect,incorrect,True,True,0.3333333333333333,0.3333333333333333
trace_00043,trace_00094,temporal_009,causal_019,temporal_ordering,causal_micro_world,incorrect,correct,False,False,0.0,0.0
trace_00043,trace_00095,temporal_009,commonsense_019,temporal_ordering,commonsense_multihop,incorrect,correct,False,False,0.0,0.0
trace_00043,trace_00096,temporal_009,arith_020,temporal_ordering,arithmetic,incorrect,correct,False,False,0.42528358731335336,0.5
trace_00043,trace_00097,temporal_009,logic_020,temporal_ordering,symbolic_logic,incorrect,incorrect,False,True,0.1908745046211096,0.33333333333333337
trace_00043,trace_00098,temporal_009,temporal_020,temporal_ordering,temporal_ordering,incorrect,incorrect,True,True,0.3333333333333333,0.3333333333333333
trace_00043,trace_00099,temporal_009,causal_020,temporal_ordering,causal_micro_world,incorrect,correct,False,False,0.5954372523105549,0.6666666666666666
trace_00043,trace_00100,temporal_009,commonsense_020,temporal_ordering,commonsense_multihop,incorrect,correct,False,False,0.1264907875651346,0.26666666666666666
trace_00044,trace_00045,causal_009,commonsense_009,causal_micro_world,commonsense_multihop,correct,incorrect,False,False,0.1264907875651346,0.26666666666666666
trace_00044,trace_00046,causal_009,arith_010,causal_micro_world,arithmetic,correct,correct,False,True,0.236452797660028,0.3999999999999999
trace_00044,trace_00047,causal_009,logic_010,causal_micro_world,symbolic_logic,correct,incorrect,False,False,1.0,0.9999999999999999
trace_00044,trace_00048,causal_009,temporal_010,causal_micro_world,temporal_ordering,correct,incorrect,False,False,0.3333333333333333,0.3333333333333333
trace_00044,trace_00049,causal_009,causal_010,causal_micro_world,causal_micro_world,correct,incorrect,True,False,0.5408520829727551,0.6666666666666666
trace_00044,trace_00050,causal_009,commonsense_010,causal_micro_world,commonsense_multihop,correct,correct,False,True,0.3333333333333333,0.3333333333333333
trace_00044,trace_00051,causal_009,arith_011,causal_micro_world,arithmetic,correct,incorrect,False,False,0.7126417936566767,0.75
trace_00044,trace_00052,causal_009,logic_011,causal_micro_world,symbolic_logic,correct,correct,False,True,0.3333333333333333,0.3333333333333333
trace_00044,trace_00053,causal_009,temporal_011,causal_micro_world,temporal_ordering,correct,incorrect,False,False,0.1908745046211096,0.33333333333333337
trace_00044,trace_00054,causal_009,causal_011,causal_micro_world,causal_micro_world,correct,incorrect,True,False,0.0,0.0
trace_00044,trace_00055,causal_009,commonsense_011,causal_micro_world,commonsense_multihop,correct,correct,False,True,0.2622846388220226,0.38095238095238093
trace_00044,trace_00056,causal_009,arith_012,causal_micro_world,arithmetic,correct,correct,False,True,0.5954372523105548,0.6666666666666666
trace_00044,trace_00057,causal_009,logic_012,causal_micro_world,symbolic_logic,correct,correct,False,True,1.0,0.9999999999999999
trace_00044,trace_00058,causal_009,temporal_012,causal_micro_world,temporal_ordering,correct,incorrect,False,False,0.3333333333333333,0.3333333333333333
trace_00044,trace_00059,causal_009,causal_012,causal_micro_world,causal_micro_world,correct,correct,True,True,0.5954372523105548,0.6666666666666666
trace_00044,trace_00060,causal_009,commonsense_012,causal_micro_world,commonsense_multihop,correct,incorrect,False,False,0.20751874963942185,0.3333333333333333
trace_00044,trace_00061,causal_009,arith_013,causal_micro_world,arithmetic,correct,correct,False,True,0.5408520829727551,0.6666666666666666
trace_00044,trace_00062,causal_009,logic_013,causal_micro_world,symbolic_logic,correct,correct,False,True,0.3810065216784586,0.4666666666666667
trace_00044,trace_00063,causal_009,temporal_013,causal_micro_world,temporal_ordering,correct,incorrect,False,False,0.1908745046211096,0.33333333333333337
trace_00044,trace_00064,causal_009,causal_013,causal_micro_world,causal_micro_world,correct,incorrect,True,False,0.20751874963942185,0.3333333333333333
trace_00044,trace_00065,causal_009,commonsense_013,causal_micro_world,commonsense_multihop,correct,incorrect,False,False,0.13792538097003013,0.24999999999999997
trace_00044,trace_00066,causal_009,arith_014,causal_micro_world,arithmetic,correct,correct,False,True,0.6666666666666666,0.6666666666666666
trace_00044,trace_00067,causal_009,logic_014,causal_micro_world,symbolic_logic,correct,incorrect,False,False,0.5408520829727551,0.6666666666666666
trace_00044,trace_00068,causal_009,temporal_014,causal_micro_world,temporal_ordering,correct,incorrect,False,False,0.3333333333333333,0.3333333333333333
trace_00044,trace_00069,causal_009,causal_014,causal_micro_world,causal_micro_world,correct,correct,True,True,0.1908745046211096,0.33333333333333337
trace_00044,trace_00070,causal_009,commonsense_014,causal_micro_world,commonsense_multihop,correct,correct,False,True,0.26210391897722146,0.33333333333333337
trace_00044,trace_00071,causal_009,arith_015,causal_micro_world,arithmetic,correct,correct,False,True,0.5954372523105548,0.6666666666666666
trace_00044,trace_00072,causal_009,logic_015,causal_micro_world,symbolic_logic,correct,incorrect,False,False,0.3112781244591328,0.5
trace_00044,trace_00073,causal_009,temporal_015,causal_micro_world,temporal_ordering,correct,incorrect,False,False,0.1264907875651346,0.26666666666666666
trace_00044,trace_00074,causal_009,causal_015,causal_micro_world,causal_micro_world,correct,correct,True,True,0.4591479170272448,0.6666666666666666
trace_00044,trace_00075,causal_009,commonsense_015,causal_micro_world,commonsense_multihop,correct,correct,False,True,0.3080790459672315,0.41666666666666663
trace_00044,trace_00076,causal_009,arith_016,causal_micro_world,arithmetic,correct,correct,False,True,0.48196747929973904,0.5714285714285714
trace_00044,trace_00077,causal_009,logic_016,causal_micro_world,symbolic_logic,correct,correct,False,True,0.0,0.0
trace_00044,trace_00078,causal_009,temporal_016,causal_micro_world,temporal_ordering,correct,incorrect,False,False,0.13792538097003013,0.24999999999999997
trace_00044,trace_00079,causal_009,causal_016,causal_micro_world,causal_micro_world,correct,incorrect,True,False,0.1908745046211096,0.33333333333333337
trace_00044,trace_00080,causal_009,commonsense_016,causal_micro_world,commonsense_multihop,correct,correct,False,True,0.1908745046211096,0.33333333333333337
trace_00044,trace_00081,causal_009,arith_017,causal_micro_world,arithmetic,correct,correct,False,True,0.42528358731335336,0.5
trace_00044,trace_00082,causal_009,logic_017,causal_micro_world,symbolic_logic,correct,incorrect,False,False,0.5954372523105549,0.6666666666666666
trace_00044,trace_00083,causal_009,temporal_017,causal_micro_world,temporal_ordering,correct,incorrect,False,False,0.3333333333333333,0.3333333333333333
trace_00044,trace_00084,causal_009,causal_017,causal_micro_world,causal_micro_world,correct,correct,True,True,0.1908745046211096,0.33333333333333337
trace_00044,trace_00085,causal_009,commonsense_017,causal_micro_world,commonsense_multihop,correct,incorrect,False,False,0.20751874963942185,0.3333333333333333
trace_00044,trace_00086,causal_009,arith_018,causal_micro_world,arithmetic,correct,correct,False,True,0.6666666666666666,0.6666666666666666
trace_00044,trace_00087,causal_009,logic_018,causal_micro_world,symbolic_logic,correct,correct,False,True,0.3333333333333333,0.3333333333333333
trace_00044,trace_00088,causal_009,temporal_018,causal_micro_world,temporal_ordering,correct,incorrect,False,False,0.1908745046211096,0.33333333333333337
trace_00044,trace_00089,causal_009,causal_018,causal_micro_world,causal_micro_world,correct,correct,True,True,0.42528358731335336,0.5
trace_00044,trace_00090,causal_009,commonsense_018,causal_micro_world,commonsense_multihop,correct,incorrect,False,False,0.30807904596723146,0.41666666666666663
trace_00044,trace_00091,causal_009,arith_019,causal_micro_world,arithmetic,correct,correct,False,True,0.42528358731335336,0.5
trace_00044,trace_00092,causal_009,logic_019,causal_micro_world,symbolic_logic,correct,correct,False,True,0.13628933528331,0.33333333333333337
trace_00044,trace_00093,causal_009,temporal_019,causal_micro_world,temporal_ordering,correct,incorrect,False,False,0.0,0.0
trace_00044,trace_00094,causal_009,causal_019,causal_micro_world,causal_micro_world,correct,correct,True,True,0.3333333333333333,0.3333333333333333
trace_00044,trace_00095,causal_009,commonsense_019,causal_micro_world,commonsense_multihop,correct,correct,False,True,0.3333333333333333,0.3333333333333333
trace_00044,trace_00096,causal_009,arith_020,causal_micro_world,arithmetic,correct,correct,False,True,0.42528358731335336,0.5
trace_00044,trace_00097,causal_009,logic_020,causal_micro_world,symbolic_logic,correct,incorrect,False,False,0.1908745046211096,0.33333333333333337
trace_00044,trace_00098,causal_009,temporal_020,causal_micro_world,temporal_ordering,correct,incorrect,False,False,0.6666666666666666,0.6666666666666666
trace_00044,trace_00099,causal_009,causal_020,causal_micro_world,causal_micro_world,correct,correct,True,True,0.1908745046211096,0.33333333333333337
trace_00044,trace_00100,causal_009,commonsense_020,causal_micro_world,commonsense_multihop,correct,correct,False,True,0.236452797660028,0.39999999999999997
trace_00045,trace_00046,commonsense_009,arith_010,commonsense_multihop,arithmetic,incorrect,correct,False,False,0.12451124978365312,0.2
trace_00045,trace_00047,commonsense_009,logic_010,commonsense_multihop,symbolic_logic,incorrect,incorrect,False,True,1.0,1.0
trace_00045,trace_00048,commonsense_009,temporal_010,commonsense_multihop,temporal_ordering,incorrect,incorrect,False,True,0.490968531773352,0.6
trace_00045,trace_00049,commonsense_009,causal_010,commonsense_multihop,causal_micro_world,incorrect,incorrect,False,True,0.6622817371734298,0.7999999999999999
trace_00045,trace_00050,commonsense_009,commonsense_010,commonsense_multihop,commonsense_multihop,incorrect,correct,True,False,0.3810065216784586,0.4666666666666667
trace_00045,trace_00051,commonsense_009,arith_011,commonsense_multihop,arithmetic,incorrect,incorrect,False,True,0.4749156875380792,0.6000000000000001
trace_00045,trace_00052,commonsense_009,logic_011,commonsense_multihop,symbolic_logic,incorrect,correct,False,False,0.490968531773352,0.6
trace_00045,trace_00053,commonsense_009,temporal_011,commonsense_multihop,temporal_ordering,incorrect,incorrect,False,True,0.2519235740744792,0.4
trace_00045,trace_00054,commonsense_009,causal_011,commonsense_multihop,causal_micro_world,incorrect,incorrect,False,True,0.1264907875651346,0.26666666666666666
trace_00045,trace_00055,commonsense_009,commonsense_011,commonsense_multihop,commonsense_multihop,incorrect,correct,True,False,0.2761936545134869,0.45714285714285713
trace_00045,trace_00056,commonsense_009,arith_012,commonsense_multihop,arithmetic,incorrect,correct,False,False,0.39581560200335836,0.6000000000000001
trace_00045,trace_00057,commonsense_009,logic_012,commonsense_multihop,symbolic_logic,incorrect,correct,False,False,1.0,1.0
trace_00045,trace_00058,commonsense_009,temporal_012,commonsense_multihop,temporal_ordering,incorrect,incorrect,False,True,0.3810065216784586,0.4666666666666667
trace_00045,trace_00059,commonsense_009,causal_012,commonsense_multihop,causal_micro_world,incorrect,correct,False,False,0.39581560200335836,0.6000000000000001
trace_00045,trace_00060,commonsense_009,commonsense_012,commonsense_multihop,commonsense_multihop,incorrect,incorrect,True,True,0.236452797660028,0.3999999999999999
trace_00045,trace_00061,commonsense_009,arith_013,commonsense_multihop,arithmetic,incorrect,correct,False,False,0.3810065216784586,0.4666666666666666
trace_00045,trace_00062,commonsense_009,logic_013,commonsense_multihop,symbolic_logic,incorrect,correct,False,False,0.12451124978365312,0.2
trace_00045,trace_00063,commonsense_009,temporal_013,commonsense_multihop,temporal_ordering,incorrect,incorrect,False,True,0.2519235740744792,0.4
trace_00045,trace_00064,commonsense_009,causal_013,commonsense_multihop,causal_micro_world,incorrect,incorrect,False,True,0.4077660030601058,0.6
trace_00045,trace_00065,commonsense_009,commonsense_013,commonsense_multihop,commonsense_multihop,incorrect,incorrect,True,True,0.24161387653786542,0.35
trace_00045,trace_00066,commonsense_009,arith_014,commonsense_multihop,arithmetic,incorrect,correct,False,False,0.490968531773352,0.6
trace_00045,trace_00067,commonsense_009,logic_014,commonsense_multihop,symbolic_logic,incorrect,incorrect,False,True,0.6622817371734298,0.7999999999999999
trace_00045,trace_00068,commonsense_009,temporal_014,commonsense_multihop,temporal_ordering,incorrect,incorrect,False,True,0.3810065216784586,0.4666666666666667
trace_00045,trace_00069,commonsense_009,causal_014,commonsense_multihop,causal_micro_world,incorrect,correct,False,False,0.2519235740744792,0.4
trace_00045,trace_00070,commonsense_009,commonsense_014,commonsense_multihop,commonsense_multihop,incorrect,correct,True,False,0.4433920668883552,0.6
trace_00045,trace_00071,commonsense_009,arith_015,commonsense_multihop,arithmetic,incorrect,correct,False,False,0.39581560200335836,0.6000000000000001
trace_00045,trace_00072,commonsense_009,logic_015,commonsense_multihop,symbolic_logic,incorrect,incorrect,False,True,0.41465377353734506,0.6333333333333333
trace_00045,trace_00073,commonsense_009,temporal_015,commonsense_multihop,temporal_ordering,incorrect,incorrect,False,True,0.24902249956730624,0.4
trace_00045,trace_00074,commonsense_009,causal_015,commonsense_multihop,causal_micro_world,incorrect,correct,False,False,0.6099865470109875,0.8
trace_00045,trace_00075,commonsense_009,commonsense_015,commonsense_multihop,commonsense_multihop,incorrect,correct,True,False,0.3310236596092001,0.4
trace_00045,trace_00076,commonsense_009,arith_016,commonsense_multihop,arithmetic,incorrect,correct,False,False,0.42667209917704885,0.5142857142857142
trace_00045,trace_00077,commonsense_009,logic_016,commonsense_multihop,symbolic_logic,incorrect,correct,False,False,0.1264907875651346,0.26666666666666666
trace_00045,trace_00078,commonsense_009,temporal_016,commonsense_multihop,temporal_ordering,incorrect,incorrect,False,True,0.24161387653786542,0.35
trace_00045,trace_00079,commonsense_009,causal_016,commonsense_multihop,causal_micro_world,incorrect,incorrect,False,True,0.2519235740744792,0.4
trace_00045,trace_00080,commonsense_009,commonsense_016,commonsense_multihop,commonsense_multihop,incorrect,correct,True,False,0.3958156020033583,0.6
trace_00045,trace_00081,commonsense_009,arith_017,commonsense_multihop,arithmetic,incorrect,correct,False,False,0.24161387653786542,0.3500000000000001
trace_00045,trace_00082,commonsense_009,logic_017,commonsense_multihop,symbolic_logic,incorrect,incorrect,False,True,0.6979078010016793,0.7999999999999999
trace_00045,trace_00083,commonsense_009,temporal_017,commonsense_multihop,temporal_ordering,incorrect,incorrect,False,True,0.3810065216784586,0.4666666666666667
trace_00045,trace_00084,commonsense_009,causal_017,commonsense_multihop,causal_micro_world,incorrect,correct,False,False,0.3958156020033583,0.6
trace_00045,trace_00085,commonsense_009,commonsense_017,commonsense_multihop,commonsense_multihop,incorrect,incorrect,True,True,0.2978039929652123,0.4666666666666667
trace_00045,trace_00086,commonsense_009,arith_018,commonsense_multihop,arithmetic,incorrect,correct,False,False,0.490968531773352,0.6
trace_00045,trace_00087,commonsense_009,logic_018,commonsense_multihop,symbolic_logic,incorrect,correct,False,False,0.3810065216784586,0.4666666666666667
trace_00045,trace_00088,commonsense_009,temporal_018,commonsense_multihop,temporal_ordering,incorrect,incorrect,False,True,0.2519235740744792,0.4
trace_00045,trace_00089,commonsense_009,causal_018,commonsense_multihop,causal_micro_world,incorrect,correct,False,False,0.24161387653786542,0.35
trace_00045,trace_00090,commonsense_009,commonsense_018,commonsense_multihop,commonsense_multihop,incorrect,incorrect,True,True,0.4749156875380792,0.6
trace_00045,trace_00091,commonsense_009,arith_019,commonsense_multihop,arithmetic,incorrect,correct,False,False,0.24161387653786542,0.3500000000000001
trace_00045,trace_00092,commonsense_009,logic_019,commonsense_multihop,symbolic_logic,incorrect,correct,False,False,0.26804096526148574,0.4666666666666667
trace_00045,trace_00093,commonsense_009,temporal_019,commonsense_multihop,temporal_ordering,incorrect,incorrect,False,True,0.1264907875651346,0.26666666666666666
trace_00045,trace_00094,commonsense_009,causal_019,commonsense_multihop,causal_micro_world,incorrect,correct,False,False,0.3810065216784586,0.4666666666666667
trace_00045,trace_00095,commonsense_009,commonsense_019,commonsense_multihop,commonsense_multihop,incorrect,correct,True,False,0.3810065216784586,0.4666666666666667
trace_00045,trace_00096,commonsense_009,arith_020,commonsense_multihop,arithmetic,incorrect,correct,False,False,0.3310236596092001,0.4
trace_00045,trace_00097,commonsense_009,logic_020,commonsense_multihop,symbolic_logic,incorrect,incorrect,False,True,0.2519235740744792,0.4
trace_00045,trace_00098,commonsense_009,temporal_020,commonsense_multihop,temporal_ordering,incorrect,incorrect,False,True,0.3810065216784586,0.4666666666666667
trace_00045,trace_00099,commonsense_009,causal_020,commonsense_multihop,causal_micro_world,incorrect,correct,False,False,0.3958156020033583,0.6
trace_00045,trace_00100,commonsense_009,commonsense_020,commonsense_multihop,commonsense_multihop,incorrect,correct,True,False,0.32451124978365314,0.4
trace_00046,trace_00047,arith_010,logic_010,arithmetic,symbolic_logic,correct,incorrect,False,False,0.6099865470109875,0.8
trace_00046,trace_00048,arith_010,temporal_010,arithmetic,temporal_ordering,correct,incorrect,False,False,0.236452797660028,0.3999999999999999
trace_00046,trace_00049,arith_010,causal_010,arithmetic,causal_micro_world,correct,incorrect,False,False,0.4077660030601058,0.6
trace_00046,trace_00050,arith_010,commonsense_010,arithmetic,commonsense_multihop,correct,correct,False,True,0.236452797660028,0.3999999999999999
trace_00046,trace_00051,arith_010,arith_011,arithmetic,arithmetic,correct,incorrect,True,False,0.2519235740744792,0.4
trace_00046,trace_00052,arith_010,logic_011,arithmetic,symbolic_logic,correct,correct,False,True,0.236452797660028,0.3999999999999999
trace_00046,trace_00053,arith_010,temporal_011,arithmetic,temporal_ordering,correct,incorrect,False,False,0.3958156020033583,0.6
trace_00046,trace_00054,arith_010,causal_011,arithmetic,causal_micro_world,correct,incorrect,False,False,0.236452797660028,0.3999999999999999
trace_00046,trace_00055,arith_010,commonsense_011,arithmetic,commonsense_multihop,correct,correct,False,True,0.2761936545134869,0.45714285714285713
trace_00046,trace_00056,arith_010,arith_012,arithmetic,arithmetic,correct,correct,True,True,0.39581560200335836,0.6000000000000001
trace_00046,trace_00057,arith_010,logic_012,arithmetic,symbolic_logic,correct,correct,False,True,0.6099865470109875,0.8
trace_00046,trace_00058,arith_010,temporal_012,arithmetic,temporal_ordering,correct,incorrect,False,False,0.236452797660028,0.3999999999999999
trace_00046,trace_00059,arith_010,causal_012,arithmetic,causal_micro_world,correct,correct,False,True,0.39581560200335836,0.6000000000000001
trace_00046,trace_00060,arith_010,commonsense_012,arithmetic,commonsense_multihop,correct,incorrect,False,False,0.4077660030601058,0.6
trace_00046,trace_00061,arith_010,arith_013,arithmetic,arithmetic,correct,correct,True,True,0.1264907875651346,0.26666666666666666
trace_00046,trace_00062,arith_010,logic_013,arithmetic,symbolic_logic,correct,correct,False,True,0.24902249956730627,0.4
trace_00046,trace_00063,arith_010,temporal_013,arithmetic,temporal_ordering,correct,incorrect,False,False,0.3958156020033583,0.6
trace_00046,trace_00064,arith_010,causal_013,arithmetic,causal_micro_world,correct,incorrect,False,False,0.4077660030601058,0.6
trace_00046,trace_00065,arith_010,commonsense_013,arithmetic,commonsense_multihop,correct,incorrect,False,False,0.10803154614560012,0.19999999999999998
trace_00046,trace_00066,arith_010,arith_014,arithmetic,arithmetic,correct,correct,True,True,0.236452797660028,0.39999999999999997
trace_00046,trace_00067,arith_010,logic_014,arithmetic,symbolic_logic,correct,incorrect,False,False,0.4077660030601058,0.6
trace_00046,trace_00068,arith_010,temporal_014,arithmetic,temporal_ordering,correct,incorrect,False,False,0.236452797660028,0.3999999999999999
trace_00046,trace_00069,arith_010,causal_014,arithmetic,causal_micro_world,correct,correct,False,True,0.3958156020033583,0.6
trace_00046,trace_00070,arith_010,commonsense_014,arithmetic,commonsense_multihop,correct,correct,False,True,0.2611531947842465,0.43333333333333335
trace_00046,trace_00071,arith_010,arith_015,arithmetic,arithmetic,correct,correct,True,True,0.39581560200335836,0.6000000000000001
trace_00046,trace_00072,arith_010,logic_015,arithmetic,symbolic_logic,correct,incorrect,False,False,0.2978039929652123,0.4666666666666667
trace_00046,trace_00073,arith_010,temporal_015,arithmetic,temporal_ordering,correct,incorrect,False,False,0.12451124978365312,0.2
trace_00046,trace_00074,arith_010,causal_015,arithmetic,causal_micro_world,correct,correct,False,True,0.6099865470109875,0.7999999999999999
trace_00046,trace_00075,arith_010,commonsense_015,arithmetic,commonsense_multihop,correct,correct,False,True,0.2519235740744792,0.4
trace_00046,trace_00076,arith_010,arith_016,arithmetic,arithmetic,correct,correct,True,True,0.14306278172719833,0.3142857142857143
trace_00046,trace_00077,arith_010,logic_016,arithmetic,symbolic_logic,correct,correct,False,True,0.236452797660028,0.3999999999999999
trace_00046,trace_00078,arith_010,temporal_016,arithmetic,temporal_ordering,correct,incorrect,False,False,0.10803154614560012,0.19999999999999998
trace_00046,trace_00079,arith_010,causal_016,arithmetic,causal_micro_world,correct,incorrect,False,False,0.3958156020033583,0.6
trace_00046,trace_00080,arith_010,commonsense_016,arithmetic,commonsense_multihop,correct,correct,False,True,0.3958156020033583,0.6
trace_00046,trace_00081,arith_010,arith_017,arithmetic,arithmetic,correct,correct,True,True,0.10803154614560011,0.19999999999999998
trace_00046,trace_00082,arith_010,logic_017,arithmetic,symbolic_logic,correct,incorrect,False,False,0.3958156020033583,0.6
trace_00046,trace_00083,arith_010,temporal_017,arithmetic,temporal_ordering,correct,incorrect,False,False,0.236452797660028,0.3999999999999999
trace_00046,trace_00084,arith_010,causal_017,arithmetic,causal_micro_world,correct,correct,False,True,0.3958156020033583,0.6
trace_00046,trace_00085,arith_010,commonsense_017,arithmetic,commonsense_multihop,correct,incorrect,False,False,0.4077660030601058,0.5999999999999999
trace_00046,trace_00086,arith_010,arith_018,arithmetic,arithmetic,correct,correct,True,True,0.236452797660028,0.39999999999999997
trace_00046,trace_00087,arith_010,logic_018,arithmetic,symbolic_logic,correct,correct,False,True,0.236452797660028,0.3999999999999999
trace_00046,trace_00088,arith_010,temporal_018,arithmetic,temporal_ordering,correct,incorrect,False,False,0.3958156020033583,0.6
trace_00046,trace_00089,arith_010,causal_018,arithmetic,causal_micro_world,correct,correct,False,True,0.10803154614560012,0.19999999999999998
trace_00046,trace_00090,arith_010,commonsense_018,arithmetic,commonsense_multihop,correct,incorrect,False,False,0.2519235740744792,0.4
trace_00046,trace_00091,arith_010,arith_019,arithmetic,arithmetic,correct,correct,True,True,0.10803154614560011,0.19999999999999998
trace_00046,trace_00092,arith_010,logic_019,arithmetic,symbolic_logic,correct,correct,False,True,0.15119118468935303,0.30000000000000004
trace_00046,trace_00093,arith_010,temporal_019,arithmetic,temporal_ordering,correct,incorrect,False,False,0.236452797660028,0.3999999999999999
trace_00046,trace_00094,arith_010,causal_019,arithmetic,causal_micro_world,correct,correct,False,True,0.236452797660028,0.3999999999999999
trace_00046,trace_00095,arith_010,commonsense_019,arithmetic,commonsense_multihop,correct,correct,False,True,0.236452797660028,0.3999999999999999
trace_00046,trace_00096,arith_010,arith_020,arithmetic,arithmetic,correct,correct,True,True,0.10803154614560011,0.19999999999999998
trace_00046,trace_00097,arith_010,logic_020,arithmetic,symbolic_logic,correct,incorrect,False,False,0.3958156020033583,0.6
trace_00046,trace_00098,arith_010,temporal_020,arithmetic,temporal_ordering,correct,incorrect,False,False,0.236452797660028,0.39999999999999997
trace_00046,trace_00099,arith_010,causal_020,arithmetic,causal_micro_world,correct,correct,False,True,0.3958156020033583,0.6
trace_00046,trace_00100,arith_010,commonsense_020,arithmetic,commonsense_multihop,correct,correct,False,True,0.12451124978365312,0.2
trace_00047,trace_00048,logic_010,temporal_010,symbolic_logic,temporal_ordering,incorrect,incorrect,False,True,0.4591479170272448,0.6666666666666666
trace_00047,trace_00049,logic_010,causal_010,symbolic_logic,causal_micro_world,incorrect,incorrect,False,True,0.4591479170272448,0.6666666666666667
trace_00047,trace_00050,logic_010,commonsense_010,symbolic_logic,commonsense_multihop,incorrect,correct,False,False,0.4591479170272448,0.6666666666666666
trace_00047,trace_00051,logic_010,arith_011,symbolic_logic,arithmetic,incorrect,incorrect,False,True,0.5487949406953987,0.75
trace_00047,trace_00052,logic_010,logic_011,symbolic_logic,symbolic_logic,incorrect,correct,True,False,0.4591479170272448,0.6666666666666666
trace_00047,trace_00053,logic_010,temporal_011,symbolic_logic,temporal_ordering,incorrect,incorrect,False,True,1.0,1.0
trace_00047,trace_00054,logic_010,causal_011,symbolic_logic,causal_micro_world,incorrect,incorrect,False,True,1.0,0.9999999999999999
trace_00047,trace_00055,logic_010,commonsense_011,symbolic_logic,commonsense_multihop,incorrect,correct,False,False,1.0,0.9999999999999999
trace_00047,trace_00056,logic_010,arith_012,symbolic_logic,arithmetic,incorrect,correct,False,False,1.0,1.0
trace_00047,trace_00057,logic_010,logic_012,symbolic_logic,symbolic_logic,incorrect,correct,True,False,0.0,0.0
trace_00047,trace_00058,logic_010,temporal_012,symbolic_logic,temporal_ordering,incorrect,incorrect,False,True,0.4591479170272448,0.6666666666666667
trace_00047,trace_00059,logic_010,causal_012,symbolic_logic,causal_micro_world,incorrect,correct,False,False,1.0,1.0
trace_00047,trace_00060,logic_010,commonsense_012,symbolic_logic,commonsense_multihop,incorrect,incorrect,False,True,1.0,0.9999999999999999
trace_00047,trace_00061,logic_010,arith_013,symbolic_logic,arithmetic,incorrect,correct,False,False,0.4591479170272448,0.6666666666666666
trace_00047,trace_00062,logic_010,logic_013,symbolic_logic,symbolic_logic,incorrect,correct,True,False,1.0,1.0
trace_00047,trace_00063,logic_010,temporal_013,symbolic_logic,temporal_ordering,incorrect,incorrect,False,True,1.0,1.0
trace_00047,trace_00064,logic_010,causal_013,symbolic_logic,causal_micro_world,incorrect,incorrect,False,True,1.0,1.0
trace_00047,trace_00065,logic_010,commonsense_013,symbolic_logic,commonsense_multihop,incorrect,incorrect,False,True,0.5487949406953987,0.75
trace_00047,trace_00066,logic_010,arith_014,symbolic_logic,arithmetic,incorrect,correct,False,False,0.4591479170272448,0.6666666666666666
trace_00047,trace_00067,logic_010,logic_014,symbolic_logic,symbolic_logic,incorrect,incorrect,True,True,0.4591479170272448,0.6666666666666667
trace_00047,trace_00068,logic_010,temporal_014,symbolic_logic,temporal_ordering,incorrect,incorrect,False,True,0.4591479170272448,0.6666666666666666
trace_00047,trace_00069,logic_010,causal_014,symbolic_logic,causal_micro_world,incorrect,correct,False,False,1.0,1.0
trace_00047,trace_00070,logic_010,commonsense_014,symbolic_logic,commonsense_multihop,incorrect,correct,False,False,0.6548575458269756,0.8333333333333334
trace_00047,trace_00071,logic_010,arith_015,symbolic_logic,arithmetic,incorrect,correct,False,False,1.0,1.0
trace_00047,trace_00072,logic_010,logic_015,symbolic_logic,symbolic_logic,incorrect,incorrect,True,True,0.6548575458269756,0.8333333333333333
trace_00047,trace_00073,logic_010,temporal_015,symbolic_logic,temporal_ordering,incorrect,incorrect,False,True,0.6099865470109875,0.8
trace_00047,trace_00074,logic_010,causal_015,symbolic_logic,causal_micro_world,incorrect,correct,False,False,1.0,1.0
trace_00047,trace_00075,logic_010,commonsense_015,symbolic_logic,commonsense_multihop,incorrect,correct,False,False,0.5487949406953987,0.75
trace_00047,trace_00076,logic_010,arith_016,symbolic_logic,arithmetic,incorrect,correct,False,False,0.37050650054950524,0.5714285714285714
trace_00047,trace_00077,logic_010,logic_016,symbolic_logic,symbolic_logic,incorrect,correct,True,False,1.0,0.9999999999999999
trace_00047,trace_00078,logic_010,temporal_016,symbolic_logic,temporal_ordering,incorrect,incorrect,False,True,0.5487949406953987,0.75
trace_00047,trace_00079,logic_010,causal_016,symbolic_logic,causal_micro_world,incorrect,incorrect,False,True,1.0,1.0
trace_00047,trace_00080,logic_010,commonsense_016,symbolic_logic,commonsense_multihop,incorrect,correct,False,False,1.0,1.0
trace_00047,trace_00081,logic_010,arith_017,symbolic_logic,arithmetic,incorrect,correct,False,False,0.5487949406953987,0.75
trace_00047,trace_00082,logic_010,logic_017,symbolic_logic,symbolic_logic,incorrect,incorrect,True,True,0.3112781244591328,0.5
trace_00047,trace_00083,logic_010,temporal_017,symbolic_logic,temporal_ordering,incorrect,incorrect,False,True,0.4591479170272448,0.6666666666666666
trace_00047,trace_00084,logic_010,causal_017,symbolic_logic,causal_micro_world,incorrect,correct,False,False,1.0,1.0
trace_00047,trace_00085,logic_010,commonsense_017,symbolic_logic,commonsense_multihop,incorrect,incorrect,False,True,1.0,1.0
trace_00047,trace_00086,logic_010,arith_018,symbolic_logic,arithmetic,incorrect,correct,False,False,0.4591479170272448,0.6666666666666666
trace_00047,trace_00087,logic_010,logic_018,symbolic_logic,symbolic_logic,incorrect,correct,True,False,0.4591479170272448,0.6666666666666666
trace_00047,trace_00088,logic_010,temporal_018,symbolic_logic,temporal_ordering,incorrect,incorrect,False,True,1.0,1.0
trace_00047,trace_00089,logic_010,causal_018,symbolic_logic,causal_micro_world,incorrect,correct,False,False,0.5487949406953987,0.75
trace_00047,trace_00090,logic_010,commonsense_018,symbolic_logic,commonsense_multihop,incorrect,incorrect,False,True,0.5487949406953987,0.75
trace_00047,trace_00091,logic_010,arith_019,symbolic_logic,arithmetic,incorrect,correct,False,False,0.5487949406953987,0.75
trace_00047,trace_00092,logic_010,logic_019,symbolic_logic,symbolic_logic,incorrect,correct,True,False,0.6548575458269756,0.8333333333333334
trace_00047,trace_00093,logic_010,temporal_019,symbolic_logic,temporal_ordering,incorrect,incorrect,False,True,1.0,0.9999999999999999
trace_00047,trace_00094,logic_010,causal_019,symbolic_logic,causal_micro_world,incorrect,correct,False,False,0.4591479170272448,0.6666666666666667
trace_00047,trace_00095,logic_010,commonsense_019,symbolic_logic,commonsense_multihop,incorrect,correct,False,False,0.4591479170272448,0.6666666666666667
trace_00047,trace_00096,logic_010,arith_020,symbolic_logic,arithmetic,incorrect,correct,False,False,0.5487949406953987,0.75
trace_00047,trace_00097,logic_010,logic_020,symbolic_logic,symbolic_logic,incorrect,incorrect,True,True,1.0,1.0
trace_00047,trace_00098,logic_010,temporal_020,symbolic_logic,temporal_ordering,incorrect,incorrect,False,True,0.4591479170272448,0.6666666666666666
trace_00047,trace_00099,logic_010,causal_020,symbolic_logic,causal_micro_world,incorrect,correct,False,False,1.0,1.0
trace_00047,trace_00100,logic_010,commonsense_020,symbolic_logic,commonsense_multihop,incorrect,correct,False,False,0.3958156020033583,0.6
trace_00048,trace_00049,temporal_010,causal_010,temporal_ordering,causal_micro_world,incorrect,incorrect,False,True,0.20751874963942185,0.3333333333333333
trace_00048,trace_00050,temporal_010,commonsense_010,temporal_ordering,commonsense_multihop,incorrect,correct,False,False,0.3333333333333333,0.3333333333333333
trace_00048,trace_00051,temporal_010,arith_011,temporal_ordering,arithmetic,incorrect,incorrect,False,True,0.42528358731335336,0.5
trace_00048,trace_00052,temporal_010,logic_011,temporal_ordering,symbolic_logic,incorrect,correct,False,False,0.0,0.0
trace_00048,trace_00053,temporal_010,temporal_011,temporal_ordering,temporal_ordering,incorrect,incorrect,True,True,0.5954372523105549,0.6666666666666666
trace_00048,trace_00054,temporal_010,causal_011,temporal_ordering,causal_micro_world,incorrect,incorrect,False,True,0.3333333333333333,0.3333333333333333
trace_00048,trace_00055,temporal_010,commonsense_011,temporal_ordering,commonsense_multihop,incorrect,correct,False,False,0.2622846388220226,0.38095238095238093
trace_00048,trace_00056,temporal_010,arith_012,temporal_ordering,arithmetic,incorrect,correct,False,False,0.5954372523105548,0.6666666666666666
trace_00048,trace_00057,temporal_010,logic_012,temporal_ordering,symbolic_logic,incorrect,correct,False,False,0.4591479170272448,0.6666666666666666
trace_00048,trace_00058,temporal_010,temporal_012,temporal_ordering,temporal_ordering,incorrect,incorrect,True,True,0.3333333333333333,0.3333333333333333
trace_00048,trace_00059,temporal_010,causal_012,temporal_ordering,causal_micro_world,incorrect,correct,False,False,0.5954372523105548,0.6666666666666666
trace_00048,trace_00060,temporal_010,commonsense_012,temporal_ordering,commonsense_multihop,incorrect,incorrect,False,True,0.6666666666666666,0.6666666666666666
trace_00048,trace_00061,temporal_010,arith_013,temporal_ordering,arithmetic,incorrect,correct,False,False,0.20751874963942185,0.3333333333333333
trace_00048,trace_00062,temporal_010,logic_013,temporal_ordering,symbolic_logic,incorrect,correct,False,False,0.745484265886676,0.8
trace_00048,trace_00063,temporal_010,temporal_013,temporal_ordering,temporal_ordering,incorrect,incorrect,True,True,0.5954372523105548,0.6666666666666666
trace_00048,trace_00064,temporal_010,causal_013,temporal_ordering,causal_micro_world,incorrect,incorrect,False,True,0.20751874963942185,0.3333333333333333
trace_00048,trace_00065,temporal_010,commonsense_013,temporal_ordering,commonsense_multihop,incorrect,incorrect,False,True,0.1379253809700301,0.24999999999999997
trace_00048,trace_00066,temporal_010,arith_014,temporal_ordering,arithmetic,incorrect,correct,False,False,0.3333333333333333,0.3333333333333333
trace_00048,trace_00067,temporal_010,logic_014,temporal_ordering,symbolic_logic,incorrect,incorrect,False,True,0.20751874963942185,0.3333333333333333
trace_00048,trace_00068,temporal_010,temporal_014,temporal_ordering,temporal_ordering,incorrect,incorrect,True,True,0.3333333333333333,0.3333333333333333
trace_00048,trace_00069,temporal_010,causal_014,temporal_ordering,causal_micro_world,incorrect,correct,False,False,0.5954372523105548,0.6666666666666666
trace_00048,trace_00070,temporal_010,commonsense_014,temporal_ordering,commonsense_multihop,incorrect,correct,False,False,0.032529960463599066,0.16666666666666669
trace_00048,trace_00071,temporal_010,arith_015,temporal_ordering,arithmetic,incorrect,correct,False,False,0.5954372523105548,0.6666666666666666
trace_00048,trace_00072,temporal_010,logic_015,temporal_ordering,symbolic_logic,incorrect,incorrect,False,True,0.3112781244591328,0.5
trace_00048,trace_00073,temporal_010,temporal_015,temporal_ordering,temporal_ordering,incorrect,incorrect,True,True,0.1264907875651346,0.26666666666666666
trace_00048,trace_00074,temporal_010,causal_015,temporal_ordering,causal_micro_world,incorrect,correct,False,False,0.4591479170272448,0.6666666666666666
trace_00048,trace_00075,temporal_010,commonsense_015,temporal_ordering,commonsense_multihop,incorrect,correct,False,False,0.42528358731335336,0.4999999999999999
trace_00048,trace_00076,temporal_010,arith_016,temporal_ordering,arithmetic,incorrect,correct,False,False,0.10532008566602571,0.23809523809523808
trace_00048,trace_00077,temporal_010,logic_016,temporal_ordering,symbolic_logic,incorrect,correct,False,False,0.3333333333333333,0.3333333333333333
trace_00048,trace_00078,temporal_010,temporal_016,temporal_ordering,temporal_ordering,incorrect,incorrect,True,True,0.1379253809700301,0.24999999999999997
trace_00048,trace_00079,temporal_010,causal_016,temporal_ordering,causal_micro_world,incorrect,incorrect,False,True,0.5954372523105548,0.6666666666666666
trace_00048,trace_00080,temporal_010,commonsense_016,temporal_ordering,commonsense_multihop,incorrect,correct,False,False,0.1908745046211096,0.33333333333333337
trace_00048,trace_00081,temporal_010,arith_017,temporal_ordering,arithmetic,incorrect,correct,False,False,0.42528358731335336,0.4999999999999999
trace_00048,trace_00082,temporal_010,logic_017,temporal_ordering,symbolic_logic,incorrect,incorrect,False,True,0.1908745046211096,0.33333333333333337
trace_00048,trace_00083,temporal_010,temporal_017,temporal_ordering,temporal_ordering,incorrect,incorrect,True,True,0.3333333333333333,0.3333333333333333
trace_00048,trace_00084,temporal_010,causal_017,temporal_ordering,causal_micro_world,incorrect,correct,False,False,0.1908745046211096,0.33333333333333337
trace_00048,trace_00085,temporal_010,commonsense_017,temporal_ordering,commonsense_multihop,incorrect,incorrect,False,True,0.5408520829727551,0.6666666666666666
trace_00048,trace_00086,temporal_010,arith_018,temporal_ordering,arithmetic,incorrect,correct,False,False,0.3333333333333333,0.3333333333333333
trace_00048,trace_00087,temporal_010,logic_018,temporal_ordering,symbolic_logic,incorrect,correct,False,False,0.3333333333333333,0.3333333333333333
trace_00048,trace_00088,temporal_010,temporal_018,temporal_ordering,temporal_ordering,incorrect,incorrect,True,True,0.5954372523105548,0.6666666666666666
trace_00048,trace_00089,temporal_010,causal_018,temporal_ordering,causal_micro_world,incorrect,correct,False,False,0.42528358731335336,0.5
trace_00048,trace_00090,temporal_010,commonsense_018,temporal_ordering,commonsense_multihop,incorrect,incorrect,False,True,0.020720839623908215,0.16666666666666666
trace_00048,trace_00091,temporal_010,arith_019,temporal_ordering,arithmetic,incorrect,correct,False,False,0.42528358731335336,0.4999999999999999
trace_00048,trace_00092,temporal_010,logic_019,temporal_ordering,symbolic_logic,incorrect,correct,False,False,0.13628933528331,0.33333333333333337
trace_00048,trace_00093,temporal_010,temporal_019,temporal_ordering,temporal_ordering,incorrect,incorrect,True,True,0.3333333333333333,0.3333333333333333
trace_00048,trace_00094,temporal_010,causal_019,temporal_ordering,causal_micro_world,incorrect,correct,False,False,0.3333333333333333,0.3333333333333333
trace_00048,trace_00095,temporal_010,commonsense_019,temporal_ordering,commonsense_multihop,incorrect,correct,False,False,0.3333333333333333,0.3333333333333333
trace_00048,trace_00096,temporal_010,arith_020,temporal_ordering,arithmetic,incorrect,correct,False,False,0.13792538097003013,0.24999999999999997
trace_00048,trace_00097,temporal_010,logic_020,temporal_ordering,symbolic_logic,incorrect,incorrect,False,True,0.5954372523105549,0.6666666666666666
trace_00048,trace_00098,temporal_010,temporal_020,temporal_ordering,temporal_ordering,incorrect,incorrect,True,True,0.6666666666666666,0.6666666666666666
trace_00048,trace_00099,temporal_010,causal_020,temporal_ordering,causal_micro_world,incorrect,correct,False,False,0.1908745046211096,0.33333333333333337
trace_00048,trace_00100,temporal_010,commonsense_020,temporal_ordering,commonsense_multihop,incorrect,correct,False,False,0.1264907875651346,0.26666666666666666
trace_00049,trace_00050,causal_010,commonsense_010,causal_micro_world,commonsense_multihop,incorrect,correct,False,False,0.20751874963942185,0.3333333333333333
trace_00049,trace_00051,causal_010,arith_011,causal_micro_world,arithmetic,incorrect,incorrect,False,True,0.32518928103806,0.5
trace_00049,trace_00052,causal_010,logic_011,causal_micro_world,symbolic_logic,incorrect,correct,False,False,0.20751874963942185,0.3333333333333333
trace_00049,trace_00053,causal_010,temporal_011,causal_micro_world,temporal_ordering,incorrect,incorrect,False,True,1.0,1.0
trace_00049,trace_00054,causal_010,causal_011,causal_micro_world,causal_micro_world,incorrect,incorrect,True,True,0.5408520829727551,0.6666666666666666
trace_00049,trace_00055,causal_010,commonsense_011,causal_micro_world,commonsense_multihop,incorrect,correct,False,False,0.3835972915664746,0.4285714285714286
trace_00049,trace_00056,causal_010,arith_012,causal_micro_world,arithmetic,incorrect,correct,False,False,0.42528358731335336,0.5
trace_00049,trace_00057,causal_010,logic_012,causal_micro_world,symbolic_logic,incorrect,correct,False,False,0.4591479170272448,0.6666666666666667
trace_00049,trace_00058,causal_010,temporal_012,causal_micro_world,temporal_ordering,incorrect,incorrect,False,True,0.6666666666666666,0.6666666666666666
trace_00049,trace_00059,causal_010,causal_012,causal_micro_world,causal_micro_world,incorrect,correct,True,False,0.42528358731335336,0.5
trace_00049,trace_00060,causal_010,commonsense_012,causal_micro_world,commonsense_multihop,incorrect,incorrect,False,True,0.5408520829727551,0.6666666666666666
trace_00049,trace_00061,causal_010,arith_013,causal_micro_world,arithmetic,incorrect,correct,False,False,0.3658632937969324,0.5
trace_00049,trace_00062,causal_010,logic_013,causal_micro_world,symbolic_logic,incorrect,correct,False,False,0.6622817371734298,0.8
trace_00049,trace_00063,causal_010,temporal_013,causal_micro_world,temporal_ordering,incorrect,incorrect,False,True,0.42528358731335336,0.49999999999999994
trace_00049,trace_00064,causal_010,causal_013,causal_micro_world,causal_micro_world,incorrect,incorrect,True,True,0.3333333333333333,0.3333333333333333
trace_00049,trace_00065,causal_010,commonsense_013,causal_micro_world,commonsense_multihop,incorrect,incorrect,False,True,0.32518928103806,0.49999999999999994
trace_00049,trace_00066,causal_010,arith_014,causal_micro_world,arithmetic,incorrect,correct,False,False,0.20751874963942185,0.3333333333333333
trace_00049,trace_00067,causal_010,logic_014,causal_micro_world,symbolic_logic,incorrect,incorrect,False,True,0.6666666666666666,0.6666666666666666
trace_00049,trace_00068,causal_010,temporal_014,causal_micro_world,temporal_ordering,incorrect,incorrect,False,True,0.20751874963942185,0.3333333333333333
trace_00049,trace_00069,causal_010,causal_014,causal_micro_world,causal_micro_world,incorrect,correct,True,False,0.42528358731335336,0.49999999999999994
trace_00049,trace_00070,causal_010,commonsense_014,causal_micro_world,commonsense_multihop,incorrect,correct,False,False,0.195709628799731,0.3333333333333333
trace_00049,trace_00071,causal_010,arith_015,causal_micro_world,arithmetic,incorrect,correct,False,False,0.42528358731335336,0.5
trace_00049,trace_00072,causal_010,logic_015,causal_micro_world,symbolic_logic,incorrect,incorrect,False,True,0.10375937481971093,0.16666666666666666
trace_00049,trace_00073,causal_010,temporal_015,causal_micro_world,temporal_ordering,incorrect,incorrect,False,True,0.4077660030601058,0.6
trace_00049,trace_00074,causal_010,causal_015,causal_micro_world,causal_micro_world,incorrect,correct,True,False,1.0,1.0
trace_00049,trace_00075,causal_010,commonsense_015,causal_micro_world,commonsense_multihop,incorrect,correct,False,False,0.32518928103806,0.49999999999999994
trace_00049,trace_00076,causal_010,arith_016,causal_micro_world,arithmetic,incorrect,correct,False,False,0.20369027339929013,0.38095238095238093
trace_00049,trace_00077,causal_010,logic_016,causal_micro_world,symbolic_logic,incorrect,correct,False,False,0.5408520829727551,0.6666666666666666
trace_00049,trace_00078,causal_010,temporal_016,causal_micro_world,temporal_ordering,incorrect,incorrect,False,True,0.32518928103806,0.49999999999999994
trace_00049,trace_00079,causal_010,causal_016,causal_micro_world,causal_micro_world,incorrect,incorrect,True,True,0.42528358731335336,0.49999999999999994
trace_00049,trace_00080,causal_010,commonsense_016,causal_micro_world,commonsense_multihop,incorrect,correct,False,False,0.42528358731335336,0.49999999999999994
trace_00049,trace_00081,causal_010,arith_017,causal_micro_world,arithmetic,incorrect,correct,False,False,0.32518928103806,0.5
trace_00049,trace_00082,causal_010,logic_017,causal_micro_world,symbolic_logic,incorrect,incorrect,False,True,0.5954372523105548,0.6666666666666667
trace_00049,trace_00083,causal_010,temporal_017,causal_micro_world,temporal_ordering,incorrect,incorrect,False,True,0.20751874963942185,0.3333333333333333
trace_00049,trace_00084,causal_010,causal_017,causal_micro_world,causal_micro_world,incorrect,correct,True,False,0.42528358731335336,0.49999999999999994
trace_00049,trace_00085,causal_010,commonsense_017,causal_micro_world,commonsense_multihop,incorrect,incorrect,False,True,1.0,1.0
trace_00049,trace_00086,causal_010,arith_018,causal_micro_world,arithmetic,incorrect,correct,False,False,0.20751874963942185,0.3333333333333333
trace_00049,trace_00087,causal_010,logic_018,causal_micro_world,symbolic_logic,incorrect,correct,False,False,0.20751874963942185,0.3333333333333333
trace_00049,trace_00088,causal_010,temporal_018,causal_micro_world,temporal_ordering,incorrect,incorrect,False,True,0.42528358731335336,0.49999999999999994
trace_00049,trace_00089,causal_010,causal_018,causal_micro_world,causal_micro_world,incorrect,correct,True,False,0.7126417936566767,0.75
trace_00049,trace_00090,causal_010,commonsense_018,causal_micro_world,commonsense_multihop,incorrect,incorrect,False,True,0.1379253809700301,0.24999999999999997
trace_00049,trace_00091,causal_010,arith_019,causal_micro_world,arithmetic,incorrect,correct,False,False,0.32518928103806,0.5
trace_00049,trace_00092,causal_010,logic_019,causal_micro_world,symbolic_logic,incorrect,correct,False,False,0.195709628799731,0.3333333333333333
trace_00049,trace_00093,causal_010,temporal_019,causal_micro_world,temporal_ordering,incorrect,incorrect,False,True,0.5408520829727551,0.6666666666666666
trace_00049,trace_00094,causal_010,causal_019,causal_micro_world,causal_micro_world,incorrect,correct,True,False,0.6666666666666666,0.6666666666666666
trace_00049,trace_00095,causal_010,commonsense_019,causal_micro_world,commonsense_multihop,incorrect,correct,False,False,0.6666666666666666,0.6666666666666666
trace_00049,trace_00096,causal_010,arith_020,causal_micro_world,arithmetic,incorrect,correct,False,False,0.32518928103806,0.5
trace_00049,trace_00097,causal_010,logic_020,causal_micro_world,symbolic_logic,incorrect,incorrect,False,True,1.0,1.0
trace_00049,trace_00098,causal_010,temporal_020,causal_micro_world,temporal_ordering,incorrect,incorrect,False,True,0.6666666666666666,0.6666666666666666
trace_00049,trace_00099,causal_010,causal_020,causal_micro_world,causal_micro_world,incorrect,correct,True,False,0.42528358731335336,0.49999999999999994
trace_00049,trace_00100,causal_010,commonsense_020,causal_micro_world,commonsense_multihop,incorrect,correct,False,False,0.2978039929652123,0.4666666666666667
trace_00050,trace_00051,commonsense_010,arith_011,commonsense_multihop,arithmetic,correct,incorrect,False,False,0.42528358731335336,0.5
trace_00050,trace_00052,commonsense_010,logic_011,commonsense_multihop,symbolic_logic,correct,correct,False,True,0.3333333333333333,0.3333333333333333
trace_00050,trace_00053,commonsense_010,temporal_011,commonsense_multihop,temporal_ordering,correct,incorrect,False,False,0.5954372523105549,0.6666666666666666
trace_00050,trace_00054,commonsense_010,causal_011,commonsense_multihop,causal_micro_world,correct,incorrect,False,False,0.3333333333333333,0.3333333333333333
trace_00050,trace_00055,commonsense_010,commonsense_011,commonsense_multihop,commonsense_multihop,correct,correct,True,True,0.5704859930387852,0.6666666666666666
trace_00050,trace_00056,commonsense_010,arith_012,commonsense_multihop,arithmetic,correct,correct,False,True,0.5954372523105548,0.6666666666666666
trace_00050,trace_00057,commonsense_010,logic_012,commonsense_multihop,symbolic_logic,correct,correct,False,True,0.4591479170272448,0.6666666666666666
trace_00050,trace_00058,commonsense_010,temporal_012,commonsense_multihop,temporal_ordering,correct,incorrect,False,False,0.3333333333333333,0.3333333333333333
trace_00050,trace_00059,commonsense_010,causal_012,commonsense_multihop,causal_micro_world,correct,correct,False,True,0.5954372523105548,0.6666666666666666
trace_00050,trace_00060,commonsense_010,commonsense_012,commonsense_multihop,commonsense_multihop,correct,incorrect,True,False,0.20751874963942185,0.3333333333333333
trace_00050,trace_00061,commonsense_010,arith_013,commonsense_multihop,arithmetic,correct,correct,False,True,0.43709270815304424,0.5
trace_00050,trace_00062,commonsense_010,logic_013,commonsense_multihop,symbolic_logic,correct,correct,False,True,0.3810065216784586,0.4666666666666667
trace_00050,trace_00063,commonsense_010,temporal_013,commonsense_multihop,temporal_ordering,correct,incorrect,False,False,0.1908745046211096,0.33333333333333337
trace_00050,trace_00064,commonsense_010,causal_013,commonsense_multihop,causal_micro_world,correct,incorrect,False,False,0.5408520829727551,0.6666666666666666
trace_00050,trace_00065,commonsense_010,commonsense_013,commonsense_multihop,commonsense_multihop,correct,incorrect,True,False,0.1379253809700301,0.24999999999999997
trace_00050,trace_00066,commonsense_010,arith_014,commonsense_multihop,arithmetic,correct,correct,False,True,0.3333333333333333,0.3333333333333333
trace_00050,trace_00067,commonsense_010,logic_014,commonsense_multihop,symbolic_logic,correct,incorrect,False,False,0.6666666666666666,0.6666666666666666
trace_00050,trace_00068,commonsense_010,temporal_014,commonsense_multihop,temporal_ordering,correct,incorrect,False,False,0.0,0.0
trace_00050,trace_00069,commonsense_010,causal_014,commonsense_multihop,causal_micro_world,correct,correct,False,True,0.1908745046211096,0.33333333333333337
trace_00050,trace_00070,commonsense_010,commonsense_014,commonsense_multihop,commonsense_multihop,correct,correct,True,True,0.3658632937969324,0.5
trace_00050,trace_00071,commonsense_010,arith_015,commonsense_multihop,arithmetic,correct,correct,False,True,0.5954372523105548,0.6666666666666666
trace_00050,trace_00072,commonsense_010,logic_015,commonsense_multihop,symbolic_logic,correct,incorrect,False,False,0.08170416594551039,0.3333333333333333
trace_00050,trace_00073,commonsense_010,temporal_015,commonsense_multihop,temporal_ordering,correct,incorrect,False,False,0.236452797660028,0.39999999999999997
trace_00050,trace_00074,commonsense_010,causal_015,commonsense_multihop,causal_micro_world,correct,correct,False,True,1.0,0.9999999999999999
trace_00050,trace_00075,commonsense_010,commonsense_015,commonsense_multihop,commonsense_multihop,correct,correct,True,True,0.020720839623908215,0.16666666666666666
trace_00050,trace_00076,commonsense_010,arith_016,commonsense_multihop,arithmetic,correct,correct,False,True,0.31515125214952394,0.38095238095238093
trace_00050,trace_00077,commonsense_010,logic_016,commonsense_multihop,symbolic_logic,correct,correct,False,True,0.3333333333333333,0.3333333333333333
trace_00050,trace_00078,commonsense_010,temporal_016,commonsense_multihop,temporal_ordering,correct,incorrect,False,False,0.1379253809700301,0.24999999999999997
trace_00050,trace_00079,commonsense_010,causal_016,commonsense_multihop,causal_micro_world,correct,incorrect,False,False,0.1908745046211096,0.33333333333333337
trace_00050,trace_00080,commonsense_010,commonsense_016,commonsense_multihop,commonsense_multihop,correct,correct,True,True,0.5954372523105548,0.6666666666666666
trace_00050,trace_00081,commonsense_010,arith_017,commonsense_multihop,arithmetic,correct,correct,False,True,0.13792538097003013,0.24999999999999997
trace_00050,trace_00082,commonsense_010,logic_017,commonsense_multihop,symbolic_logic,correct,incorrect,False,False,0.5954372523105549,0.6666666666666666
trace_00050,trace_00083,commonsense_010,temporal_017,commonsense_multihop,temporal_ordering,correct,incorrect,False,False,0.0,0.0
trace_00050,trace_00084,commonsense_010,causal_017,commonsense_multihop,causal_micro_world,correct,correct,False,True,0.5954372523105548,0.6666666666666666
trace_00050,trace_00085,commonsense_010,commonsense_017,commonsense_multihop,commonsense_multihop,correct,incorrect,True,False,0.6666666666666666,0.6666666666666666
trace_00050,trace_00086,commonsense_010,arith_018,commonsense_multihop,arithmetic,correct,correct,False,True,0.3333333333333333,0.3333333333333333
trace_00050,trace_00087,commonsense_010,logic_018,commonsense_multihop,symbolic_logic,correct,correct,False,True,0.0,0.0
trace_00050,trace_00088,commonsense_010,temporal_018,commonsense_multihop,temporal_ordering,correct,incorrect,False,False,0.1908745046211096,0.33333333333333337
trace_00050,trace_00089,commonsense_010,causal_018,commonsense_multihop,causal_micro_world,correct,correct,False,True,0.42528358731335336,0.5
trace_00050,trace_00090,commonsense_010,commonsense_018,commonsense_multihop,commonsense_multihop,correct,incorrect,True,False,0.30807904596723146,0.41666666666666663
trace_00050,trace_00091,commonsense_010,arith_019,commonsense_multihop,arithmetic,correct,correct,False,True,0.13792538097003013,0.24999999999999997
trace_00050,trace_00092,commonsense_010,logic_019,commonsense_multihop,symbolic_logic,correct,correct,False,True,0.13628933528331,0.33333333333333337
trace_00050,trace_00093,commonsense_010,temporal_019,commonsense_multihop,temporal_ordering,correct,incorrect,False,False,0.3333333333333333,0.3333333333333333
trace_00050,trace_00094,commonsense_010,causal_019,commonsense_multihop,causal_micro_world,correct,correct,False,True,0.3333333333333333,0.3333333333333333
trace_00050,trace_00095,commonsense_010,commonsense_019,commonsense_multihop,commonsense_multihop,correct,correct,True,True,0.3333333333333333,0.3333333333333333
trace_00050,trace_00096,commonsense_010,arith_020,commonsense_multihop,arithmetic,correct,correct,False,True,0.42528358731335336,0.4999999999999999
trace_00050,trace_00097,commonsense_010,logic_020,commonsense_multihop,symbolic_logic,correct,incorrect,False,False,0.5954372523105549,0.6666666666666666
trace_00050,trace_00098,commonsense_010,temporal_020,commonsense_multihop,temporal_ordering,correct,incorrect,False,False,0.3333333333333333,0.3333333333333333
trace_00050,trace_00099,commonsense_010,causal_020,commonsense_multihop,causal_micro_world,correct,correct,False,True,0.5954372523105548,0.6666666666666666
trace_00050,trace_00100,commonsense_010,commonsense_020,commonsense_multihop,commonsense_multihop,correct,correct,True,True,0.1264907875651346,0.26666666666666666
trace_00051,trace_00052,arith_011,logic_011,arithmetic,symbolic_logic,incorrect,correct,False,False,0.42528358731335336,0.5
trace_00051,trace_00053,arith_011,temporal_011,arithmetic,temporal_ordering,incorrect,incorrect,False,True,1.0,1.0
trace_00051,trace_00054,arith_011,causal_011,arithmetic,causal_micro_world,incorrect,incorrect,False,True,0.7126417936566767,0.75
trace_00051,trace_00055,arith_011,commonsense_011,arithmetic,commonsense_multihop,incorrect,correct,False,False,0.39024782764172805,0.6071428571428571
trace_00051,trace_00056,arith_011,arith_012,arithmetic,arithmetic,incorrect,correct,True,False,0.1556390622295664,0.25
trace_00051,trace_00057,arith_011,logic_012,arithmetic,symbolic_logic,incorrect,correct,False,False,0.5487949406953987,0.75
trace_00051,trace_00058,arith_011,temporal_012,arithmetic,temporal_ordering,incorrect,incorrect,False,True,0.7126417936566767,0.75
trace_00051,trace_00059,arith_011,causal_012,arithmetic,causal_micro_world,incorrect,correct,False,False,0.1556390622295664,0.25
trace_00051,trace_00060,arith_011,commonsense_012,arithmetic,commonsense_multihop,incorrect,incorrect,False,True,0.7126417936566767,0.75
trace_00051,trace_00061,arith_011,arith_013,arithmetic,arithmetic,incorrect,correct,True,False,0.1057976721225089,0.25
trace_00051,trace_00062,arith_011,logic_013,arithmetic,symbolic_logic,incorrect,correct,False,False,0.3310236596092001,0.39999999999999997
trace_00051,trace_00063,arith_011,temporal_013,arithmetic,temporal_ordering,incorrect,incorrect,False,True,0.6556390622295665,0.75
trace_00051,trace_00064,arith_011,causal_013,arithmetic,causal_micro_world,incorrect,incorrect,False,True,0.6125474873813833,0.75
trace_00051,trace_00065,arith_011,commonsense_013,arithmetic,commonsense_multihop,incorrect,incorrect,False,True,0.5,0.5
trace_00051,trace_00066,arith_011,arith_014,arithmetic,arithmetic,incorrect,correct,True,False,0.020720839623908215,0.16666666666666666
trace_00051,trace_00067,arith_011,logic_014,arithmetic,symbolic_logic,incorrect,incorrect,False,True,0.7126417936566767,0.75
trace_00051,trace_00068,arith_011,temporal_014,arithmetic,temporal_ordering,incorrect,incorrect,False,True,0.42528358731335336,0.5
trace_00051,trace_00069,arith_011,causal_014,arithmetic,causal_micro_world,incorrect,correct,False,False,0.6556390622295665,0.75
trace_00051,trace_00070,arith_011,commonsense_014,arithmetic,commonsense_multihop,incorrect,correct,False,False,0.4533576883848438,0.5833333333333333
trace_00051,trace_00071,arith_011,arith_015,arithmetic,arithmetic,incorrect,correct,True,False,0.1556390622295664,0.25
trace_00051,trace_00072,arith_011,logic_015,arithmetic,symbolic_logic,incorrect,incorrect,False,True,0.4102661135366607,0.5833333333333333
trace_00051,trace_00073,arith_011,temporal_015,arithmetic,temporal_ordering,incorrect,incorrect,False,True,0.5540157730728001,0.6000000000000001
trace_00051,trace_00074,arith_011,causal_015,arithmetic,causal_micro_world,incorrect,correct,False,False,1.0,1.0
trace_00051,trace_00075,arith_011,commonsense_015,arithmetic,commonsense_multihop,incorrect,correct,False,False,0.5,0.5
trace_00051,trace_00076,arith_011,arith_016,arithmetic,arithmetic,incorrect,correct,True,False,0.16522957340623692,0.3571428571428571
trace_00051,trace_00077,arith_011,logic_016,arithmetic,symbolic_logic,incorrect,correct,False,False,0.7126417936566767,0.75
trace_00051,trace_00078,arith_011,temporal_016,arithmetic,temporal_ordering,incorrect,incorrect,False,True,0.5,0.5
trace_00051,trace_00079,arith_011,causal_016,arithmetic,causal_micro_world,incorrect,incorrect,False,True,0.6556390622295665,0.75
trace_00051,trace_00080,arith_011,commonsense_016,arithmetic,commonsense_multihop,incorrect,correct,False,False,0.6556390622295665,0.75
trace_00051,trace_00081,arith_011,arith_017,arithmetic,arithmetic,incorrect,correct,True,False,0.1556390622295664,0.25
trace_00051,trace_00082,arith_011,logic_017,arithmetic,symbolic_logic,incorrect,incorrect,False,True,0.6556390622295665,0.75
trace_00051,trace_00083,arith_011,temporal_017,arithmetic,temporal_ordering,incorrect,incorrect,False,True,0.42528358731335336,0.5
trace_00051,trace_00084,arith_011,causal_017,arithmetic,causal_micro_world,incorrect,correct,False,False,0.6556390622295665,0.75
trace_00051,trace_00085,arith_011,commonsense_017,arithmetic,commonsense_multihop,incorrect,incorrect,False,True,1.0,1.0
trace_00051,trace_00086,arith_011,arith_018,arithmetic,arithmetic,incorrect,correct,True,False,0.020720839623908215,0.16666666666666666
trace_00051,trace_00087,arith_011,logic_018,arithmetic,symbolic_logic,incorrect,correct,False,False,0.42528358731335336,0.5
trace_00051,trace_00088,arith_011,temporal_018,arithmetic,temporal_ordering,incorrect,incorrect,False,True,0.6556390622295665,0.75
trace_00051,trace_00089,arith_011,causal_018,arithmetic,causal_micro_world,incorrect,correct,False,False,0.40563906222956636,0.5
trace_00051,trace_00090,arith_011,commonsense_018,arithmetic,commonsense_multihop,incorrect,incorrect,False,True,0.40563906222956636,0.5
trace_00051,trace_00091,arith_011,arith_019,arithmetic,arithmetic,incorrect,correct,True,False,0.1556390622295664,0.25
trace_00051,trace_00092,arith_011,logic_019,arithmetic,symbolic_logic,incorrect,correct,False,False,0.4533576883848438,0.5833333333333333
trace_00051,trace_00093,arith_011,temporal_019,arithmetic,temporal_ordering,incorrect,incorrect,False,True,0.7126417936566767,0.75
trace_00051,trace_00094,arith_011,causal_019,arithmetic,causal_micro_world,incorrect,correct,False,False,0.7126417936566767,0.75
trace_00051,trace_00095,arith_011,commonsense_019,arithmetic,commonsense_multihop,incorrect,correct,False,False,0.7126417936566767,0.75
trace_00051,trace_00096,arith_011,arith_020,arithmetic,arithmetic,incorrect,correct,True,False,0.1556390622295664,0.25
trace_00051,trace_00097,arith_011,logic_020,arithmetic,symbolic_logic,incorrect,incorrect,False,True,1.0,1.0
trace_00051,trace_00098,arith_011,temporal_020,arithmetic,temporal_ordering,incorrect,incorrect,False,True,0.30807904596723146,0.41666666666666663
trace_00051,trace_00099,arith_011,causal_020,arithmetic,causal_micro_world,incorrect,correct,False,False,0.6556390622295665,0.75
trace_00051,trace_00100,arith_011,commonsense_020,arithmetic,commonsense_multihop,incorrect,correct,False,False,0.4646059900014654,0.55
trace_00052,trace_00053,logic_011,temporal_011,symbolic_logic,temporal_ordering,correct,incorrect,False,False,0.5954372523105549,0.6666666666666666
trace_00052,trace_00054,logic_011,causal_011,symbolic_logic,causal_micro_world,correct,incorrect,False,False,0.3333333333333333,0.3333333333333333
trace_00052,trace_00055,logic_011,commonsense_011,symbolic_logic,commonsense_multihop,correct,correct,False,True,0.2622846388220226,0.38095238095238093
trace_00052,trace_00056,logic_011,arith_012,symbolic_logic,arithmetic,correct,correct,False,True,0.5954372523105548,0.6666666666666666
trace_00052,trace_00057,logic_011,logic_012,symbolic_logic,symbolic_logic,correct,correct,True,True,0.4591479170272448,0.6666666666666666
trace_00052,trace_00058,logic_011,temporal_012,symbolic_logic,temporal_ordering,correct,incorrect,False,False,0.3333333333333333,0.3333333333333333
trace_00052,trace_00059,logic_011,causal_012,symbolic_logic,causal_micro_world,correct,correct,False,True,0.5954372523105548,0.6666666666666666
trace_00052,trace_00060,logic_011,commonsense_012,symbolic_logic,commonsense_multihop,correct,incorrect,False,False,0.6666666666666666,0.6666666666666666
trace_00052,trace_00061,logic_011,arith_013,symbolic_logic,arithmetic,correct,correct,False,True,0.20751874963942185,0.3333333333333333
trace_00052,trace_00062,logic_011,logic_013,symbolic_logic,symbolic_logic,correct,correct,True,True,0.745484265886676,0.8
trace_00052,trace_00063,logic_011,temporal_013,symbolic_logic,temporal_ordering,correct,incorrect,False,False,0.5954372523105548,0.6666666666666666
trace_00052,trace_00064,logic_011,causal_013,symbolic_logic,causal_micro_world,correct,incorrect,False,False,0.20751874963942185,0.3333333333333333
trace_00052,trace_00065,logic_011,commonsense_013,symbolic_logic,commonsense_multihop,correct,incorrect,False,False,0.1379253809700301,0.24999999999999997
trace_00052,trace_00066,logic_011,arith_014,symbolic_logic,arithmetic,correct,correct,False,True,0.3333333333333333,0.3333333333333333
trace_00052,trace_00067,logic_011,logic_014,symbolic_logic,symbolic_logic,correct,incorrect,True,False,0.20751874963942185,0.3333333333333333
trace_00052,trace_00068,logic_011,temporal_014,symbolic_logic,temporal_ordering,correct,incorrect,False,False,0.3333333333333333,0.3333333333333333
trace_00052,trace_00069,logic_011,causal_014,symbolic_logic,causal_micro_world,correct,correct,False,True,0.5954372523105548,0.6666666666666666
trace_00052,trace_00070,logic_011,commonsense_014,symbolic_logic,commonsense_multihop,correct,correct,False,True,0.032529960463599066,0.16666666666666669
trace_00052,trace_00071,logic_011,arith_015,symbolic_logic,arithmetic,correct,correct,False,True,0.5954372523105548,0.6666666666666666
trace_00052,trace_00072,logic_011,logic_015,symbolic_logic,symbolic_logic,correct,incorrect,True,False,0.3112781244591328,0.5
trace_00052,trace_00073,logic_011,temporal_015,symbolic_logic,temporal_ordering,correct,incorrect,False,False,0.1264907875651346,0.26666666666666666
trace_00052,trace_00074,logic_011,causal_015,symbolic_logic,causal_micro_world,correct,correct,False,True,0.4591479170272448,0.6666666666666666
trace_00052,trace_00075,logic_011,commonsense_015,symbolic_logic,commonsense_multihop,correct,correct,False,True,0.42528358731335336,0.4999999999999999
trace_00052,trace_00076,logic_011,arith_016,symbolic_logic,arithmetic,correct,correct,False,True,0.10532008566602571,0.23809523809523808
trace_00052,trace_00077,logic_011,logic_016,symbolic_logic,symbolic_logic,correct,correct,True,True,0.3333333333333333,0.3333333333333333
trace_00052,trace_00078,logic_011,temporal_016,symbolic_logic,temporal_ordering,correct,incorrect,False,False,0.1379253809700301,0.24999999999999997
trace_00052,trace_00079,logic_011,causal_016,symbolic_logic,causal_micro_world,correct,incorrect,False,False,0.5954372523105548,0.6666666666666666
trace_00052,trace_00080,logic_011,commonsense_016,symbolic_logic,commonsense_multihop,correct,correct,False,True,0.1908745046211096,0.33333333333333337
trace_00052,trace_00081,logic_011,arith_017,symbolic_logic,arithmetic,correct,correct,False,True,0.42528358731335336,0.4999999999999999
trace_00052,trace_00082,logic_011,logic_017,symbolic_logic,symbolic_logic,correct,incorrect,True,False,0.1908745046211096,0.33333333333333337
trace_00052,trace_00083,logic_011,temporal_017,symbolic_logic,temporal_ordering,correct,incorrect,False,False,0.3333333333333333,0.3333333333333333
trace_00052,trace_00084,logic_011,causal_017,symbolic_logic,causal_micro_world,correct,correct,False,True,0.1908745046211096,0.33333333333333337
trace_00052,trace_00085,logic_011,commonsense_017,symbolic_logic,commonsense_multihop,correct,incorrect,False,False,0.5408520829727551,0.6666666666666666
trace_00052,trace_00086,logic_011,arith_018,symbolic_logic,arithmetic,correct,correct,False,True,0.3333333333333333,0.3333333333333333
trace_00052,trace_00087,logic_011,logic_018,symbolic_logic,symbolic_logic,correct,correct,True,True,0.3333333333333333,0.3333333333333333
trace_00052,trace_00088,logic_011,temporal_018,symbolic_logic,temporal_ordering,correct,incorrect,False,False,0.5954372523105548,0.6666666666666666
trace_00052,trace_00089,logic_011,causal_018,symbolic_logic,causal_micro_world,correct,correct,False,True,0.42528358731335336,0.5
trace_00052,trace_00090,logic_011,commonsense_018,symbolic_logic,commonsense_multihop,correct,incorrect,False,False,0.020720839623908215,0.16666666666666666
trace_00052,trace_00091,logic_011,arith_019,symbolic_logic,arithmetic,correct,correct,False,True,0.42528358731335336,0.4999999999999999
trace_00052,trace_00092,logic_011,logic_019,symbolic_logic,symbolic_logic,correct,correct,True,True,0.13628933528331,0.33333333333333337
trace_00052,trace_00093,logic_011,temporal_019,symbolic_logic,temporal_ordering,correct,incorrect,False,False,0.3333333333333333,0.3333333333333333
trace_00052,trace_00094,logic_011,causal_019,symbolic_logic,causal_micro_world,correct,correct,False,True,0.3333333333333333,0.3333333333333333
trace_00052,trace_00095,logic_011,commonsense_019,symbolic_logic,commonsense_multihop,correct,correct,False,True,0.3333333333333333,0.3333333333333333
trace_00052,trace_00096,logic_011,arith_020,symbolic_logic,arithmetic,correct,correct,False,True,0.13792538097003013,0.24999999999999997
trace_00052,trace_00097,logic_011,logic_020,symbolic_logic,symbolic_logic,correct,incorrect,True,False,0.5954372523105549,0.6666666666666666
trace_00052,trace_00098,logic_011,temporal_020,symbolic_logic,temporal_ordering,correct,incorrect,False,False,0.6666666666666666,0.6666666666666666
trace_00052,trace_00099,logic_011,causal_020,symbolic_logic,causal_micro_world,correct,correct,False,True,0.1908745046211096,0.33333333333333337
trace_00052,trace_00100,logic_011,commonsense_020,symbolic_logic,commonsense_multihop,correct,correct,False,True,0.1264907875651346,0.26666666666666666
trace_00053,trace_00054,temporal_011,causal_011,temporal_ordering,causal_micro_world,incorrect,incorrect,False,True,0.1908745046211096,0.33333333333333337
trace_00053,trace_00055,temporal_011,commonsense_011,temporal_ordering,commonsense_multihop,incorrect,correct,False,False,0.6284905946211771,0.7142857142857142
trace_00053,trace_00056,temporal_011,arith_012,temporal_ordering,arithmetic,incorrect,correct,False,False,1.0,1.0
trace_00053,trace_00057,temporal_011,logic_012,temporal_ordering,symbolic_logic,incorrect,correct,False,False,1.0,1.0
trace_00053,trace_00058,temporal_011,temporal_012,temporal_ordering,temporal_ordering,incorrect,incorrect,True,True,0.1908745046211096,0.33333333333333337
trace_00053,trace_00059,temporal_011,causal_012,temporal_ordering,causal_micro_world,incorrect,correct,False,False,1.0,1.0
trace_00053,trace_00060,temporal_011,commonsense_012,temporal_ordering,commonsense_multihop,incorrect,incorrect,False,True,0.42528358731335336,0.5
trace_00053,trace_00061,temporal_011,arith_013,temporal_ordering,arithmetic,incorrect,correct,False,False,0.7295739585136223,0.8333333333333334
trace_00053,trace_00062,temporal_011,logic_013,temporal_ordering,symbolic_logic,incorrect,correct,False,False,0.5540157730728,0.6000000000000001
trace_00053,trace_00063,temporal_011,temporal_013,temporal_ordering,temporal_ordering,incorrect,incorrect,True,True,0.5,0.5
trace_00053,trace_00064,temporal_011,causal_013,temporal_ordering,causal_micro_world,incorrect,incorrect,False,True,0.5954372523105548,0.6666666666666667
trace_00053,trace_00065,temporal_011,commonsense_013,temporal_ordering,commonsense_multihop,incorrect,incorrect,False,True,0.3112781244591328,0.5
trace_00053,trace_00066,temporal_011,arith_014,temporal_ordering,arithmetic,incorrect,correct,False,False,1.0,0.9999999999999999
trace_00053,trace_00067,temporal_011,logic_014,temporal_ordering,symbolic_logic,incorrect,incorrect,False,True,0.42528358731335336,0.5
trace_00053,trace_00068,temporal_011,temporal_014,temporal_ordering,temporal_ordering,incorrect,incorrect,True,True,0.5954372523105549,0.6666666666666666
trace_00053,trace_00069,temporal_011,causal_014,temporal_ordering,causal_micro_world,incorrect,correct,False,False,0.5,0.5
trace_00053,trace_00070,temporal_011,commonsense_014,temporal_ordering,commonsense_multihop,incorrect,correct,False,False,0.5954372523105549,0.6666666666666667
trace_00053,trace_00071,temporal_011,arith_015,temporal_ordering,arithmetic,incorrect,correct,False,False,1.0,1.0
trace_00053,trace_00072,temporal_011,logic_015,temporal_ordering,symbolic_logic,incorrect,incorrect,False,True,0.7295739585136223,0.8333333333333333
trace_00053,trace_00073,temporal_011,temporal_015,temporal_ordering,temporal_ordering,incorrect,incorrect,True,True,0.2519235740744792,0.4
trace_00053,trace_00074,temporal_011,causal_015,temporal_ordering,causal_micro_world,incorrect,correct,False,False,0.3112781244591328,0.5
trace_00053,trace_00075,temporal_011,commonsense_015,temporal_ordering,commonsense_multihop,incorrect,correct,False,False,0.5,0.5
trace_00053,trace_00076,temporal_011,arith_016,temporal_ordering,arithmetic,incorrect,correct,False,False,0.7543628371936578,0.8571428571428572
trace_00053,trace_00077,temporal_011,logic_016,temporal_ordering,symbolic_logic,incorrect,correct,False,False,0.1908745046211096,0.33333333333333337
trace_00053,trace_00078,temporal_011,temporal_016,temporal_ordering,temporal_ordering,incorrect,incorrect,True,True,0.3112781244591328,0.5
trace_00053,trace_00079,temporal_011,causal_016,temporal_ordering,causal_micro_world,incorrect,incorrect,False,True,0.5,0.5
trace_00053,trace_00080,temporal_011,commonsense_016,temporal_ordering,commonsense_multihop,incorrect,correct,False,False,0.5,0.5
trace_00053,trace_00081,temporal_011,arith_017,temporal_ordering,arithmetic,incorrect,correct,False,False,0.6556390622295665,0.75
trace_00053,trace_00082,temporal_011,logic_017,temporal_ordering,symbolic_logic,incorrect,incorrect,False,True,0.5,0.5
trace_00053,trace_00083,temporal_011,temporal_017,temporal_ordering,temporal_ordering,incorrect,incorrect,True,True,0.5954372523105549,0.6666666666666666
trace_00053,trace_00084,temporal_011,causal_017,temporal_ordering,causal_micro_world,incorrect,correct,False,False,0.5,0.5
trace_00053,trace_00085,temporal_011,commonsense_017,temporal_ordering,commonsense_multihop,incorrect,incorrect,False,True,0.020720839623908215,0.16666666666666666
trace_00053,trace_00086,temporal_011,arith_018,temporal_ordering,arithmetic,incorrect,correct,False,False,1.0,0.9999999999999999
trace_00053,trace_00087,temporal_011,logic_018,temporal_ordering,symbolic_logic,incorrect,correct,False,False,0.5954372523105549,0.6666666666666666
trace_00053,trace_00088,temporal_011,temporal_018,temporal_ordering,temporal_ordering,incorrect,incorrect,True,True,0.5,0.5
trace_00053,trace_00089,temporal_011,causal_018,temporal_ordering,causal_micro_world,incorrect,correct,False,False,0.3112781244591328,0.5
trace_00053,trace_00090,temporal_011,commonsense_018,temporal_ordering,commonsense_multihop,incorrect,incorrect,False,True,0.6556390622295665,0.75
trace_00053,trace_00091,temporal_011,arith_019,temporal_ordering,arithmetic,incorrect,correct,False,False,0.6556390622295665,0.75
trace_00053,trace_00092,temporal_011,logic_019,temporal_ordering,symbolic_logic,incorrect,correct,False,False,0.4591479170272448,0.6666666666666667
trace_00053,trace_00093,temporal_011,temporal_019,temporal_ordering,temporal_ordering,incorrect,incorrect,True,True,0.1908745046211096,0.33333333333333337
trace_00053,trace_00094,temporal_011,causal_019,temporal_ordering,causal_micro_world,incorrect,correct,False,False,0.1908745046211096,0.33333333333333337
trace_00053,trace_00095,temporal_011,commonsense_019,temporal_ordering,commonsense_multihop,incorrect,correct,False,False,0.1908745046211096,0.33333333333333337
trace_00053,trace_00096,temporal_011,arith_020,temporal_ordering,arithmetic,incorrect,correct,False,False,0.6556390622295665,0.75
trace_00053,trace_00097,temporal_011,logic_020,temporal_ordering,symbolic_logic,incorrect,incorrect,False,True,0.0,0.0
trace_00053,trace_00098,temporal_011,temporal_020,temporal_ordering,temporal_ordering,incorrect,incorrect,True,True,0.5954372523105549,0.6666666666666666
trace_00053,trace_00099,temporal_011,causal_020,temporal_ordering,causal_micro_world,incorrect,correct,False,False,0.5,0.5
trace_00053,trace_00100,temporal_011,commonsense_020,temporal_ordering,commonsense_multihop,incorrect,correct,False,False,0.3958156020033583,0.6
trace_00054,trace_00055,causal_011,commonsense_011,causal_micro_world,commonsense_multihop,incorrect,correct,False,False,0.2622846388220226,0.38095238095238093
trace_00054,trace_00056,causal_011,arith_012,causal_micro_world,arithmetic,incorrect,correct,False,False,0.5954372523105548,0.6666666666666666
trace_00054,trace_00057,causal_011,logic_012,causal_micro_world,symbolic_logic,incorrect,correct,False,False,1.0,0.9999999999999999
trace_00054,trace_00058,causal_011,temporal_012,causal_micro_world,temporal_ordering,incorrect,incorrect,False,True,0.3333333333333333,0.3333333333333333
trace_00054,trace_00059,causal_011,causal_012,causal_micro_world,causal_micro_world,incorrect,correct,True,False,0.5954372523105548,0.6666666666666666
trace_00054,trace_00060,causal_011,commonsense_012,causal_micro_world,commonsense_multihop,incorrect,incorrect,False,True,0.20751874963942185,0.3333333333333333
trace_00054,trace_00061,causal_011,arith_013,causal_micro_world,arithmetic,incorrect,correct,False,False,0.5408520829727551,0.6666666666666666
trace_00054,trace_00062,causal_011,logic_013,causal_micro_world,symbolic_logic,incorrect,correct,False,False,0.3810065216784586,0.4666666666666667
trace_00054,trace_00063,causal_011,temporal_013,causal_micro_world,temporal_ordering,incorrect,incorrect,False,True,0.1908745046211096,0.33333333333333337
trace_00054,trace_00064,causal_011,causal_013,causal_micro_world,causal_micro_world,incorrect,incorrect,True,True,0.20751874963942185,0.3333333333333333
trace_00054,trace_00065,causal_011,commonsense_013,causal_micro_world,commonsense_multihop,incorrect,incorrect,False,True,0.13792538097003013,0.24999999999999997
trace_00054,trace_00066,causal_011,arith_014,causal_micro_world,arithmetic,incorrect,correct,False,False,0.6666666666666666,0.6666666666666666
trace_00054,trace_00067,causal_011,logic_014,causal_micro_world,symbolic_logic,incorrect,incorrect,False,True,0.5408520829727551,0.6666666666666666
trace_00054,trace_00068,causal_011,temporal_014,causal_micro_world,temporal_ordering,incorrect,incorrect,False,True,0.3333333333333333,0.3333333333333333
trace_00054,trace_00069,causal_011,causal_014,causal_micro_world,causal_micro_world,incorrect,correct,True,False,0.1908745046211096,0.33333333333333337
trace_00054,trace_00070,causal_011,commonsense_014,causal_micro_world,commonsense_multihop,incorrect,correct,False,False,0.26210391897722146,0.33333333333333337
trace_00054,trace_00071,causal_011,arith_015,causal_micro_world,arithmetic,incorrect,correct,False,False,0.5954372523105548,0.6666666666666666
trace_00054,trace_00072,causal_011,logic_015,causal_micro_world,symbolic_logic,incorrect,incorrect,False,True,0.3112781244591328,0.5
trace_00054,trace_00073,causal_011,temporal_015,causal_micro_world,temporal_ordering,incorrect,incorrect,False,True,0.1264907875651346,0.26666666666666666
trace_00054,trace_00074,causal_011,causal_015,causal_micro_world,causal_micro_world,incorrect,correct,True,False,0.4591479170272448,0.6666666666666666
trace_00054,trace_00075,causal_011,commonsense_015,causal_micro_world,commonsense_multihop,incorrect,correct,False,False,0.3080790459672315,0.41666666666666663
trace_00054,trace_00076,causal_011,arith_016,causal_micro_world,arithmetic,incorrect,correct,False,False,0.48196747929973904,0.5714285714285714
trace_00054,trace_00077,causal_011,logic_016,causal_micro_world,symbolic_logic,incorrect,correct,False,False,0.0,0.0
trace_00054,trace_00078,causal_011,temporal_016,causal_micro_world,temporal_ordering,incorrect,incorrect,False,True,0.13792538097003013,0.24999999999999997
trace_00054,trace_00079,causal_011,causal_016,causal_micro_world,causal_micro_world,incorrect,incorrect,True,True,0.1908745046211096,0.33333333333333337
trace_00054,trace_00080,causal_011,commonsense_016,causal_micro_world,commonsense_multihop,incorrect,correct,False,False,0.1908745046211096,0.33333333333333337
trace_00054,trace_00081,causal_011,arith_017,causal_micro_world,arithmetic,incorrect,correct,False,False,0.42528358731335336,0.5
trace_00054,trace_00082,causal_011,logic_017,causal_micro_world,symbolic_logic,incorrect,incorrect,False,True,0.5954372523105549,0.6666666666666666
trace_00054,trace_00083,causal_011,temporal_017,causal_micro_world,temporal_ordering,incorrect,incorrect,False,True,0.3333333333333333,0.3333333333333333
trace_00054,trace_00084,causal_011,causal_017,causal_micro_world,causal_micro_world,incorrect,correct,True,False,0.1908745046211096,0.33333333333333337
trace_00054,trace_00085,causal_011,commonsense_017,causal_micro_world,commonsense_multihop,incorrect,incorrect,False,True,0.20751874963942185,0.3333333333333333
trace_00054,trace_00086,causal_011,arith_018,causal_micro_world,arithmetic,incorrect,correct,False,False,0.6666666666666666,0.6666666666666666
trace_00054,trace_00087,causal_011,logic_018,causal_micro_world,symbolic_logic,incorrect,correct,False,False,0.3333333333333333,0.3333333333333333
trace_00054,trace_00088,causal_011,temporal_018,causal_micro_world,temporal_ordering,incorrect,incorrect,False,True,0.1908745046211096,0.33333333333333337
trace_00054,trace_00089,causal_011,causal_018,causal_micro_world,causal_micro_world,incorrect,correct,True,False,0.42528358731335336,0.5
trace_00054,trace_00090,causal_011,commonsense_018,causal_micro_world,commonsense_multihop,incorrect,incorrect,False,True,0.30807904596723146,0.41666666666666663
trace_00054,trace_00091,causal_011,arith_019,causal_micro_world,arithmetic,incorrect,correct,False,False,0.42528358731335336,0.5
trace_00054,trace_00092,causal_011,logic_019,causal_micro_world,symbolic_logic,incorrect,correct,False,False,0.13628933528331,0.33333333333333337
trace_00054,trace_00093,causal_011,temporal_019,causal_micro_world,temporal_ordering,incorrect,incorrect,False,True,0.0,0.0
trace_00054,trace_00094,causal_011,causal_019,causal_micro_world,causal_micro_world,incorrect,correct,True,False,0.3333333333333333,0.3333333333333333
trace_00054,trace_00095,causal_011,commonsense_019,causal_micro_world,commonsense_multihop,incorrect,correct,False,False,0.3333333333333333,0.3333333333333333
trace_00054,trace_00096,causal_011,arith_020,causal_micro_world,arithmetic,incorrect,correct,False,False,0.42528358731335336,0.5
trace_00054,trace_00097,causal_011,logic_020,causal_micro_world,symbolic_logic,incorrect,incorrect,False,True,0.1908745046211096,0.33333333333333337
trace_00054,trace_00098,causal_011,temporal_020,causal_micro_world,temporal_ordering,incorrect,incorrect,False,True,0.6666666666666666,0.6666666666666666
trace_00054,trace_00099,causal_011,causal_020,causal_micro_world,causal_micro_world,incorrect,correct,True,False,0.1908745046211096,0.33333333333333337
trace_00054,trace_00100,causal_011,commonsense_020,causal_micro_world,commonsense_multihop,incorrect,correct,False,False,0.236452797660028,0.39999999999999997
trace_00055,trace_00056,commonsense_011,arith_012,commonsense_multihop,arithmetic,correct,correct,False,True,0.22036732006063825,0.3571428571428571
trace_00055,trace_00057,commonsense_011,logic_012,commonsense_multihop,symbolic_logic,correct,correct,False,True,1.0,0.9999999999999999
trace_00055,trace_00058,commonsense_011,temporal_012,commonsense_multihop,temporal_ordering,correct,incorrect,False,False,0.6917986457832372,0.7142857142857142
trace_00055,trace_00059,commonsense_011,causal_012,commonsense_multihop,causal_micro_world,correct,correct,False,True,0.22036732006063825,0.3571428571428571
trace_00055,trace_00060,commonsense_011,commonsense_012,commonsense_multihop,commonsense_multihop,correct,incorrect,True,False,0.5704859930387852,0.6666666666666666
trace_00055,trace_00061,commonsense_011,arith_013,commonsense_multihop,arithmetic,correct,correct,False,True,0.29101300681824965,0.5238095238095237
trace_00055,trace_00062,commonsense_011,logic_013,commonsense_multihop,symbolic_logic,correct,correct,False,True,0.4558581488793139,0.6571428571428571
trace_00055,trace_00063,commonsense_011,temporal_013,commonsense_multihop,temporal_ordering,correct,incorrect,False,False,0.4660044828669804,0.5
trace_00055,trace_00064,commonsense_011,causal_013,commonsense_multihop,causal_micro_world,correct,incorrect,False,False,0.07539593734971191,0.14285714285714285
trace_00055,trace_00065,commonsense_011,commonsense_013,commonsense_multihop,commonsense_multihop,correct,incorrect,True,False,0.36888723188156036,0.5
trace_00055,trace_00066,commonsense_011,arith_014,commonsense_multihop,arithmetic,correct,correct,False,True,0.360654826555287,0.5238095238095238
trace_00055,trace_00067,commonsense_011,logic_014,commonsense_multihop,symbolic_logic,correct,incorrect,False,False,0.5803376670330035,0.7142857142857142
trace_00055,trace_00068,commonsense_011,temporal_014,commonsense_multihop,temporal_ordering,correct,incorrect,False,False,0.5704859930387852,0.6666666666666666
trace_00055,trace_00069,commonsense_011,causal_014,commonsense_multihop,causal_micro_world,correct,correct,False,True,0.4660044828669804,0.5
trace_00055,trace_00070,commonsense_011,commonsense_014,commonsense_multihop,commonsense_multihop,correct,correct,True,True,0.15780312865021767,0.21428571428571427
trace_00055,trace_00071,commonsense_011,arith_015,commonsense_multihop,arithmetic,correct,correct,False,True,0.22036732006063825,0.3571428571428571
trace_00055,trace_00072,commonsense_011,logic_015,commonsense_multihop,symbolic_logic,correct,incorrect,False,False,0.3835972915664746,0.4285714285714285
trace_00055,trace_00073,commonsense_011,temporal_015,commonsense_multihop,temporal_ordering,correct,incorrect,False,False,0.34558905191584516,0.5142857142857142
trace_00055,trace_00074,commonsense_011,causal_015,commonsense_multihop,causal_micro_world,correct,correct,False,True,0.5087256743873156,0.7142857142857142
trace_00055,trace_00075,commonsense_011,commonsense_015,commonsense_multihop,commonsense_multihop,correct,correct,True,True,0.6358849904480702,0.7499999999999999
trace_00055,trace_00076,commonsense_011,arith_016,commonsense_multihop,arithmetic,correct,correct,False,True,0.26680982096497097,0.42857142857142855
trace_00055,trace_00077,commonsense_011,logic_016,commonsense_multihop,symbolic_logic,correct,correct,False,True,0.2622846388220226,0.38095238095238093
trace_00055,trace_00078,commonsense_011,temporal_016,commonsense_multihop,temporal_ordering,correct,incorrect,False,False,0.36888723188156036,0.5
trace_00055,trace_00079,commonsense_011,causal_016,commonsense_multihop,causal_micro_world,correct,incorrect,False,False,0.4660044828669804,0.5
trace_00055,trace_00080,commonsense_011,commonsense_016,commonsense_multihop,commonsense_multihop,correct,correct,True,True,0.09449507748815748,0.21428571428571427
trace_00055,trace_00081,commonsense_011,arith_017,commonsense_multihop,arithmetic,correct,correct,False,True,0.4501302877586588,0.6071428571428572
trace_00055,trace_00082,commonsense_011,logic_017,commonsense_multihop,symbolic_logic,correct,incorrect,False,False,0.6284905946211771,0.7142857142857142
trace_00055,trace_00083,commonsense_011,temporal_017,commonsense_multihop,temporal_ordering,correct,incorrect,False,False,0.5704859930387852,0.6666666666666666
trace_00055,trace_00084,commonsense_011,causal_017,commonsense_multihop,causal_micro_world,correct,correct,False,True,0.09449507748815748,0.21428571428571427
trace_00055,trace_00085,commonsense_011,commonsense_017,commonsense_multihop,commonsense_multihop,correct,incorrect,True,False,0.5803376670330035,0.7142857142857142
trace_00055,trace_00086,commonsense_011,arith_018,commonsense_multihop,arithmetic,correct,correct,False,True,0.360654826555287,0.5238095238095238
trace_00055,trace_00087,commonsense_011,logic_018,commonsense_multihop,symbolic_logic,correct,correct,False,True,0.5704859930387852,0.6666666666666666
trace_00055,trace_00088,commonsense_011,temporal_018,commonsense_multihop,temporal_ordering,correct,incorrect,False,False,0.4660044828669804,0.5
trace_00055,trace_00089,commonsense_011,causal_018,commonsense_multihop,causal_micro_world,correct,correct,False,True,0.5472475387440787,0.6071428571428572
trace_00055,trace_00090,commonsense_011,commonsense_018,commonsense_multihop,commonsense_multihop,correct,incorrect,True,False,0.19900672430047056,0.24999999999999997
trace_00055,trace_00091,commonsense_011,arith_019,commonsense_multihop,arithmetic,correct,correct,False,True,0.4501302877586588,0.6071428571428572
trace_00055,trace_00092,commonsense_011,logic_019,commonsense_multihop,symbolic_logic,correct,correct,False,True,0.25124747938637304,0.33333333333333326
trace_00055,trace_00093,commonsense_011,temporal_019,commonsense_multihop,temporal_ordering,correct,incorrect,False,False,0.2622846388220226,0.38095238095238093
trace_00055,trace_00094,commonsense_011,causal_019,commonsense_multihop,causal_micro_world,correct,correct,False,True,0.6917986457832372,0.7142857142857142
trace_00055,trace_00095,commonsense_011,commonsense_019,commonsense_multihop,commonsense_multihop,correct,correct,True,True,0.6917986457832372,0.7142857142857142
trace_00055,trace_00096,commonsense_011,arith_020,commonsense_multihop,arithmetic,correct,correct,False,True,0.18313252919214895,0.3571428571428571
trace_00055,trace_00097,commonsense_011,logic_020,commonsense_multihop,symbolic_logic,correct,incorrect,False,False,0.6284905946211771,0.7142857142857142
trace_00055,trace_00098,commonsense_011,temporal_020,commonsense_multihop,temporal_ordering,correct,incorrect,False,False,0.7901688335165018,0.8571428571428571
trace_00055,trace_00099,commonsense_011,causal_020,commonsense_multihop,causal_micro_world,correct,correct,False,True,0.09449507748815748,0.21428571428571427
trace_00055,trace_00100,commonsense_011,commonsense_020,commonsense_multihop,commonsense_multihop,correct,correct,True,True,0.44417115565368454,0.6
trace_00056,trace_00057,arith_012,logic_012,arithmetic,symbolic_logic,correct,correct,False,True,1.0,1.0
trace_00056,trace_00058,arith_012,temporal_012,arithmetic,temporal_ordering,correct,incorrect,False,False,1.0,1.0
trace_00056,trace_00059,arith_012,causal_012,arithmetic,causal_micro_world,correct,correct,False,True,0.0,0.0
trace_00056,trace_00060,arith_012,commonsense_012,arithmetic,commonsense_multihop,correct,incorrect,False,False,0.5954372523105548,0.6666666666666666
trace_00056,trace_00061,arith_012,arith_013,arithmetic,arithmetic,correct,correct,True,True,0.32501121082417717,0.5
trace_00056,trace_00062,arith_012,logic_013,arithmetic,symbolic_logic,correct,correct,False,True,0.2519235740744792,0.39999999999999997
trace_00056,trace_00063,arith_012,temporal_013,arithmetic,temporal_ordering,correct,incorrect,False,False,0.5,0.5
trace_00056,trace_00064,arith_012,causal_013,arithmetic,causal_micro_world,correct,incorrect,False,False,0.42528358731335336,0.5
trace_00056,trace_00065,arith_012,commonsense_013,arithmetic,commonsense_multihop,correct,incorrect,False,False,0.6556390622295665,0.75
trace_00056,trace_00066,arith_012,arith_014,arithmetic,arithmetic,correct,correct,True,True,0.1908745046211096,0.33333333333333337
trace_00056,trace_00067,arith_012,logic_014,arithmetic,symbolic_logic,correct,incorrect,False,False,1.0,1.0
trace_00056,trace_00068,arith_012,temporal_014,arithmetic,temporal_ordering,correct,incorrect,False,False,0.5954372523105548,0.6666666666666666
trace_00056,trace_00069,arith_012,causal_014,arithmetic,causal_micro_world,correct,correct,False,True,0.5,0.5
trace_00056,trace_00070,arith_012,commonsense_014,arithmetic,commonsense_multihop,correct,correct,False,True,0.5,0.5
trace_00056,trace_00071,arith_012,arith_015,arithmetic,arithmetic,correct,correct,True,True,0.0,0.0
trace_00056,trace_00072,arith_012,logic_015,arithmetic,symbolic_logic,correct,incorrect,False,False,0.42528358731335336,0.5
trace_00056,trace_00073,arith_012,temporal_015,arithmetic,temporal_ordering,correct,incorrect,False,False,0.6979078010016793,0.8
trace_00056,trace_00074,arith_012,causal_015,arithmetic,causal_micro_world,correct,correct,False,True,1.0,1.0
trace_00056,trace_00075,arith_012,commonsense_015,arithmetic,commonsense_multihop,correct,correct,False,True,0.6556390622295665,0.75
trace_00056,trace_00076,arith_012,arith_016,arithmetic,arithmetic,correct,correct,True,True,0.38285343181483494,0.5714285714285714
trace_00056,trace_00077,arith_012,logic_016,arithmetic,symbolic_logic,correct,correct,False,True,0.5954372523105548,0.6666666666666666
trace_00056,trace_00078,arith_012,temporal_016,arithmetic,temporal_ordering,correct,incorrect,False,False,0.6556390622295665,0.75
trace_00056,trace_00079,arith_012,causal_016,arithmetic,causal_micro_world,correct,incorrect,False,False,0.5,0.5
trace_00056,trace_00080,arith_012,commonsense_016,arithmetic,commonsense_multihop,correct,correct,False,True,0.5,0.5
trace_00056,trace_00081,arith_012,arith_017,arithmetic,arithmetic,correct,correct,True,True,0.3112781244591328,0.5
trace_00056,trace_00082,arith_012,logic_017,arithmetic,symbolic_logic,correct,incorrect,False,False,1.0,1.0
trace_00056,trace_00083,arith_012,temporal_017,arithmetic,temporal_ordering,correct,incorrect,False,False,0.5954372523105548,0.6666666666666666
trace_00056,trace_00084,arith_012,causal_017,arithmetic,causal_micro_world,correct,correct,False,True,0.5,0.5
trace_00056,trace_00085,arith_012,commonsense_017,arithmetic,commonsense_multihop,correct,incorrect,False,False,1.0,1.0
trace_00056,trace_00086,arith_012,arith_018,arithmetic,arithmetic,correct,correct,True,True,0.1908745046211096,0.33333333333333337
trace_00056,trace_00087,arith_012,logic_018,arithmetic,symbolic_logic,correct,correct,False,True,0.5954372523105548,0.6666666666666666
trace_00056,trace_00088,arith_012,temporal_018,arithmetic,temporal_ordering,correct,incorrect,False,False,0.5,0.5
trace_00056,trace_00089,arith_012,causal_018,arithmetic,causal_micro_world,correct,correct,False,True,0.6556390622295665,0.75
trace_00056,trace_00090,arith_012,commonsense_018,arithmetic,commonsense_multihop,correct,incorrect,False,False,0.5,0.5
trace_00056,trace_00091,arith_012,arith_019,arithmetic,arithmetic,correct,correct,True,True,0.3112781244591328,0.5
trace_00056,trace_00092,arith_012,logic_019,arithmetic,symbolic_logic,correct,correct,False,True,0.5,0.5
trace_00056,trace_00093,arith_012,temporal_019,arithmetic,temporal_ordering,correct,incorrect,False,False,0.5954372523105548,0.6666666666666666
trace_00056,trace_00094,arith_012,causal_019,arithmetic,causal_micro_world,correct,correct,False,True,1.0,1.0
trace_00056,trace_00095,arith_012,commonsense_019,arithmetic,commonsense_multihop,correct,correct,False,True,1.0,1.0
trace_00056,trace_00096,arith_012,arith_020,arithmetic,arithmetic,correct,correct,True,True,0.3112781244591328,0.5
trace_00056,trace_00097,arith_012,logic_020,arithmetic,symbolic_logic,correct,incorrect,False,False,1.0,1.0
trace_00056,trace_00098,arith_012,temporal_020,arithmetic,temporal_ordering,correct,incorrect,False,False,0.5954372523105548,0.6666666666666666
trace_00056,trace_00099,arith_012,causal_020,arithmetic,causal_micro_world,correct,correct,False,True,0.5,0.5
trace_00056,trace_00100,arith_012,commonsense_020,arithmetic,commonsense_multihop,correct,correct,False,True,0.6979078010016793,0.8
trace_00057,trace_00058,logic_012,temporal_012,symbolic_logic,temporal_ordering,correct,incorrect,False,False,0.4591479170272448,0.6666666666666667
trace_00057,trace_00059,logic_012,causal_012,symbolic_logic,causal_micro_world,correct,correct,False,True,1.0,1.0
trace_00057,trace_00060,logic_012,commonsense_012,symbolic_logic,commonsense_multihop,correct,incorrect,False,False,1.0,0.9999999999999999
trace_00057,trace_00061,logic_012,arith_013,symbolic_logic,arithmetic,correct,correct,False,True,0.4591479170272448,0.6666666666666666
trace_00057,trace_00062,logic_012,logic_013,symbolic_logic,symbolic_logic,correct,correct,True,True,1.0,1.0
trace_00057,trace_00063,logic_012,temporal_013,symbolic_logic,temporal_ordering,correct,incorrect,False,False,1.0,1.0
trace_00057,trace_00064,logic_012,causal_013,symbolic_logic,causal_micro_world,correct,incorrect,False,False,1.0,1.0
trace_00057,trace_00065,logic_012,commonsense_013,symbolic_logic,commonsense_multihop,correct,incorrect,False,False,0.5487949406953987,0.75
trace_00057,trace_00066,logic_012,arith_014,symbolic_logic,arithmetic,correct,correct,False,True,0.4591479170272448,0.6666666666666666
trace_00057,trace_00067,logic_012,logic_014,symbolic_logic,symbolic_logic,correct,incorrect,True,False,0.4591479170272448,0.6666666666666667
trace_00057,trace_00068,logic_012,temporal_014,symbolic_logic,temporal_ordering,correct,incorrect,False,False,0.4591479170272448,0.6666666666666666
trace_00057,trace_00069,logic_012,causal_014,symbolic_logic,causal_micro_world,correct,correct,False,True,1.0,1.0
trace_00057,trace_00070,logic_012,commonsense_014,symbolic_logic,commonsense_multihop,correct,correct,False,True,0.6548575458269756,0.8333333333333334
trace_00057,trace_00071,logic_012,arith_015,symbolic_logic,arithmetic,correct,correct,False,True,1.0,1.0
trace_00057,trace_00072,logic_012,logic_015,symbolic_logic,symbolic_logic,correct,incorrect,True,False,0.6548575458269756,0.8333333333333333
trace_00057,trace_00073,logic_012,temporal_015,symbolic_logic,temporal_ordering,correct,incorrect,False,False,0.6099865470109875,0.8
trace_00057,trace_00074,logic_012,causal_015,symbolic_logic,causal_micro_world,correct,correct,False,True,1.0,1.0
trace_00057,trace_00075,logic_012,commonsense_015,symbolic_logic,commonsense_multihop,correct,correct,False,True,0.5487949406953987,0.75
trace_00057,trace_00076,logic_012,arith_016,symbolic_logic,arithmetic,correct,correct,False,True,0.37050650054950524,0.5714285714285714
trace_00057,trace_00077,logic_012,logic_016,symbolic_logic,symbolic_logic,correct,correct,True,True,1.0,0.9999999999999999
trace_00057,trace_00078,logic_012,temporal_016,symbolic_logic,temporal_ordering,correct,incorrect,False,False,0.5487949406953987,0.75
trace_00057,trace_00079,logic_012,causal_016,symbolic_logic,causal_micro_world,correct,incorrect,False,False,1.0,1.0
trace_00057,trace_00080,logic_012,commonsense_016,symbolic_logic,commonsense_multihop,correct,correct,False,True,1.0,1.0
trace_00057,trace_00081,logic_012,arith_017,symbolic_logic,arithmetic,correct,correct,False,True,0.5487949406953987,0.75
trace_00057,trace_00082,logic_012,logic_017,symbolic_logic,symbolic_logic,correct,incorrect,True,False,0.3112781244591328,0.5
trace_00057,trace_00083,logic_012,temporal_017,symbolic_logic,temporal_ordering,correct,incorrect,False,False,0.4591479170272448,0.6666666666666666
trace_00057,trace_00084,logic_012,causal_017,symbolic_logic,causal_micro_world,correct,correct,False,True,1.0,1.0
trace_00057,trace_00085,logic_012,commonsense_017,symbolic_logic,commonsense_multihop,correct,incorrect,False,False,1.0,1.0
trace_00057,trace_00086,logic_012,arith_018,symbolic_logic,arithmetic,correct,correct,False,True,0.4591479170272448,0.6666666666666666
trace_00057,trace_00087,logic_012,logic_018,symbolic_logic,symbolic_logic,correct,correct,True,True,0.4591479170272448,0.6666666666666666
trace_00057,trace_00088,logic_012,temporal_018,symbolic_logic,temporal_ordering,correct,incorrect,False,False,1.0,1.0
trace_00057,trace_00089,logic_012,causal_018,symbolic_logic,causal_micro_world,correct,correct,False,True,0.5487949406953987,0.75
trace_00057,trace_00090,logic_012,commonsense_018,symbolic_logic,commonsense_multihop,correct,incorrect,False,False,0.5487949406953987,0.75
trace_00057,trace_00091,logic_012,arith_019,symbolic_logic,arithmetic,correct,correct,False,True,0.5487949406953987,0.75
trace_00057,trace_00092,logic_012,logic_019,symbolic_logic,symbolic_logic,correct,correct,True,True,0.6548575458269756,0.8333333333333334
trace_00057,trace_00093,logic_012,temporal_019,symbolic_logic,temporal_ordering,correct,incorrect,False,False,1.0,0.9999999999999999
trace_00057,trace_00094,logic_012,causal_019,symbolic_logic,causal_micro_world,correct,correct,False,True,0.4591479170272448,0.6666666666666667
trace_00057,trace_00095,logic_012,commonsense_019,symbolic_logic,commonsense_multihop,correct,correct,False,True,0.4591479170272448,0.6666666666666667
trace_00057,trace_00096,logic_012,arith_020,symbolic_logic,arithmetic,correct,correct,False,True,0.5487949406953987,0.75
trace_00057,trace_00097,logic_012,logic_020,symbolic_logic,symbolic_logic,correct,incorrect,True,False,1.0,1.0
trace_00057,trace_00098,logic_012,temporal_020,symbolic_logic,temporal_ordering,correct,incorrect,False,False,0.4591479170272448,0.6666666666666666
trace_00057,trace_00099,logic_012,causal_020,symbolic_logic,causal_micro_world,correct,correct,False,True,1.0,1.0
trace_00057,trace_00100,logic_012,commonsense_020,symbolic_logic,commonsense_multihop,correct,correct,False,True,0.3958156020033583,0.6
trace_00058,trace_00059,temporal_012,causal_012,temporal_ordering,causal_micro_world,incorrect,correct,False,False,1.0,1.0
trace_00058,trace_00060,temporal_012,commonsense_012,temporal_ordering,commonsense_multihop,incorrect,incorrect,False,True,0.5408520829727551,0.6666666666666666
trace_00058,trace_00061,temporal_012,arith_013,temporal_ordering,arithmetic,incorrect,correct,False,False,0.43709270815304424,0.5
trace_00058,trace_00062,temporal_012,logic_013,temporal_ordering,symbolic_logic,incorrect,correct,False,False,0.6355222557917826,0.6666666666666667
trace_00058,trace_00063,temporal_012,temporal_013,temporal_ordering,temporal_ordering,incorrect,incorrect,True,True,0.5954372523105549,0.6666666666666666
trace_00058,trace_00064,temporal_012,causal_013,temporal_ordering,causal_micro_world,incorrect,incorrect,False,True,0.6666666666666666,0.6666666666666666
trace_00058,trace_00065,temporal_012,commonsense_013,temporal_ordering,commonsense_multihop,incorrect,incorrect,False,True,0.13792538097003013,0.24999999999999997
trace_00058,trace_00066,temporal_012,arith_014,temporal_ordering,arithmetic,incorrect,correct,False,False,0.6666666666666666,0.6666666666666666
trace_00058,trace_00067,temporal_012,logic_014,temporal_ordering,symbolic_logic,incorrect,incorrect,False,True,0.20751874963942185,0.3333333333333333
trace_00058,trace_00068,temporal_012,temporal_014,temporal_ordering,temporal_ordering,incorrect,incorrect,True,True,0.3333333333333333,0.3333333333333333
trace_00058,trace_00069,temporal_012,causal_014,temporal_ordering,causal_micro_world,incorrect,correct,False,False,0.5954372523105549,0.6666666666666666
trace_00058,trace_00070,temporal_012,commonsense_014,temporal_ordering,commonsense_multihop,incorrect,correct,False,False,0.43709270815304424,0.5
trace_00058,trace_00071,temporal_012,arith_015,temporal_ordering,arithmetic,incorrect,correct,False,False,1.0,1.0
trace_00058,trace_00072,temporal_012,logic_015,temporal_ordering,symbolic_logic,incorrect,incorrect,False,True,0.5408520829727551,0.6666666666666666
trace_00058,trace_00073,temporal_012,temporal_015,temporal_ordering,temporal_ordering,incorrect,incorrect,True,True,0.1264907875651346,0.26666666666666666
trace_00058,trace_00074,temporal_012,causal_015,temporal_ordering,causal_micro_world,incorrect,correct,False,False,0.4591479170272448,0.6666666666666666
trace_00058,trace_00075,temporal_012,commonsense_015,temporal_ordering,commonsense_multihop,incorrect,correct,False,False,0.3080790459672315,0.41666666666666663
trace_00058,trace_00076,temporal_012,arith_016,temporal_ordering,arithmetic,incorrect,correct,False,False,0.41352143988278833,0.5238095238095237
trace_00058,trace_00077,temporal_012,logic_016,temporal_ordering,symbolic_logic,incorrect,correct,False,False,0.3333333333333333,0.3333333333333333
trace_00058,trace_00078,temporal_012,temporal_016,temporal_ordering,temporal_ordering,incorrect,incorrect,True,True,0.13792538097003013,0.24999999999999997
trace_00058,trace_00079,temporal_012,causal_016,temporal_ordering,causal_micro_world,incorrect,incorrect,False,True,0.5954372523105549,0.6666666666666666
trace_00058,trace_00080,temporal_012,commonsense_016,temporal_ordering,commonsense_multihop,incorrect,correct,False,False,0.5954372523105549,0.6666666666666666
trace_00058,trace_00081,temporal_012,arith_017,temporal_ordering,arithmetic,incorrect,correct,False,False,0.42528358731335336,0.5
trace_00058,trace_00082,temporal_012,logic_017,temporal_ordering,symbolic_logic,incorrect,incorrect,False,True,0.1908745046211096,0.33333333333333337
trace_00058,trace_00083,temporal_012,temporal_017,temporal_ordering,temporal_ordering,incorrect,incorrect,True,True,0.3333333333333333,0.3333333333333333
trace_00058,trace_00084,temporal_012,causal_017,temporal_ordering,causal_micro_world,incorrect,correct,False,False,0.5954372523105549,0.6666666666666666
trace_00058,trace_00085,temporal_012,commonsense_017,temporal_ordering,commonsense_multihop,incorrect,incorrect,False,True,0.20751874963942185,0.3333333333333333
trace_00058,trace_00086,temporal_012,arith_018,temporal_ordering,arithmetic,incorrect,correct,False,False,0.6666666666666666,0.6666666666666666
trace_00058,trace_00087,temporal_012,logic_018,temporal_ordering,symbolic_logic,incorrect,correct,False,False,0.3333333333333333,0.3333333333333333
trace_00058,trace_00088,temporal_012,temporal_018,temporal_ordering,temporal_ordering,incorrect,incorrect,True,True,0.5954372523105549,0.6666666666666666
trace_00058,trace_00089,temporal_012,causal_018,temporal_ordering,causal_micro_world,incorrect,correct,False,False,0.13792538097003013,0.24999999999999997
trace_00058,trace_00090,temporal_012,commonsense_018,temporal_ordering,commonsense_multihop,incorrect,incorrect,False,True,0.42528358731335336,0.5
trace_00058,trace_00091,temporal_012,arith_019,temporal_ordering,arithmetic,incorrect,correct,False,False,0.42528358731335336,0.5
trace_00058,trace_00092,temporal_012,logic_019,temporal_ordering,symbolic_logic,incorrect,correct,False,False,0.3112781244591328,0.5
trace_00058,trace_00093,temporal_012,temporal_019,temporal_ordering,temporal_ordering,incorrect,incorrect,True,True,0.3333333333333333,0.3333333333333333
trace_00058,trace_00094,temporal_012,causal_019,temporal_ordering,causal_micro_world,incorrect,correct,False,False,0.0,0.0
trace_00058,trace_00095,temporal_012,commonsense_019,temporal_ordering,commonsense_multihop,incorrect,correct,False,False,0.0,0.0
trace_00058,trace_00096,temporal_012,arith_020,temporal_ordering,arithmetic,incorrect,correct,False,False,0.42528358731335336,0.5
trace_00058,trace_00097,temporal_012,logic_020,temporal_ordering,symbolic_logic,incorrect,incorrect,False,True,0.1908745046211096,0.33333333333333337
trace_00058,trace_00098,temporal_012,temporal_020,temporal_ordering,temporal_ordering,incorrect,incorrect,True,True,0.3333333333333333,0.3333333333333333
trace_00058,trace_00099,temporal_012,causal_020,temporal_ordering,causal_micro_world,incorrect,correct,False,False,0.5954372523105549,0.6666666666666666
trace_00058,trace_00100,temporal_012,commonsense_020,temporal_ordering,commonsense_multihop,incorrect,correct,False,False,0.1264907875651346,0.26666666666666666
trace_00059,trace_00060,causal_012,commonsense_012,causal_micro_world,commonsense_multihop,correct,incorrect,False,False,0.5954372523105548,0.6666666666666666
trace_00059,trace_00061,causal_012,arith_013,causal_micro_world,arithmetic,correct,correct,False,True,0.32501121082417717,0.5
trace_00059,trace_00062,causal_012,logic_013,causal_micro_world,symbolic_logic,correct,correct,False,True,0.2519235740744792,0.39999999999999997
trace_00059,trace_00063,causal_012,temporal_013,causal_micro_world,temporal_ordering,correct,incorrect,False,False,0.5,0.5
trace_00059,trace_00064,causal_012,causal_013,causal_micro_world,causal_micro_world,correct,incorrect,True,False,0.42528358731335336,0.5
trace_00059,trace_00065,causal_012,commonsense_013,causal_micro_world,commonsense_multihop,correct,incorrect,False,False,0.6556390622295665,0.75
trace_00059,trace_00066,causal_012,arith_014,causal_micro_world,arithmetic,correct,correct,False,True,0.1908745046211096,0.33333333333333337
trace_00059,trace_00067,causal_012,logic_014,causal_micro_world,symbolic_logic,correct,incorrect,False,False,1.0,1.0
trace_00059,trace_00068,causal_012,temporal_014,causal_micro_world,temporal_ordering,correct,incorrect,False,False,0.5954372523105548,0.6666666666666666
trace_00059,trace_00069,causal_012,causal_014,causal_micro_world,causal_micro_world,correct,correct,True,True,0.5,0.5
trace_00059,trace_00070,causal_012,commonsense_014,causal_micro_world,commonsense_multihop,correct,correct,False,True,0.5,0.5
trace_00059,trace_00071,causal_012,arith_015,causal_micro_world,arithmetic,correct,correct,False,True,0.0,0.0
trace_00059,trace_00072,causal_012,logic_015,causal_micro_world,symbolic_logic,correct,incorrect,False,False,0.42528358731335336,0.5
trace_00059,trace_00073,causal_012,temporal_015,causal_micro_world,temporal_ordering,correct,incorrect,False,False,0.6979078010016793,0.8
trace_00059,trace_00074,causal_012,causal_015,causal_micro_world,causal_micro_world,correct,correct,True,True,1.0,1.0
trace_00059,trace_00075,causal_012,commonsense_015,causal_micro_world,commonsense_multihop,correct,correct,False,True,0.6556390622295665,0.75
trace_00059,trace_00076,causal_012,arith_016,causal_micro_world,arithmetic,correct,correct,False,True,0.38285343181483494,0.5714285714285714
trace_00059,trace_00077,causal_012,logic_016,causal_micro_world,symbolic_logic,correct,correct,False,True,0.5954372523105548,0.6666666666666666
trace_00059,trace_00078,causal_012,temporal_016,causal_micro_world,temporal_ordering,correct,incorrect,False,False,0.6556390622295665,0.75
trace_00059,trace_00079,causal_012,causal_016,causal_micro_world,causal_micro_world,correct,incorrect,True,False,0.5,0.5
trace_00059,trace_00080,causal_012,commonsense_016,causal_micro_world,commonsense_multihop,correct,correct,False,True,0.5,0.5
trace_00059,trace_00081,causal_012,arith_017,causal_micro_world,arithmetic,correct,correct,False,True,0.3112781244591328,0.5
trace_00059,trace_00082,causal_012,logic_017,causal_micro_world,symbolic_logic,correct,incorrect,False,False,1.0,1.0
trace_00059,trace_00083,causal_012,temporal_017,causal_micro_world,temporal_ordering,correct,incorrect,False,False,0.5954372523105548,0.6666666666666666
trace_00059,trace_00084,causal_012,causal_017,causal_micro_world,causal_micro_world,correct,correct,True,True,0.5,0.5
trace_00059,trace_00085,causal_012,commonsense_017,causal_micro_world,commonsense_multihop,correct,incorrect,False,False,1.0,1.0
trace_00059,trace_00086,causal_012,arith_018,causal_micro_world,arithmetic,correct,correct,False,True,0.1908745046211096,0.33333333333333337
trace_00059,trace_00087,causal_012,logic_018,causal_micro_world,symbolic_logic,correct,correct,False,True,0.5954372523105548,0.6666666666666666
trace_00059,trace_00088,causal_012,temporal_018,causal_micro_world,temporal_ordering,correct,incorrect,False,False,0.5,0.5
trace_00059,trace_00089,causal_012,causal_018,causal_micro_world,causal_micro_world,correct,correct,True,True,0.6556390622295665,0.75
trace_00059,trace_00090,causal_012,commonsense_018,causal_micro_world,commonsense_multihop,correct,incorrect,False,False,0.5,0.5
trace_00059,trace_00091,causal_012,arith_019,causal_micro_world,arithmetic,correct,correct,False,True,0.3112781244591328,0.5
trace_00059,trace_00092,causal_012,logic_019,causal_micro_world,symbolic_logic,correct,correct,False,True,0.5,0.5
trace_00059,trace_00093,causal_012,temporal_019,causal_micro_world,temporal_ordering,correct,incorrect,False,False,0.5954372523105548,0.6666666666666666
trace_00059,trace_00094,causal_012,causal_019,causal_micro_world,causal_micro_world,correct,correct,True,True,1.0,1.0
trace_00059,trace_00095,causal_012,commonsense_019,causal_micro_world,commonsense_multihop,correct,correct,False,True,1.0,1.0
trace_00059,trace_00096,causal_012,arith_020,causal_micro_world,arithmetic,correct,correct,False,True,0.3112781244591328,0.5
trace_00059,trace_00097,causal_012,logic_020,causal_micro_world,symbolic_logic,correct,incorrect,False,False,1.0,1.0
trace_00059,trace_00098,causal_012,temporal_020,causal_micro_world,temporal_ordering,correct,incorrect,False,False,0.5954372523105548,0.6666666666666666
trace_00059,trace_00099,causal_012,causal_020,causal_micro_world,causal_micro_world,correct,correct,True,True,0.5,0.5
trace_00059,trace_00100,causal_012,commonsense_020,causal_micro_world,commonsense_multihop,correct,correct,False,True,0.6979078010016793,0.8
trace_00060,trace_00061,commonsense_012,arith_013,commonsense_multihop,arithmetic,incorrect,correct,False,False,0.7704260414863775,0.8333333333333333
trace_00060,trace_00062,commonsense_012,logic_013,commonsense_multihop,symbolic_logic,incorrect,correct,False,False,0.236452797660028,0.39999999999999997
trace_00060,trace_00063,commonsense_012,temporal_013,commonsense_multihop,temporal_ordering,incorrect,incorrect,False,True,0.020720839623908215,0.16666666666666666
trace_00060,trace_00064,commonsense_012,causal_013,commonsense_multihop,causal_micro_world,incorrect,incorrect,False,True,0.5408520829727551,0.6666666666666666
trace_00060,trace_00065,commonsense_012,commonsense_013,commonsense_multihop,commonsense_multihop,incorrect,incorrect,True,True,0.32518928103806,0.5
trace_00060,trace_00066,commonsense_012,arith_014,commonsense_multihop,arithmetic,incorrect,correct,False,False,0.6666666666666666,0.6666666666666666
trace_00060,trace_00067,commonsense_012,logic_014,commonsense_multihop,symbolic_logic,incorrect,incorrect,False,True,1.0,0.9999999999999999
trace_00060,trace_00068,commonsense_012,temporal_014,commonsense_multihop,temporal_ordering,incorrect,incorrect,False,True,0.20751874963942185,0.3333333333333333
trace_00060,trace_00069,commonsense_012,causal_014,commonsense_multihop,causal_micro_world,incorrect,correct,False,False,0.020720839623908215,0.16666666666666666
trace_00060,trace_00070,commonsense_012,commonsense_014,commonsense_multihop,commonsense_multihop,incorrect,correct,True,False,0.5954372523105548,0.6666666666666667
trace_00060,trace_00071,commonsense_012,arith_015,commonsense_multihop,arithmetic,incorrect,correct,False,False,0.5954372523105548,0.6666666666666666
trace_00060,trace_00072,commonsense_012,logic_015,commonsense_multihop,symbolic_logic,incorrect,incorrect,False,True,0.24004871010302092,0.5
trace_00060,trace_00073,commonsense_012,temporal_015,commonsense_multihop,temporal_ordering,incorrect,incorrect,False,True,0.4077660030601058,0.6
trace_00060,trace_00074,commonsense_012,causal_015,commonsense_multihop,causal_micro_world,incorrect,correct,False,False,1.0,0.9999999999999999
trace_00060,trace_00075,commonsense_012,commonsense_015,commonsense_multihop,commonsense_multihop,incorrect,correct,True,False,0.13792538097003013,0.24999999999999997
trace_00060,trace_00076,commonsense_012,arith_016,commonsense_multihop,arithmetic,incorrect,correct,False,False,0.6917986457832372,0.7142857142857143
trace_00060,trace_00077,commonsense_012,logic_016,commonsense_multihop,symbolic_logic,incorrect,correct,False,False,0.20751874963942185,0.3333333333333333
trace_00060,trace_00078,commonsense_012,temporal_016,commonsense_multihop,temporal_ordering,incorrect,incorrect,False,True,0.32518928103806,0.5
trace_00060,trace_00079,commonsense_012,causal_016,commonsense_multihop,causal_micro_world,incorrect,incorrect,False,True,0.020720839623908215,0.16666666666666666
trace_00060,trace_00080,commonsense_012,commonsense_016,commonsense_multihop,commonsense_multihop,incorrect,correct,True,False,0.5954372523105548,0.6666666666666666
trace_00060,trace_00081,commonsense_012,arith_017,commonsense_multihop,arithmetic,incorrect,correct,False,False,0.32518928103806,0.5
trace_00060,trace_00082,commonsense_012,logic_017,commonsense_multihop,symbolic_logic,incorrect,incorrect,False,True,1.0,0.9999999999999999
trace_00060,trace_00083,commonsense_012,temporal_017,commonsense_multihop,temporal_ordering,incorrect,incorrect,False,True,0.20751874963942185,0.3333333333333333
trace_00060,trace_00084,commonsense_012,causal_017,commonsense_multihop,causal_micro_world,incorrect,correct,False,False,0.5954372523105548,0.6666666666666666
trace_00060,trace_00085,commonsense_012,commonsense_017,commonsense_multihop,commonsense_multihop,incorrect,incorrect,True,True,0.5408520829727551,0.6666666666666666
trace_00060,trace_00086,commonsense_012,arith_018,commonsense_multihop,arithmetic,incorrect,correct,False,False,0.6666666666666666,0.6666666666666666
trace_00060,trace_00087,commonsense_012,logic_018,commonsense_multihop,symbolic_logic,incorrect,correct,False,False,0.20751874963942185,0.3333333333333333
trace_00060,trace_00088,commonsense_012,temporal_018,commonsense_multihop,temporal_ordering,incorrect,incorrect,False,True,0.020720839623908215,0.16666666666666666
trace_00060,trace_00089,commonsense_012,causal_018,commonsense_multihop,causal_micro_world,incorrect,correct,False,False,0.6125474873813833,0.75
trace_00060,trace_00090,commonsense_012,commonsense_018,commonsense_multihop,commonsense_multihop,incorrect,incorrect,True,True,0.5954372523105548,0.6666666666666666
trace_00060,trace_00091,commonsense_012,arith_019,commonsense_multihop,arithmetic,incorrect,correct,False,False,0.32518928103806,0.5
trace_00060,trace_00092,commonsense_012,logic_019,commonsense_multihop,symbolic_logic,incorrect,correct,False,False,0.29463387944082053,0.5
trace_00060,trace_00093,commonsense_012,temporal_019,commonsense_multihop,temporal_ordering,incorrect,incorrect,False,True,0.20751874963942185,0.3333333333333333
trace_00060,trace_00094,commonsense_012,causal_019,commonsense_multihop,causal_micro_world,incorrect,correct,False,False,0.5408520829727551,0.6666666666666666
trace_00060,trace_00095,commonsense_012,commonsense_019,commonsense_multihop,commonsense_multihop,incorrect,correct,True,False,0.5408520829727551,0.6666666666666666
trace_00060,trace_00096,commonsense_012,arith_020,commonsense_multihop,arithmetic,incorrect,correct,False,False,0.7126417936566767,0.7499999999999999
trace_00060,trace_00097,commonsense_012,logic_020,commonsense_multihop,symbolic_logic,incorrect,incorrect,False,True,0.42528358731335336,0.5
trace_00060,trace_00098,commonsense_012,temporal_020,commonsense_multihop,temporal_ordering,incorrect,incorrect,False,True,0.5408520829727551,0.6666666666666666
trace_00060,trace_00099,commonsense_012,causal_020,commonsense_multihop,causal_micro_world,incorrect,correct,False,False,0.5954372523105548,0.6666666666666666
trace_00060,trace_00100,commonsense_012,commonsense_020,commonsense_multihop,commonsense_multihop,incorrect,correct,True,False,0.4077660030601058,0.6
trace_00061,trace_00062,arith_013,logic_013,arithmetic,symbolic_logic,correct,correct,False,True,0.45328338368767385,0.5
trace_00061,trace_00063,arith_013,temporal_013,arithmetic,temporal_ordering,correct,incorrect,False,False,0.7295739585136224,0.8333333333333334
trace_00061,trace_00064,arith_013,causal_013,arithmetic,causal_micro_world,correct,incorrect,False,False,0.4696226686166433,0.6666666666666666
trace_00061,trace_00065,arith_013,commonsense_013,arithmetic,commonsense_multihop,correct,incorrect,False,False,0.3080790459672315,0.41666666666666663
trace_00061,trace_00066,arith_013,arith_014,arithmetic,arithmetic,correct,correct,True,True,0.10375937481971093,0.16666666666666666
trace_00061,trace_00067,arith_013,logic_014,arithmetic,symbolic_logic,correct,incorrect,False,False,0.3658632937969324,0.5
trace_00061,trace_00068,arith_013,temporal_014,arithmetic,temporal_ordering,correct,incorrect,False,False,0.43709270815304424,0.5
trace_00061,trace_00069,arith_013,causal_014,arithmetic,causal_micro_world,correct,correct,False,True,0.7295739585136224,0.8333333333333334
trace_00061,trace_00070,arith_013,commonsense_014,arithmetic,commonsense_multihop,correct,correct,False,True,0.27042604148637756,0.5
trace_00061,trace_00071,arith_013,arith_015,arithmetic,arithmetic,correct,correct,True,True,0.32501121082417717,0.5
trace_00061,trace_00072,arith_013,logic_015,arithmetic,symbolic_logic,correct,incorrect,False,False,0.46962266861664337,0.6666666666666666
trace_00061,trace_00073,arith_013,temporal_015,arithmetic,temporal_ordering,correct,incorrect,False,False,0.3156174301464826,0.4666666666666667
trace_00061,trace_00074,arith_013,causal_015,arithmetic,causal_micro_world,correct,correct,False,True,0.6548575458269756,0.8333333333333334
trace_00061,trace_00075,arith_013,commonsense_015,arithmetic,commonsense_multihop,correct,correct,False,True,0.510360419811954,0.5833333333333334
trace_00061,trace_00076,arith_013,arith_016,arithmetic,arithmetic,correct,correct,True,True,0.044663759293799704,0.21428571428571427
trace_00061,trace_00077,arith_013,logic_016,arithmetic,symbolic_logic,correct,correct,False,True,0.5408520829727551,0.6666666666666666
trace_00061,trace_00078,arith_013,temporal_016,arithmetic,temporal_ordering,correct,incorrect,False,False,0.3080790459672315,0.41666666666666663
trace_00061,trace_00079,arith_013,causal_016,arithmetic,causal_micro_world,correct,incorrect,False,False,0.7295739585136224,0.8333333333333334
trace_00061,trace_00080,arith_013,commonsense_016,arithmetic,commonsense_multihop,correct,correct,False,True,0.4591479170272448,0.6666666666666666
trace_00061,trace_00081,arith_013,arith_017,arithmetic,arithmetic,correct,correct,True,True,0.2230022134686308,0.33333333333333326
trace_00061,trace_00082,arith_013,logic_017,arithmetic,symbolic_logic,correct,incorrect,False,False,0.32501121082417717,0.5
trace_00061,trace_00083,arith_013,temporal_017,arithmetic,temporal_ordering,correct,incorrect,False,False,0.43709270815304424,0.5
trace_00061,trace_00084,arith_013,causal_017,arithmetic,causal_micro_world,correct,correct,False,True,0.4591479170272448,0.6666666666666666
trace_00061,trace_00085,arith_013,commonsense_017,arithmetic,commonsense_multihop,correct,incorrect,False,False,0.6991966271302656,0.8333333333333333
trace_00061,trace_00086,arith_013,arith_018,arithmetic,arithmetic,correct,correct,True,True,0.10375937481971093,0.16666666666666666
trace_00061,trace_00087,arith_013,logic_018,arithmetic,symbolic_logic,correct,correct,False,True,0.43709270815304424,0.5
trace_00061,trace_00088,arith_013,temporal_018,arithmetic,temporal_ordering,correct,incorrect,False,False,0.7295739585136224,0.8333333333333334
trace_00061,trace_00089,arith_013,causal_018,arithmetic,causal_micro_world,correct,correct,False,True,0.2230022134686308,0.33333333333333337
trace_00061,trace_00090,arith_013,commonsense_018,arithmetic,commonsense_multihop,correct,incorrect,False,False,0.2399343783255765,0.41666666666666663
trace_00061,trace_00091,arith_013,arith_019,arithmetic,arithmetic,correct,correct,True,True,0.2230022134686308,0.33333333333333326
trace_00061,trace_00092,arith_013,logic_019,arithmetic,symbolic_logic,correct,correct,False,True,0.33333333333333326,0.5
trace_00061,trace_00093,arith_013,temporal_019,arithmetic,temporal_ordering,correct,incorrect,False,False,0.5408520829727551,0.6666666666666666
trace_00061,trace_00094,arith_013,causal_019,arithmetic,causal_micro_world,correct,correct,False,True,0.43709270815304424,0.5
trace_00061,trace_00095,arith_013,commonsense_019,arithmetic,commonsense_multihop,correct,correct,False,True,0.43709270815304424,0.5
trace_00061,trace_00096,arith_013,arith_020,arithmetic,arithmetic,correct,correct,True,True,0.020720839623908215,0.16666666666666666
trace_00061,trace_00097,arith_013,logic_020,arithmetic,symbolic_logic,correct,incorrect,False,False,0.7295739585136223,0.8333333333333334
trace_00061,trace_00098,arith_013,temporal_020,arithmetic,temporal_ordering,correct,incorrect,False,False,0.3333333333333333,0.3333333333333333
trace_00061,trace_00099,arith_013,causal_020,arithmetic,causal_micro_world,correct,correct,False,True,0.4591479170272448,0.6666666666666666
trace_00061,trace_00100,arith_013,commonsense_020,arithmetic,commonsense_multihop,correct,correct,False,True,0.27104451158356513,0.33333333333333337
trace_00062,trace_00063,logic_013,temporal_013,symbolic_logic,temporal_ordering,correct,incorrect,False,False,0.2519235740744792,0.4
trace_00062,trace_00064,logic_013,causal_013,symbolic_logic,causal_micro_world,correct,incorrect,False,False,0.6622817371734298,0.8
trace_00062,trace_00065,logic_013,commonsense_013,symbolic_logic,commonsense_multihop,correct,incorrect,False,False,0.4646059900014654,0.55
trace_00062,trace_00066,logic_013,arith_014,symbolic_logic,arithmetic,correct,correct,False,True,0.38100652167845855,0.4666666666666667
trace_00062,trace_00067,logic_013,logic_014,symbolic_logic,symbolic_logic,correct,incorrect,True,False,1.0,1.0
trace_00062,trace_00068,logic_013,temporal_014,symbolic_logic,temporal_ordering,correct,incorrect,False,False,0.3810065216784586,0.4666666666666667
trace_00062,trace_00069,logic_013,causal_014,symbolic_logic,causal_micro_world,correct,correct,False,True,0.2519235740744792,0.4
trace_00062,trace_00070,logic_013,commonsense_014,symbolic_logic,commonsense_multihop,correct,correct,False,True,0.6979078010016793,0.8
trace_00062,trace_00071,logic_013,arith_015,symbolic_logic,arithmetic,correct,correct,False,True,0.2519235740744792,0.39999999999999997
trace_00062,trace_00072,logic_013,logic_015,symbolic_logic,symbolic_logic,correct,incorrect,True,False,0.41465377353734506,0.6333333333333333
trace_00062,trace_00073,logic_013,temporal_015,symbolic_logic,temporal_ordering,correct,incorrect,False,False,0.5245112497836532,0.6000000000000001
trace_00062,trace_00074,logic_013,causal_015,symbolic_logic,causal_micro_world,correct,correct,False,True,1.0,1.0
trace_00062,trace_00075,logic_013,commonsense_015,symbolic_logic,commonsense_multihop,correct,correct,False,True,0.3310236596092001,0.4
trace_00062,trace_00076,logic_013,arith_016,symbolic_logic,arithmetic,correct,correct,False,True,0.5369411961405175,0.6571428571428571
trace_00062,trace_00077,logic_013,logic_016,symbolic_logic,symbolic_logic,correct,correct,True,True,0.3810065216784586,0.4666666666666667
trace_00062,trace_00078,logic_013,temporal_016,symbolic_logic,temporal_ordering,correct,incorrect,False,False,0.4646059900014654,0.55
trace_00062,trace_00079,logic_013,causal_016,symbolic_logic,causal_micro_world,correct,incorrect,False,False,0.2519235740744792,0.4
trace_00062,trace_00080,logic_013,commonsense_016,symbolic_logic,commonsense_multihop,correct,correct,False,True,0.6979078010016793,0.8
trace_00062,trace_00081,logic_013,arith_017,symbolic_logic,arithmetic,correct,correct,False,True,0.15220409346653074,0.30000000000000004
trace_00062,trace_00082,logic_013,logic_017,symbolic_logic,symbolic_logic,correct,incorrect,True,False,1.0,1.0
trace_00062,trace_00083,logic_013,temporal_017,symbolic_logic,temporal_ordering,correct,incorrect,False,False,0.3810065216784586,0.4666666666666667
trace_00062,trace_00084,logic_013,causal_017,symbolic_logic,causal_micro_world,correct,correct,False,True,0.6979078010016793,0.8
trace_00062,trace_00085,logic_013,commonsense_017,symbolic_logic,commonsense_multihop,correct,incorrect,False,False,0.6355222557917826,0.6666666666666667
trace_00062,trace_00086,logic_013,arith_018,symbolic_logic,arithmetic,correct,correct,False,True,0.38100652167845855,0.4666666666666667
trace_00062,trace_00087,logic_013,logic_018,symbolic_logic,symbolic_logic,correct,correct,True,True,0.3810065216784586,0.4666666666666667
trace_00062,trace_00088,logic_013,temporal_018,symbolic_logic,temporal_ordering,correct,incorrect,False,False,0.2519235740744792,0.4
trace_00062,trace_00089,logic_013,causal_018,symbolic_logic,causal_micro_world,correct,correct,False,True,0.37519620693013067,0.5
trace_00062,trace_00090,logic_013,commonsense_018,symbolic_logic,commonsense_multihop,correct,incorrect,False,False,0.6979078010016793,0.8
trace_00062,trace_00091,logic_013,arith_019,symbolic_logic,arithmetic,correct,correct,False,True,0.15220409346653074,0.30000000000000004
trace_00062,trace_00092,logic_013,logic_019,symbolic_logic,symbolic_logic,correct,correct,True,True,0.45027983736559446,0.6333333333333333
trace_00062,trace_00093,logic_013,temporal_019,symbolic_logic,temporal_ordering,correct,incorrect,False,False,0.3810065216784586,0.4666666666666667
trace_00062,trace_00094,logic_013,causal_019,symbolic_logic,causal_micro_world,correct,correct,False,True,0.6355222557917826,0.6666666666666667
trace_00062,trace_00095,logic_013,commonsense_019,symbolic_logic,commonsense_multihop,correct,correct,False,True,0.6355222557917826,0.6666666666666667
trace_00062,trace_00096,logic_013,arith_020,symbolic_logic,arithmetic,correct,correct,False,True,0.4646059900014654,0.55
trace_00062,trace_00097,logic_013,logic_020,symbolic_logic,symbolic_logic,correct,incorrect,True,False,0.5540157730728,0.6000000000000001
trace_00062,trace_00098,logic_013,temporal_020,symbolic_logic,temporal_ordering,correct,incorrect,False,False,0.27104451158356513,0.33333333333333337
trace_00062,trace_00099,logic_013,causal_020,symbolic_logic,causal_micro_world,correct,correct,False,True,0.6979078010016793,0.8
trace_00062,trace_00100,logic_013,commonsense_020,symbolic_logic,commonsense_multihop,correct,correct,False,True,0.5245112497836532,0.6000000000000001
trace_00063,trace_00064,temporal_013,causal_013,temporal_ordering,causal_micro_world,incorrect,incorrect,False,True,0.42528358731335336,0.49999999999999994
trace_00063,trace_00065,temporal_013,commonsense_013,temporal_ordering,commonsense_multihop,incorrect,incorrect,False,True,0.3112781244591328,0.5
trace_00063,trace_00066,temporal_013,arith_014,temporal_ordering,arithmetic,incorrect,correct,False,False,0.5954372523105549,0.6666666666666666
trace_00063,trace_00067,temporal_013,logic_014,temporal_ordering,symbolic_logic,incorrect,incorrect,False,True,1.0,0.9999999999999999
trace_00063,trace_00068,temporal_013,temporal_014,temporal_ordering,temporal_ordering,incorrect,incorrect,True,True,0.1908745046211096,0.33333333333333337
trace_00063,trace_00069,temporal_013,causal_014,temporal_ordering,causal_micro_world,incorrect,correct,False,False,0.0,0.0
trace_00063,trace_00070,temporal_013,commonsense_014,temporal_ordering,commonsense_multihop,incorrect,correct,False,False,0.5,0.49999999999999994
trace_00063,trace_00071,temporal_013,arith_015,temporal_ordering,arithmetic,incorrect,correct,False,False,0.5,0.5
trace_00063,trace_00072,temporal_013,logic_015,temporal_ordering,symbolic_logic,incorrect,incorrect,False,True,0.1548575458269758,0.3333333333333333
trace_00063,trace_00073,temporal_013,temporal_015,temporal_ordering,temporal_ordering,incorrect,incorrect,True,True,0.3958156020033583,0.6
trace_00063,trace_00074,temporal_013,causal_015,temporal_ordering,causal_micro_world,incorrect,correct,False,False,1.0,1.0
trace_00063,trace_00075,temporal_013,commonsense_015,temporal_ordering,commonsense_multihop,incorrect,correct,False,False,0.1556390622295664,0.25
trace_00063,trace_00076,temporal_013,arith_016,temporal_ordering,arithmetic,incorrect,correct,False,False,0.6284905946211771,0.7142857142857142
trace_00063,trace_00077,temporal_013,logic_016,temporal_ordering,symbolic_logic,incorrect,correct,False,False,0.1908745046211096,0.33333333333333337
trace_00063,trace_00078,temporal_013,temporal_016,temporal_ordering,temporal_ordering,incorrect,incorrect,True,True,0.3112781244591328,0.5
trace_00063,trace_00079,temporal_013,causal_016,temporal_ordering,causal_micro_world,incorrect,incorrect,False,True,0.0,0.0
trace_00063,trace_00080,temporal_013,commonsense_016,temporal_ordering,commonsense_multihop,incorrect,correct,False,False,0.5,0.5
trace_00063,trace_00081,temporal_013,arith_017,temporal_ordering,arithmetic,incorrect,correct,False,False,0.3112781244591328,0.5
trace_00063,trace_00082,temporal_013,logic_017,temporal_ordering,symbolic_logic,incorrect,incorrect,False,True,1.0,1.0
trace_00063,trace_00083,temporal_013,temporal_017,temporal_ordering,temporal_ordering,incorrect,incorrect,True,True,0.1908745046211096,0.33333333333333337
trace_00063,trace_00084,temporal_013,causal_017,temporal_ordering,causal_micro_world,incorrect,correct,False,False,0.5,0.5
trace_00063,trace_00085,temporal_013,commonsense_017,temporal_ordering,commonsense_multihop,incorrect,incorrect,False,True,0.5954372523105548,0.6666666666666666
trace_00063,trace_00086,temporal_013,arith_018,temporal_ordering,arithmetic,incorrect,correct,False,False,0.5954372523105549,0.6666666666666666
trace_00063,trace_00087,temporal_013,logic_018,temporal_ordering,symbolic_logic,incorrect,correct,False,False,0.1908745046211096,0.33333333333333337
trace_00063,trace_00088,temporal_013,temporal_018,temporal_ordering,temporal_ordering,incorrect,incorrect,True,True,0.0,0.0
trace_00063,trace_00089,temporal_013,causal_018,temporal_ordering,causal_micro_world,incorrect,correct,False,False,0.6556390622295665,0.75
trace_00063,trace_00090,temporal_013,commonsense_018,temporal_ordering,commonsense_multihop,incorrect,incorrect,False,True,0.5,0.5
trace_00063,trace_00091,temporal_013,arith_019,temporal_ordering,arithmetic,incorrect,correct,False,False,0.3112781244591328,0.5
trace_00063,trace_00092,temporal_013,logic_019,temporal_ordering,symbolic_logic,incorrect,correct,False,False,0.2295739585136224,0.3333333333333333
trace_00063,trace_00093,temporal_013,temporal_019,temporal_ordering,temporal_ordering,incorrect,incorrect,True,True,0.1908745046211096,0.33333333333333337
trace_00063,trace_00094,temporal_013,causal_019,temporal_ordering,causal_micro_world,incorrect,correct,False,False,0.5954372523105549,0.6666666666666666
trace_00063,trace_00095,temporal_013,commonsense_019,temporal_ordering,commonsense_multihop,incorrect,correct,False,False,0.5954372523105549,0.6666666666666666
trace_00063,trace_00096,temporal_013,arith_020,temporal_ordering,arithmetic,incorrect,correct,False,False,0.6556390622295665,0.75
trace_00063,trace_00097,temporal_013,logic_020,temporal_ordering,symbolic_logic,incorrect,incorrect,False,True,0.5,0.5
trace_00063,trace_00098,temporal_013,temporal_020,temporal_ordering,temporal_ordering,incorrect,incorrect,True,True,0.5954372523105549,0.6666666666666666
trace_00063,trace_00099,temporal_013,causal_020,temporal_ordering,causal_micro_world,incorrect,correct,False,False,0.5,0.5
trace_00063,trace_00100,temporal_013,commonsense_020,temporal_ordering,commonsense_multihop,incorrect,correct,False,False,0.3958156020033583,0.6
trace_00064,trace_00065,causal_013,commonsense_013,causal_micro_world,commonsense_multihop,incorrect,incorrect,False,True,0.32518928103806,0.49999999999999994
trace_00064,trace_00066,causal_013,arith_014,causal_micro_world,arithmetic,incorrect,correct,False,False,0.5408520829727551,0.6666666666666666
trace_00064,trace_00067,causal_013,logic_014,causal_micro_world,symbolic_logic,incorrect,incorrect,False,True,0.5408520829727551,0.6666666666666666
trace_00064,trace_00068,causal_013,temporal_014,causal_micro_world,temporal_ordering,incorrect,incorrect,False,True,0.5408520829727551,0.6666666666666666
trace_00064,trace_00069,causal_013,causal_014,causal_micro_world,causal_micro_world,incorrect,correct,True,False,0.42528358731335336,0.49999999999999994
trace_00064,trace_00070,causal_013,commonsense_014,causal_micro_world,commonsense_multihop,incorrect,correct,False,False,0.09195025398002007,0.16666666666666663
trace_00064,trace_00071,causal_013,arith_015,causal_micro_world,arithmetic,incorrect,correct,False,False,0.42528358731335336,0.5
trace_00064,trace_00072,causal_013,logic_015,causal_micro_world,symbolic_logic,incorrect,incorrect,False,True,0.3333333333333333,0.3333333333333333
trace_00064,trace_00073,causal_013,temporal_015,causal_micro_world,temporal_ordering,incorrect,incorrect,False,True,0.2978039929652123,0.4666666666666667
trace_00064,trace_00074,causal_013,causal_015,causal_micro_world,causal_micro_world,incorrect,correct,True,False,0.4591479170272448,0.6666666666666667
trace_00064,trace_00075,causal_013,commonsense_015,causal_micro_world,commonsense_multihop,incorrect,correct,False,False,0.6125474873813833,0.75
trace_00064,trace_00076,causal_013,arith_016,causal_micro_world,arithmetic,incorrect,correct,False,False,0.3705065005495052,0.5714285714285714
trace_00064,trace_00077,causal_013,logic_016,causal_micro_world,symbolic_logic,incorrect,correct,False,False,0.20751874963942185,0.3333333333333333
trace_00064,trace_00078,causal_013,temporal_016,causal_micro_world,temporal_ordering,incorrect,incorrect,False,True,0.32518928103806,0.49999999999999994
trace_00064,trace_00079,causal_013,causal_016,causal_micro_world,causal_micro_world,incorrect,incorrect,True,True,0.42528358731335336,0.49999999999999994
trace_00064,trace_00080,causal_013,commonsense_016,causal_micro_world,commonsense_multihop,incorrect,correct,False,False,0.020720839623908215,0.16666666666666666
trace_00064,trace_00081,causal_013,arith_017,causal_micro_world,arithmetic,incorrect,correct,False,False,0.6125474873813833,0.75
trace_00064,trace_00082,causal_013,logic_017,causal_micro_world,symbolic_logic,incorrect,incorrect,False,True,0.5954372523105548,0.6666666666666667
trace_00064,trace_00083,causal_013,temporal_017,causal_micro_world,temporal_ordering,incorrect,incorrect,False,True,0.5408520829727551,0.6666666666666666
trace_00064,trace_00084,causal_013,causal_017,causal_micro_world,causal_micro_world,incorrect,correct,True,False,0.020720839623908215,0.16666666666666666
trace_00064,trace_00085,causal_013,commonsense_017,causal_micro_world,commonsense_multihop,incorrect,incorrect,False,True,0.5408520829727551,0.6666666666666666
trace_00064,trace_00086,causal_013,arith_018,causal_micro_world,arithmetic,incorrect,correct,False,False,0.5408520829727551,0.6666666666666666
trace_00064,trace_00087,causal_013,logic_018,causal_micro_world,symbolic_logic,incorrect,correct,False,False,0.5408520829727551,0.6666666666666666
trace_00064,trace_00088,causal_013,temporal_018,causal_micro_world,temporal_ordering,incorrect,incorrect,False,True,0.42528358731335336,0.49999999999999994
trace_00064,trace_00089,causal_013,causal_018,causal_micro_world,causal_micro_world,incorrect,correct,True,False,0.7126417936566767,0.75
trace_00064,trace_00090,causal_013,commonsense_018,causal_micro_world,commonsense_multihop,incorrect,incorrect,False,True,0.1379253809700301,0.24999999999999997
trace_00064,trace_00091,causal_013,arith_019,causal_micro_world,arithmetic,incorrect,correct,False,False,0.6125474873813833,0.75
trace_00064,trace_00092,causal_013,logic_019,causal_micro_world,symbolic_logic,incorrect,correct,False,False,0.195709628799731,0.3333333333333333
trace_00064,trace_00093,causal_013,temporal_019,causal_micro_world,temporal_ordering,incorrect,incorrect,False,True,0.20751874963942185,0.3333333333333333
trace_00064,trace_00094,causal_013,causal_019,causal_micro_world,causal_micro_world,incorrect,correct,True,False,0.6666666666666666,0.6666666666666666
trace_00064,trace_00095,causal_013,commonsense_019,causal_micro_world,commonsense_multihop,incorrect,correct,False,False,0.6666666666666666,0.6666666666666666
trace_00064,trace_00096,causal_013,arith_020,causal_micro_world,arithmetic,incorrect,correct,False,False,0.32518928103806,0.5
trace_00064,trace_00097,causal_013,logic_020,causal_micro_world,symbolic_logic,incorrect,incorrect,False,True,0.5954372523105548,0.6666666666666667
trace_00064,trace_00098,causal_013,temporal_020,causal_micro_world,temporal_ordering,incorrect,incorrect,False,True,1.0,0.9999999999999999
trace_00064,trace_00099,causal_013,causal_020,causal_micro_world,causal_micro_world,incorrect,correct,True,False,0.020720839623908215,0.16666666666666666
trace_00064,trace_00100,causal_013,commonsense_020,causal_micro_world,commonsense_multihop,incorrect,correct,False,False,0.4077660030601058,0.6
trace_00065,trace_00066,commonsense_013,arith_014,commonsense_multihop,arithmetic,incorrect,correct,False,False,0.42528358731335336,0.4999999999999999
trace_00065,trace_00067,commonsense_013,logic_014,commonsense_multihop,symbolic_logic,incorrect,incorrect,False,True,0.32518928103806,0.5
trace_00065,trace_00068,commonsense_013,temporal_014,commonsense_multihop,temporal_ordering,incorrect,incorrect,False,True,0.1379253809700301,0.24999999999999997
trace_00065,trace_00069,commonsense_013,causal_014,commonsense_multihop,causal_micro_world,incorrect,correct,False,False,0.3112781244591328,0.5
trace_00065,trace_00070,commonsense_013,commonsense_014,commonsense_multihop,commonsense_multihop,incorrect,correct,True,False,0.16599948204152049,0.3333333333333333
trace_00065,trace_00071,commonsense_013,arith_015,commonsense_multihop,arithmetic,incorrect,correct,False,False,0.6556390622295665,0.75
trace_00065,trace_00072,commonsense_013,logic_015,commonsense_multihop,symbolic_logic,incorrect,incorrect,False,True,0.20798473969193815,0.4166666666666667
trace_00065,trace_00073,commonsense_013,temporal_015,commonsense_multihop,temporal_ordering,incorrect,incorrect,False,True,0.018621763074265444,0.15
trace_00065,trace_00074,commonsense_013,causal_015,commonsense_multihop,causal_micro_world,incorrect,correct,False,False,0.5487949406953987,0.75
trace_00065,trace_00075,commonsense_013,commonsense_015,commonsense_multihop,commonsense_multihop,incorrect,correct,True,False,0.1556390622295664,0.25
trace_00065,trace_00076,commonsense_013,arith_016,commonsense_multihop,arithmetic,incorrect,correct,False,False,0.2251120335231676,0.3571428571428571
trace_00065,trace_00077,commonsense_013,logic_016,commonsense_multihop,symbolic_logic,incorrect,correct,False,False,0.13792538097003013,0.24999999999999997
trace_00065,trace_00078,commonsense_013,temporal_016,commonsense_multihop,temporal_ordering,incorrect,incorrect,False,True,0.0,0.0
trace_00065,trace_00079,commonsense_013,causal_016,commonsense_multihop,causal_micro_world,incorrect,incorrect,False,True,0.3112781244591328,0.5
trace_00065,trace_00080,commonsense_013,commonsense_016,commonsense_multihop,commonsense_multihop,incorrect,correct,True,False,0.3112781244591328,0.5
trace_00065,trace_00081,commonsense_013,arith_017,commonsense_multihop,arithmetic,incorrect,correct,False,False,0.25,0.25
trace_00065,trace_00082,commonsense_013,logic_017,commonsense_multihop,symbolic_logic,incorrect,incorrect,False,True,0.3112781244591328,0.5
trace_00065,trace_00083,commonsense_013,temporal_017,commonsense_multihop,temporal_ordering,incorrect,incorrect,False,True,0.1379253809700301,0.24999999999999997
trace_00065,trace_00084,commonsense_013,causal_017,commonsense_multihop,causal_micro_world,incorrect,correct,False,False,0.3112781244591328,0.5
trace_00065,trace_00085,commonsense_013,commonsense_017,commonsense_multihop,commonsense_multihop,incorrect,incorrect,True,True,0.32518928103806,0.5
trace_00065,trace_00086,commonsense_013,arith_018,commonsense_multihop,arithmetic,incorrect,correct,False,False,0.42528358731335336,0.4999999999999999
trace_00065,trace_00087,commonsense_013,logic_018,commonsense_multihop,symbolic_logic,incorrect,correct,False,False,0.1379253809700301,0.24999999999999997
trace_00065,trace_00088,commonsense_013,temporal_018,commonsense_multihop,temporal_ordering,incorrect,incorrect,False,True,0.3112781244591328,0.5
trace_00065,trace_00089,commonsense_013,causal_018,commonsense_multihop,causal_micro_world,incorrect,correct,False,False,0.25,0.25
trace_00065,trace_00090,commonsense_013,commonsense_018,commonsense_multihop,commonsense_multihop,incorrect,incorrect,True,True,0.1556390622295664,0.25
trace_00065,trace_00091,commonsense_013,arith_019,commonsense_multihop,arithmetic,incorrect,correct,False,False,0.25,0.25
trace_00065,trace_00092,commonsense_013,logic_019,commonsense_multihop,symbolic_logic,incorrect,correct,False,False,0.04879494069539858,0.25
trace_00065,trace_00093,commonsense_013,temporal_019,commonsense_multihop,temporal_ordering,incorrect,incorrect,False,True,0.13792538097003013,0.24999999999999997
trace_00065,trace_00094,commonsense_013,causal_019,commonsense_multihop,causal_micro_world,incorrect,correct,False,False,0.13792538097003013,0.24999999999999997
trace_00065,trace_00095,commonsense_013,commonsense_019,commonsense_multihop,commonsense_multihop,incorrect,correct,True,False,0.13792538097003013,0.24999999999999997
trace_00065,trace_00096,commonsense_013,arith_020,commonsense_multihop,arithmetic,incorrect,correct,False,False,0.25,0.25
trace_00065,trace_00097,commonsense_013,logic_020,commonsense_multihop,symbolic_logic,incorrect,incorrect,False,True,0.3112781244591328,0.5
trace_00065,trace_00098,commonsense_013,temporal_020,commonsense_multihop,temporal_ordering,incorrect,incorrect,False,True,0.42528358731335336,0.5
trace_00065,trace_00099,commonsense_013,causal_020,commonsense_multihop,causal_micro_world,incorrect,correct,False,False,0.3112781244591328,0.5
trace_00065,trace_00100,commonsense_013,commonsense_020,commonsense_multihop,commonsense_multihop,incorrect,correct,True,False,0.01862176307426544,0.15
trace_00066,trace_00067,arith_014,logic_014,arithmetic,symbolic_logic,correct,incorrect,False,False,0.6666666666666666,0.6666666666666666
trace_00066,trace_00068,arith_014,temporal_014,arithmetic,temporal_ordering,correct,incorrect,False,False,0.3333333333333333,0.3333333333333333
trace_00066,trace_00069,arith_014,causal_014,arithmetic,causal_micro_world,correct,correct,False,True,0.5954372523105549,0.6666666666666666
trace_00066,trace_00070,arith_014,commonsense_014,arithmetic,commonsense_multihop,correct,correct,False,True,0.3658632937969324,0.5
trace_00066,trace_00071,arith_014,arith_015,arithmetic,arithmetic,correct,correct,True,True,0.1908745046211096,0.33333333333333337
trace_00066,trace_00072,arith_014,logic_015,arithmetic,symbolic_logic,correct,incorrect,False,False,0.3112781244591328,0.5
trace_00066,trace_00073,arith_014,temporal_015,arithmetic,temporal_ordering,correct,incorrect,False,False,0.490968531773352,0.6
trace_00066,trace_00074,arith_014,causal_015,arithmetic,causal_micro_world,correct,correct,False,True,1.0,0.9999999999999999
trace_00066,trace_00075,arith_014,commonsense_015,arithmetic,commonsense_multihop,correct,correct,False,True,0.42528358731335336,0.4999999999999999
trace_00066,trace_00076,arith_014,arith_016,arithmetic,arithmetic,correct,correct,True,True,0.1053200856660257,0.23809523809523808
trace_00066,trace_00077,arith_014,logic_016,arithmetic,symbolic_logic,correct,correct,False,True,0.6666666666666666,0.6666666666666666
trace_00066,trace_00078,arith_014,temporal_016,arithmetic,temporal_ordering,correct,incorrect,False,False,0.42528358731335336,0.4999999999999999
trace_00066,trace_00079,arith_014,causal_016,arithmetic,causal_micro_world,correct,incorrect,False,False,0.5954372523105549,0.6666666666666666
trace_00066,trace_00080,arith_014,commonsense_016,arithmetic,commonsense_multihop,correct,correct,False,True,0.5954372523105549,0.6666666666666666
trace_00066,trace_00081,arith_014,arith_017,arithmetic,arithmetic,correct,correct,True,True,0.1379253809700301,0.24999999999999997
trace_00066,trace_00082,arith_014,logic_017,arithmetic,symbolic_logic,correct,incorrect,False,False,0.5954372523105549,0.6666666666666666
trace_00066,trace_00083,arith_014,temporal_017,arithmetic,temporal_ordering,correct,incorrect,False,False,0.3333333333333333,0.3333333333333333
trace_00066,trace_00084,arith_014,causal_017,arithmetic,causal_micro_world,correct,correct,False,True,0.5954372523105549,0.6666666666666666
trace_00066,trace_00085,arith_014,commonsense_017,arithmetic,commonsense_multihop,correct,incorrect,False,False,1.0,0.9999999999999999
trace_00066,trace_00086,arith_014,arith_018,arithmetic,arithmetic,correct,correct,True,True,0.0,0.0
trace_00066,trace_00087,arith_014,logic_018,arithmetic,symbolic_logic,correct,correct,False,True,0.3333333333333333,0.3333333333333333
trace_00066,trace_00088,arith_014,temporal_018,arithmetic,temporal_ordering,correct,incorrect,False,False,0.5954372523105549,0.6666666666666666
trace_00066,trace_00089,arith_014,causal_018,arithmetic,causal_micro_world,correct,correct,False,True,0.42528358731335336,0.4999999999999999
trace_00066,trace_00090,arith_014,commonsense_018,arithmetic,commonsense_multihop,correct,incorrect,False,False,0.30807904596723146,0.41666666666666663
trace_00066,trace_00091,arith_014,arith_019,arithmetic,arithmetic,correct,correct,True,True,0.1379253809700301,0.24999999999999997
trace_00066,trace_00092,arith_014,logic_019,arithmetic,symbolic_logic,correct,correct,False,True,0.3658632937969324,0.5
trace_00066,trace_00093,arith_014,temporal_019,arithmetic,temporal_ordering,correct,incorrect,False,False,0.6666666666666666,0.6666666666666666
trace_00066,trace_00094,arith_014,causal_019,arithmetic,causal_micro_world,correct,correct,False,True,0.6666666666666666,0.6666666666666666
trace_00066,trace_00095,arith_014,commonsense_019,arithmetic,commonsense_multihop,correct,correct,False,True,0.6666666666666666,0.6666666666666666
trace_00066,trace_00096,arith_014,arith_020,arithmetic,arithmetic,correct,correct,True,True,0.1379253809700301,0.24999999999999997
trace_00066,trace_00097,arith_014,logic_020,arithmetic,symbolic_logic,correct,incorrect,False,False,1.0,0.9999999999999999
trace_00066,trace_00098,arith_014,temporal_020,arithmetic,temporal_ordering,correct,incorrect,False,False,0.3333333333333333,0.3333333333333333
trace_00066,trace_00099,arith_014,causal_020,arithmetic,causal_micro_world,correct,correct,False,True,0.5954372523105549,0.6666666666666666
trace_00066,trace_00100,arith_014,commonsense_020,arithmetic,commonsense_multihop,correct,correct,False,True,0.3810065216784586,0.4666666666666667
trace_00067,trace_00068,logic_014,temporal_014,symbolic_logic,temporal_ordering,incorrect,incorrect,False,True,0.6666666666666666,0.6666666666666666
trace_00067,trace_00069,logic_014,causal_014,symbolic_logic,causal_micro_world,incorrect,correct,False,False,1.0,0.9999999999999999
trace_00067,trace_00070,logic_014,commonsense_014,symbolic_logic,commonsense_multihop,incorrect,correct,False,False,0.3112781244591328,0.5
trace_00067,trace_00071,logic_014,arith_015,symbolic_logic,arithmetic,incorrect,correct,False,False,1.0,1.0
trace_00067,trace_00072,logic_014,logic_015,symbolic_logic,symbolic_logic,incorrect,incorrect,True,True,0.7704260414863775,0.8333333333333333
trace_00067,trace_00073,logic_014,temporal_015,symbolic_logic,temporal_ordering,incorrect,incorrect,False,True,0.236452797660028,0.3999999999999999
trace_00067,trace_00074,logic_014,causal_015,symbolic_logic,causal_micro_world,incorrect,correct,False,False,0.1908745046211096,0.33333333333333337
trace_00067,trace_00075,logic_014,commonsense_015,symbolic_logic,commonsense_multihop,incorrect,correct,False,False,0.7126417936566767,0.7499999999999999
trace_00067,trace_00076,logic_014,arith_016,symbolic_logic,arithmetic,incorrect,correct,False,False,0.3512332756451951,0.5238095238095237
trace_00067,trace_00077,logic_014,logic_016,symbolic_logic,symbolic_logic,incorrect,correct,True,False,0.5408520829727551,0.6666666666666666
trace_00067,trace_00078,logic_014,temporal_016,symbolic_logic,temporal_ordering,incorrect,incorrect,False,True,0.32518928103806,0.5
trace_00067,trace_00079,logic_014,causal_016,symbolic_logic,causal_micro_world,incorrect,incorrect,False,True,1.0,0.9999999999999999
trace_00067,trace_00080,logic_014,commonsense_016,symbolic_logic,commonsense_multihop,incorrect,correct,False,False,0.42528358731335336,0.5
trace_00067,trace_00081,logic_014,arith_017,symbolic_logic,arithmetic,incorrect,correct,False,False,0.7126417936566767,0.75
trace_00067,trace_00082,logic_014,logic_017,symbolic_logic,symbolic_logic,incorrect,incorrect,True,True,0.020720839623908215,0.16666666666666666
trace_00067,trace_00083,logic_014,temporal_017,symbolic_logic,temporal_ordering,incorrect,incorrect,False,True,0.6666666666666666,0.6666666666666666
trace_00067,trace_00084,logic_014,causal_017,symbolic_logic,causal_micro_world,incorrect,correct,False,False,0.42528358731335336,0.5
trace_00067,trace_00085,logic_014,commonsense_017,symbolic_logic,commonsense_multihop,incorrect,incorrect,False,True,0.3333333333333333,0.3333333333333333
trace_00067,trace_00086,logic_014,arith_018,symbolic_logic,arithmetic,incorrect,correct,False,False,0.6666666666666666,0.6666666666666666
trace_00067,trace_00087,logic_014,logic_018,symbolic_logic,symbolic_logic,incorrect,correct,True,False,0.6666666666666666,0.6666666666666666
trace_00067,trace_00088,logic_014,temporal_018,symbolic_logic,temporal_ordering,incorrect,incorrect,False,True,1.0,0.9999999999999999
trace_00067,trace_00089,logic_014,causal_018,symbolic_logic,causal_micro_world,incorrect,correct,False,False,0.32518928103806,0.5
trace_00067,trace_00090,logic_014,commonsense_018,symbolic_logic,commonsense_multihop,incorrect,incorrect,False,True,0.32518928103806,0.5
trace_00067,trace_00091,logic_014,arith_019,symbolic_logic,arithmetic,incorrect,correct,False,False,0.7126417936566767,0.75
trace_00067,trace_00092,logic_014,logic_019,symbolic_logic,symbolic_logic,incorrect,correct,True,False,0.4696226686166433,0.6666666666666666
trace_00067,trace_00093,logic_014,temporal_019,symbolic_logic,temporal_ordering,incorrect,incorrect,False,True,0.5408520829727551,0.6666666666666666
trace_00067,trace_00094,logic_014,causal_019,symbolic_logic,causal_micro_world,incorrect,correct,False,False,0.20751874963942185,0.3333333333333333
trace_00067,trace_00095,logic_014,commonsense_019,symbolic_logic,commonsense_multihop,incorrect,correct,False,False,0.20751874963942185,0.3333333333333333
trace_00067,trace_00096,logic_014,arith_020,symbolic_logic,arithmetic,incorrect,correct,False,False,0.32518928103806,0.5
trace_00067,trace_00097,logic_014,logic_020,symbolic_logic,symbolic_logic,incorrect,incorrect,True,True,0.42528358731335336,0.5
trace_00067,trace_00098,logic_014,temporal_020,symbolic_logic,temporal_ordering,incorrect,incorrect,False,True,0.6666666666666666,0.6666666666666666
trace_00067,trace_00099,logic_014,causal_020,symbolic_logic,causal_micro_world,incorrect,correct,False,False,0.42528358731335336,0.5
trace_00067,trace_00100,logic_014,commonsense_020,symbolic_logic,commonsense_multihop,incorrect,correct,False,False,0.2978039929652123,0.4666666666666667
trace_00068,trace_00069,temporal_014,causal_014,temporal_ordering,causal_micro_world,incorrect,correct,False,False,0.1908745046211096,0.33333333333333337
trace_00068,trace_00070,temporal_014,commonsense_014,temporal_ordering,commonsense_multihop,incorrect,correct,False,False,0.3658632937969324,0.5
trace_00068,trace_00071,temporal_014,arith_015,temporal_ordering,arithmetic,incorrect,correct,False,False,0.5954372523105548,0.6666666666666666
trace_00068,trace_00072,temporal_014,logic_015,temporal_ordering,symbolic_logic,incorrect,incorrect,False,True,0.08170416594551039,0.3333333333333333
trace_00068,trace_00073,temporal_014,temporal_015,temporal_ordering,temporal_ordering,incorrect,incorrect,True,True,0.236452797660028,0.39999999999999997
trace_00068,trace_00074,temporal_014,causal_015,temporal_ordering,causal_micro_world,incorrect,correct,False,False,1.0,0.9999999999999999
trace_00068,trace_00075,temporal_014,commonsense_015,temporal_ordering,commonsense_multihop,incorrect,correct,False,False,0.020720839623908215,0.16666666666666666
trace_00068,trace_00076,temporal_014,arith_016,temporal_ordering,arithmetic,incorrect,correct,False,False,0.31515125214952394,0.38095238095238093
trace_00068,trace_00077,temporal_014,logic_016,temporal_ordering,symbolic_logic,incorrect,correct,False,False,0.3333333333333333,0.3333333333333333
trace_00068,trace_00078,temporal_014,temporal_016,temporal_ordering,temporal_ordering,incorrect,incorrect,True,True,0.1379253809700301,0.24999999999999997
trace_00068,trace_00079,temporal_014,causal_016,temporal_ordering,causal_micro_world,incorrect,incorrect,False,True,0.1908745046211096,0.33333333333333337
trace_00068,trace_00080,temporal_014,commonsense_016,temporal_ordering,commonsense_multihop,incorrect,correct,False,False,0.5954372523105548,0.6666666666666666
trace_00068,trace_00081,temporal_014,arith_017,temporal_ordering,arithmetic,incorrect,correct,False,False,0.13792538097003013,0.24999999999999997
trace_00068,trace_00082,temporal_014,logic_017,temporal_ordering,symbolic_logic,incorrect,incorrect,False,True,0.5954372523105549,0.6666666666666666
trace_00068,trace_00083,temporal_014,temporal_017,temporal_ordering,temporal_ordering,incorrect,incorrect,True,True,0.0,0.0
trace_00068,trace_00084,temporal_014,causal_017,temporal_ordering,causal_micro_world,incorrect,correct,False,False,0.5954372523105548,0.6666666666666666
trace_00068,trace_00085,temporal_014,commonsense_017,temporal_ordering,commonsense_multihop,incorrect,incorrect,False,True,0.6666666666666666,0.6666666666666666
trace_00068,trace_00086,temporal_014,arith_018,temporal_ordering,arithmetic,incorrect,correct,False,False,0.3333333333333333,0.3333333333333333
trace_00068,trace_00087,temporal_014,logic_018,temporal_ordering,symbolic_logic,incorrect,correct,False,False,0.0,0.0
trace_00068,trace_00088,temporal_014,temporal_018,temporal_ordering,temporal_ordering,incorrect,incorrect,True,True,0.1908745046211096,0.33333333333333337
trace_00068,trace_00089,temporal_014,causal_018,temporal_ordering,causal_micro_world,incorrect,correct,False,False,0.42528358731335336,0.5
trace_00068,trace_00090,temporal_014,commonsense_018,temporal_ordering,commonsense_multihop,incorrect,incorrect,False,True,0.30807904596723146,0.41666666666666663
trace_00068,trace_00091,temporal_014,arith_019,temporal_ordering,arithmetic,incorrect,correct,False,False,0.13792538097003013,0.24999999999999997
trace_00068,trace_00092,temporal_014,logic_019,temporal_ordering,symbolic_logic,incorrect,correct,False,False,0.13628933528331,0.33333333333333337
trace_00068,trace_00093,temporal_014,temporal_019,temporal_ordering,temporal_ordering,incorrect,incorrect,True,True,0.3333333333333333,0.3333333333333333
trace_00068,trace_00094,temporal_014,causal_019,temporal_ordering,causal_micro_world,incorrect,correct,False,False,0.3333333333333333,0.3333333333333333
trace_00068,trace_00095,temporal_014,commonsense_019,temporal_ordering,commonsense_multihop,incorrect,correct,False,False,0.3333333333333333,0.3333333333333333
trace_00068,trace_00096,temporal_014,arith_020,temporal_ordering,arithmetic,incorrect,correct,False,False,0.42528358731335336,0.4999999999999999
trace_00068,trace_00097,temporal_014,logic_020,temporal_ordering,symbolic_logic,incorrect,incorrect,False,True,0.5954372523105549,0.6666666666666666
trace_00068,trace_00098,temporal_014,temporal_020,temporal_ordering,temporal_ordering,incorrect,incorrect,True,True,0.3333333333333333,0.3333333333333333
trace_00068,trace_00099,temporal_014,causal_020,temporal_ordering,causal_micro_world,incorrect,correct,False,False,0.5954372523105548,0.6666666666666666
trace_00068,trace_00100,temporal_014,commonsense_020,temporal_ordering,commonsense_multihop,incorrect,correct,False,False,0.1264907875651346,0.26666666666666666
trace_00069,trace_00070,causal_014,commonsense_014,causal_micro_world,commonsense_multihop,correct,correct,False,True,0.5,0.49999999999999994
trace_00069,trace_00071,causal_014,arith_015,causal_micro_world,arithmetic,correct,correct,False,True,0.5,0.5
trace_00069,trace_00072,causal_014,logic_015,causal_micro_world,symbolic_logic,correct,incorrect,False,False,0.1548575458269758,0.3333333333333333
trace_00069,trace_00073,causal_014,temporal_015,causal_micro_world,temporal_ordering,correct,incorrect,False,False,0.3958156020033583,0.6
trace_00069,trace_00074,causal_014,causal_015,causal_micro_world,causal_micro_world,correct,correct,True,True,1.0,1.0
trace_00069,trace_00075,causal_014,commonsense_015,causal_micro_world,commonsense_multihop,correct,correct,False,True,0.1556390622295664,0.25
trace_00069,trace_00076,causal_014,arith_016,causal_micro_world,arithmetic,correct,correct,False,True,0.6284905946211771,0.7142857142857142
trace_00069,trace_00077,causal_014,logic_016,causal_micro_world,symbolic_logic,correct,correct,False,True,0.1908745046211096,0.33333333333333337
trace_00069,trace_00078,causal_014,temporal_016,causal_micro_world,temporal_ordering,correct,incorrect,False,False,0.3112781244591328,0.5
trace_00069,trace_00079,causal_014,causal_016,causal_micro_world,causal_micro_world,correct,incorrect,True,False,0.0,0.0
trace_00069,trace_00080,causal_014,commonsense_016,causal_micro_world,commonsense_multihop,correct,correct,False,True,0.5,0.5
trace_00069,trace_00081,causal_014,arith_017,causal_micro_world,arithmetic,correct,correct,False,True,0.3112781244591328,0.5
trace_00069,trace_00082,causal_014,logic_017,causal_micro_world,symbolic_logic,correct,incorrect,False,False,1.0,1.0
trace_00069,trace_00083,causal_014,temporal_017,causal_micro_world,temporal_ordering,correct,incorrect,False,False,0.1908745046211096,0.33333333333333337
trace_00069,trace_00084,causal_014,causal_017,causal_micro_world,causal_micro_world,correct,correct,True,True,0.5,0.5
trace_00069,trace_00085,causal_014,commonsense_017,causal_micro_world,commonsense_multihop,correct,incorrect,False,False,0.5954372523105548,0.6666666666666666
trace_00069,trace_00086,causal_014,arith_018,causal_micro_world,arithmetic,correct,correct,False,True,0.5954372523105549,0.6666666666666666
trace_00069,trace_00087,causal_014,logic_018,causal_micro_world,symbolic_logic,correct,correct,False,True,0.1908745046211096,0.33333333333333337
trace_00069,trace_00088,causal_014,temporal_018,causal_micro_world,temporal_ordering,correct,incorrect,False,False,0.0,0.0
trace_00069,trace_00089,causal_014,causal_018,causal_micro_world,causal_micro_world,correct,correct,True,True,0.6556390622295665,0.75
trace_00069,trace_00090,causal_014,commonsense_018,causal_micro_world,commonsense_multihop,correct,incorrect,False,False,0.5,0.5
trace_00069,trace_00091,causal_014,arith_019,causal_micro_world,arithmetic,correct,correct,False,True,0.3112781244591328,0.5
trace_00069,trace_00092,causal_014,logic_019,causal_micro_world,symbolic_logic,correct,correct,False,True,0.2295739585136224,0.3333333333333333
trace_00069,trace_00093,causal_014,temporal_019,causal_micro_world,temporal_ordering,correct,incorrect,False,False,0.1908745046211096,0.33333333333333337
trace_00069,trace_00094,causal_014,causal_019,causal_micro_world,causal_micro_world,correct,correct,True,True,0.5954372523105549,0.6666666666666666
trace_00069,trace_00095,causal_014,commonsense_019,causal_micro_world,commonsense_multihop,correct,correct,False,True,0.5954372523105549,0.6666666666666666
trace_00069,trace_00096,causal_014,arith_020,causal_micro_world,arithmetic,correct,correct,False,True,0.6556390622295665,0.75
trace_00069,trace_00097,causal_014,logic_020,causal_micro_world,symbolic_logic,correct,incorrect,False,False,0.5,0.5
trace_00069,trace_00098,causal_014,temporal_020,causal_micro_world,temporal_ordering,correct,incorrect,False,False,0.5954372523105549,0.6666666666666666
trace_00069,trace_00099,causal_014,causal_020,causal_micro_world,causal_micro_world,correct,correct,True,True,0.5,0.5
trace_00069,trace_00100,causal_014,commonsense_020,causal_micro_world,commonsense_multihop,correct,correct,False,True,0.3958156020033583,0.6
trace_00070,trace_00071,commonsense_014,arith_015,commonsense_multihop,arithmetic,correct,correct,False,True,0.5,0.5
trace_00070,trace_00072,commonsense_014,logic_015,commonsense_multihop,symbolic_logic,correct,incorrect,False,False,0.25861692064668673,0.3333333333333333
trace_00070,trace_00073,commonsense_014,temporal_015,commonsense_multihop,temporal_ordering,correct,incorrect,False,False,0.15119118468935303,0.30000000000000004
trace_00070,trace_00074,commonsense_014,causal_015,commonsense_multihop,causal_micro_world,correct,correct,False,True,0.4591479170272448,0.6666666666666667
trace_00070,trace_00075,commonsense_014,commonsense_015,commonsense_multihop,commonsense_multihop,correct,correct,True,True,0.45335768838484375,0.5833333333333333
trace_00070,trace_00076,commonsense_014,arith_016,commonsense_multihop,arithmetic,correct,correct,False,True,0.1640609726138304,0.40476190476190477
trace_00070,trace_00077,commonsense_014,logic_016,commonsense_multihop,symbolic_logic,correct,correct,False,True,0.26210391897722146,0.33333333333333337
trace_00070,trace_00078,commonsense_014,temporal_016,commonsense_multihop,temporal_ordering,correct,incorrect,False,False,0.16599948204152049,0.3333333333333333
trace_00070,trace_00079,commonsense_014,causal_016,commonsense_multihop,causal_micro_world,correct,incorrect,False,False,0.5,0.49999999999999994
trace_00070,trace_00080,commonsense_014,commonsense_016,commonsense_multihop,commonsense_multihop,correct,correct,True,True,0.0954372523105548,0.16666666666666669
trace_00070,trace_00081,commonsense_014,arith_017,commonsense_multihop,arithmetic,correct,correct,False,True,0.4533576883848438,0.5833333333333333
trace_00070,trace_00082,commonsense_014,logic_017,commonsense_multihop,symbolic_logic,correct,incorrect,False,False,0.32501121082417717,0.5
trace_00070,trace_00083,commonsense_014,temporal_017,commonsense_multihop,temporal_ordering,correct,incorrect,False,False,0.3658632937969324,0.5
trace_00070,trace_00084,commonsense_014,causal_017,commonsense_multihop,causal_micro_world,correct,correct,False,True,0.0954372523105548,0.16666666666666669
trace_00070,trace_00085,commonsense_014,commonsense_017,commonsense_multihop,commonsense_multihop,correct,incorrect,True,False,0.5408520829727552,0.6666666666666666
trace_00070,trace_00086,commonsense_014,arith_018,commonsense_multihop,arithmetic,correct,correct,False,True,0.3658632937969324,0.5
trace_00070,trace_00087,commonsense_014,logic_018,commonsense_multihop,symbolic_logic,correct,correct,False,True,0.3658632937969324,0.5
trace_00070,trace_00088,commonsense_014,temporal_018,commonsense_multihop,temporal_ordering,correct,incorrect,False,False,0.5,0.49999999999999994
trace_00070,trace_00089,commonsense_014,causal_018,commonsense_multihop,causal_micro_world,correct,correct,False,True,0.5103604198119541,0.5833333333333333
trace_00070,trace_00090,commonsense_014,commonsense_018,commonsense_multihop,commonsense_multihop,correct,incorrect,True,False,0.010360419811954107,0.08333333333333333
trace_00070,trace_00091,commonsense_014,arith_019,commonsense_multihop,arithmetic,correct,correct,False,True,0.4533576883848438,0.5833333333333333
trace_00070,trace_00092,commonsense_014,logic_019,commonsense_multihop,symbolic_logic,correct,correct,False,True,0.10375937481971093,0.16666666666666666
trace_00070,trace_00093,commonsense_014,temporal_019,commonsense_multihop,temporal_ordering,correct,incorrect,False,False,0.26210391897722146,0.33333333333333337
trace_00070,trace_00094,commonsense_014,causal_019,commonsense_multihop,causal_micro_world,correct,correct,False,True,0.43709270815304424,0.5
trace_00070,trace_00095,commonsense_014,commonsense_019,commonsense_multihop,commonsense_multihop,correct,correct,True,True,0.43709270815304424,0.5
trace_00070,trace_00096,commonsense_014,arith_020,commonsense_multihop,arithmetic,correct,correct,False,True,0.16599948204152049,0.3333333333333333
trace_00070,trace_00097,commonsense_014,logic_020,commonsense_multihop,symbolic_logic,correct,incorrect,False,False,0.5954372523105549,0.6666666666666667
trace_00070,trace_00098,commonsense_014,temporal_020,commonsense_multihop,temporal_ordering,correct,incorrect,False,False,0.7704260414863775,0.8333333333333333
trace_00070,trace_00099,commonsense_014,causal_020,commonsense_multihop,causal_micro_world,correct,correct,False,True,0.0954372523105548,0.16666666666666669
trace_00070,trace_00100,commonsense_014,commonsense_020,commonsense_multihop,commonsense_multihop,correct,correct,True,True,0.19576410325227048,0.43333333333333335
trace_00071,trace_00072,arith_015,logic_015,arithmetic,symbolic_logic,correct,incorrect,False,False,0.42528358731335336,0.5
trace_00071,trace_00073,arith_015,temporal_015,arithmetic,temporal_ordering,correct,incorrect,False,False,0.6979078010016793,0.8
trace_00071,trace_00074,arith_015,causal_015,arithmetic,causal_micro_world,correct,correct,False,True,1.0,1.0
trace_00071,trace_00075,arith_015,commonsense_015,arithmetic,commonsense_multihop,correct,correct,False,True,0.6556390622295665,0.75
trace_00071,trace_00076,arith_015,arith_016,arithmetic,arithmetic,correct,correct,True,True,0.38285343181483494,0.5714285714285714
trace_00071,trace_00077,arith_015,logic_016,arithmetic,symbolic_logic,correct,correct,False,True,0.5954372523105548,0.6666666666666666
trace_00071,trace_00078,arith_015,temporal_016,arithmetic,temporal_ordering,correct,incorrect,False,False,0.6556390622295665,0.75
trace_00071,trace_00079,arith_015,causal_016,arithmetic,causal_micro_world,correct,incorrect,False,False,0.5,0.5
trace_00071,trace_00080,arith_015,commonsense_016,arithmetic,commonsense_multihop,correct,correct,False,True,0.5,0.5
trace_00071,trace_00081,arith_015,arith_017,arithmetic,arithmetic,correct,correct,True,True,0.3112781244591328,0.5
trace_00071,trace_00082,arith_015,logic_017,arithmetic,symbolic_logic,correct,incorrect,False,False,1.0,1.0
trace_00071,trace_00083,arith_015,temporal_017,arithmetic,temporal_ordering,correct,incorrect,False,False,0.5954372523105548,0.6666666666666666
trace_00071,trace_00084,arith_015,causal_017,arithmetic,causal_micro_world,correct,correct,False,True,0.5,0.5
trace_00071,trace_00085,arith_015,commonsense_017,arithmetic,commonsense_multihop,correct,incorrect,False,False,1.0,1.0
trace_00071,trace_00086,arith_015,arith_018,arithmetic,arithmetic,correct,correct,True,True,0.1908745046211096,0.33333333333333337
trace_00071,trace_00087,arith_015,logic_018,arithmetic,symbolic_logic,correct,correct,False,True,0.5954372523105548,0.6666666666666666
trace_00071,trace_00088,arith_015,temporal_018,arithmetic,temporal_ordering,correct,incorrect,False,False,0.5,0.5
trace_00071,trace_00089,arith_015,causal_018,arithmetic,causal_micro_world,correct,correct,False,True,0.6556390622295665,0.75
trace_00071,trace_00090,arith_015,commonsense_018,arithmetic,commonsense_multihop,correct,incorrect,False,False,0.5,0.5
trace_00071,trace_00091,arith_015,arith_019,arithmetic,arithmetic,correct,correct,True,True,0.3112781244591328,0.5
trace_00071,trace_00092,arith_015,logic_019,arithmetic,symbolic_logic,correct,correct,False,True,0.5,0.5
trace_00071,trace_00093,arith_015,temporal_019,arithmetic,temporal_ordering,correct,incorrect,False,False,0.5954372523105548,0.6666666666666666
trace_00071,trace_00094,arith_015,causal_019,arithmetic,causal_micro_world,correct,correct,False,True,1.0,1.0
trace_00071,trace_00095,arith_015,commonsense_019,arithmetic,commonsense_multihop,correct,correct,False,True,1.0,1.0
trace_00071,trace_00096,arith_015,arith_020,arithmetic,arithmetic,correct,correct,True,True,0.3112781244591328,0.5
trace_00071,trace_00097,arith_015,logic_020,arithmetic,symbolic_logic,correct,incorrect,False,False,1.0,1.0
trace_00071,trace_00098,arith_015,temporal_020,arithmetic,temporal_ordering,correct,incorrect,False,False,0.5954372523105548,0.6666666666666666
trace_00071,trace_00099,arith_015,causal_020,arithmetic,causal_micro_world,correct,correct,False,True,0.5,0.5
trace_00071,trace_00100,arith_015,commonsense_020,arithmetic,commonsense_multihop,correct,correct,False,True,0.6979078010016793,0.8
trace_00072,trace_00073,logic_015,temporal_015,symbolic_logic,temporal_ordering,incorrect,incorrect,False,True,0.2978039929652123,0.4666666666666667
trace_00072,trace_00074,logic_015,causal_015,symbolic_logic,causal_micro_world,incorrect,correct,False,False,1.0,1.0
trace_00072,trace_00075,logic_015,commonsense_015,symbolic_logic,commonsense_multihop,incorrect,correct,False,False,0.1398400720502831,0.4166666666666667
trace_00072,trace_00076,logic_015,arith_016,symbolic_logic,arithmetic,incorrect,correct,False,False,0.3257392115091551,0.5476190476190476
trace_00072,trace_00077,logic_015,logic_016,symbolic_logic,symbolic_logic,incorrect,correct,True,False,0.3112781244591328,0.5
trace_00072,trace_00078,logic_015,temporal_016,symbolic_logic,temporal_ordering,incorrect,incorrect,False,True,0.20798473969193815,0.4166666666666667
trace_00072,trace_00079,logic_015,causal_016,symbolic_logic,causal_micro_world,incorrect,incorrect,False,True,0.1548575458269758,0.3333333333333333
trace_00072,trace_00080,logic_015,commonsense_016,symbolic_logic,commonsense_multihop,incorrect,correct,False,False,0.42528358731335336,0.49999999999999994
trace_00072,trace_00081,logic_015,arith_017,symbolic_logic,arithmetic,incorrect,correct,False,False,0.20798473969193812,0.41666666666666663
trace_00072,trace_00082,logic_015,logic_017,symbolic_logic,symbolic_logic,incorrect,incorrect,True,True,0.7295739585136223,0.8333333333333333
trace_00072,trace_00083,logic_015,temporal_017,symbolic_logic,temporal_ordering,incorrect,incorrect,False,True,0.08170416594551039,0.3333333333333333
trace_00072,trace_00084,logic_015,causal_017,symbolic_logic,causal_micro_world,incorrect,correct,False,False,0.42528358731335336,0.49999999999999994
trace_00072,trace_00085,logic_015,commonsense_017,symbolic_logic,commonsense_multihop,incorrect,incorrect,False,True,0.7704260414863775,0.8333333333333333
trace_00072,trace_00086,logic_015,arith_018,symbolic_logic,arithmetic,incorrect,correct,False,False,0.3112781244591328,0.5
trace_00072,trace_00087,logic_015,logic_018,symbolic_logic,symbolic_logic,incorrect,correct,True,False,0.08170416594551039,0.3333333333333333
trace_00072,trace_00088,logic_015,temporal_018,symbolic_logic,temporal_ordering,incorrect,incorrect,False,True,0.1548575458269758,0.3333333333333333
trace_00072,trace_00089,logic_015,causal_018,symbolic_logic,causal_micro_world,incorrect,correct,False,False,0.5954372523105548,0.6666666666666667
trace_00072,trace_00090,logic_015,commonsense_018,symbolic_logic,commonsense_multihop,incorrect,incorrect,False,True,0.2230022134686308,0.3333333333333333
trace_00072,trace_00091,logic_015,arith_019,symbolic_logic,arithmetic,incorrect,correct,False,False,0.20798473969193812,0.41666666666666663
trace_00072,trace_00092,logic_015,logic_019,symbolic_logic,symbolic_logic,incorrect,correct,True,False,0.09195025398002007,0.16666666666666663
trace_00072,trace_00093,logic_015,temporal_019,symbolic_logic,temporal_ordering,incorrect,incorrect,False,True,0.3112781244591328,0.5
trace_00072,trace_00094,logic_015,causal_019,symbolic_logic,causal_micro_world,incorrect,correct,False,False,0.5408520829727551,0.6666666666666666
trace_00072,trace_00095,logic_015,commonsense_019,symbolic_logic,commonsense_multihop,incorrect,correct,False,False,0.5408520829727551,0.6666666666666666
trace_00072,trace_00096,logic_015,arith_020,symbolic_logic,arithmetic,incorrect,correct,False,False,0.4102661135366607,0.5833333333333333
trace_00072,trace_00097,logic_015,logic_020,symbolic_logic,symbolic_logic,incorrect,incorrect,True,True,0.7295739585136223,0.8333333333333333
trace_00072,trace_00098,logic_015,temporal_020,symbolic_logic,temporal_ordering,incorrect,incorrect,False,True,0.5408520829727551,0.6666666666666666
trace_00072,trace_00099,logic_015,causal_020,symbolic_logic,causal_micro_world,incorrect,correct,False,False,0.42528358731335336,0.49999999999999994
trace_00072,trace_00100,logic_015,commonsense_020,symbolic_logic,commonsense_multihop,incorrect,correct,False,False,0.23241490143323637,0.4666666666666667
trace_00073,trace_00074,temporal_015,causal_015,temporal_ordering,causal_micro_world,incorrect,correct,False,False,0.3958156020033583,0.6
trace_00073,trace_00075,temporal_015,commonsense_015,temporal_ordering,commonsense_multihop,incorrect,correct,False,False,0.2519235740744792,0.4
trace_00073,trace_00076,temporal_015,arith_016,temporal_ordering,arithmetic,incorrect,correct,False,False,0.25333187869066703,0.4571428571428571
trace_00073,trace_00077,temporal_015,logic_016,temporal_ordering,symbolic_logic,incorrect,correct,False,False,0.1264907875651346,0.26666666666666666
trace_00073,trace_00078,temporal_015,temporal_016,temporal_ordering,temporal_ordering,incorrect,incorrect,True,True,0.018621763074265444,0.15
trace_00073,trace_00079,temporal_015,causal_016,temporal_ordering,causal_micro_world,incorrect,incorrect,False,True,0.3958156020033583,0.6
trace_00073,trace_00080,temporal_015,commonsense_016,temporal_ordering,commonsense_multihop,incorrect,correct,False,False,0.2519235740744792,0.4
trace_00073,trace_00081,temporal_015,arith_017,temporal_ordering,arithmetic,incorrect,correct,False,False,0.3310236596092001,0.4
trace_00073,trace_00082,temporal_015,logic_017,temporal_ordering,symbolic_logic,incorrect,incorrect,False,True,0.2519235740744792,0.4
trace_00073,trace_00083,temporal_015,temporal_017,temporal_ordering,temporal_ordering,incorrect,incorrect,True,True,0.236452797660028,0.39999999999999997
trace_00073,trace_00084,temporal_015,causal_017,temporal_ordering,causal_micro_world,incorrect,correct,False,False,0.2519235740744792,0.4
trace_00073,trace_00085,temporal_015,commonsense_017,temporal_ordering,commonsense_multihop,incorrect,incorrect,False,True,0.236452797660028,0.3999999999999999
trace_00073,trace_00086,temporal_015,arith_018,temporal_ordering,arithmetic,incorrect,correct,False,False,0.490968531773352,0.6
trace_00073,trace_00087,temporal_015,logic_018,temporal_ordering,symbolic_logic,incorrect,correct,False,False,0.236452797660028,0.39999999999999997
trace_00073,trace_00088,temporal_015,temporal_018,temporal_ordering,temporal_ordering,incorrect,incorrect,True,True,0.3958156020033583,0.6
trace_00073,trace_00089,temporal_015,causal_018,temporal_ordering,causal_micro_world,incorrect,correct,False,False,0.24161387653786542,0.35
trace_00073,trace_00090,temporal_015,commonsense_018,temporal_ordering,commonsense_multihop,incorrect,incorrect,False,True,0.16251379100314456,0.35
trace_00073,trace_00091,temporal_015,arith_019,temporal_ordering,arithmetic,incorrect,correct,False,False,0.3310236596092001,0.4
trace_00073,trace_00092,temporal_015,logic_019,temporal_ordering,symbolic_logic,incorrect,correct,False,False,0.08580209315737702,0.30000000000000004
trace_00073,trace_00093,temporal_015,temporal_019,temporal_ordering,temporal_ordering,incorrect,incorrect,True,True,0.1264907875651346,0.26666666666666666
trace_00073,trace_00094,temporal_015,causal_019,temporal_ordering,causal_micro_world,incorrect,correct,False,False,0.1264907875651346,0.26666666666666666
trace_00073,trace_00095,temporal_015,commonsense_019,temporal_ordering,commonsense_multihop,incorrect,correct,False,False,0.1264907875651346,0.26666666666666666
trace_00073,trace_00096,temporal_015,arith_020,temporal_ordering,arithmetic,incorrect,correct,False,False,0.24161387653786542,0.35
trace_00073,trace_00097,temporal_015,logic_020,temporal_ordering,symbolic_logic,incorrect,incorrect,False,True,0.2519235740744792,0.4
trace_00073,trace_00098,temporal_015,temporal_020,temporal_ordering,temporal_ordering,incorrect,incorrect,True,True,0.490968531773352,0.6
trace_00073,trace_00099,temporal_015,causal_020,temporal_ordering,causal_micro_world,incorrect,correct,False,False,0.2519235740744792,0.4
trace_00073,trace_00100,temporal_015,commonsense_020,temporal_ordering,commonsense_multihop,incorrect,correct,False,False,0.04902249956730623,0.2
trace_00074,trace_00075,causal_015,commonsense_015,causal_micro_world,commonsense_multihop,correct,correct,False,True,1.0,1.0
trace_00074,trace_00076,causal_015,arith_016,causal_micro_world,arithmetic,correct,correct,False,True,0.6893917467430877,0.8571428571428572
trace_00074,trace_00077,causal_015,logic_016,causal_micro_world,symbolic_logic,correct,correct,False,True,0.4591479170272448,0.6666666666666666
trace_00074,trace_00078,causal_015,temporal_016,causal_micro_world,temporal_ordering,correct,incorrect,False,False,0.5487949406953987,0.75
trace_00074,trace_00079,causal_015,causal_016,causal_micro_world,causal_micro_world,correct,incorrect,True,False,1.0,1.0
trace_00074,trace_00080,causal_015,commonsense_016,causal_micro_world,commonsense_multihop,correct,correct,False,True,0.3112781244591328,0.5
trace_00074,trace_00081,causal_015,arith_017,causal_micro_world,arithmetic,correct,correct,False,True,1.0,1.0
trace_00074,trace_00082,causal_015,logic_017,causal_micro_world,symbolic_logic,correct,incorrect,False,False,0.3112781244591328,0.5
trace_00074,trace_00083,causal_015,temporal_017,causal_micro_world,temporal_ordering,correct,incorrect,False,False,1.0,0.9999999999999999
trace_00074,trace_00084,causal_015,causal_017,causal_micro_world,causal_micro_world,correct,correct,True,True,0.3112781244591328,0.5
trace_00074,trace_00085,causal_015,commonsense_017,causal_micro_world,commonsense_multihop,correct,incorrect,False,False,0.1908745046211096,0.33333333333333337
trace_00074,trace_00086,causal_015,arith_018,causal_micro_world,arithmetic,correct,correct,False,True,1.0,0.9999999999999999
trace_00074,trace_00087,causal_015,logic_018,causal_micro_world,symbolic_logic,correct,correct,False,True,1.0,0.9999999999999999
trace_00074,trace_00088,causal_015,temporal_018,causal_micro_world,temporal_ordering,correct,incorrect,False,False,1.0,1.0
trace_00074,trace_00089,causal_015,causal_018,causal_micro_world,causal_micro_world,correct,correct,True,True,0.5487949406953987,0.75
trace_00074,trace_00090,causal_015,commonsense_018,causal_micro_world,commonsense_multihop,correct,incorrect,False,False,0.5487949406953987,0.75
trace_00074,trace_00091,causal_015,arith_019,causal_micro_world,arithmetic,correct,correct,False,True,1.0,1.0
trace_00074,trace_00092,causal_015,logic_019,causal_micro_world,symbolic_logic,correct,correct,False,True,0.6548575458269756,0.8333333333333334
trace_00074,trace_00093,causal_015,temporal_019,causal_micro_world,temporal_ordering,correct,incorrect,False,False,0.4591479170272448,0.6666666666666666
trace_00074,trace_00094,causal_015,causal_019,causal_micro_world,causal_micro_world,correct,correct,True,True,0.4591479170272448,0.6666666666666666
trace_00074,trace_00095,causal_015,commonsense_019,causal_micro_world,commonsense_multihop,correct,correct,False,True,0.4591479170272448,0.6666666666666666
trace_00074,trace_00096,causal_015,arith_020,causal_micro_world,arithmetic,correct,correct,False,True,0.5487949406953987,0.75
trace_00074,trace_00097,causal_015,logic_020,causal_micro_world,symbolic_logic,correct,incorrect,False,False,0.3112781244591328,0.5
trace_00074,trace_00098,causal_015,temporal_020,causal_micro_world,temporal_ordering,correct,incorrect,False,False,1.0,0.9999999999999999
trace_00074,trace_00099,causal_015,causal_020,causal_micro_world,causal_micro_world,correct,correct,True,True,0.3112781244591328,0.5
trace_00074,trace_00100,causal_015,commonsense_020,causal_micro_world,commonsense_multihop,correct,correct,False,True,0.6099865470109875,0.7999999999999999
trace_00075,trace_00076,commonsense_015,arith_016,commonsense_multihop,arithmetic,correct,correct,False,True,0.4108667362125791,0.5
trace_00075,trace_00077,commonsense_015,logic_016,commonsense_multihop,symbolic_logic,correct,correct,False,True,0.3080790459672315,0.41666666666666663
trace_00075,trace_00078,commonsense_015,temporal_016,commonsense_multihop,temporal_ordering,correct,incorrect,False,False,0.1556390622295664,0.25
trace_00075,trace_00079,commonsense_015,causal_016,commonsense_multihop,causal_micro_world,correct,incorrect,False,False,0.1556390622295664,0.25
trace_00075,trace_00080,commonsense_015,commonsense_016,commonsense_multihop,commonsense_multihop,correct,correct,True,True,0.6556390622295665,0.75
trace_00075,trace_00081,commonsense_015,arith_017,commonsense_multihop,arithmetic,correct,correct,False,True,0.1556390622295664,0.25
trace_00075,trace_00082,commonsense_015,logic_017,commonsense_multihop,symbolic_logic,correct,incorrect,False,False,0.6556390622295665,0.75
trace_00075,trace_00083,commonsense_015,temporal_017,commonsense_multihop,temporal_ordering,correct,incorrect,False,False,0.020720839623908215,0.16666666666666666
trace_00075,trace_00084,commonsense_015,causal_017,commonsense_multihop,causal_micro_world,correct,correct,False,True,0.6556390622295665,0.75
trace_00075,trace_00085,commonsense_015,commonsense_017,commonsense_multihop,commonsense_multihop,correct,incorrect,True,False,0.5954372523105548,0.6666666666666666
trace_00075,trace_00086,commonsense_015,arith_018,commonsense_multihop,arithmetic,correct,correct,False,True,0.42528358731335336,0.4999999999999999
trace_00075,trace_00087,commonsense_015,logic_018,commonsense_multihop,symbolic_logic,correct,correct,False,True,0.020720839623908215,0.16666666666666666
trace_00075,trace_00088,commonsense_015,temporal_018,commonsense_multihop,temporal_ordering,correct,incorrect,False,False,0.1556390622295664,0.25
trace_00075,trace_00089,commonsense_015,causal_018,commonsense_multihop,causal_micro_world,correct,correct,False,True,0.40563906222956636,0.5
trace_00075,trace_00090,commonsense_015,commonsense_018,commonsense_multihop,commonsense_multihop,correct,incorrect,True,False,0.40563906222956636,0.5
trace_00075,trace_00091,commonsense_015,arith_019,commonsense_multihop,arithmetic,correct,correct,False,True,0.1556390622295664,0.25
trace_00075,trace_00092,commonsense_015,logic_019,commonsense_multihop,symbolic_logic,correct,correct,False,True,0.1829316468984662,0.4166666666666667
trace_00075,trace_00093,commonsense_015,temporal_019,commonsense_multihop,temporal_ordering,correct,incorrect,False,False,0.3080790459672315,0.41666666666666663
trace_00075,trace_00094,commonsense_015,causal_019,commonsense_multihop,causal_micro_world,correct,correct,False,True,0.3080790459672315,0.41666666666666663
trace_00075,trace_00095,commonsense_015,commonsense_019,commonsense_multihop,commonsense_multihop,correct,correct,True,True,0.3080790459672315,0.41666666666666663
trace_00075,trace_00096,commonsense_015,arith_020,commonsense_multihop,arithmetic,correct,correct,False,True,0.5,0.5
trace_00075,trace_00097,commonsense_015,logic_020,commonsense_multihop,symbolic_logic,correct,incorrect,False,False,0.5,0.5
trace_00075,trace_00098,commonsense_015,temporal_020,commonsense_multihop,temporal_ordering,correct,incorrect,False,False,0.3080790459672315,0.41666666666666663
trace_00075,trace_00099,commonsense_015,causal_020,commonsense_multihop,causal_micro_world,correct,correct,False,True,0.6556390622295665,0.75
trace_00075,trace_00100,commonsense_015,commonsense_020,commonsense_multihop,commonsense_multihop,correct,correct,True,True,0.16251379100314456,0.35
trace_00076,trace_00077,arith_016,logic_016,arithmetic,symbolic_logic,correct,correct,False,True,0.48196747929973904,0.5714285714285714
trace_00076,trace_00078,arith_016,temporal_016,arithmetic,temporal_ordering,correct,incorrect,False,False,0.2251120335231676,0.3571428571428571
trace_00076,trace_00079,arith_016,causal_016,arithmetic,causal_micro_world,correct,incorrect,False,False,0.6284905946211771,0.7142857142857142
trace_00076,trace_00080,arith_016,commonsense_016,arithmetic,commonsense_multihop,correct,correct,False,True,0.382853431814835,0.5714285714285714
trace_00076,trace_00081,arith_016,arith_017,arithmetic,arithmetic,correct,correct,True,True,0.2251120335231676,0.3571428571428571
trace_00076,trace_00082,arith_016,logic_017,arithmetic,symbolic_logic,correct,incorrect,False,False,0.2920608058685138,0.4285714285714286
trace_00076,trace_00083,arith_016,temporal_017,arithmetic,temporal_ordering,correct,incorrect,False,False,0.31515125214952394,0.38095238095238093
trace_00076,trace_00084,arith_016,causal_017,arithmetic,causal_micro_world,correct,correct,False,True,0.382853431814835,0.5714285714285714
trace_00076,trace_00085,arith_016,commonsense_017,arithmetic,commonsense_multihop,correct,incorrect,False,False,0.7278806692789084,0.857142857142857
trace_00076,trace_00086,arith_016,arith_018,arithmetic,arithmetic,correct,correct,True,True,0.1053200856660257,0.23809523809523808
trace_00076,trace_00087,arith_016,logic_018,arithmetic,symbolic_logic,correct,correct,False,True,0.31515125214952394,0.38095238095238093
trace_00076,trace_00088,arith_016,temporal_018,arithmetic,temporal_ordering,correct,incorrect,False,False,0.6284905946211771,0.7142857142857142
trace_00076,trace_00089,arith_016,causal_018,arithmetic,causal_micro_world,correct,correct,False,True,0.306355089400266,0.4642857142857143
trace_00076,trace_00090,arith_016,commonsense_018,arithmetic,commonsense_multihop,correct,incorrect,False,False,0.12060038671085452,0.3214285714285714
trace_00076,trace_00091,arith_016,arith_019,arithmetic,arithmetic,correct,correct,True,True,0.2251120335231676,0.3571428571428571
trace_00076,trace_00092,arith_016,logic_019,arithmetic,symbolic_logic,correct,correct,False,True,0.21979146198894733,0.40476190476190477
trace_00076,trace_00093,arith_016,temporal_019,arithmetic,temporal_ordering,correct,incorrect,False,False,0.48196747929973904,0.5714285714285714
trace_00076,trace_00094,arith_016,causal_019,arithmetic,causal_micro_world,correct,correct,False,True,0.41352143988278833,0.5238095238095237
trace_00076,trace_00095,arith_016,commonsense_019,arithmetic,commonsense_multihop,correct,correct,False,True,0.41352143988278833,0.5238095238095237
trace_00076,trace_00096,arith_016,arith_020,arithmetic,arithmetic,correct,correct,True,True,0.03935733083375617,0.21428571428571427
trace_00076,trace_00097,arith_016,logic_020,arithmetic,symbolic_logic,correct,incorrect,False,False,0.7543628371936578,0.8571428571428572
trace_00076,trace_00098,arith_016,temporal_020,arithmetic,temporal_ordering,correct,incorrect,False,False,0.41352143988278833,0.5238095238095237
trace_00076,trace_00099,arith_016,causal_020,arithmetic,causal_micro_world,correct,correct,False,True,0.382853431814835,0.5714285714285714
trace_00076,trace_00100,arith_016,commonsense_020,arithmetic,commonsense_multihop,correct,correct,False,True,0.18071930009202714,0.2571428571428571
trace_00077,trace_00078,logic_016,temporal_016,symbolic_logic,temporal_ordering,correct,incorrect,False,False,0.13792538097003013,0.24999999999999997
trace_00077,trace_00079,logic_016,causal_016,symbolic_logic,causal_micro_world,correct,incorrect,False,False,0.1908745046211096,0.33333333333333337
trace_00077,trace_00080,logic_016,commonsense_016,symbolic_logic,commonsense_multihop,correct,correct,False,True,0.1908745046211096,0.33333333333333337
trace_00077,trace_00081,logic_016,arith_017,symbolic_logic,arithmetic,correct,correct,False,True,0.42528358731335336,0.5
trace_00077,trace_00082,logic_016,logic_017,symbolic_logic,symbolic_logic,correct,incorrect,True,False,0.5954372523105549,0.6666666666666666
trace_00077,trace_00083,logic_016,temporal_017,symbolic_logic,temporal_ordering,correct,incorrect,False,False,0.3333333333333333,0.3333333333333333
trace_00077,trace_00084,logic_016,causal_017,symbolic_logic,causal_micro_world,correct,correct,False,True,0.1908745046211096,0.33333333333333337
trace_00077,trace_00085,logic_016,commonsense_017,symbolic_logic,commonsense_multihop,correct,incorrect,False,False,0.20751874963942185,0.3333333333333333
trace_00077,trace_00086,logic_016,arith_018,symbolic_logic,arithmetic,correct,correct,False,True,0.6666666666666666,0.6666666666666666
trace_00077,trace_00087,logic_016,logic_018,symbolic_logic,symbolic_logic,correct,correct,True,True,0.3333333333333333,0.3333333333333333
trace_00077,trace_00088,logic_016,temporal_018,symbolic_logic,temporal_ordering,correct,incorrect,False,False,0.1908745046211096,0.33333333333333337
trace_00077,trace_00089,logic_016,causal_018,symbolic_logic,causal_micro_world,correct,correct,False,True,0.42528358731335336,0.5
trace_00077,trace_00090,logic_016,commonsense_018,symbolic_logic,commonsense_multihop,correct,incorrect,False,False,0.30807904596723146,0.41666666666666663
trace_00077,trace_00091,logic_016,arith_019,symbolic_logic,arithmetic,correct,correct,False,True,0.42528358731335336,0.5
trace_00077,trace_00092,logic_016,logic_019,symbolic_logic,symbolic_logic,correct,correct,True,True,0.13628933528331,0.33333333333333337
trace_00077,trace_00093,logic_016,temporal_019,symbolic_logic,temporal_ordering,correct,incorrect,False,False,0.0,0.0
trace_00077,trace_00094,logic_016,causal_019,symbolic_logic,causal_micro_world,correct,correct,False,True,0.3333333333333333,0.3333333333333333
trace_00077,trace_00095,logic_016,commonsense_019,symbolic_logic,commonsense_multihop,correct,correct,False,True,0.3333333333333333,0.3333333333333333
trace_00077,trace_00096,logic_016,arith_020,symbolic_logic,arithmetic,correct,correct,False,True,0.42528358731335336,0.5
trace_00077,trace_00097,logic_016,logic_020,symbolic_logic,symbolic_logic,correct,incorrect,True,False,0.1908745046211096,0.33333333333333337
trace_00077,trace_00098,logic_016,temporal_020,symbolic_logic,temporal_ordering,correct,incorrect,False,False,0.6666666666666666,0.6666666666666666
trace_00077,trace_00099,logic_016,causal_020,symbolic_logic,causal_micro_world,correct,correct,False,True,0.1908745046211096,0.33333333333333337
trace_00077,trace_00100,logic_016,commonsense_020,symbolic_logic,commonsense_multihop,correct,correct,False,True,0.236452797660028,0.39999999999999997
trace_00078,trace_00079,temporal_016,causal_016,temporal_ordering,causal_micro_world,incorrect,incorrect,False,True,0.3112781244591328,0.5
trace_00078,trace_00080,temporal_016,commonsense_016,temporal_ordering,commonsense_multihop,incorrect,correct,False,False,0.3112781244591328,0.5
trace_00078,trace_00081,temporal_016,arith_017,temporal_ordering,arithmetic,incorrect,correct,False,False,0.25,0.25
trace_00078,trace_00082,temporal_016,logic_017,temporal_ordering,symbolic_logic,incorrect,incorrect,False,True,0.3112781244591328,0.5
trace_00078,trace_00083,temporal_016,temporal_017,temporal_ordering,temporal_ordering,incorrect,incorrect,True,True,0.1379253809700301,0.24999999999999997
trace_00078,trace_00084,temporal_016,causal_017,temporal_ordering,causal_micro_world,incorrect,correct,False,False,0.3112781244591328,0.5
trace_00078,trace_00085,temporal_016,commonsense_017,temporal_ordering,commonsense_multihop,incorrect,incorrect,False,True,0.32518928103806,0.5
trace_00078,trace_00086,temporal_016,arith_018,temporal_ordering,arithmetic,incorrect,correct,False,False,0.42528358731335336,0.4999999999999999
trace_00078,trace_00087,temporal_016,logic_018,temporal_ordering,symbolic_logic,incorrect,correct,False,False,0.1379253809700301,0.24999999999999997
trace_00078,trace_00088,temporal_016,temporal_018,temporal_ordering,temporal_ordering,incorrect,incorrect,True,True,0.3112781244591328,0.5
trace_00078,trace_00089,temporal_016,causal_018,temporal_ordering,causal_micro_world,incorrect,correct,False,False,0.25,0.25
trace_00078,trace_00090,temporal_016,commonsense_018,temporal_ordering,commonsense_multihop,incorrect,incorrect,False,True,0.1556390622295664,0.25
trace_00078,trace_00091,temporal_016,arith_019,temporal_ordering,arithmetic,incorrect,correct,False,False,0.25,0.25
trace_00078,trace_00092,temporal_016,logic_019,temporal_ordering,symbolic_logic,incorrect,correct,False,False,0.04879494069539858,0.25
trace_00078,trace_00093,temporal_016,temporal_019,temporal_ordering,temporal_ordering,incorrect,incorrect,True,True,0.13792538097003013,0.24999999999999997
trace_00078,trace_00094,temporal_016,causal_019,temporal_ordering,causal_micro_world,incorrect,correct,False,False,0.13792538097003013,0.24999999999999997
trace_00078,trace_00095,temporal_016,commonsense_019,temporal_ordering,commonsense_multihop,incorrect,correct,False,False,0.13792538097003013,0.24999999999999997
trace_00078,trace_00096,temporal_016,arith_020,temporal_ordering,arithmetic,incorrect,correct,False,False,0.25,0.25
trace_00078,trace_00097,temporal_016,logic_020,temporal_ordering,symbolic_logic,incorrect,incorrect,False,True,0.3112781244591328,0.5
trace_00078,trace_00098,temporal_016,temporal_020,temporal_ordering,temporal_ordering,incorrect,incorrect,True,True,0.42528358731335336,0.5
trace_00078,trace_00099,temporal_016,causal_020,temporal_ordering,causal_micro_world,incorrect,correct,False,False,0.3112781244591328,0.5
trace_00078,trace_00100,temporal_016,commonsense_020,temporal_ordering,commonsense_multihop,incorrect,correct,False,False,0.01862176307426544,0.15
trace_00079,trace_00080,causal_016,commonsense_016,causal_micro_world,commonsense_multihop,incorrect,correct,False,False,0.5,0.5
trace_00079,trace_00081,causal_016,arith_017,causal_micro_world,arithmetic,incorrect,correct,False,False,0.3112781244591328,0.5
trace_00079,trace_00082,causal_016,logic_017,causal_micro_world,symbolic_logic,incorrect,incorrect,False,True,1.0,1.0
trace_00079,trace_00083,causal_016,temporal_017,causal_micro_world,temporal_ordering,incorrect,incorrect,False,True,0.1908745046211096,0.33333333333333337
trace_00079,trace_00084,causal_016,causal_017,causal_micro_world,causal_micro_world,incorrect,correct,True,False,0.5,0.5
trace_00079,trace_00085,causal_016,commonsense_017,causal_micro_world,commonsense_multihop,incorrect,incorrect,False,True,0.5954372523105548,0.6666666666666666
trace_00079,trace_00086,causal_016,arith_018,causal_micro_world,arithmetic,incorrect,correct,False,False,0.5954372523105549,0.6666666666666666
trace_00079,trace_00087,causal_016,logic_018,causal_micro_world,symbolic_logic,incorrect,correct,False,False,0.1908745046211096,0.33333333333333337
trace_00079,trace_00088,causal_016,temporal_018,causal_micro_world,temporal_ordering,incorrect,incorrect,False,True,0.0,0.0
trace_00079,trace_00089,causal_016,causal_018,causal_micro_world,causal_micro_world,incorrect,correct,True,False,0.6556390622295665,0.75
trace_00079,trace_00090,causal_016,commonsense_018,causal_micro_world,commonsense_multihop,incorrect,incorrect,False,True,0.5,0.5
trace_00079,trace_00091,causal_016,arith_019,causal_micro_world,arithmetic,incorrect,correct,False,False,0.3112781244591328,0.5
trace_00079,trace_00092,causal_016,logic_019,causal_micro_world,symbolic_logic,incorrect,correct,False,False,0.2295739585136224,0.3333333333333333
trace_00079,trace_00093,causal_016,temporal_019,causal_micro_world,temporal_ordering,incorrect,incorrect,False,True,0.1908745046211096,0.33333333333333337
trace_00079,trace_00094,causal_016,causal_019,causal_micro_world,causal_micro_world,incorrect,correct,True,False,0.5954372523105549,0.6666666666666666
trace_00079,trace_00095,causal_016,commonsense_019,causal_micro_world,commonsense_multihop,incorrect,correct,False,False,0.5954372523105549,0.6666666666666666
trace_00079,trace_00096,causal_016,arith_020,causal_micro_world,arithmetic,incorrect,correct,False,False,0.6556390622295665,0.75
trace_00079,trace_00097,causal_016,logic_020,causal_micro_world,symbolic_logic,incorrect,incorrect,False,True,0.5,0.5
trace_00079,trace_00098,causal_016,temporal_020,causal_micro_world,temporal_ordering,incorrect,incorrect,False,True,0.5954372523105549,0.6666666666666666
trace_00079,trace_00099,causal_016,causal_020,causal_micro_world,causal_micro_world,incorrect,correct,True,False,0.5,0.5
trace_00079,trace_00100,causal_016,commonsense_020,causal_micro_world,commonsense_multihop,incorrect,correct,False,False,0.3958156020033583,0.6
trace_00080,trace_00081,commonsense_016,arith_017,commonsense_multihop,arithmetic,correct,correct,False,True,0.6556390622295665,0.75
trace_00080,trace_00082,commonsense_016,logic_017,commonsense_multihop,symbolic_logic,correct,incorrect,False,False,0.5,0.5
trace_00080,trace_00083,commonsense_016,temporal_017,commonsense_multihop,temporal_ordering,correct,incorrect,False,False,0.5954372523105548,0.6666666666666666
trace_00080,trace_00084,commonsense_016,causal_017,commonsense_multihop,causal_micro_world,correct,correct,False,True,0.0,0.0
trace_00080,trace_00085,commonsense_016,commonsense_017,commonsense_multihop,commonsense_multihop,correct,incorrect,True,False,0.42528358731335336,0.5
trace_00080,trace_00086,commonsense_016,arith_018,commonsense_multihop,arithmetic,correct,correct,False,True,0.5954372523105549,0.6666666666666666
trace_00080,trace_00087,commonsense_016,logic_018,commonsense_multihop,symbolic_logic,correct,correct,False,True,0.5954372523105548,0.6666666666666666
trace_00080,trace_00088,commonsense_016,temporal_018,commonsense_multihop,temporal_ordering,correct,incorrect,False,False,0.5,0.5
trace_00080,trace_00089,commonsense_016,causal_018,commonsense_multihop,causal_micro_world,correct,correct,False,True,0.6556390622295665,0.75
trace_00080,trace_00090,commonsense_016,commonsense_018,commonsense_multihop,commonsense_multihop,correct,incorrect,True,False,0.1556390622295664,0.25
trace_00080,trace_00091,commonsense_016,arith_019,commonsense_multihop,arithmetic,correct,correct,False,True,0.6556390622295665,0.75
trace_00080,trace_00092,commonsense_016,logic_019,commonsense_multihop,symbolic_logic,correct,correct,False,True,0.2295739585136224,0.3333333333333333
trace_00080,trace_00093,commonsense_016,temporal_019,commonsense_multihop,temporal_ordering,correct,incorrect,False,False,0.1908745046211096,0.33333333333333337
trace_00080,trace_00094,commonsense_016,causal_019,commonsense_multihop,causal_micro_world,correct,correct,False,True,0.5954372523105549,0.6666666666666666
trace_00080,trace_00095,commonsense_016,commonsense_019,commonsense_multihop,commonsense_multihop,correct,correct,True,True,0.5954372523105549,0.6666666666666666
trace_00080,trace_00096,commonsense_016,arith_020,commonsense_multihop,arithmetic,correct,correct,False,True,0.3112781244591328,0.5
trace_00080,trace_00097,commonsense_016,logic_020,commonsense_multihop,symbolic_logic,correct,incorrect,False,False,0.5,0.5
trace_00080,trace_00098,commonsense_016,temporal_020,commonsense_multihop,temporal_ordering,correct,incorrect,False,False,1.0,0.9999999999999999
trace_00080,trace_00099,commonsense_016,causal_020,commonsense_multihop,causal_micro_world,correct,correct,False,True,0.0,0.0
trace_00080,trace_00100,commonsense_016,commonsense_020,commonsense_multihop,commonsense_multihop,correct,correct,True,True,0.3958156020033583,0.6
trace_00081,trace_00082,arith_017,logic_017,arithmetic,symbolic_logic,correct,incorrect,False,False,0.6556390622295665,0.75
trace_00081,trace_00083,arith_017,temporal_017,arithmetic,temporal_ordering,correct,incorrect,False,False,0.13792538097003013,0.24999999999999997
trace_00081,trace_00084,arith_017,causal_017,arithmetic,causal_micro_world,correct,correct,False,True,0.6556390622295665,0.75
trace_00081,trace_00085,arith_017,commonsense_017,arithmetic,commonsense_multihop,correct,incorrect,False,False,0.7126417936566767,0.75
trace_00081,trace_00086,arith_017,arith_018,arithmetic,arithmetic,correct,correct,True,True,0.1379253809700301,0.24999999999999997
trace_00081,trace_00087,arith_017,logic_018,arithmetic,symbolic_logic,correct,correct,False,True,0.13792538097003013,0.24999999999999997
trace_00081,trace_00088,arith_017,temporal_018,arithmetic,temporal_ordering,correct,incorrect,False,False,0.3112781244591328,0.5
trace_00081,trace_00089,arith_017,causal_018,arithmetic,causal_micro_world,correct,correct,False,True,0.25,0.25
trace_00081,trace_00090,arith_017,commonsense_018,arithmetic,commonsense_multihop,correct,incorrect,False,False,0.40563906222956636,0.5
trace_00081,trace_00091,arith_017,arith_019,arithmetic,arithmetic,correct,correct,True,True,0.0,0.0
trace_00081,trace_00092,arith_017,logic_019,arithmetic,symbolic_logic,correct,correct,False,True,0.2510763145401212,0.4166666666666667
trace_00081,trace_00093,arith_017,temporal_019,arithmetic,temporal_ordering,correct,incorrect,False,False,0.42528358731335336,0.5
trace_00081,trace_00094,arith_017,causal_019,arithmetic,causal_micro_world,correct,correct,False,True,0.42528358731335336,0.5
trace_00081,trace_00095,arith_017,commonsense_019,arithmetic,commonsense_multihop,correct,correct,False,True,0.42528358731335336,0.5
trace_00081,trace_00096,arith_017,arith_020,arithmetic,arithmetic,correct,correct,True,True,0.25,0.25
trace_00081,trace_00097,arith_017,logic_020,arithmetic,symbolic_logic,correct,incorrect,False,False,0.6556390622295665,0.75
trace_00081,trace_00098,arith_017,temporal_020,arithmetic,temporal_ordering,correct,incorrect,False,False,0.13792538097003013,0.24999999999999997
trace_00081,trace_00099,arith_017,causal_020,arithmetic,causal_micro_world,correct,correct,False,True,0.6556390622295665,0.75
trace_00081,trace_00100,arith_017,commonsense_020,arithmetic,commonsense_multihop,correct,correct,False,True,0.24161387653786542,0.35
trace_00082,trace_00083,logic_017,temporal_017,symbolic_logic,temporal_ordering,incorrect,incorrect,False,True,0.5954372523105549,0.6666666666666666
trace_00082,trace_00084,logic_017,causal_017,symbolic_logic,causal_micro_world,incorrect,correct,False,False,0.5,0.5
trace_00082,trace_00085,logic_017,commonsense_017,symbolic_logic,commonsense_multihop,incorrect,incorrect,False,True,0.42528358731335336,0.5
trace_00082,trace_00086,logic_017,arith_018,symbolic_logic,arithmetic,incorrect,correct,False,False,0.5954372523105549,0.6666666666666666
trace_00082,trace_00087,logic_017,logic_018,symbolic_logic,symbolic_logic,incorrect,correct,True,False,0.5954372523105549,0.6666666666666666
trace_00082,trace_00088,logic_017,temporal_018,symbolic_logic,temporal_ordering,incorrect,incorrect,False,True,1.0,1.0
trace_00082,trace_00089,logic_017,causal_018,symbolic_logic,causal_micro_world,incorrect,correct,False,False,0.3112781244591328,0.5
trace_00082,trace_00090,logic_017,commonsense_018,symbolic_logic,commonsense_multihop,incorrect,incorrect,False,True,0.3112781244591328,0.5
trace_00082,trace_00091,logic_017,arith_019,symbolic_logic,arithmetic,incorrect,correct,False,False,0.6556390622295665,0.75
trace_00082,trace_00092,logic_017,logic_019,symbolic_logic,symbolic_logic,incorrect,correct,True,False,0.4591479170272448,0.6666666666666667
trace_00082,trace_00093,logic_017,temporal_019,symbolic_logic,temporal_ordering,incorrect,incorrect,False,True,0.5954372523105549,0.6666666666666666
trace_00082,trace_00094,logic_017,causal_019,symbolic_logic,causal_micro_world,incorrect,correct,False,False,0.1908745046211096,0.33333333333333337
trace_00082,trace_00095,logic_017,commonsense_019,symbolic_logic,commonsense_multihop,incorrect,correct,False,False,0.1908745046211096,0.33333333333333337
trace_00082,trace_00096,logic_017,arith_020,symbolic_logic,arithmetic,incorrect,correct,False,False,0.3112781244591328,0.5
trace_00082,trace_00097,logic_017,logic_020,symbolic_logic,symbolic_logic,incorrect,incorrect,True,True,0.5,0.5
trace_00082,trace_00098,logic_017,temporal_020,symbolic_logic,temporal_ordering,incorrect,incorrect,False,True,0.5954372523105549,0.6666666666666666
trace_00082,trace_00099,logic_017,causal_020,symbolic_logic,causal_micro_world,incorrect,correct,False,False,0.5,0.5
trace_00082,trace_00100,logic_017,commonsense_020,symbolic_logic,commonsense_multihop,incorrect,correct,False,False,0.2519235740744792,0.4
trace_00083,trace_00084,temporal_017,causal_017,temporal_ordering,causal_micro_world,incorrect,correct,False,False,0.5954372523105548,0.6666666666666666
trace_00083,trace_00085,temporal_017,commonsense_017,temporal_ordering,commonsense_multihop,incorrect,incorrect,False,True,0.6666666666666666,0.6666666666666666
trace_00083,trace_00086,temporal_017,arith_018,temporal_ordering,arithmetic,incorrect,correct,False,False,0.3333333333333333,0.3333333333333333
trace_00083,trace_00087,temporal_017,logic_018,temporal_ordering,symbolic_logic,incorrect,correct,False,False,0.0,0.0
trace_00083,trace_00088,temporal_017,temporal_018,temporal_ordering,temporal_ordering,incorrect,incorrect,True,True,0.1908745046211096,0.33333333333333337
trace_00083,trace_00089,temporal_017,causal_018,temporal_ordering,causal_micro_world,incorrect,correct,False,False,0.42528358731335336,0.5
trace_00083,trace_00090,temporal_017,commonsense_018,temporal_ordering,commonsense_multihop,incorrect,incorrect,False,True,0.30807904596723146,0.41666666666666663
trace_00083,trace_00091,temporal_017,arith_019,temporal_ordering,arithmetic,incorrect,correct,False,False,0.13792538097003013,0.24999999999999997
trace_00083,trace_00092,temporal_017,logic_019,temporal_ordering,symbolic_logic,incorrect,correct,False,False,0.13628933528331,0.33333333333333337
trace_00083,trace_00093,temporal_017,temporal_019,temporal_ordering,temporal_ordering,incorrect,incorrect,True,True,0.3333333333333333,0.3333333333333333
trace_00083,trace_00094,temporal_017,causal_019,temporal_ordering,causal_micro_world,incorrect,correct,False,False,0.3333333333333333,0.3333333333333333
trace_00083,trace_00095,temporal_017,commonsense_019,temporal_ordering,commonsense_multihop,incorrect,correct,False,False,0.3333333333333333,0.3333333333333333
trace_00083,trace_00096,temporal_017,arith_020,temporal_ordering,arithmetic,incorrect,correct,False,False,0.42528358731335336,0.4999999999999999
trace_00083,trace_00097,temporal_017,logic_020,temporal_ordering,symbolic_logic,incorrect,incorrect,False,True,0.5954372523105549,0.6666666666666666
trace_00083,trace_00098,temporal_017,temporal_020,temporal_ordering,temporal_ordering,incorrect,incorrect,True,True,0.3333333333333333,0.3333333333333333
trace_00083,trace_00099,temporal_017,causal_020,temporal_ordering,causal_micro_world,incorrect,correct,False,False,0.5954372523105548,0.6666666666666666
trace_00083,trace_00100,temporal_017,commonsense_020,temporal_ordering,commonsense_multihop,incorrect,correct,False,False,0.1264907875651346,0.26666666666666666
trace_00084,trace_00085,causal_017,commonsense_017,causal_micro_world,commonsense_multihop,correct,incorrect,False,False,0.42528358731335336,0.5
trace_00084,trace_00086,causal_017,arith_018,causal_micro_world,arithmetic,correct,correct,False,True,0.5954372523105549,0.6666666666666666
trace_00084,trace_00087,causal_017,logic_018,causal_micro_world,symbolic_logic,correct,correct,False,True,0.5954372523105548,0.6666666666666666
trace_00084,trace_00088,causal_017,temporal_018,causal_micro_world,temporal_ordering,correct,incorrect,False,False,0.5,0.5
trace_00084,trace_00089,causal_017,causal_018,causal_micro_world,causal_micro_world,correct,correct,True,True,0.6556390622295665,0.75
trace_00084,trace_00090,causal_017,commonsense_018,causal_micro_world,commonsense_multihop,correct,incorrect,False,False,0.1556390622295664,0.25
trace_00084,trace_00091,causal_017,arith_019,causal_micro_world,arithmetic,correct,correct,False,True,0.6556390622295665,0.75
trace_00084,trace_00092,causal_017,logic_019,causal_micro_world,symbolic_logic,correct,correct,False,True,0.2295739585136224,0.3333333333333333
trace_00084,trace_00093,causal_017,temporal_019,causal_micro_world,temporal_ordering,correct,incorrect,False,False,0.1908745046211096,0.33333333333333337
trace_00084,trace_00094,causal_017,causal_019,causal_micro_world,causal_micro_world,correct,correct,True,True,0.5954372523105549,0.6666666666666666
trace_00084,trace_00095,causal_017,commonsense_019,causal_micro_world,commonsense_multihop,correct,correct,False,True,0.5954372523105549,0.6666666666666666
trace_00084,trace_00096,causal_017,arith_020,causal_micro_world,arithmetic,correct,correct,False,True,0.3112781244591328,0.5
trace_00084,trace_00097,causal_017,logic_020,causal_micro_world,symbolic_logic,correct,incorrect,False,False,0.5,0.5
trace_00084,trace_00098,causal_017,temporal_020,causal_micro_world,temporal_ordering,correct,incorrect,False,False,1.0,0.9999999999999999
trace_00084,trace_00099,causal_017,causal_020,causal_micro_world,causal_micro_world,correct,correct,True,True,0.0,0.0
trace_00084,trace_00100,causal_017,commonsense_020,causal_micro_world,commonsense_multihop,correct,correct,False,True,0.3958156020033583,0.6
trace_00085,trace_00086,commonsense_017,arith_018,commonsense_multihop,arithmetic,incorrect,correct,False,False,1.0,0.9999999999999999
trace_00085,trace_00087,commonsense_017,logic_018,commonsense_multihop,symbolic_logic,incorrect,correct,False,False,0.6666666666666666,0.6666666666666666
trace_00085,trace_00088,commonsense_017,temporal_018,commonsense_multihop,temporal_ordering,incorrect,incorrect,False,True,0.5954372523105548,0.6666666666666666
trace_00085,trace_00089,commonsense_017,causal_018,commonsense_multihop,causal_micro_world,incorrect,correct,False,False,0.32518928103806,0.5
trace_00085,trace_00090,commonsense_017,commonsense_018,commonsense_multihop,commonsense_multihop,incorrect,incorrect,True,True,0.6125474873813833,0.75
trace_00085,trace_00091,commonsense_017,arith_019,commonsense_multihop,arithmetic,incorrect,correct,False,False,0.7126417936566767,0.75
trace_00085,trace_00092,commonsense_017,logic_019,commonsense_multihop,symbolic_logic,incorrect,correct,False,False,0.4696226686166433,0.6666666666666666
trace_00085,trace_00093,commonsense_017,temporal_019,commonsense_multihop,temporal_ordering,incorrect,incorrect,False,True,0.20751874963942185,0.3333333333333333
trace_00085,trace_00094,commonsense_017,causal_019,commonsense_multihop,causal_micro_world,incorrect,correct,False,False,0.20751874963942185,0.3333333333333333
trace_00085,trace_00095,commonsense_017,commonsense_019,commonsense_multihop,commonsense_multihop,incorrect,correct,True,False,0.20751874963942185,0.3333333333333333
trace_00085,trace_00096,commonsense_017,arith_020,commonsense_multihop,arithmetic,incorrect,correct,False,False,0.6125474873813833,0.75
trace_00085,trace_00097,commonsense_017,logic_020,commonsense_multihop,symbolic_logic,incorrect,incorrect,False,True,0.020720839623908215,0.16666666666666666
trace_00085,trace_00098,commonsense_017,temporal_020,commonsense_multihop,temporal_ordering,incorrect,incorrect,False,True,0.6666666666666666,0.6666666666666666
trace_00085,trace_00099,commonsense_017,causal_020,commonsense_multihop,causal_micro_world,incorrect,correct,False,False,0.42528358731335336,0.5
trace_00085,trace_00100,commonsense_017,commonsense_020,commonsense_multihop,commonsense_multihop,incorrect,correct,True,False,0.4077660030601058,0.6
trace_00086,trace_00087,arith_018,logic_018,arithmetic,symbolic_logic,correct,correct,False,True,0.3333333333333333,0.3333333333333333
trace_00086,trace_00088,arith_018,temporal_018,arithmetic,temporal_ordering,correct,incorrect,False,False,0.5954372523105549,0.6666666666666666
trace_00086,trace_00089,arith_018,causal_018,arithmetic,causal_micro_world,correct,correct,False,True,0.42528358731335336,0.4999999999999999
trace_00086,trace_00090,arith_018,commonsense_018,arithmetic,commonsense_multihop,correct,incorrect,False,False,0.30807904596723146,0.41666666666666663
trace_00086,trace_00091,arith_018,arith_019,arithmetic,arithmetic,correct,correct,True,True,0.1379253809700301,0.24999999999999997
trace_00086,trace_00092,arith_018,logic_019,arithmetic,symbolic_logic,correct,correct,False,True,0.3658632937969324,0.5
trace_00086,trace_00093,arith_018,temporal_019,arithmetic,temporal_ordering,correct,incorrect,False,False,0.6666666666666666,0.6666666666666666
trace_00086,trace_00094,arith_018,causal_019,arithmetic,causal_micro_world,correct,correct,False,True,0.6666666666666666,0.6666666666666666
trace_00086,trace_00095,arith_018,commonsense_019,arithmetic,commonsense_multihop,correct,correct,False,True,0.6666666666666666,0.6666666666666666
trace_00086,trace_00096,arith_018,arith_020,arithmetic,arithmetic,correct,correct,True,True,0.1379253809700301,0.24999999999999997
trace_00086,trace_00097,arith_018,logic_020,arithmetic,symbolic_logic,correct,incorrect,False,False,1.0,0.9999999999999999
trace_00086,trace_00098,arith_018,temporal_020,arithmetic,temporal_ordering,correct,incorrect,False,False,0.3333333333333333,0.3333333333333333
trace_00086,trace_00099,arith_018,causal_020,arithmetic,causal_micro_world,correct,correct,False,True,0.5954372523105549,0.6666666666666666
trace_00086,trace_00100,arith_018,commonsense_020,arithmetic,commonsense_multihop,correct,correct,False,True,0.3810065216784586,0.4666666666666667
trace_00087,trace_00088,logic_018,temporal_018,symbolic_logic,temporal_ordering,correct,incorrect,False,False,0.1908745046211096,0.33333333333333337
trace_00087,trace_00089,logic_018,causal_018,symbolic_logic,causal_micro_world,correct,correct,False,True,0.42528358731335336,0.5
trace_00087,trace_00090,logic_018,commonsense_018,symbolic_logic,commonsense_multihop,correct,incorrect,False,False,0.30807904596723146,0.41666666666666663
trace_00087,trace_00091,logic_018,arith_019,symbolic_logic,arithmetic,correct,correct,False,True,0.13792538097003013,0.24999999999999997
trace_00087,trace_00092,logic_018,logic_019,symbolic_logic,symbolic_logic,correct,correct,True,True,0.13628933528331,0.33333333333333337
trace_00087,trace_00093,logic_018,temporal_019,symbolic_logic,temporal_ordering,correct,incorrect,False,False,0.3333333333333333,0.3333333333333333
trace_00087,trace_00094,logic_018,causal_019,symbolic_logic,causal_micro_world,correct,correct,False,True,0.3333333333333333,0.3333333333333333
trace_00087,trace_00095,logic_018,commonsense_019,symbolic_logic,commonsense_multihop,correct,correct,False,True,0.3333333333333333,0.3333333333333333
trace_00087,trace_00096,logic_018,arith_020,symbolic_logic,arithmetic,correct,correct,False,True,0.42528358731335336,0.4999999999999999
trace_00087,trace_00097,logic_018,logic_020,symbolic_logic,symbolic_logic,correct,incorrect,True,False,0.5954372523105549,0.6666666666666666
trace_00087,trace_00098,logic_018,temporal_020,symbolic_logic,temporal_ordering,correct,incorrect,False,False,0.3333333333333333,0.3333333333333333
trace_00087,trace_00099,logic_018,causal_020,symbolic_logic,causal_micro_world,correct,correct,False,True,0.5954372523105548,0.6666666666666666
trace_00087,trace_00100,logic_018,commonsense_020,symbolic_logic,commonsense_multihop,correct,correct,False,True,0.1264907875651346,0.26666666666666666
trace_00088,trace_00089,temporal_018,causal_018,temporal_ordering,causal_micro_world,incorrect,correct,False,False,0.6556390622295665,0.75
trace_00088,trace_00090,temporal_018,commonsense_018,temporal_ordering,commonsense_multihop,incorrect,incorrect,False,True,0.5,0.5
trace_00088,trace_00091,temporal_018,arith_019,temporal_ordering,arithmetic,incorrect,correct,False,False,0.3112781244591328,0.5
trace_00088,trace_00092,temporal_018,logic_019,temporal_ordering,symbolic_logic,incorrect,correct,False,False,0.2295739585136224,0.3333333333333333
trace_00088,trace_00093,temporal_018,temporal_019,temporal_ordering,temporal_ordering,incorrect,incorrect,True,True,0.1908745046211096,0.33333333333333337
trace_00088,trace_00094,temporal_018,causal_019,temporal_ordering,causal_micro_world,incorrect,correct,False,False,0.5954372523105549,0.6666666666666666
trace_00088,trace_00095,temporal_018,commonsense_019,temporal_ordering,commonsense_multihop,incorrect,correct,False,False,0.5954372523105549,0.6666666666666666
trace_00088,trace_00096,temporal_018,arith_020,temporal_ordering,arithmetic,incorrect,correct,False,False,0.6556390622295665,0.75
trace_00088,trace_00097,temporal_018,logic_020,temporal_ordering,symbolic_logic,incorrect,incorrect,False,True,0.5,0.5
trace_00088,trace_00098,temporal_018,temporal_020,temporal_ordering,temporal_ordering,incorrect,incorrect,True,True,0.5954372523105549,0.6666666666666666
trace_00088,trace_00099,temporal_018,causal_020,temporal_ordering,causal_micro_world,incorrect,correct,False,False,0.5,0.5
trace_00088,trace_00100,temporal_018,commonsense_020,temporal_ordering,commonsense_multihop,incorrect,correct,False,False,0.3958156020033583,0.6
trace_00089,trace_00090,causal_018,commonsense_018,causal_micro_world,commonsense_multihop,correct,incorrect,False,False,0.5,0.5
trace_00089,trace_00091,causal_018,arith_019,causal_micro_world,arithmetic,correct,correct,False,True,0.25,0.25
trace_00089,trace_00092,causal_018,logic_019,causal_micro_world,symbolic_logic,correct,correct,False,True,0.3931558784658322,0.5
trace_00089,trace_00093,causal_018,temporal_019,causal_micro_world,temporal_ordering,correct,incorrect,False,False,0.42528358731335336,0.5
trace_00089,trace_00094,causal_018,causal_019,causal_micro_world,causal_micro_world,correct,correct,True,True,0.13792538097003013,0.24999999999999997
trace_00089,trace_00095,causal_018,commonsense_019,causal_micro_world,commonsense_multihop,correct,correct,False,True,0.13792538097003013,0.24999999999999997
trace_00089,trace_00096,causal_018,arith_020,causal_micro_world,arithmetic,correct,correct,False,True,0.25,0.25
trace_00089,trace_00097,causal_018,logic_020,causal_micro_world,symbolic_logic,correct,incorrect,False,False,0.3112781244591328,0.5
trace_00089,trace_00098,causal_018,temporal_020,causal_micro_world,temporal_ordering,correct,incorrect,False,False,0.1379253809700301,0.24999999999999997
trace_00089,trace_00099,causal_018,causal_020,causal_micro_world,causal_micro_world,correct,correct,True,True,0.6556390622295665,0.75
trace_00089,trace_00100,causal_018,commonsense_020,causal_micro_world,commonsense_multihop,correct,correct,False,True,0.24161387653786542,0.35
trace_00090,trace_00091,commonsense_018,arith_019,commonsense_multihop,arithmetic,incorrect,correct,False,False,0.40563906222956636,0.5
trace_00090,trace_00092,commonsense_018,logic_019,commonsense_multihop,symbolic_logic,incorrect,correct,False,False,0.0954372523105548,0.16666666666666669
trace_00090,trace_00093,commonsense_018,temporal_019,commonsense_multihop,temporal_ordering,incorrect,incorrect,False,True,0.30807904596723146,0.41666666666666663
trace_00090,trace_00094,commonsense_018,causal_019,commonsense_multihop,causal_micro_world,incorrect,correct,False,False,0.42528358731335336,0.5
trace_00090,trace_00095,commonsense_018,commonsense_019,commonsense_multihop,commonsense_multihop,incorrect,correct,True,False,0.42528358731335336,0.5
trace_00090,trace_00096,commonsense_018,arith_020,commonsense_multihop,arithmetic,incorrect,correct,False,False,0.1556390622295664,0.25
trace_00090,trace_00097,commonsense_018,logic_020,commonsense_multihop,symbolic_logic,incorrect,incorrect,False,True,0.6556390622295665,0.75
trace_00090,trace_00098,commonsense_018,temporal_020,commonsense_multihop,temporal_ordering,incorrect,incorrect,False,True,0.7126417936566767,0.7499999999999999
trace_00090,trace_00099,commonsense_018,causal_020,commonsense_multihop,causal_micro_world,incorrect,correct,False,False,0.1556390622295664,0.25
trace_00090,trace_00100,commonsense_018,commonsense_020,commonsense_multihop,commonsense_multihop,incorrect,correct,True,False,0.16251379100314456,0.35
trace_00091,trace_00092,arith_019,logic_019,arithmetic,symbolic_logic,correct,correct,False,True,0.2510763145401212,0.4166666666666667
trace_00091,trace_00093,arith_019,temporal_019,arithmetic,temporal_ordering,correct,incorrect,False,False,0.42528358731335336,0.5
trace_00091,trace_00094,arith_019,causal_019,arithmetic,causal_micro_world,correct,correct,False,True,0.42528358731335336,0.5
trace_00091,trace_00095,arith_019,commonsense_019,arithmetic,commonsense_multihop,correct,correct,False,True,0.42528358731335336,0.5
trace_00091,trace_00096,arith_019,arith_020,arithmetic,arithmetic,correct,correct,True,True,0.25,0.25
trace_00091,trace_00097,arith_019,logic_020,arithmetic,symbolic_logic,correct,incorrect,False,False,0.6556390622295665,0.75
trace_00091,trace_00098,arith_019,temporal_020,arithmetic,temporal_ordering,correct,incorrect,False,False,0.13792538097003013,0.24999999999999997
trace_00091,trace_00099,arith_019,causal_020,arithmetic,causal_micro_world,correct,correct,False,True,0.6556390622295665,0.75
trace_00091,trace_00100,arith_019,commonsense_020,arithmetic,commonsense_multihop,correct,correct,False,True,0.24161387653786542,0.35
trace_00092,trace_00093,logic_019,temporal_019,symbolic_logic,temporal_ordering,correct,incorrect,False,False,0.13628933528331,0.33333333333333337
trace_00092,trace_00094,logic_019,causal_019,symbolic_logic,causal_micro_world,correct,correct,False,True,0.3112781244591328,0.5
trace_00092,trace_00095,logic_019,commonsense_019,symbolic_logic,commonsense_multihop,correct,correct,False,True,0.3112781244591328,0.5
trace_00092,trace_00096,logic_019,arith_020,symbolic_logic,arithmetic,correct,correct,False,True,0.2510763145401212,0.4166666666666667
trace_00092,trace_00097,logic_019,logic_020,symbolic_logic,symbolic_logic,correct,incorrect,True,False,0.4591479170272448,0.6666666666666667
trace_00092,trace_00098,logic_019,temporal_020,symbolic_logic,temporal_ordering,correct,incorrect,False,False,0.5408520829727552,0.6666666666666666
trace_00092,trace_00099,logic_019,causal_020,symbolic_logic,causal_micro_world,correct,correct,False,True,0.2295739585136224,0.3333333333333333
trace_00092,trace_00100,logic_019,commonsense_020,symbolic_logic,commonsense_multihop,correct,correct,False,True,0.08580209315737704,0.30000000000000004
trace_00093,trace_00094,temporal_019,causal_019,temporal_ordering,causal_micro_world,incorrect,correct,False,False,0.3333333333333333,0.3333333333333333
trace_00093,trace_00095,temporal_019,commonsense_019,temporal_ordering,commonsense_multihop,incorrect,correct,False,False,0.3333333333333333,0.3333333333333333
trace_00093,trace_00096,temporal_019,arith_020,temporal_ordering,arithmetic,incorrect,correct,False,False,0.42528358731335336,0.5
trace_00093,trace_00097,temporal_019,logic_020,temporal_ordering,symbolic_logic,incorrect,incorrect,False,True,0.1908745046211096,0.33333333333333337
trace_00093,trace_00098,temporal_019,temporal_020,temporal_ordering,temporal_ordering,incorrect,incorrect,True,True,0.6666666666666666,0.6666666666666666
trace_00093,trace_00099,temporal_019,causal_020,temporal_ordering,causal_micro_world,incorrect,correct,False,False,0.1908745046211096,0.33333333333333337
trace_00093,trace_00100,temporal_019,commonsense_020,temporal_ordering,commonsense_multihop,incorrect,correct,False,False,0.236452797660028,0.39999999999999997
trace_00094,trace_00095,causal_019,commonsense_019,causal_micro_world,commonsense_multihop,correct,correct,False,True,0.0,0.0
trace_00094,trace_00096,causal_019,arith_020,causal_micro_world,arithmetic,correct,correct,False,True,0.42528358731335336,0.5
trace_00094,trace_00097,causal_019,logic_020,causal_micro_world,symbolic_logic,correct,incorrect,False,False,0.1908745046211096,0.33333333333333337
trace_00094,trace_00098,causal_019,temporal_020,causal_micro_world,temporal_ordering,correct,incorrect,False,False,0.3333333333333333,0.3333333333333333
trace_00094,trace_00099,causal_019,causal_020,causal_micro_world,causal_micro_world,correct,correct,True,True,0.5954372523105549,0.6666666666666666
trace_00094,trace_00100,causal_019,commonsense_020,causal_micro_world,commonsense_multihop,correct,correct,False,True,0.1264907875651346,0.26666666666666666
trace_00095,trace_00096,commonsense_019,arith_020,commonsense_multihop,arithmetic,correct,correct,False,True,0.42528358731335336,0.5
trace_00095,trace_00097,commonsense_019,logic_020,commonsense_multihop,symbolic_logic,correct,incorrect,False,False,0.1908745046211096,0.33333333333333337
trace_00095,trace_00098,commonsense_019,temporal_020,commonsense_multihop,temporal_ordering,correct,incorrect,False,False,0.3333333333333333,0.3333333333333333
trace_00095,trace_00099,commonsense_019,causal_020,commonsense_multihop,causal_micro_world,correct,correct,False,True,0.5954372523105549,0.6666666666666666
trace_00095,trace_00100,commonsense_019,commonsense_020,commonsense_multihop,commonsense_multihop,correct,correct,True,True,0.1264907875651346,0.26666666666666666
trace_00096,trace_00097,arith_020,logic_020,arithmetic,symbolic_logic,correct,incorrect,False,False,0.6556390622295665,0.75
trace_00096,trace_00098,arith_020,temporal_020,arithmetic,temporal_ordering,correct,incorrect,False,False,0.42528358731335336,0.4999999999999999
trace_00096,trace_00099,arith_020,causal_020,arithmetic,causal_micro_world,correct,correct,False,True,0.3112781244591328,0.5
trace_00096,trace_00100,arith_020,commonsense_020,arithmetic,commonsense_multihop,correct,correct,False,True,0.24161387653786542,0.35
trace_00097,trace_00098,logic_020,temporal_020,symbolic_logic,temporal_ordering,incorrect,incorrect,False,True,0.5954372523105549,0.6666666666666666
trace_00097,trace_00099,logic_020,causal_020,symbolic_logic,causal_micro_world,incorrect,correct,False,False,0.5,0.5
trace_00097,trace_00100,logic_020,commonsense_020,symbolic_logic,commonsense_multihop,incorrect,correct,False,False,0.3958156020033583,0.6
trace_00098,trace_00099,temporal_020,causal_020,temporal_ordering,causal_micro_world,incorrect,correct,False,False,1.0,0.9999999999999999
trace_00098,trace_00100,temporal_020,commonsense_020,temporal_ordering,commonsense_multihop,incorrect,correct,False,False,0.3810065216784586,0.4666666666666667
trace_00099,trace_00100,causal_020,commonsense_020,causal_micro_world,commonsense_multihop,correct,correct,False,True,0.3958156020033583,0.6
