trace_id,prompt_id,task_family,model,difficulty,outcome,from_step_position,to_step_position,from_step_text,to_step_text,static_projection_norm,residual_norm,residual_cluster,residual_pc_1,residual_pc_2,residual_pc_3,residual_pc_4,residual_pc_5,residual_pc_6,residual_pc_7,residual_pc_8
trace_00001,arith_001,arithmetic,llama3.2:latest,easy,correct,0,1,Calculate total number of cans collected: 14 (Monday) + 19 (Tuesday) = 33,Subtract the number of damaged cans: 33 - 6 = 27,0.15893152,0.98728955,0,-0.062810116,0.19615057,0.16523294,0.082795426,-0.17215821,0.3233766,0.09473803,-0.08318284
trace_00001,arith_001,arithmetic,llama3.2:latest,easy,correct,1,2,Subtract the number of damaged cans: 33 - 6 = 27,The remaining cans are usable.,0.3499977,0.93675065,1,0.0663852,-0.08257698,-0.0816468,-0.043726478,0.07353366,-0.18740712,-0.11454343,0.17561732
trace_00002,logic_001,symbolic_logic,llama3.2:latest,easy,incorrect,0,1,We know that all glims are bloops (all A implies all B).,Some bloops are razs (some B implies some C).,0.12296615,0.99241084,0,-0.009328015,-0.11548964,0.09806428,0.14331089,-0.0035399059,0.06836895,-0.032522537,-0.02824882
trace_00002,logic_001,symbolic_logic,llama3.2:latest,easy,incorrect,1,2,Some bloops are razs (some B implies some C).,"However, the conclusion ""some glims are razs"" requires a specific instance of a gloim being a raz.",0.20067964,0.97965693,1,0.037350927,0.08322929,-0.1624548,-0.2298199,-0.0593179,-0.18780655,0.14306264,-0.029717661
trace_00002,logic_001,symbolic_logic,llama3.2:latest,easy,incorrect,2,3,"However, the conclusion ""some glims are razs"" requires a specific instance of a gloim being a raz.",The given information does not provide any direct connection between glims and razs.,0.16237782,0.98672867,0,0.04047907,0.27679592,0.032352947,-0.2245855,-0.3285222,0.0033481903,0.051985774,-0.064221926
trace_00002,logic_001,symbolic_logic,llama3.2:latest,easy,incorrect,3,4,The given information does not provide any direct connection between glims and razs.,"We can only conclude that if there is at least one bloop that is also a raz, then some glims could be razs (but we cannot guarantee this).",0.11854357,0.9929489,1,-0.04708558,-0.25987008,0.07654947,0.2754506,0.3367796,0.092868105,-0.0726629,0.10399976
trace_00002,logic_001,symbolic_logic,llama3.2:latest,easy,incorrect,4,5,"We can only conclude that if there is at least one bloop that is also a raz, then some glims could be razs (but we cannot guarantee this).","Therefore, we cannot definitively conclude that some glims are razs based on the given information.",0.09913379,0.9950741,0,-0.021030199,0.1576184,0.00071947894,-0.14040501,-0.24697931,-0.062067878,0.23367086,-0.2165554
trace_00003,temporal_001,temporal_ordering,llama3.2:latest,easy,correct,0,1,Determine who arrived before whom:,- Mina arrived before Joon.,0.18775745,0.98221534,2,0.056125447,0.1602666,-0.032344855,0.009462505,-0.0050409865,0.013112133,-0.16192232,0.14140135
trace_00003,temporal_001,temporal_ordering,llama3.2:latest,easy,correct,1,2,- Mina arrived before Joon.,- Joon arrived after Sora.,0.10156733,0.99482864,0,-0.06680138,-0.011353264,0.06224248,0.04318322,0.1155159,0.102969445,0.002038107,-0.014002386
trace_00003,temporal_001,temporal_ordering,llama3.2:latest,easy,correct,2,3,- Joon arrived after Sora.,Analyze the relationships:,0.19727615,0.98034793,0,-0.009280606,-0.13058642,0.2006495,0.15465279,-0.0190172,-0.035055287,0.28786612,-0.037014782
trace_00003,temporal_001,temporal_ordering,llama3.2:latest,easy,correct,3,4,Analyze the relationships:,"- Since Mina arrived before Joon, and Joon arrived after Sora, it means that Mina must have arrived before Sora.",0.20908739,0.977897,3,0.04736656,0.054702222,-0.2158163,-0.0952136,-0.014350493,-0.06161345,-0.2706738,0.019555021
trace_00003,temporal_001,temporal_ordering,llama3.2:latest,easy,correct,4,5,"- Since Mina arrived before Joon, and Joon arrived after Sora, it means that Mina must have arrived before Sora.",Conclusion:,0.22132859,0.9751993,0,0.02175672,-0.04387882,0.156502,0.020622458,0.042366903,0.24331889,0.21435152,0.06362152
trace_00003,temporal_001,temporal_ordering,llama3.2:latest,easy,correct,5,6,Conclusion:,"- Based on the given information, Sora did not arrive first; however, since we are looking for who arrived first among Mina, Joon, and Sora, and Mina arrived before Joon, then Mina is the one who arrived first.",0.24148235,0.9704052,1,-0.06828843,0.07561198,-0.17207931,-0.10844082,-0.024509268,-0.23384404,-0.13165706,-0.11340319
trace_00004,causal_001,causal_micro_world,llama3.2:latest,easy,correct,0,1,This month: Rainfall drops.,Next month: Plant growth falls due to decreased rainfall.,0.24704668,0.96900356,1,-0.04931068,-0.077215806,-0.17447685,-0.029838685,0.02539963,-0.12784903,0.12320866,-0.0044386857
trace_00004,causal_001,causal_micro_world,llama3.2:latest,easy,correct,1,2,Next month: Plant growth falls due to decreased rainfall.,The month after that: Rabbit population later falls due to reduced plant growth.,0.15398853,0.98807263,2,-0.015850954,-0.060617607,-0.06284222,0.039265085,-0.05583634,0.082469925,0.0035976765,0.2505229
trace_00005,commonsense_001,commonsense_multihop,llama3.2:latest,easy,incorrect,0,1,The ice cube began to melt due to the heat from the sun.,"As the ice cube melted, it released latent heat energy into its surroundings.",0.20857503,0.9780064,0,0.020844003,-0.26387635,0.34662554,-0.050647806,-0.19106573,0.076872475,-0.11043803,-0.06883337
trace_00005,commonsense_001,commonsense_multihop,llama3.2:latest,easy,incorrect,1,2,"As the ice cube melted, it released latent heat energy into its surroundings.",This released heat energy onto the metal tray.,0.048483968,0.99882394,0,-0.14750382,-0.13246787,0.07688588,0.06184206,-0.2855537,-0.107975446,0.14042586,0.30612916
trace_00005,commonsense_001,commonsense_multihop,llama3.2:latest,easy,incorrect,2,3,This released heat energy onto the metal tray.,The metal tray is a conductor of heat and absorbed the heat energy from the melting ice cube.,0.19566739,0.9806703,1,0.033778597,0.044862296,0.026227474,-0.0800807,0.21279031,-0.10724836,0.008683609,-0.29183075
trace_00005,commonsense_001,commonsense_multihop,llama3.2:latest,easy,incorrect,3,4,The metal tray is a conductor of heat and absorbed the heat energy from the melting ice cube.,The absorbed heat energy caused the metal tray to warm up.,0.2682563,0.9633476,2,0.049087718,-0.005331215,-0.17438842,0.012904188,-0.08558496,-0.015712157,0.040093057,0.25019142
trace_00005,commonsense_001,commonsense_multihop,llama3.2:latest,easy,incorrect,4,5,The absorbed heat energy caused the metal tray to warm up.,"As the metal tray warmed up, it began to transfer some of this heat energy to its surroundings through conduction.",0.14835298,0.9889345,0,-0.1447819,-0.10436881,0.13254422,-0.080044754,0.053646374,0.11124262,0.06088115,-0.05914174
trace_00005,commonsense_001,commonsense_multihop,llama3.2:latest,easy,incorrect,5,6,"As the metal tray warmed up, it began to transfer some of this heat energy to its surroundings through conduction.",The surrounding air molecules gained kinetic energy and started moving faster due to the increased temperature.,0.30720338,0.95164394,4,-0.0353733,0.07455527,0.038435258,0.05489369,0.22826271,0.07063927,-0.20770551,-0.24480821
trace_00005,commonsense_001,commonsense_multihop,llama3.2:latest,easy,incorrect,6,7,The surrounding air molecules gained kinetic energy and started moving faster due to the increased temperature.,This increase in air molecule movement led to an increase in air pressure near the surface of the metal tray.,0.32372838,0.94615006,1,-0.037203938,-0.010633043,-0.022154238,0.1872315,-0.1706222,-0.2220474,0.13760546,0.20351939
trace_00005,commonsense_001,commonsense_multihop,llama3.2:latest,easy,incorrect,7,8,This increase in air molecule movement led to an increase in air pressure near the surface of the metal tray.,"As a result of the increased air pressure, water vapor from the air condensed onto the metal tray, causing it to become wet.",0.120170556,0.9927532,3,0.084762104,0.1597389,-0.18314129,-0.21154043,-0.024305271,0.04472516,-0.24768347,-0.21979637
trace_00006,arith_002,arithmetic,llama3.2:latest,easy,correct,0,1,Calculate the total number of pencils sold: 23 (morning) + 18 (afternoon) = 41,Subtract the returned pencils from the total: 41 - 7 = 34,0.12092137,0.9926621,0,-0.110218294,0.07668432,0.20825942,-0.04730127,-0.06832151,0.21531498,0.14568593,-0.11166282
trace_00006,arith_002,arithmetic,llama3.2:latest,easy,correct,1,2,Subtract the returned pencils from the total: 41 - 7 = 34,The remaining pencils that were not returned are the ones that stayed sold.,0.4425186,0.89675933,1,-0.012736036,0.047959197,-0.16694771,0.050786886,-0.09927824,-0.088029444,-0.17726094,0.2141325
trace_00007,logic_002,symbolic_logic,llama3.2:latest,easy,correct,0,1,Given that no kets are lums.,Given that all lums are nops.,0.17794684,0.98404014,1,-0.029781234,0.032657206,-0.033624504,0.09979276,-0.1149806,0.0004799434,0.123756446,-0.1603587
trace_00007,logic_002,symbolic_logic,llama3.2:latest,easy,correct,1,2,Given that all lums are nops.,"Since all lums are nops (step 2), and no kets are lums (step 1), it follows that no kets are nops.",0.14045462,0.9900871,2,-0.017426474,-0.02340763,-0.0920361,-0.24673748,0.028182443,-0.06528504,-0.12368161,0.14782968
trace_00008,temporal_002,temporal_ordering,llama3.2:latest,easy,correct,0,1,Identify the sequence of events: A -> B -> C,Determine the order of events based on the given information.,0.18894695,0.9819873,4,-0.07853053,-0.07051329,-0.019649692,-0.105107814,-0.05450147,-0.024493113,0.09047516,-0.115022935
trace_00008,temporal_002,temporal_ordering,llama3.2:latest,easy,correct,1,2,Determine the order of events based on the given information.,"Since Event A happens first, followed by Event B, and then Event C, we can conclude that Event C is the last to happen.",0.2292894,0.9733583,0,0.13278867,-0.067831144,-0.022463027,-0.039936688,0.12951413,-0.02747434,-0.1759483,0.12687048
trace_00009,causal_002,causal_micro_world,llama3.2:latest,easy,correct,0,1,Given condition for alarm to trigger: Both the sensor failing and the backup being off.,Sensor has failed.,0.11376677,0.9935075,4,-0.099497385,0.22746713,-0.04191417,-0.03841692,-0.077598214,0.04283254,0.00034729348,0.006136399
trace_00009,causal_002,causal_micro_world,llama3.2:latest,easy,correct,1,2,Sensor has failed.,Backup is still on (not off).,0.13232298,0.99120665,0,0.08102734,-0.18996102,0.053055324,0.06870454,0.0074509257,-0.009121135,0.04524241,0.049342953
trace_00009,causal_002,causal_micro_world,llama3.2:latest,easy,correct,2,3,Backup is still on (not off).,"Since one of the conditions (sensor failing) is met, but not both (backup is on), the alarm does not trigger.",0.12199281,0.99253106,1,-0.0056182723,0.07486314,-0.059814118,-0.08494665,0.11895034,-0.13171709,-0.06764973,-0.09257776
trace_00010,commonsense_002,commonsense_multihop,llama3.2:latest,easy,correct,0,1,The dough was left at room temperature for an extended period.,"Yeast fermentation continued, causing the dough to rise further.",0.37503675,0.92700994,2,-0.1598933,-0.07014887,-0.18810773,0.23513566,0.22314012,-0.018341292,0.092712246,0.17162225
trace_00010,commonsense_002,commonsense_multihop,llama3.2:latest,easy,correct,1,2,"Yeast fermentation continued, causing the dough to rise further.",Moisture from the kitchen environment contributed to the dough's growth and expansion.,0.2807518,0.9597805,1,-0.024975818,-0.10561352,0.2307441,-0.0016164221,0.009090195,-0.25881386,-0.11515315,-0.35191846
trace_00010,commonsense_002,commonsense_multihop,llama3.2:latest,easy,correct,2,3,Moisture from the kitchen environment contributed to the dough's growth and expansion.,"Lack of heat inhibition allowed the yeast to continue fermenting, leading to increased volume.",0.19694029,0.98041564,2,0.044242166,0.026088169,-0.17553872,-0.09009226,-0.06390138,0.08930213,0.10046148,0.21827517
trace_00011,arith_003,arithmetic,llama3.2:latest,medium,correct,0,1,Calculate the total amount of money raised by adding the amounts from Friday and Saturday.,Subtract the cost of supplies from the total amount of money raised.,0.18907984,0.9819618,0,-0.013720622,0.050944854,0.20203072,-0.035653498,-0.086663716,0.11439655,0.019641817,-0.008767099
trace_00011,arith_003,arithmetic,llama3.2:latest,medium,correct,1,2,Subtract the cost of supplies from the total amount of money raised.,Total money raised = $125 + $87 = $212,0.13006398,0.9915057,3,0.06736284,0.21775115,-0.09045585,0.13614552,0.044803727,-0.09018898,0.05969041,-0.00082198303
trace_00011,arith_003,arithmetic,llama3.2:latest,medium,correct,2,3,Total money raised = $125 + $87 = $212,Remaining money = Total money raised - Cost of supplies,0.18582791,0.98258233,0,-0.023200894,-0.19288848,0.048934553,-0.04747767,-0.055433538,0.04683407,-0.18758908,0.20658399
trace_00011,arith_003,arithmetic,llama3.2:latest,medium,correct,3,4,Remaining money = Total money raised - Cost of supplies,= $212 - $36,0.22114453,0.97524107,4,-0.039425675,0.2682439,0.16897206,0.05072879,-0.07755223,0.13796197,0.14555772,-0.2759805
trace_00011,arith_003,arithmetic,llama3.2:latest,medium,correct,4,5,= $212 - $36,= $176,0.11225224,0.99367976,1,-0.053459607,0.002383232,-0.09351271,-0.050590783,0.08285487,-0.065395385,-0.024098003,0.070721075
trace_00012,logic_003,symbolic_logic,llama3.2:latest,medium,incorrect,0,1,Given that all tars are mivs.,Given that no mivs are pels.,0.15438055,0.9880115,3,-0.07180538,-0.023972392,-0.078706816,0.059951443,-0.09490283,-0.10134766,-0.09080848,-0.09310834
trace_00012,logic_003,symbolic_logic,llama3.2:latest,medium,incorrect,1,2,Given that no mivs are pels.,"From steps 1 and 2, we can conclude that no tars are pels (since if something is a tar, it's also an miv, but mivs cannot be pels).",0.13501266,0.99084395,2,0.047535844,0.032702178,0.0382411,-0.17884678,0.017217543,0.00515264,0.13700916,0.05924841
trace_00012,logic_003,symbolic_logic,llama3.2:latest,medium,incorrect,2,3,"From steps 1 and 2, we can conclude that no tars are pels (since if something is a tar, it's also an miv, but mivs cannot be pels).","Therefore, based on the given information, there is no possibility for any tar to be a pel.",0.12610744,0.9920166,1,0.053205244,0.030264443,0.03721986,-0.0805532,-0.10955873,-0.19559278,0.067601666,-0.017082782
trace_00013,temporal_003,temporal_ordering,llama3.2:latest,medium,incorrect,0,1,Identify Event D as the earliest event.,"Since Event D happened before Event B, and Event A happened after Event B, Event D must happen before both Event A and Event B.",0.16543803,0.9862202,1,-0.03867308,-0.22307739,0.11977221,-0.1824954,0.12167327,-0.17342709,-0.21491489,0.1672284
trace_00013,temporal_003,temporal_ordering,llama3.2:latest,medium,incorrect,1,2,"Since Event D happened before Event B, and Event A happened after Event B, Event D must happen before both Event A and Event B.",Determine that Event B is the middle event in the sequence.,0.18255939,0.9831948,3,-0.14191686,0.04737901,-0.098894395,0.010959423,-0.045277435,0.13996387,0.14599545,0.017110864
trace_00013,temporal_003,temporal_ordering,llama3.2:latest,medium,incorrect,2,3,Determine that Event B is the middle event in the sequence.,Conclude that Event C happens last since it occurs after Event B.,0.19344875,0.98111033,0,0.18107656,-0.062223226,0.0771091,0.019347174,0.028852273,-0.00026106433,-0.11523423,-0.029255506
trace_00014,causal_003,causal_micro_world,llama3.2:latest,medium,correct,0,1,Overnight temperatures fall below freezing.,Road ice increases as a result of the cold temperatures.,0.1852566,0.9826903,0,-0.12339772,-0.17376198,0.007961775,0.15206707,0.32932785,-0.03675831,0.19673675,0.043726545
trace_00014,causal_003,causal_micro_world,llama3.2:latest,medium,correct,1,2,Road ice increases as a result of the cold temperatures.,Vehicle speed decreases due to the road ice.,0.4832092,0.875505,4,-0.15071061,0.15410236,-0.045974415,-0.060193874,-0.4456641,0.01818823,-0.22807048,-0.036456276
trace_00014,causal_003,causal_micro_world,llama3.2:latest,medium,correct,2,3,Vehicle speed decreases due to the road ice.,Traffic delay increases as a result of the decreased vehicle speed.,0.3923287,0.91982514,1,0.082088254,-0.25941426,-0.068788916,0.30657324,-0.08494357,-0.14770299,0.11391503,0.13298535
trace_00015,commonsense_003,commonsense_multihop,llama3.2:latest,medium,correct,0,1,The person went outside during a rain shower.,They opened their umbrella to protect themselves from the rain.,0.10221166,0.99476266,2,0.03892543,-0.019680021,0.00052884046,0.044766545,0.071895204,-0.03487265,0.111812815,0.16709584
trace_00015,commonsense_003,commonsense_multihop,llama3.2:latest,medium,correct,1,2,They opened their umbrella to protect themselves from the rain.,"After using the umbrella, they walked back inside without closing it or taking it off.",0.105965346,0.99436986,0,-0.12495543,-0.026387034,0.098072976,-0.20460403,-0.2008255,0.08735588,-0.042207066,0.23569189
trace_00015,commonsense_003,commonsense_multihop,llama3.2:latest,medium,correct,2,3,"After using the umbrella, they walked back inside without closing it or taking it off.","As a result, the rain continued to fall on them, wetting their shoes.",0.1859029,0.9825681,3,0.011359595,-0.010360546,-0.09607596,0.12742509,0.20085312,0.09558831,-0.06774553,-0.17730848
trace_00015,commonsense_003,commonsense_multihop,llama3.2:latest,medium,correct,3,4,"As a result, the rain continued to fall on them, wetting their shoes.","However, since they were already under the umbrella, the rain did not reach their body, keeping their shirt dry.",0.16979593,0.9854793,1,0.14353824,0.05980738,0.08669303,-0.14737917,-0.1456462,-0.20811908,0.030233767,-0.047780044
trace_00016,arith_004,arithmetic,llama3.2:latest,medium,correct,0,1,Calculate the total number of books initially checked out.,Subtract the number of books returned from the initial total to find the remaining number of books.,0.2585579,0.9659958,0,-0.036121663,-0.017741032,-0.030852413,-0.18835326,0.014869686,0.16301295,-0.2351534,0.026398528
trace_00016,arith_004,arithmetic,llama3.2:latest,medium,correct,1,2,Subtract the number of books returned from the initial total to find the remaining number of books.,The library initially checked out 42 + 31 = 73 books.,0.19214296,0.981367,2,0.13368624,0.26378006,0.12954943,0.3003849,0.07364534,-0.20954722,0.26693153,-0.030840194
trace_00016,arith_004,arithmetic,llama3.2:latest,medium,correct,2,3,The library initially checked out 42 + 31 = 73 books.,"After 9 books were returned, there are 73 - 9 = 64 books left.",0.16039552,0.98705286,0,-0.0675388,-0.058285497,-0.008270717,-0.17522949,-0.043809913,0.20902568,-0.32001474,0.1624208
trace_00017,logic_004,symbolic_logic,llama3.2:latest,medium,correct,0,1,We know that if some rens are fads.,All fads are jops.,0.074438624,0.9972255,1,-0.018026434,0.038016282,0.07757175,-0.019702194,-0.10194774,-0.090820014,-0.06793101,0.017203694
trace_00017,logic_004,symbolic_logic,llama3.2:latest,medium,correct,1,2,All fads are jops.,"Since all fads are jops, any rens that are fads must also be jops.",0.17432766,0.9846877,0,0.0120601,-0.079415,-0.13188705,0.046035983,0.097693235,0.042720303,0.023430994,0.034599423
trace_00017,logic_004,symbolic_logic,llama3.2:latest,medium,correct,2,3,"Since all fads are jops, any rens that are fads must also be jops.","Therefore, some rens are jops.",0.13792102,0.9904433,0,0.14226328,-0.13238406,0.009834573,0.11971769,-0.046033505,0.22333127,-0.025276717,0.14403477
trace_00018,temporal_004,temporal_ordering,llama3.2:latest,medium,incorrect,0,1,Phone call,Breakfast,0.13454573,0.99090743,2,0.114068896,-0.047439434,-0.060173772,-0.029475983,0.14458512,-0.012580127,-0.039293103,0.015957033
trace_00018,temporal_004,temporal_ordering,llama3.2:latest,medium,incorrect,1,2,Breakfast,Meeting,0.14321446,0.9896917,0,-0.101802036,-0.025622204,0.14612891,0.043422315,-0.055407483,0.035703998,0.06233819,-0.02944701
trace_00019,causal_004,causal_micro_world,llama3.2:latest,medium,correct,0,1,A heat spike occurs in the pond.,The increased water temperature causes dissolved oxygen to fall.,0.27393863,0.9617471,3,0.029938828,0.053468823,-0.038587876,-0.020789947,0.17258768,0.07629012,-0.21453461,-0.18461019
trace_00019,causal_004,causal_micro_world,llama3.2:latest,medium,correct,1,2,The increased water temperature causes dissolved oxygen to fall.,"As dissolved oxygen levels decrease, fish stress increases.",0.33774093,0.94123906,1,-0.011714813,-0.101529785,0.0069075017,0.13526583,0.0123043135,-0.22999886,0.16621323,0.026858186
trace_00019,causal_004,causal_micro_world,llama3.2:latest,medium,correct,2,3,"As dissolved oxygen levels decrease, fish stress increases.","With rising fish stress, fish populations are likely to decline or die off due to inability to cope with reduced oxygen levels.",0.2756948,0.96124524,2,-0.079889804,0.13921885,0.032497484,-0.21837674,-0.25886577,0.056405008,-0.018526923,0.2476963
trace_00020,commonsense_004,commonsense_multihop,llama3.2:latest,medium,incorrect,0,1,The phone's battery might have been partially discharged before being left to charge.,Overcharging can cause heat buildup and damage to the battery.,0.29680178,0.95493907,2,-0.009012529,-0.09151109,0.19199274,0.06647927,0.028311541,0.114881314,0.19350111,0.1934105
trace_00020,commonsense_004,commonsense_multihop,llama3.2:latest,medium,incorrect,1,2,Overcharging can cause heat buildup and damage to the battery.,"High temperatures can accelerate chemical reactions within the battery, leading to reduced capacity.",0.20744073,0.97824764,0,-0.0014410495,-0.015743071,0.11684399,-0.030649105,0.04940523,-0.094385915,0.041869603,-0.31811887
trace_00020,commonsense_004,commonsense_multihop,llama3.2:latest,medium,incorrect,2,3,"High temperatures can accelerate chemical reactions within the battery, leading to reduced capacity.","The phone's charging circuitry may not be able to regulate power output effectively, resulting in overcharging.",0.3100725,0.95071286,3,-0.019613195,0.09085825,-0.21237005,-0.018718017,-0.013754726,-0.007291994,-0.0826952,0.15064444
trace_00020,commonsense_004,commonsense_multihop,llama3.2:latest,medium,incorrect,3,4,"The phone's charging circuitry may not be able to regulate power output effectively, resulting in overcharging.",A faulty or malfunctioning charger could also contribute to overcharging.,0.13867123,0.99033844,0,0.013726945,-0.14510696,0.14218025,0.119487695,-0.016653337,0.163117,0.028229775,0.113491446
trace_00021,arith_005,arithmetic,llama3.2:latest,hard,correct,0,1,Calculate the total number of boxes shipped.,Add the boxes from both batches: 240 + 175 = 415,0.30518287,0.95229363,2,0.16450027,0.07173345,0.006323173,-0.06820718,0.15978025,0.032250367,-0.025906242,-0.008576369
trace_00021,arith_005,arithmetic,llama3.2:latest,hard,correct,1,2,Add the boxes from both batches: 240 + 175 = 415,Subtract the returned boxes due to labeling errors: 415 - 58 = 357,0.11457718,0.9934144,0,-0.11866412,0.121805206,0.076750554,0.1367866,-0.27402046,0.11594843,0.060185555,-0.1128164
trace_00021,arith_005,arithmetic,llama3.2:latest,hard,correct,2,3,Subtract the returned boxes due to labeling errors: 415 - 58 = 357,The remaining boxes that were successfully delivered are 357,0.094451725,0.9955294,2,0.0557958,0.077442534,0.036619697,-0.0067752576,0.1614219,-0.06710216,-0.004741799,0.16665213
trace_00022,logic_005,symbolic_logic,llama3.2:latest,hard,correct,0,1,Since every vep that is a zor is also a lin.,No lin is a dax.,0.26494965,0.96426225,0,-0.05255555,0.086279005,0.027357087,-0.01784091,0.028747845,0.03554084,-0.0028473565,-0.028309545
trace_00022,logic_005,symbolic_logic,llama3.2:latest,hard,correct,1,2,No lin is a dax.,"Therefore, no vep that is a zor can be a dax.",0.2121008,0.9772479,2,0.0132003715,-0.057590924,0.02230074,-0.0054739,-0.01601617,-0.008134015,-0.00031939143,0.092445895
trace_00023,temporal_005,temporal_ordering,llama3.2:latest,hard,correct,0,1,Identify that Task Z finished before Task X.,"Determine the order of Tasks X and Y based on the information that Task W finished after Task X but before Task Y, which implies Task X must have finished before Task W.",0.079564266,0.99682975,1,-0.08343243,-0.20488212,-0.00042906686,-0.16041322,0.032545015,-0.19376008,0.019654175,-0.019407205
trace_00023,temporal_005,temporal_ordering,llama3.2:latest,hard,correct,1,2,"Determine the order of Tasks X and Y based on the information that Task W finished after Task X but before Task Y, which implies Task X must have finished before Task W.",Combine steps 1 and 2 to establish the order: Task Z -> Task X -> Task W -> Task Y,0.15278505,0.9882594,2,-0.024236228,0.10574846,0.052192327,0.0026063204,0.19625328,0.0992305,-0.03714951,0.04396192
trace_00024,causal_005,causal_micro_world,llama3.2:latest,hard,correct,0,1,Supply decreases due to the factory shutdown.,"With reduced supply, prices rise in the market.",0.2468207,0.96906114,3,-0.048980694,-0.07103416,-0.1147878,0.19780172,0.2656771,0.022902176,0.041167434,-0.13472354
trace_00024,causal_005,causal_micro_world,llama3.2:latest,hard,correct,1,2,"With reduced supply, prices rise in the market.","As prices rise, demand for products from that factory may soften over time as consumers become less willing to pay the higher price.",0.1519486,0.9883885,1,-0.020050995,-0.12894742,-0.025172275,0.09509809,-0.2030702,-0.13772751,0.063113645,0.04853364
trace_00024,causal_005,causal_micro_world,llama3.2:latest,hard,correct,2,3,"As prices rise, demand for products from that factory may soften over time as consumers become less willing to pay the higher price.",The softening of demand is a result of the sharp increase in price caused by the initial reduction in supply.,0.1782058,0.9839933,0,-0.0044155912,-0.03701323,0.038297344,-0.035704102,0.15018679,0.08597564,0.09677447,-0.08075901
trace_00025,commonsense_005,commonsense_multihop,llama3.2:latest,hard,correct,0,1,"The glass bottle was initially cold, having been stored in the refrigerator.","When removed from the refrigerator, it came into contact with warmer air temperatures.",0.19957605,0.9798823,0,-0.06081934,-0.15724583,0.44890714,0.024966076,-0.10833383,0.08037495,-0.03704478,0.2399859
trace_00025,commonsense_005,commonsense_multihop,llama3.2:latest,hard,correct,1,2,"When removed from the refrigerator, it came into contact with warmer air temperatures.","As a result of this temperature change, the glass bottle began to heat up.",0.14655982,0.9892018,3,0.14324236,0.10903153,-0.40974575,0.105530664,0.162545,0.002046701,0.22284716,-0.19510101
trace_00025,commonsense_005,commonsense_multihop,llama3.2:latest,hard,correct,2,3,"As a result of this temperature change, the glass bottle began to heat up.",Heat transfer causes molecules to gain kinetic energy and move more rapidly.,0.24342486,0.96991974,0,-0.16215448,-0.31784853,0.35924155,-0.035345674,0.04325072,-0.20781474,-0.19241792,0.110243365
trace_00025,commonsense_005,commonsense_multihop,llama3.2:latest,hard,correct,3,4,Heat transfer causes molecules to gain kinetic energy and move more rapidly.,The increased movement of molecules on the outside surface of the bottle led to evaporation of water vapor from the cold glass.,0.18935803,0.9819081,3,0.064336896,0.28463298,-0.25758094,-0.012658518,-0.10811059,0.11158318,0.016889425,-0.3068378
trace_00025,commonsense_005,commonsense_multihop,llama3.2:latest,hard,correct,4,5,The increased movement of molecules on the outside surface of the bottle led to evaporation of water vapor from the cold glass.,"This process is known as condensation, where warm air meets a cooler surface, causing moisture to be released into the atmosphere.",0.14129786,0.9899671,0,-0.0020332523,-0.21457574,0.43429336,-0.09641454,0.12346589,0.020342741,-0.11994632,0.26430708
trace_00025,commonsense_005,commonsense_multihop,llama3.2:latest,hard,correct,5,6,"This process is known as condensation, where warm air meets a cooler surface, causing moisture to be released into the atmosphere.","As the glass bottle continued to heat up, the rate of condensation increased, resulting in the outside becoming wet within minutes.",0.30295688,0.9530043,3,0.11733546,0.14299308,-0.4663098,0.10225109,-0.09577492,0.052649006,0.07764712,-0.21403584
trace_00026,arith_006,arithmetic,llama3.2:latest,easy,correct,0,1,Let's denote the original number as x.,"The problem states that a number is multiplied by 3, so we have 3x.",0.12157553,0.9925822,2,0.10746664,-0.047870442,0.07744483,-0.107086204,-0.017845115,-0.11307093,-0.01181714,0.1299509
trace_00026,arith_006,arithmetic,llama3.2:latest,easy,correct,1,2,"The problem states that a number is multiplied by 3, so we have 3x.","Then, 5 is added to the result, giving us 3x + 5.",0.096863024,0.99529773,0,0.026962329,-0.24376236,-0.034973297,0.04532043,0.07076106,0.19022708,0.107989036,0.029362502
trace_00026,arith_006,arithmetic,llama3.2:latest,easy,correct,2,3,"Then, 5 is added to the result, giving us 3x + 5.","We know that this expression equals 26, so we can write an equation: 3x + 5 = 26.",0.1688723,0.98563796,4,-0.17737795,0.25844252,0.0638161,-0.0027444558,0.056521602,-0.25324908,0.069479376,-0.010671561
trace_00026,arith_006,arithmetic,llama3.2:latest,easy,correct,3,4,"We know that this expression equals 26, so we can write an equation: 3x + 5 = 26.","To solve for x, subtract 5 from both sides of the equation: 3x = 21.",0.17335998,0.9848585,1,0.07413329,0.028907638,-0.03649984,-0.12695378,-0.17005023,0.09727925,-0.028361108,0.027524497
trace_00026,arith_006,arithmetic,llama3.2:latest,easy,correct,4,5,"To solve for x, subtract 5 from both sides of the equation: 3x = 21.",Divide both sides by 3 to isolate x: x = 7.,0.13421033,0.99095285,0,-0.01019517,0.06409583,0.012518908,-0.03587448,0.09012181,0.068219885,0.016848156,0.09634304
trace_00027,logic_006,symbolic_logic,llama3.2:latest,easy,correct,0,1,The condition for the machine to turn on is that both switch A and switch B must be on.,"Since switch A is on, but switch B is off, this condition is not met.",0.19406107,0.98098946,0,0.05862184,-0.06113296,0.12500855,0.095282465,-0.1135346,0.28629917,-0.0041269627,0.09676442
trace_00027,logic_006,symbolic_logic,llama3.2:latest,easy,correct,1,2,"Since switch A is on, but switch B is off, this condition is not met.","Therefore, the machine does not turn on.",0.12934183,0.9916001,3,-0.022746732,0.14909592,-0.12887473,-0.11100644,-0.05750937,-0.17732725,-0.11916253,0.0070485696
trace_00028,temporal_006,temporal_ordering,llama3.2:latest,easy,incorrect,0,1,"Identify the order of people leaving: Jisoo, Minho, Ara",Determine who left first based on the given order: Ara is the one who left earliest.,0.17811337,0.98401,3,0.05019129,-0.0070533995,-0.12750329,-0.17660801,-0.008742055,-0.0071390215,0.110569626,-0.17210947
trace_00029,causal_006,causal_micro_world,llama3.2:latest,easy,correct,0,1,The condition for the lamp to turn on is that power must be available.,"Since power is available, this condition is met.",0.23435967,0.97214997,0,0.12134844,-0.17156723,0.31787834,0.046408333,0.024827769,0.41529605,-0.0859141,0.10566826
trace_00029,causal_006,causal_micro_world,llama3.2:latest,easy,correct,1,2,"Since power is available, this condition is met.","However, another necessary condition for the lamp to turn on is that the bulb must be working.",0.20723599,0.97829103,1,-0.12337415,0.15832955,-0.33445862,-0.032685347,-0.023880973,-0.3539887,0.09488752,-0.10260999
trace_00029,causal_006,causal_micro_world,llama3.2:latest,easy,correct,2,3,"However, another necessary condition for the lamp to turn on is that the bulb must be working.","The bulb is broken, which means it does not meet this second condition.",0.26152378,0.965197,0,0.105070285,-0.08363481,0.14547074,0.060686808,-0.087408595,0.48878974,-0.11125783,-0.015237405
trace_00029,causal_006,causal_micro_world,llama3.2:latest,easy,correct,3,4,"The bulb is broken, which means it does not meet this second condition.","Because neither of the two conditions (power availability and working bulb) are fully met, the lamp will not turn on.",0.22686946,0.97392523,1,-0.046169095,0.12864402,-0.15581287,-0.14952554,0.08946518,-0.44314587,0.08032655,0.024541568
trace_00030,commonsense_006,commonsense_multihop,llama3.2:latest,easy,incorrect,0,1,The kernels were heated in hot oil.,The heat from the oil expanded the water molecules inside the kernel.,0.2903343,0.9569253,3,-0.03899151,-0.14244327,-0.12288222,-0.07443743,0.2120597,-0.15379766,-0.12803768,-0.31628466
trace_00030,commonsense_006,commonsense_multihop,llama3.2:latest,easy,incorrect,1,2,The heat from the oil expanded the water molecules inside the kernel.,"As the water molecules expanded, they turned into steam.",0.15206084,0.98837113,2,-0.0067772246,0.10050005,-0.1480493,0.04962479,0.09399931,0.1270523,-0.048089985,-0.0014152451
trace_00030,commonsense_006,commonsense_multihop,llama3.2:latest,easy,incorrect,2,3,"As the water molecules expanded, they turned into steam.",The steam built up pressure inside the kernel.,0.19014111,0.9817568,0,-0.0130944485,-0.0478058,0.25693962,0.11178681,-0.29196027,-0.09297792,0.06734254,0.20182066
trace_00030,commonsense_006,commonsense_multihop,llama3.2:latest,easy,incorrect,3,4,The steam built up pressure inside the kernel.,"When the pressure became too great, the kernel exploded, turning inside out.",0.21451709,0.9767202,3,-0.03904013,0.18419561,-0.11011751,-0.10922723,0.025344629,0.19727422,0.0043109255,0.2041913
trace_00030,commonsense_006,commonsense_multihop,llama3.2:latest,easy,incorrect,4,5,"When the pressure became too great, the kernel exploded, turning inside out.",The exposed surface of the kernel absorbed more oil and expanded further.,0.23419112,0.9721906,0,-0.010813152,-0.27232546,0.059860323,0.022358228,0.18457703,-0.109305754,0.08235549,-0.1869476
trace_00030,commonsense_006,commonsense_multihop,llama3.2:latest,easy,incorrect,5,6,The exposed surface of the kernel absorbed more oil and expanded further.,"This process repeated for each kernel, resulting in a fluffy texture.",0.19010454,0.98176384,2,-0.038872983,-0.02955095,-0.08006302,0.13540503,-0.17605631,-0.0063102925,0.0021920896,0.00977416
trace_00031,arith_007,arithmetic,llama3.2:latest,easy,correct,0,1,Let's call the original number x.,"The number is doubled, so it becomes 2x.",0.23533896,0.97191334,2,0.119036876,-0.24101885,0.066975705,-0.052275732,0.04912798,0.045675676,-0.004391853,0.1271557
trace_00031,arith_007,arithmetic,llama3.2:latest,easy,correct,1,2,"The number is doubled, so it becomes 2x.","9 is subtracted from 2x, resulting in 2x - 9 = 17.",0.14103419,0.9900047,0,-0.13839132,0.042145506,0.09090242,-0.12152985,-0.0021606998,-0.0763077,0.014384097,0.088471755
trace_00031,arith_007,arithmetic,llama3.2:latest,easy,correct,2,3,"9 is subtracted from 2x, resulting in 2x - 9 = 17.","To solve for x, add 9 to both sides of the equation: 2x - 9 + 9 = 17 + 9.",0.17712529,0.9841883,1,-0.01893877,0.068232805,-0.10733942,0.0031331165,-0.0021672891,-0.28166926,0.027895015,0.090114996
trace_00031,arith_007,arithmetic,llama3.2:latest,easy,correct,3,4,"To solve for x, add 9 to both sides of the equation: 2x - 9 + 9 = 17 + 9.",Simplify the equation: 2x = 26.,0.11823963,0.99298507,4,-0.010982621,0.15489984,0.13437305,0.055166952,0.06714855,0.12728035,0.13152274,-0.14239153
trace_00031,arith_007,arithmetic,llama3.2:latest,easy,correct,4,5,Simplify the equation: 2x = 26.,Divide both sides by 2: 2x / 2 = 26 / 2.,0.26310745,0.9647665,0,-0.029253162,-0.20885848,-0.13677862,-0.0966233,0.086202264,0.11779009,0.033671085,0.1777276
trace_00031,arith_007,arithmetic,llama3.2:latest,easy,correct,5,6,Divide both sides by 2: 2x / 2 = 26 / 2.,Solve for x: x = 13.,0.2141262,0.9768059,1,0.018604007,0.15661791,-0.04013596,0.09486111,-0.14421238,-0.17212512,-0.062219147,-0.048215304
trace_00032,logic_007,symbolic_logic,llama3.2:latest,medium,correct,0,1,We know that passing the exam is sufficient for receiving a certificate.,Mina received no certificate.,0.072154194,0.9973935,3,-0.0034366348,0.4213835,-0.23271818,-0.13010406,-0.18598756,0.02641642,-0.20706563,0.035599433
trace_00032,logic_007,symbolic_logic,llama3.2:latest,medium,correct,1,2,Mina received no certificate.,"Since passing the exam is sufficient for receiving a certificate, if Mina had passed, she would have received a certificate.",0.13507722,0.99083513,0,0.030999694,-0.436211,0.18685937,0.10951046,0.22983746,0.04037117,0.18477882,-0.09253488
trace_00032,logic_007,symbolic_logic,llama3.2:latest,medium,correct,2,3,"Since passing the exam is sufficient for receiving a certificate, if Mina had passed, she would have received a certificate.","However, we know that Mina did not receive a certificate.",0.23163565,0.97280264,3,0.013257528,0.4151462,-0.076407224,-0.064075224,-0.22934821,0.029849464,-0.13457611,0.07342909
trace_00032,logic_007,symbolic_logic,llama3.2:latest,medium,correct,3,4,"However, we know that Mina did not receive a certificate.","Therefore, it can be inferred that Mina must not have passed the exam.",0.10675794,0.99428505,0,0.05928616,-0.33564088,0.10260636,-0.0529621,0.019642405,0.0026241236,0.17066726,-0.0048731454
trace_00033,temporal_007,temporal_ordering,llama3.2:latest,medium,correct,0,1,Identify the relationships between the chapters.,"Determine that Chapter 2 must be read before both Chapter 3 and Chapter 4, since it is read after Chapter 1 and before both of them.",0.14851893,0.9889095,3,0.06494677,-0.04947832,-0.15511067,-0.26503196,-0.046592623,-0.060724694,-0.07625548,-0.07990453
trace_00033,temporal_007,temporal_ordering,llama3.2:latest,medium,correct,1,2,"Determine that Chapter 2 must be read before both Chapter 3 and Chapter 4, since it is read after Chapter 1 and before both of them.","Since Chapter 3 was read after Chapter 1 but before Chapter 4, it must be read after Chapter 2.",0.26234373,0.96497446,2,0.11647319,0.12503818,-0.10360044,0.13860476,-0.062486026,0.0015042694,-0.09182958,0.1582314
trace_00033,temporal_007,temporal_ordering,llama3.2:latest,medium,correct,2,3,"Since Chapter 3 was read after Chapter 1 but before Chapter 4, it must be read after Chapter 2.","The order is: Chapter 1, Chapter 2, Chapter 3, Chapter 4.",0.26218343,0.9650181,2,-0.1494118,-0.013161908,0.10959773,0.19557372,0.034364212,0.099749595,0.008432668,0.060296338
trace_00034,causal_007,causal_micro_world,llama3.2:latest,medium,incorrect,0,1,Cooling fails.,Server overheats.,0.112060875,0.99370134,3,0.08443295,-0.059279572,-0.092733264,0.22429852,0.034013804,-0.119787276,0.13370796,0.007682342
trace_00034,causal_007,causal_micro_world,llama3.2:latest,medium,incorrect,1,2,Server overheats.,Processing slows.,0.3265132,0.9451927,0,-0.010589672,-0.16707785,0.0051324707,0.08666647,-0.02435026,-0.061780494,-0.103396386,-0.1557701
trace_00034,causal_007,causal_micro_world,llama3.2:latest,medium,incorrect,2,3,Processing slows.,Request backlog grows.,0.16518918,0.9862619,1,0.015010308,0.07924795,-0.040501226,0.08680994,0.15061732,0.01830351,0.11782194,0.10247661
trace_00035,commonsense_007,commonsense_multihop,llama3.2:latest,medium,incorrect,0,1,The sun's rays are directed towards the Earth at an angle.,"As the sun moves across the sky, its rays strike the Earth at a more direct angle.",0.3398652,0.94047415,0,-0.024220906,-0.034409117,0.031861983,-0.008240787,0.17698736,0.02943569,-0.31068042,0.0034374944
trace_00035,commonsense_007,commonsense_multihop,llama3.2:latest,medium,incorrect,1,2,"As the sun moves across the sky, its rays strike the Earth at a more direct angle.","When the sun is overhead (at noon), its rays hit the cyclist directly and travel in a straight line to the ground.",0.24669154,0.969094,0,-0.07660706,-0.12949745,0.02891302,-0.10742533,-0.19976296,0.08558499,0.10571791,-0.0023341444
trace_00035,commonsense_007,commonsense_multihop,llama3.2:latest,medium,incorrect,2,3,"When the sun is overhead (at noon), its rays hit the cyclist directly and travel in a straight line to the ground.",This results in the shortest possible shadow length for the cyclist.,0.23481591,0.97203994,0,-0.04452587,-0.015699789,0.19352788,-0.0014683717,-0.092711136,0.030974787,-0.050875943,-0.017453952
trace_00035,commonsense_007,commonsense_multihop,llama3.2:latest,medium,incorrect,3,4,This results in the shortest possible shadow length for the cyclist.,"As the sun continues to move towards the horizon, its rays hit the ground at an increasingly shallow angle.",0.2358105,0.9717991,3,0.06929941,0.1746202,-0.21785621,0.08260637,0.2229816,0.05838215,0.026717085,0.012328514
trace_00035,commonsense_007,commonsense_multihop,llama3.2:latest,medium,incorrect,4,5,"As the sun continues to move towards the horizon, its rays hit the ground at an increasingly shallow angle.",The shorter shadows are cast when the sun is overhead because the direct sunlight hits the ground more directly.,0.11238032,0.9936653,0,-0.021571139,-0.20908538,0.18591473,-0.083974384,-0.25468254,-0.15009367,0.020712731,-0.031700797
trace_00036,arith_008,arithmetic,llama3.2:latest,medium,correct,0,1,Let's represent the unknown number as x.,"The problem states that the number is multiplied by 5, so we can write this as 5x.",0.13457902,0.9909029,2,-0.05444541,-0.2992199,-0.10653014,-0.07577493,0.034445185,0.04212093,-0.049891982,0.086646184
trace_00036,arith_008,arithmetic,llama3.2:latest,medium,correct,1,2,"The problem states that the number is multiplied by 5, so we can write this as 5x.","Then, 12 is added to the result, giving us 5x + 12.",0.17853023,0.98393446,0,0.07890897,-0.102315,0.021770822,-0.030964049,0.14534053,0.112278104,0.17608695,0.07410317
trace_00036,arith_008,arithmetic,llama3.2:latest,medium,correct,2,3,"Then, 12 is added to the result, giving us 5x + 12.","We know that this expression equals 67, so we can set up an equation: 5x + 12 = 67.",0.24100132,0.9705248,1,-0.102673985,0.2899366,0.09898975,0.0046934164,0.040183116,-0.29209024,0.14671893,0.13379878
trace_00036,arith_008,arithmetic,llama3.2:latest,medium,correct,3,4,"We know that this expression equals 67, so we can set up an equation: 5x + 12 = 67.","To solve for x, subtract 12 from both sides of the equation: 5x = 55.",0.07263381,0.9973586,3,0.10582182,0.015673872,-0.052917525,-0.024557887,-0.22796525,0.15458721,-0.12797774,-0.09744713
trace_00036,arith_008,arithmetic,llama3.2:latest,medium,correct,4,5,"To solve for x, subtract 12 from both sides of the equation: 5x = 55.",Divide both sides by 5 to isolate x: x = 11.,0.10355087,0.9946242,3,-0.0915869,-0.016250974,-0.06824378,0.0040431274,0.10266249,0.06833931,-0.03161577,0.07032597
trace_00037,logic_008,symbolic_logic,llama3.2:latest,medium,correct,0,1,We know that being invited is necessary for entering the hall.,Joon entered the hall.,0.12374871,0.99231356,3,-0.09811275,0.25878027,-0.14246984,-0.029575387,-0.009418259,0.32517302,-0.14124423,-0.07955416
trace_00037,logic_008,symbolic_logic,llama3.2:latest,medium,correct,1,2,Joon entered the hall.,"Since being invited is necessary for entering the hall, it must be true that Joon was invited to enter the hall.",0.16230114,0.9867412,1,0.15646952,-0.25594845,0.099979565,-0.13960144,0.034065314,-0.32247615,0.037055742,-0.0014015401
trace_00038,temporal_008,temporal_ordering,llama3.2:latest,medium,incorrect,0,1,Rain,Planting,0.12707612,0.99189305,1,-0.0620891,-0.08629782,-0.074470945,0.005547137,0.050340004,-0.1335631,0.07496043,0.2023998
trace_00038,temporal_008,temporal_ordering,llama3.2:latest,medium,incorrect,1,2,Planting,Seed sprouting,0.12436831,0.99223614,3,-0.084394775,0.04339813,-0.056489166,-0.047360756,0.080487445,0.03866592,-0.056634936,0.00036666673
trace_00038,temporal_008,temporal_ordering,llama3.2:latest,medium,incorrect,2,3,Seed sprouting,First leaf appearance,0.16392756,0.98647237,0,0.06936135,0.005658867,-0.013984619,0.034993663,-0.09911373,0.039085824,0.21949385,-0.11763998
trace_00039,causal_008,causal_micro_world,llama3.2:latest,medium,incorrect,0,1,Soil drying leads to plant wilting.,Wilting results in reduced shade coverage.,0.20135593,0.9795182,2,-0.03197418,0.072147176,-0.015197983,0.003587287,-0.07195669,0.14275809,0.32866523,0.07801156
trace_00039,causal_008,causal_micro_world,llama3.2:latest,medium,incorrect,1,2,Wilting results in reduced shade coverage.,Reduced shade coverage allows more sunlight to reach the ground.,0.14771248,0.98903036,1,-0.04951976,-0.18545973,0.09061484,0.16778527,0.10349623,-0.16267759,-0.027402448,0.081293225
trace_00040,commonsense_008,commonsense_multihop,llama3.2:latest,medium,incorrect,0,1,"The wooden spoon is made of wood, which is a material with thermal conductivity.","When the spoon was initially at room temperature and placed in the hot soup, it began to transfer heat from the soup to its own surface.",0.18474227,0.98278695,2,0.100493856,0.024049366,-0.11017719,0.007955597,0.23852128,0.17468984,-0.11534569,0.12835068
trace_00040,commonsense_008,commonsense_multihop,llama3.2:latest,medium,incorrect,1,2,"When the spoon was initially at room temperature and placed in the hot soup, it began to transfer heat from the soup to its own surface.","As the spoon came into contact with the soup, the molecules on its surface started vibrating more rapidly due to the increased energy from the soup's temperature.",0.3104913,0.9505762,3,-0.04783964,0.08002322,0.028016394,0.12737738,-0.00819278,-0.04544017,-0.028071364,-0.12916015
trace_00040,commonsense_008,commonsense_multihop,llama3.2:latest,medium,incorrect,2,3,"As the spoon came into contact with the soup, the molecules on its surface started vibrating more rapidly due to the increased energy from the soup's temperature.","These vibrations caused the molecules of the wood to collide with each other and with the surrounding air molecules, leading to an increase in the rate of molecular motion.",0.34741247,0.9377125,1,-0.21645497,-0.17286757,0.1642799,-0.0054590553,-0.099723086,-0.015274725,0.065906525,0.0030204898
trace_00040,commonsense_008,commonsense_multihop,llama3.2:latest,medium,incorrect,3,4,"These vibrations caused the molecules of the wood to collide with each other and with the surrounding air molecules, leading to an increase in the rate of molecular motion.","As a result of this increased motion, the temperature of the wooden spoon began to rise.",0.2822788,0.9593325,3,0.20485426,0.19053923,-0.24760416,0.015038855,0.19691189,0.10062521,0.1113486,0.036429115
trace_00041,arith_009,arithmetic,llama3.2:latest,medium,correct,0,1,Let's represent the unknown number as x.,"The problem states that the number is divided by 4, so we can write an equation: x / 4 = ?",0.22062513,0.9753587,2,-0.079134025,-0.14468893,-0.091724925,-0.11412171,0.14579211,0.11390378,-0.109069794,-0.050050307
trace_00041,arith_009,arithmetic,llama3.2:latest,medium,correct,1,2,"The problem states that the number is divided by 4, so we can write an equation: x / 4 = ?","Then, 6 is added to the result of the division, which equals 14. We can write another equation: ? + 6 = 14",0.10087485,0.99489915,2,-0.023410043,-0.07692935,-0.017556949,-0.08840022,0.15810429,-0.066228725,0.19379398,0.17355283
trace_00041,arith_009,arithmetic,llama3.2:latest,medium,correct,2,3,"Then, 6 is added to the result of the division, which equals 14. We can write another equation: ? + 6 = 14","To find the value of ?, we subtract 6 from both sides of the second equation: ? = 14 - 6",0.09281506,0.9956834,0,0.06082594,0.106468454,0.19269443,-0.04323928,-0.23158778,0.099076375,0.08698361,-0.07201088
trace_00041,arith_009,arithmetic,llama3.2:latest,medium,correct,3,4,"To find the value of ?, we subtract 6 from both sides of the second equation: ? = 14 - 6","Solving for ?, we get: ? = 8",0.100172974,0.99497,2,0.10380409,0.006452318,-0.079111025,0.20417222,0.055167064,-0.011045112,-0.08255594,0.17735903
trace_00041,arith_009,arithmetic,llama3.2:latest,medium,correct,4,5,"Solving for ?, we get: ? = 8","Now, substitute the value of ? back into the first equation: x / 4 = 8",0.14362504,0.9896322,4,-0.113599256,0.025594153,-0.06609656,-0.10481141,-0.009768672,0.0970039,-0.0378993,-0.3063252
trace_00041,arith_009,arithmetic,llama3.2:latest,medium,correct,5,6,"Now, substitute the value of ? back into the first equation: x / 4 = 8",Multiply both sides by 4 to solve for x: x = 8 * 4,0.20659475,0.9784266,1,0.028306998,-0.08665712,0.04855028,0.10312626,-0.10945391,-0.17619167,-0.12398335,0.2643298
trace_00041,arith_009,arithmetic,llama3.2:latest,medium,correct,6,7,Multiply both sides by 4 to solve for x: x = 8 * 4,Calculate the product: x = 32,0.095437214,0.9954354,4,-0.00865207,0.19514899,0.091778055,0.06730395,0.011787019,0.03154658,0.16937315,-0.10431753
trace_00042,logic_009,symbolic_logic,llama3.2:latest,hard,incorrect,0,1,Condition P is necessary for event Q.,Condition P occurred.,0.2482006,0.96870863,3,-0.04097152,0.06187993,-0.08663062,0.04216583,-0.09910298,0.42722508,0.14952712,-0.034580253
trace_00042,logic_009,symbolic_logic,llama3.2:latest,hard,incorrect,1,2,Condition P occurred.,"Since P is necessary for Q, if P occurs, then it is possible that Q has occurred.",0.27148548,0.9624425,1,0.043321095,-0.1426469,-0.01387633,-0.046306282,0.17243117,-0.24300227,-0.14112693,0.053338975
trace_00042,logic_009,symbolic_logic,llama3.2:latest,hard,incorrect,2,3,"Since P is necessary for Q, if P occurs, then it is possible that Q has occurred.","However, since P is not sufficient for Q, we cannot conclude that Q must have occurred solely because P occurred.",0.0909582,0.9958547,3,0.013491634,0.1867472,-0.18983494,-0.34958005,-0.10857254,-0.056302678,-0.016509306,-0.06243093
trace_00042,logic_009,symbolic_logic,llama3.2:latest,hard,incorrect,3,4,"However, since P is not sufficient for Q, we cannot conclude that Q must have occurred solely because P occurred.",We can only conclude that Q may or may not have occurred given that P occurred.,0.07143376,0.99744534,0,-0.06732985,0.04440988,0.15785438,0.26346356,-0.103211,0.20341972,0.17939878,-0.12513351
trace_00043,temporal_009,temporal_ordering,llama3.2:latest,hard,incorrect,0,1,Machine check,Warmup,0.28290147,0.959149,2,0.086623594,0.061770346,-0.050143298,0.023704633,0.120850325,0.11998939,0.023080245,0.24429424
trace_00043,temporal_009,temporal_ordering,llama3.2:latest,hard,incorrect,1,2,Warmup,Startup,0.29360372,0.9559273,1,-0.08051186,0.10134335,-0.1346675,-0.016824864,-0.01661888,-0.24076886,-0.12077819,-0.08398117
trace_00043,temporal_009,temporal_ordering,llama3.2:latest,hard,incorrect,2,3,Startup,Calibration,0.29942495,0.9541199,0,-0.05531486,-0.030410541,0.11313003,0.04558747,-0.056297395,0.17253858,0.16719708,-0.14640193
trace_00044,causal_009,causal_micro_world,llama3.2:latest,hard,correct,0,1,Upstream contamination increases.,Downstream filtration load increases due to the rise in contamination.,0.12793319,0.9917828,1,-0.13421398,-0.07386054,-0.18250866,-0.102740966,-0.0036316777,-0.22196037,0.12827182,-0.118384704
trace_00044,causal_009,causal_micro_world,llama3.2:latest,hard,correct,1,2,Downstream filtration load increases due to the rise in contamination.,The increased filtration load puts additional strain on the system.,0.2991786,0.95419705,0,0.090417005,-0.099560365,0.16619611,0.06848657,-0.19213133,0.043959398,0.12741157,0.11327909
trace_00044,causal_009,causal_micro_world,llama3.2:latest,hard,correct,2,3,The increased filtration load puts additional strain on the system.,"As a result of this strain, output purity decreases.",0.21603243,0.9763862,3,0.06795309,0.18140754,-0.03776883,-0.08908205,-0.038088024,0.18582173,-0.085797325,-0.13364986
trace_00045,commonsense_009,commonsense_multihop,llama3.2:latest,hard,incorrect,0,1,"The sun's rays pass through the glass of the car window, warming the interior.",The warm air inside the car is trapped by the closed windows and doors.,0.10712018,0.99424607,0,-0.07568227,-0.03315091,0.28081223,-0.27613866,-0.17058718,-0.0074033663,-0.25040373,0.085321635
trace_00045,commonsense_009,commonsense_multihop,llama3.2:latest,hard,incorrect,1,2,The warm air inside the car is trapped by the closed windows and doors.,"As the air heats up, it expands and becomes less dense than the cooler outdoor air.",0.3409396,0.9400853,1,0.051426653,-0.08894687,0.06155206,-0.11455557,0.29081854,-0.09477093,-0.0074145016,-0.15197955
trace_00045,commonsense_009,commonsense_multihop,llama3.2:latest,hard,incorrect,2,3,"As the air heats up, it expands and becomes less dense than the cooler outdoor air.",This density difference creates a temperature gradient between the hot air inside the car and the cooler air outside.,0.2503622,0.96815234,4,-0.2073481,-0.033214465,0.055304058,0.18086478,-0.13456233,-0.018356076,0.17020231,-0.14930442
trace_00045,commonsense_009,commonsense_multihop,llama3.2:latest,hard,incorrect,3,4,This density difference creates a temperature gradient between the hot air inside the car and the cooler air outside.,"The heat from the interior air rises to the roof of the car, where it is trapped by the glass ceiling.",0.27063197,0.9626829,3,0.08071081,0.21576048,-0.29548004,0.10865331,-0.17960787,0.1346629,0.048454717,0.23900539
trace_00045,commonsense_009,commonsense_multihop,llama3.2:latest,hard,incorrect,4,5,"The heat from the interior air rises to the roof of the car, where it is trapped by the glass ceiling.","As a result, the interior air becomes hotter than the surrounding outdoor air.",0.23706013,0.97149503,1,0.065326355,-0.19371021,0.21927714,-0.17260998,0.18193275,-0.08011926,-0.12980248,-0.09033663
trace_00046,arith_010,arithmetic,llama3.2:latest,hard,correct,0,1,Let's represent the unknown number as 'x'.,The equation based on the given information is x * 7 - 11 = 45.,0.19959204,0.979879,2,-0.03656583,-0.070601165,0.019353855,-0.03623643,0.080125034,-0.01656741,0.11936972,0.13064827
trace_00046,arith_010,arithmetic,llama3.2:latest,hard,correct,1,2,The equation based on the given information is x * 7 - 11 = 45.,Add 11 to both sides of the equation: x * 7 = 45 + 11.,0.19216648,0.98136234,1,0.0968703,-0.17759523,-0.14833288,-0.14965542,0.14864714,-0.024364784,-0.113082595,0.19020143
trace_00046,arith_010,arithmetic,llama3.2:latest,hard,correct,2,3,Add 11 to both sides of the equation: x * 7 = 45 + 11.,Simplify the right side of the equation: x * 7 = 56.,0.089630686,0.9959751,4,-0.05676422,0.20039622,0.13329515,0.00363708,-0.047231905,0.077665254,0.05172488,-0.1262991
trace_00046,arith_010,arithmetic,llama3.2:latest,hard,correct,3,4,Simplify the right side of the equation: x * 7 = 56.,Divide both sides by 7: x = 56 / 7.,0.20224701,0.97933453,0,-0.022161221,-0.09845723,-0.08985137,-0.024391318,0.12957849,0.14945596,0.051875092,0.17339791
trace_00046,arith_010,arithmetic,llama3.2:latest,hard,correct,4,5,Divide both sides by 7: x = 56 / 7.,Calculate the value of 'x': x = 8.,0.18197462,0.98330325,3,0.016624913,-0.009771659,-0.026246568,0.10637005,-0.16147022,-0.099964805,-0.05369448,-0.16960746
trace_00047,logic_010,symbolic_logic,llama3.2:latest,hard,incorrect,0,1,"If either rule X or rule Y must hold for access, then at least one of them is true.","If neither rule X nor rule Y holds, then both cannot be true.",0.20527111,0.97870517,2,-0.04682487,0.16637164,-0.08693599,-0.1558838,0.092095524,0.061776415,-0.15187272,0.042761978
trace_00047,logic_010,symbolic_logic,llama3.2:latest,hard,incorrect,1,2,"If neither rule X nor rule Y holds, then both cannot be true.","Therefore, if neither rule X nor rule Y holds, it follows that neither can be true.",0.13708551,0.9905592,2,0.029832259,0.19458787,-0.025954833,-0.17480811,-0.11916667,-0.14288451,-0.01475114,0.034773935
trace_00048,temporal_010,temporal_ordering,llama3.2:latest,hard,incorrect,0,1,Ticket check,Concert rehearsal,0.18196136,0.9833057,2,0.022082007,-0.022701623,-0.037899975,-0.050045736,-0.010972004,-0.0028075082,-0.012861261,0.013291231
trace_00048,temporal_010,temporal_ordering,llama3.2:latest,hard,incorrect,1,2,Concert rehearsal,Dinner,0.09375113,0.99559575,3,-0.014185136,0.0027314015,-0.01815992,0.08868847,0.075435914,0.028949887,-0.16468342,0.055371657
trace_00048,temporal_010,temporal_ordering,llama3.2:latest,hard,incorrect,2,3,Dinner,Cleanup,0.23191507,0.9727361,0,-0.005842293,-0.02668607,0.121611826,0.034858037,-0.11534149,0.21412939,0.10101698,0.056705605
trace_00049,causal_010,causal_micro_world,llama3.2:latest,hard,incorrect,0,1,The reaction requires reactant A to form product B.,"Since reactant A is absent, product B cannot be formed.",0.24622285,0.96921325,3,0.107546076,0.10938479,-0.00021445988,-0.25044242,-0.13611951,0.023203041,-0.23968157,0.06352317
trace_00049,causal_010,causal_micro_world,llama3.2:latest,hard,incorrect,1,2,"Since reactant A is absent, product B cannot be formed.","Without product B, the pH of the solution does not change.",0.28402323,0.9588175,3,-0.0536263,-0.058240596,-0.14898625,0.094044946,0.032756682,-0.014717028,0.15136099,-0.32879674
trace_00049,causal_010,causal_micro_world,llama3.2:latest,hard,incorrect,2,3,"Without product B, the pH of the solution does not change.","As a result, the indicator stays blue.",0.20225736,0.9793324,2,0.017133776,0.064208016,0.075354956,0.2170484,-0.1474888,-0.00077031343,0.017949935,0.17387196
trace_00050,commonsense_010,commonsense_multihop,llama3.2:latest,hard,correct,0,1,"When a towel is folded, it creates more creases and folds that trap moisture.",Trapped moisture can lead to increased evaporation rates being slowed down due to the reduced surface area exposed to air.,0.3072593,0.9516258,1,0.011981846,0.007440992,0.14199653,-0.09439728,-0.10614188,0.01291828,-0.1325385,-0.15167609
trace_00050,commonsense_010,commonsense_multihop,llama3.2:latest,hard,correct,1,2,Trapped moisture can lead to increased evaporation rates being slowed down due to the reduced surface area exposed to air.,"In contrast, spreading out the towel increases its surface area exposed to air.",0.26736996,0.963594,2,-0.11028308,-0.14668891,-0.058523774,0.21049803,0.23401983,0.028936079,0.20363887,0.20412357
trace_00050,commonsense_010,commonsense_multihop,llama3.2:latest,hard,correct,2,3,"In contrast, spreading out the towel increases its surface area exposed to air.","With more surface area exposed, the rate of evaporation is faster, allowing the towel to dry faster.",0.26236585,0.9649685,3,0.20801719,0.08126874,-0.024805646,-0.16265209,-0.20838086,-0.071005024,-0.1111958,-0.3429914
trace_00051,arith_011,arithmetic,llama3.2:latest,easy,incorrect,0,1,Calculate the total distance traveled: 60 km + 90 km = 150 km,Calculate the total time taken: 1 hour + 2 hours = 3 hours,0.19945185,0.9799076,3,0.5713784,-0.31269187,-0.2021569,0.018466989,-0.25043738,0.044542477,-0.07637124,-0.084948815
trace_00051,arith_011,arithmetic,llama3.2:latest,easy,incorrect,1,2,Calculate the total time taken: 1 hour + 2 hours = 3 hours,Calculate the average speed using the formula: Average Speed = Total Distance / Total Time,0.37339616,0.9276721,4,-0.8842614,0.053686917,-0.061337266,0.052498408,-0.007836817,-0.0074414215,-0.07016849,-0.018332133
trace_00051,arith_011,arithmetic,llama3.2:latest,easy,incorrect,2,3,Calculate the average speed using the formula: Average Speed = Total Distance / Total Time,Plug in the values: Average Speed = 150 km / 3 hours,0.26007593,0.9655882,2,0.53479356,0.47290498,0.3986499,0.119391635,0.0986352,-0.09300465,0.13468736,-0.01969766
trace_00051,arith_011,arithmetic,llama3.2:latest,easy,incorrect,3,4,Plug in the values: Average Speed = 150 km / 3 hours,Perform the division: Average Speed = 50 km/h,0.19022869,0.9817399,4,-0.4349782,-0.08188269,-0.08827663,-0.106247544,0.2294133,0.21876869,0.04149303,0.067843854
trace_00052,logic_011,symbolic_logic,llama3.2:latest,easy,correct,0,1,We know that all flerns are sopts.,We also know that no sopts are drens.,0.17409727,0.98472846,0,0.13988826,-0.057528738,0.00793978,-0.001818437,-0.044567388,-0.049684566,0.07759206,0.09749908
trace_00052,logic_011,symbolic_logic,llama3.2:latest,easy,correct,1,2,We also know that no sopts are drens.,"If we combine steps 1 and 2, we can conclude that no flern is a dren (since if something were both a flern and a dren, it would be a sopt).",0.2106002,0.9775722,2,-0.10772939,-0.13385586,-0.04434777,-0.16923077,0.07585636,0.104043536,-0.07004364,-0.07793996
trace_00052,logic_011,symbolic_logic,llama3.2:latest,easy,correct,2,3,"If we combine steps 1 and 2, we can conclude that no flern is a dren (since if something were both a flern and a dren, it would be a sopt).","Therefore, based on the given statements, there is no possibility for any flern to be a dren.",0.21448834,0.9767266,3,0.08357882,0.27736598,-0.00170462,-0.12636046,-0.21435338,-0.23700589,0.0061880453,0.005198697
trace_00053,temporal_011,temporal_ordering,llama3.2:latest,easy,incorrect,0,1,Identify the finish order: Nari -> Daeho -> Sujin,Determine who finished last (Sujin),0.095774405,0.99540305,0,0.013535168,0.019169956,-0.04233361,-0.1332431,-0.049726915,0.05594922,-0.0010925789,-0.1818298
trace_00053,temporal_011,temporal_ordering,llama3.2:latest,easy,incorrect,1,2,Determine who finished last (Sujin),"Since Nari finished first, she must have finished second.",0.13719828,0.99054354,1,0.10856091,-0.076122984,-0.068255365,-0.06984125,0.042006075,-0.20695746,-0.0021155628,0.22410697
trace_00054,causal_011,causal_micro_world,llama3.2:latest,easy,incorrect,0,1,The freezer loses power.,Ice inside the freezer begins to melt due to the lack of refrigeration.,0.23695746,0.97152007,1,0.004006588,-0.024638146,-0.1862536,-0.016180515,0.28530988,-0.26446834,0.11467344,-0.031969797
trace_00054,causal_011,causal_micro_world,llama3.2:latest,easy,incorrect,1,2,Ice inside the freezer begins to melt due to the lack of refrigeration.,"As the ice melts, it turns into liquid water.",0.12876153,0.99167556,3,0.12007065,-0.005559541,-0.015995128,0.20984682,0.24398263,0.14406931,0.039086487,-0.15568535
trace_00054,causal_011,causal_micro_world,llama3.2:latest,easy,incorrect,2,3,"As the ice melts, it turns into liquid water.",The melted water collects at the bottom of the freezer.,0.043320976,0.9990612,0,-0.1500975,-0.14686352,0.086978786,-0.112100646,-0.30990297,0.014556303,-0.0064738095,-0.027653866
trace_00055,commonsense_011,commonsense_multihop,llama3.2:latest,easy,correct,0,1,"The lenses of the glasses are made of glass or plastic, which can conduct heat.","When the person enters from the cold, their body loses heat to the cooler environment.",0.19798304,0.98020554,0,-0.047674786,-0.07398622,0.30822104,-0.28254834,0.22375663,0.18527609,-0.2581478,-0.07470682
trace_00055,commonsense_011,commonsense_multihop,llama3.2:latest,easy,correct,1,2,"When the person enters from the cold, their body loses heat to the cooler environment.",The heat loss causes the lenses to warm up faster than the surrounding air.,0.20874289,0.9779706,3,0.072929166,0.048251316,-0.26826486,0.2996906,-0.14195766,-0.1485681,0.21169609,0.15710606
trace_00055,commonsense_011,commonsense_multihop,llama3.2:latest,easy,correct,2,3,The heat loss causes the lenses to warm up faster than the surrounding air.,"As the lenses warm up, they expand and become less dense.",0.23819113,0.9712183,3,0.058865722,0.021742841,-0.055273764,0.11146469,0.34923714,0.051073324,0.14876089,-0.029075498
trace_00055,commonsense_011,commonsense_multihop,llama3.2:latest,easy,correct,3,4,"As the lenses warm up, they expand and become less dense.",This change in density causes the air molecules trapped between the lens and the frame to contract and become more dense.,0.20342425,0.97909075,4,-0.22388202,-0.008783601,0.010701315,0.040796153,-0.14937891,-0.0945797,-0.24098173,-0.08908025
trace_00055,commonsense_011,commonsense_multihop,llama3.2:latest,easy,correct,4,5,This change in density causes the air molecules trapped between the lens and the frame to contract and become more dense.,"When the air is cooled by the cooler indoor temperature, it contracts further and becomes denser.",0.19653818,0.9804961,0,0.044080615,-0.12029132,0.43374488,-0.29676926,0.053921964,0.08059106,-0.08833385,-0.055733718
trace_00055,commonsense_011,commonsense_multihop,llama3.2:latest,easy,correct,5,6,"When the air is cooled by the cooler indoor temperature, it contracts further and becomes denser.",The difference in density between the warmer lenses and the cooler surrounding air creates a pressure gradient.,0.15179384,0.98841214,3,0.029017355,0.12675864,-0.32874238,0.22799219,-0.05728033,-0.08555023,0.3261126,0.04174729
trace_00055,commonsense_011,commonsense_multihop,llama3.2:latest,easy,correct,6,7,The difference in density between the warmer lenses and the cooler surrounding air creates a pressure gradient.,"As a result of this pressure gradient, moisture from the person's breath condenses on the lenses, causing them to fog up.",0.27488372,0.96147746,3,-0.0548781,0.11434871,-0.058402773,0.054599658,-0.0281863,0.08914658,-0.21497203,-0.016336331
trace_00056,arith_012,arithmetic,llama3.2:latest,easy,correct,0,1,Calculate total distance covered: 4 km + 2 km = 6 km,Calculate total time taken: 20 minutes + 10 minutes = 30 minutes,0.17628871,0.9843385,3,0.23947763,-0.298618,-0.28210723,-0.007787661,-0.19135715,-0.04041813,-0.015751813,-0.03296249
trace_00056,arith_012,arithmetic,llama3.2:latest,easy,correct,1,2,Calculate total time taken: 20 minutes + 10 minutes = 30 minutes,Calculate average speed: Total distance / Total time = 6 km / 30 minutes = 0.2 km per minute,0.40743908,0.9132324,4,-0.3833614,0.37747258,0.117767595,0.039929815,0.04635978,-0.026908748,-0.0042608385,-0.018347653
trace_00057,logic_012,symbolic_logic,llama3.2:latest,medium,correct,0,1,"If no torps are haves, then there cannot be any torps that have the property of being a ""have"".","Since some mils are torps, and we know that no torps can be haves, it means that some mils do not have the property of being a ""have"".",0.1663834,0.9860611,2,-0.023727458,0.037752032,0.031141637,0.26268736,-0.01639186,0.009879313,-0.033289555,0.06401964
trace_00058,temporal_012,temporal_ordering,llama3.2:latest,medium,incorrect,0,1,Pickup,Package scanning,0.11013775,0.99391633,1,-0.021304226,-0.042354733,-0.0046561295,0.1026657,-0.10221056,-0.14431684,0.23406292,-0.056854326
trace_00058,temporal_012,temporal_ordering,llama3.2:latest,medium,incorrect,1,2,Package scanning,Sorting,0.14744475,0.9890703,0,-0.08430792,-0.068361424,-0.0043070815,0.007202706,0.048738934,0.14687257,-0.20775299,-0.05848198
trace_00058,temporal_012,temporal_ordering,llama3.2:latest,medium,incorrect,2,3,Sorting,Delivery,0.09236933,0.99572486,2,0.06474794,0.14174417,-0.0015622241,-0.020771991,0.059627328,-0.0534309,-0.056776788,0.114437945
trace_00059,causal_012,causal_micro_world,llama3.2:latest,medium,correct,0,1,A sustained increase in study time leads to an increased test readiness.,An increased test readiness results in a lower error rate.,0.2488203,0.96854967,4,-0.2558548,0.25460574,0.1573779,-0.122777954,-0.1225155,0.16791919,0.05858107,-0.18700366
trace_00059,causal_012,causal_micro_world,llama3.2:latest,medium,correct,1,2,An increased test readiness results in a lower error rate.,"Therefore, a sustained increase in study time will result in a decrease in the error rate.",0.27219695,0.9622416,3,0.17496073,-0.26119658,-0.12256202,-0.0029618172,-0.16761674,0.050866775,-0.08891742,-0.037257906
trace_00060,commonsense_012,commonsense_multihop,llama3.2:latest,medium,incorrect,0,1,The bread was exposed to air for an extended period.,"Air contains moisture and oxygen, which can react with the starches in bread.",0.26954496,0.96298784,1,-0.1448388,-0.09833969,0.14288628,0.024302617,-0.018994369,-0.31231552,-0.15967621,-0.12098219
trace_00060,commonsense_012,commonsense_multihop,llama3.2:latest,medium,incorrect,1,2,"Air contains moisture and oxygen, which can react with the starches in bread.","Over time, the starches converted into sugars through a process called retrogradation.",0.2071397,0.97831136,3,0.021849798,-0.002921727,-0.22344747,0.018898835,0.033638697,0.24936798,0.1797043,-0.052840177
trace_00060,commonsense_012,commonsense_multihop,llama3.2:latest,medium,incorrect,2,3,"Over time, the starches converted into sugars through a process called retrogradation.","As the sugars accumulated, they caused the gluten network in the bread to tighten, leading to hardness.",0.13910478,0.99027765,1,0.0057701967,0.039234884,0.016240096,0.07918714,-0.039908115,-0.14298275,0.059707537,0.055617586
trace_00061,arith_013,arithmetic,llama3.2:latest,medium,correct,0,1,Calculate the total distance traveled: 150 km + 220 km = 370 km,Calculate the time taken for each part of the journey:,0.23802207,0.97125983,0,0.050448466,-0.3994929,-0.13643415,-0.036735438,-0.14278974,0.07531974,0.07986485,-0.060895123
trace_00061,arith_013,arithmetic,llama3.2:latest,medium,correct,1,2,Calculate the time taken for each part of the journey:,- Time taken to travel 150 km = 3 hours,0.24817571,0.9687151,2,0.33107004,0.35375014,0.16120122,0.1164595,0.092958696,-0.17988911,-0.15860967,0.033301067
trace_00061,arith_013,arithmetic,llama3.2:latest,medium,correct,2,3,- Time taken to travel 150 km = 3 hours,- Time taken to travel 220 km = 4 hours,0.1389506,0.9902994,4,-0.13374776,0.056886587,0.044964336,-0.0035006965,0.09991312,0.1747093,-0.06824749,-0.03082591
trace_00061,arith_013,arithmetic,llama3.2:latest,medium,correct,3,4,- Time taken to travel 220 km = 4 hours,Calculate the total time taken: 3 hours + 4 hours = 7 hours,0.29019195,0.9569685,3,0.093149595,-0.2723474,-0.16870944,-0.07249135,-0.21024393,0.018330988,0.088479966,0.019680342
trace_00061,arith_013,arithmetic,llama3.2:latest,medium,correct,4,5,Calculate the total time taken: 3 hours + 4 hours = 7 hours,Calculate the average speed using the formula: Average Speed = Total Distance / Total Time,0.39121872,0.9202978,4,-0.72045285,-0.027796192,-0.1288739,0.09464701,-0.062074468,-0.0063348827,-0.08214578,-0.005937328
trace_00061,arith_013,arithmetic,llama3.2:latest,medium,correct,5,6,Calculate the average speed using the formula: Average Speed = Total Distance / Total Time,Plug in the values: Average Speed = 370 km / 7 hours = 53 km/h,0.20910679,0.97789276,2,0.47544998,0.5134024,0.39952043,0.08326883,0.15670018,0.027187608,0.099938385,0.022203995
trace_00062,logic_013,symbolic_logic,llama3.2:latest,medium,correct,0,1,All nels are quars,All quars are brims,0.16602309,0.98612183,4,-0.07734508,-0.0012441706,-0.028186262,0.06264551,0.14777644,0.09241615,-0.008717328,0.049327906
trace_00062,logic_013,symbolic_logic,llama3.2:latest,medium,correct,1,2,All quars are brims,"By transitive property, if A is a subset of B and B is a subset of C, then A is a subset of C",0.284241,0.9587529,1,-0.049426563,-0.0719202,0.14068255,-0.10227666,0.063894324,-0.27183023,0.00077111286,0.024290597
trace_00062,logic_013,symbolic_logic,llama3.2:latest,medium,correct,2,3,"By transitive property, if A is a subset of B and B is a subset of C, then A is a subset of C",Nels are a subset of quars (from step 1),0.3057083,0.9521252,3,0.1362735,0.06803135,-0.14233966,0.029383041,-0.18661162,0.16865583,0.030091343,-0.032169443
trace_00062,logic_013,symbolic_logic,llama3.2:latest,medium,correct,3,4,Nels are a subset of quars (from step 1),Quars are a subset of brims (from step 2),0.054117046,0.99853456,4,-0.0918052,-0.035025578,-0.009527315,0.051934086,0.16977088,0.12644862,-0.0058483244,0.018664649
trace_00062,logic_013,symbolic_logic,llama3.2:latest,medium,correct,4,5,Quars are a subset of brims (from step 2),"By transitive property, nels are a subset of brims",0.117791176,0.9930384,1,0.010769578,-0.039040238,0.08738308,-0.031348877,-0.07610154,-0.14012551,0.085873835,-0.028009977
trace_00063,temporal_013,temporal_ordering,llama3.2:latest,medium,incorrect,0,1,The alarm rang.,The lights turned on.,0.1279855,0.9917761,1,-0.11188047,0.011869647,-0.11086234,0.013174342,-0.06399604,-0.08475549,0.13233383,0.02839747
trace_00063,temporal_013,temporal_ordering,llama3.2:latest,medium,incorrect,1,2,The lights turned on.,Breakfast came.,0.13598292,0.9907111,3,0.071676694,-0.033346232,-0.05133221,-0.12050628,0.26419625,0.018609827,-0.17207432,-0.032340582
trace_00064,causal_013,causal_micro_world,llama3.2:latest,medium,incorrect,0,1,A fuel line blockage prevents fuel from flowing to the engine.,"With no fuel reaching the engine, fuel pressure drops.",0.18182537,0.98333085,3,0.03325399,0.3691277,-0.10470065,-0.11402439,0.12651333,0.16143301,-0.18125582,-0.015271938
trace_00064,causal_013,causal_micro_world,llama3.2:latest,medium,incorrect,1,2,"With no fuel reaching the engine, fuel pressure drops.",The drop in fuel pressure causes a decrease in engine output.,0.377975,0.9258158,0,0.04293381,-0.2812029,0.03984139,0.06969106,-0.09540528,0.0011913219,0.13806203,-0.34187168
trace_00064,causal_013,causal_micro_world,llama3.2:latest,medium,incorrect,2,3,The drop in fuel pressure causes a decrease in engine output.,"As a result of decreased engine output, the climb rate also decreases.",0.2419343,0.9702927,3,0.015271404,-0.06810531,-0.036791112,-0.015282789,0.090218656,0.13129486,0.09396984,-0.08917008
trace_00065,commonsense_013,commonsense_multihop,llama3.2:latest,medium,incorrect,0,1,"When salt is added to icy pavement, it lowers the freezing point of water.",This means that the temperature at which water begins to freeze is lowered from 0°C (32°F) to a lower value.,0.13891064,0.99030495,2,0.06712894,0.17155534,0.14322317,0.11182942,-0.21922506,0.043479573,-0.043767557,-0.0885293
trace_00065,commonsense_013,commonsense_multihop,llama3.2:latest,medium,incorrect,1,2,This means that the temperature at which water begins to freeze is lowered from 0°C (32°F) to a lower value.,"As a result, when the mixture of salt and ice is exposed to air, the water molecules in the ice begin to evaporate more quickly.",0.14741251,0.98907506,1,0.009637131,-0.16400759,-0.13667004,-0.10965138,0.24875341,-0.09119535,-0.14162108,0.025078846
trace_00065,commonsense_013,commonsense_multihop,llama3.2:latest,medium,incorrect,2,3,"As a result, when the mixture of salt and ice is exposed to air, the water molecules in the ice begin to evaporate more quickly.","The evaporation process absorbs heat energy from the surrounding environment, which helps to raise the temperature of the pavement.",0.11905476,0.99288774,0,-0.11120578,-0.08167405,0.25744107,-0.04663598,-0.19638255,0.05835038,0.22069548,0.13802052
trace_00065,commonsense_013,commonsense_multihop,llama3.2:latest,medium,incorrect,3,4,"The evaporation process absorbs heat energy from the surrounding environment, which helps to raise the temperature of the pavement.","By raising the temperature of the pavement, the melting point of the ice is increased, allowing it to melt more quickly.",0.17114179,0.9852464,3,0.037977915,0.07887234,-0.24586804,0.13689213,0.34685257,0.0068945033,0.0959235,0.101229325
trace_00066,arith_014,arithmetic,llama3.2:latest,medium,correct,0,1,Calculate the total distance traveled by adding the two distances together.,Calculate the total time taken by adding the two times together: 1.5 + 1 = 2.5 hours,0.18585365,0.98257744,3,0.59914345,-0.24619445,-0.19939989,0.016711006,-0.21401814,0.024677014,-0.12165835,-0.059324924
trace_00066,arith_014,arithmetic,llama3.2:latest,medium,correct,1,2,Calculate the total time taken by adding the two times together: 1.5 + 1 = 2.5 hours,Divide the total distance by the total time to find the average speed.,0.43212718,0.9018128,4,-0.6965577,0.31026673,0.031865064,0.06312696,0.007951973,-0.0641001,0.019095253,-0.022469992
trace_00066,arith_014,arithmetic,llama3.2:latest,medium,correct,2,3,Divide the total distance by the total time to find the average speed.,Perform the division: (18 + 12) / 2.5 = 30 / 2.5 = 12 miles per hour,0.3705546,0.9288107,2,0.29750136,0.071706235,0.17249338,-0.11040892,0.22581613,0.056824464,0.13485193,0.1445839
trace_00067,logic_014,symbolic_logic,llama3.2:latest,hard,incorrect,0,1,"Given that ""no zerts are pons"", we know that every zert is not a pon.","Since some zerts are laks, there exists at least one zert that is a lak.",0.18116786,0.9834522,0,0.11645915,-0.093717106,0.11500761,0.06611709,-0.013367703,0.0029139284,0.15014617,-0.010391745
trace_00067,logic_014,symbolic_logic,llama3.2:latest,hard,incorrect,1,2,"Since some zerts are laks, there exists at least one zert that is a lak.","From step 1, we can conclude that this single zert cannot be a pon (since all zerts are not pons).",0.20219645,0.9793451,2,-0.059414554,0.1108388,-0.099375814,-0.18689185,0.024652475,0.048036378,-0.093117945,0.0029896665
trace_00067,logic_014,symbolic_logic,llama3.2:latest,hard,incorrect,2,3,"From step 1, we can conclude that this single zert cannot be a pon (since all zerts are not pons).","Therefore, the same zert must be either a lak or a pon.",0.223751,0.97464633,0,0.030692825,-0.17412716,0.08371855,0.34130245,0.004935222,-0.003582726,0.09440004,-0.057892174
trace_00068,temporal_014,temporal_ordering,llama3.2:latest,hard,incorrect,0,1,Inspection,Repair,0.06272502,0.9980308,3,0.07782076,0.14647798,-0.1584935,0.015757328,-0.008488443,0.27025366,-0.24397299,0.06695183
trace_00068,temporal_014,temporal_ordering,llama3.2:latest,hard,incorrect,1,2,Repair,Testing,0.072107345,0.9973968,1,-0.049994316,-0.043504793,0.16754352,-0.04128039,0.14683637,-0.24653375,0.20403044,-0.17531647
trace_00068,temporal_014,temporal_ordering,llama3.2:latest,hard,incorrect,2,3,Testing,Shipping,0.16963662,0.98550665,2,0.008218881,0.082421444,-0.081111215,0.0072982707,-0.055189233,0.018866872,-0.1748924,0.05826702
trace_00069,causal_014,causal_micro_world,llama3.2:latest,hard,correct,0,1,Guardrails are removed.,Accident risk increases due to the absence of guardrails.,0.3410843,0.9400327,1,-0.0134493895,-0.048617806,-0.010104115,0.07413636,0.1086455,-0.2041745,0.097773924,-0.12793934
trace_00069,causal_014,causal_micro_world,llama3.2:latest,hard,correct,1,2,Accident risk increases due to the absence of guardrails.,"As a result of increased accident risk, insurance costs will rise over time.",0.24383637,0.96981645,3,0.11711075,-0.092711784,-0.20209467,0.21425936,0.15039119,0.051458377,-0.04129352,-0.15108733
trace_00070,commonsense_014,commonsense_multihop,llama3.2:latest,hard,correct,0,1,The metal spoon is made of a material with high thermal conductivity.,Thermal conductivity is the ability of a material to transfer heat energy.,0.18591546,0.98256576,0,-0.11094747,-0.22724752,0.296571,-0.23387991,-0.010028043,0.0015140224,0.10988825,-0.045964003
trace_00070,commonsense_014,commonsense_multihop,llama3.2:latest,hard,correct,1,2,Thermal conductivity is the ability of a material to transfer heat energy.,"When the metal spoon was placed in the hot tea, it began to conduct heat away from its surface.",0.25386977,0.9672385,3,0.102058984,0.2821535,-0.3595248,0.15909228,0.03979767,0.09452177,-0.12680341,0.13045283
trace_00070,commonsense_014,commonsense_multihop,llama3.2:latest,hard,correct,2,3,"When the metal spoon was placed in the hot tea, it began to conduct heat away from its surface.","As a result, the temperature difference between the spoon and the tea increased rapidly.",0.35426083,0.9351467,3,0.15010735,-0.14180483,-0.007613872,0.0639518,0.4330527,0.008960921,0.0020247116,-0.36913288
trace_00070,commonsense_014,commonsense_multihop,llama3.2:latest,hard,correct,3,4,"As a result, the temperature difference between the spoon and the tea increased rapidly.","The plastic spoon, on the other hand, has lower thermal conductivity due to its material properties.",0.31200242,0.95008135,0,-0.1251971,-0.054700665,0.19716798,-0.057019863,-0.43056527,-0.17407994,0.10152481,0.10757294
trace_00070,commonsense_014,commonsense_multihop,llama3.2:latest,hard,correct,4,5,"The plastic spoon, on the other hand, has lower thermal conductivity due to its material properties.",This means that the plastic spoon is less effective at transferring heat energy away from its surface.,0.33413583,0.9425249,2,0.059866652,0.03868077,-0.12120142,0.14377186,-0.0041585057,0.04172038,-0.17365184,0.29896134
trace_00070,commonsense_014,commonsense_multihop,llama3.2:latest,hard,correct,5,6,This means that the plastic spoon is less effective at transferring heat energy away from its surface.,"As a result, the temperature of the plastic spoon increased more slowly compared to the metal spoon.",0.24267966,0.9701064,3,0.059794966,0.03109281,-0.15186663,0.05570836,0.27291217,0.10434652,0.031280175,-0.3298799
trace_00071,arith_015,arithmetic,llama3.2:latest,hard,correct,0,1,Calculate total distance traveled: 84 km + 126 km = 210 km,Calculate total time taken: 1.5 hours + 2.5 hours = 4 hours,0.17591862,0.98440474,3,0.49409714,-0.4276913,-0.25068858,0.009528426,-0.267868,0.11997511,-0.13172549,-0.053885538
trace_00071,arith_015,arithmetic,llama3.2:latest,hard,correct,1,2,Calculate total time taken: 1.5 hours + 2.5 hours = 4 hours,Calculate average speed: Total distance / Total time = 210 km / 4 hours = 52.5 km/h,0.49127156,0.8710064,4,-0.61709803,0.5243164,0.2115853,0.057646327,0.14322743,-0.105704464,0.08117424,0.000552043
trace_00072,logic_015,symbolic_logic,llama3.2:latest,hard,incorrect,0,1,All crols are vents.,Some vents are darps.,0.20510837,0.9787392,1,0.03737583,0.14222066,0.005850199,-0.019357434,-0.09185746,0.023677273,-0.0066897795,-0.019705018
trace_00072,logic_015,symbolic_logic,llama3.2:latest,hard,incorrect,1,2,Some vents are darps.,No darps are mels.,0.34411275,0.9389283,3,-0.05054195,0.020537656,-0.34134063,0.04287791,0.120912105,-0.0215799,0.0075563034,-0.225028
trace_00072,logic_015,symbolic_logic,llama3.2:latest,hard,incorrect,2,3,No darps are mels.,"If all crols are vents (step 1) and some vents are darps (step 2), then at least one vent is a darp.",0.15202425,0.9883768,2,-0.0032492802,-0.21274361,0.27666125,-0.07734322,-0.028549595,0.01165136,0.05479274,0.20209527
trace_00072,logic_015,symbolic_logic,llama3.2:latest,hard,incorrect,3,4,"If all crols are vents (step 1) and some vents are darps (step 2), then at least one vent is a darp.","Since no darps are mels (step 3), we can conclude that there are no mels among the vents that are also darps.",0.1066439,0.99429727,3,0.051943902,0.25958434,-0.16948093,-0.038739588,-0.039467633,0.04692358,-0.019516876,-0.11793034
trace_00072,logic_015,symbolic_logic,llama3.2:latest,hard,incorrect,4,5,"Since no darps are mels (step 3), we can conclude that there are no mels among the vents that are also darps.","However, we cannot conclude that all crols are not mels because it's possible that some crols are not vents or darps.",0.07373399,0.99727803,3,-0.037347022,-0.066116884,0.08759816,0.04493241,0.03231171,-0.094637774,0.026311938,0.05030932
trace_00072,logic_015,symbolic_logic,llama3.2:latest,hard,incorrect,5,6,"However, we cannot conclude that all crols are not mels because it's possible that some crols are not vents or darps.","Therefore, we cannot conclude that any crol is a mel.",0.24466495,0.9696077,3,0.024694933,0.1586156,-0.25807273,0.059055295,0.054148495,-0.094979994,-0.039248895,-0.20501241
trace_00073,temporal_015,temporal_ordering,llama3.2:latest,hard,incorrect,0,1,Identify the sequence of events: Registration -> Warmup -> Main Event -> Awards,Determine the position of each event in the sequence,0.20920756,0.9778712,3,-0.18197884,0.042320203,-0.1508147,-0.030054918,-0.11237809,0.1478826,-0.09446817,-0.11684709
trace_00073,temporal_015,temporal_ordering,llama3.2:latest,hard,incorrect,1,2,Determine the position of each event in the sequence,Compare the positions to find the middle event,0.14272527,0.9897624,0,0.047246855,-0.1614465,0.12639222,-0.06257028,0.053796258,0.008588107,0.12473948,0.016819067
trace_00073,temporal_015,temporal_ordering,llama3.2:latest,hard,incorrect,2,3,Compare the positions to find the middle event,"The main event is not in the middle, so it must be first or last",0.24499355,0.96952474,2,0.17228049,0.09964812,-0.08540404,-0.003586666,0.08708412,-0.15353398,-0.12868494,0.13602135
trace_00073,temporal_015,temporal_ordering,llama3.2:latest,hard,incorrect,3,4,"The main event is not in the middle, so it must be first or last","Since awards are after the main event, the main event cannot be first",0.19773938,0.98025465,1,-0.058502678,0.010378054,-0.007093983,-0.098164625,0.036145385,-0.19348569,-0.027419263,0.007261198
trace_00073,temporal_015,temporal_ordering,llama3.2:latest,hard,incorrect,4,5,"Since awards are after the main event, the main event cannot be first","Therefore, the main event is second",0.08442052,0.9964302,0,0.07375053,-0.12578386,0.16140828,0.19534169,0.06110535,0.24837656,0.036075965,-0.052351065
trace_00074,causal_015,causal_micro_world,llama3.2:latest,hard,correct,0,1,A sudden burst of traffic causes the queue length to rise.,The rising queue length triggers an increase in latency.,0.23113069,0.9729227,0,0.15356512,-0.20578068,0.17916007,0.08695688,-0.15783443,-0.17191948,-0.01575961,-0.3106687
trace_00074,causal_015,causal_micro_world,llama3.2:latest,hard,correct,1,2,The rising queue length triggers an increase in latency.,"As a result, the system's overall performance degrades due to increased latency.",0.15780704,0.98747,0,-0.001781279,0.00488559,0.08816487,-0.10427905,-0.18759143,0.109131366,-0.0022496923,-0.18112452
trace_00075,commonsense_015,commonsense_multihop,llama3.2:latest,hard,correct,0,1,The runner's body is still using oxygen to recover from the intense physical activity.,"Even though the runner has stopped running, their heart rate and blood pressure are likely still elevated due to the increased demand for oxygen during exercise.",0.2860207,0.95822334,1,0.048435774,0.022071606,-0.1448034,-0.096630864,0.021409765,-0.26852828,0.044354573,0.055135418
trace_00075,commonsense_015,commonsense_multihop,llama3.2:latest,hard,correct,1,2,"Even though the runner has stopped running, their heart rate and blood pressure are likely still elevated due to the increased demand for oxygen during exercise.","As a result, the lungs continue to take in more oxygen than usual, leading to an increase in breathing rate.",0.25128734,0.9679126,2,0.065354005,-0.22984612,0.052935872,0.21119097,0.23004062,0.17906411,-0.06379602,-0.016109029
trace_00075,commonsense_015,commonsense_multihop,llama3.2:latest,hard,correct,2,3,"As a result, the lungs continue to take in more oxygen than usual, leading to an increase in breathing rate.","This phenomenon is known as ventilatory response to exercise, where the body's respiratory system adapts to meet the increased oxygen demands of physical activity.",0.28604084,0.95821744,1,-0.066179976,0.00027578458,0.20298484,-0.073243454,-0.18322058,-0.1314445,0.13681392,0.014390466
trace_00075,commonsense_015,commonsense_multihop,llama3.2:latest,hard,correct,3,4,"This phenomenon is known as ventilatory response to exercise, where the body's respiratory system adapts to meet the increased oxygen demands of physical activity.",The elevated breathing rate persists even after stopping the exercise because it takes time for the body to return to its resting state and for the heart rate and blood pressure to normalize.,0.23514622,0.97196,3,0.07965917,0.14483607,-0.2431907,-0.17288706,-0.057586048,-0.06356531,-0.04838204,0.031115154
trace_00076,arith_016,arithmetic,llama3.2:latest,easy,correct,0,1,Calculate the total distance traveled.,Total distance = 40 km + 80 km = 120 km,0.3192644,0.94766575,2,0.28848502,0.2300365,0.3250294,0.17614646,0.13878813,-0.22999789,-0.13121364,0.05300102
trace_00076,arith_016,arithmetic,llama3.2:latest,easy,correct,1,2,Total distance = 40 km + 80 km = 120 km,Calculate the total time taken for the journey.,0.3629685,0.9318014,3,-0.0033219531,-0.33000344,-0.3399646,-0.15198945,-0.18832894,0.1706924,0.1576961,-0.10504377
trace_00076,arith_016,arithmetic,llama3.2:latest,easy,correct,2,3,Calculate the total time taken for the journey.,Time for first part of journey = 1 hour,0.33041093,0.94383717,2,0.343056,0.09349659,-0.053225305,0.0004759289,0.12190327,-0.1578827,-0.16213804,0.11703782
trace_00076,arith_016,arithmetic,llama3.2:latest,easy,correct,3,4,Time for first part of journey = 1 hour,Time for second part of journey = 2 hours,0.08387448,0.99647635,0,0.05653598,-0.11540294,0.12205539,-0.04738871,0.019157216,0.19000757,0.013479469,0.045641426
trace_00076,arith_016,arithmetic,llama3.2:latest,easy,correct,4,5,Time for second part of journey = 2 hours,Total time = 1 hour + 2 hours = 3 hours,0.333377,0.9427936,3,0.26272872,-0.046100058,-0.04437144,0.14670385,-0.2489584,-0.05310616,-0.0990999,-0.03508228
trace_00076,arith_016,arithmetic,llama3.2:latest,easy,correct,5,6,Total time = 1 hour + 2 hours = 3 hours,Calculate the average speed using the formula: Average Speed = Total Distance / Total Time,0.3534749,0.93544406,4,-0.8898498,0.035969757,-0.10052052,0.016386777,-0.014976501,0.0055729053,0.032355506,-0.04326633
trace_00076,arith_016,arithmetic,llama3.2:latest,easy,correct,6,7,Calculate the average speed using the formula: Average Speed = Total Distance / Total Time,Average Speed = 120 km / 3 hours = 40 km/h,0.222333,0.9749708,2,0.53355455,0.44918248,0.39672348,0.02647864,0.15001032,-0.07356736,0.10365894,0.011809564
trace_00077,logic_016,symbolic_logic,llama3.2:latest,easy,correct,0,1,All sarns are teps (given),All teps are vons (given),0.15577719,0.98779225,0,-0.047167957,0.0134142935,0.07854014,0.03611113,-0.11055224,0.029454486,0.03489491,-0.11540718
trace_00077,logic_016,symbolic_logic,llama3.2:latest,easy,correct,1,2,All teps are vons (given),"By transitive property, if A is B and B is C, then A is C",0.18601277,0.98254734,1,-0.08627836,-0.047076333,0.08506291,-0.056183018,0.20504528,-0.25649858,-0.083597116,0.064831264
trace_00077,logic_016,symbolic_logic,llama3.2:latest,easy,correct,2,3,"By transitive property, if A is B and B is C, then A is C","Therefore, all sarns are vons",0.31621367,0.948688,3,0.0685129,0.051715977,-0.1953325,0.09439562,-0.09225495,0.25114253,-0.0062246076,-0.014681615
trace_00078,temporal_016,temporal_ordering,llama3.2:latest,easy,incorrect,0,1,Hana attended class.,"After class, she had lunch.",0.21194698,0.9772812,3,0.07270623,-0.048092917,-0.1552466,0.03041914,0.0030836726,0.06386272,-0.12926044,0.045230474
trace_00078,temporal_016,temporal_ordering,llama3.2:latest,easy,incorrect,1,2,"After class, she had lunch.","Before having lunch, she must have done something else.",0.22457868,0.97445595,1,0.036805257,-0.023356242,-0.00618872,-0.036494706,-0.044579912,-0.14746037,-0.04767909,0.041702773
trace_00078,temporal_016,temporal_ordering,llama3.2:latest,easy,incorrect,2,3,"Before having lunch, she must have done something else.",The only activity mentioned that could fit between attending class and eating lunch is practicing a sport (practice).,0.12340538,0.9923563,0,-0.041164357,-0.05068589,0.21041992,0.060283534,0.04362191,-0.051324494,0.12034189,-0.0011834895
trace_00078,temporal_016,temporal_ordering,llama3.2:latest,easy,incorrect,3,4,The only activity mentioned that could fit between attending class and eating lunch is practicing a sport (practice).,"Therefore, Hana practiced before eating lunch.",0.086342186,0.99626553,2,-0.0227726,0.105396055,-0.13963969,-0.02297001,0.02033274,0.04954887,-0.103924155,-0.017178673
trace_00079,causal_016,causal_micro_world,llama3.2:latest,easy,incorrect,0,1,Room temperature falls.,"If room temperature falls far enough, pipes may freeze.",0.21182983,0.97730654,1,-0.057667613,-0.057941336,-0.034784123,-0.11062774,-0.06025538,-0.20509696,0.020044288,0.10322311
trace_00079,causal_016,causal_micro_world,llama3.2:latest,easy,incorrect,1,2,"If room temperature falls far enough, pipes may freeze.",Pipes freezing can cause water to burst or leak.,0.19258192,0.9812809,3,-0.012170741,-0.054316275,-0.27864808,0.18415903,0.15728976,-0.027363615,-0.083333366,-0.14651474
trace_00080,commonsense_016,commonsense_multihop,llama3.2:latest,easy,correct,0,1,The mirror was exposed to warm air from the hot shower.,Warm air contains more moisture than cooler air.,0.3172294,0.9483488,0,-0.009346635,-0.2914618,0.44100568,-0.18305635,0.14321159,-0.09394073,-0.3469953,-0.15888543
trace_00080,commonsense_016,commonsense_multihop,llama3.2:latest,easy,correct,1,2,Warm air contains more moisture than cooler air.,"When the warm, moist air came into contact with the mirror, it condensed onto its surface.",0.22683497,0.97393316,3,-0.068246044,0.16630429,-0.45500714,0.2482077,-0.14133,0.04965796,0.27222952,0.16007666
trace_00080,commonsense_016,commonsense_multihop,llama3.2:latest,easy,correct,2,3,"When the warm, moist air came into contact with the mirror, it condensed onto its surface.",Condensation occurs when water vapor in the air meets a cooler surface and changes back into liquid water.,0.2195425,0.97560304,0,0.005036093,-0.08802377,0.29873624,-0.2558503,0.17512898,0.116753526,-0.3248711,-0.25389355
trace_00080,commonsense_016,commonsense_multihop,llama3.2:latest,easy,correct,3,4,Condensation occurs when water vapor in the air meets a cooler surface and changes back into liquid water.,The resulting droplets of water on the mirror caused it to become cloudy.,0.16042219,0.98704857,3,0.016004914,0.18013369,-0.3795664,0.29565725,-0.12250691,-0.049586672,0.31433725,0.13365135
trace_00081,arith_017,arithmetic,llama3.2:latest,medium,correct,0,1,Calculate the total distance traveled: 24 miles + 18 miles = 42 miles,Calculate the total time taken: 2 hours + 1 hour = 3 hours,0.17887376,0.98387206,3,0.5813511,-0.28282052,-0.18835588,-0.018695295,-0.19368914,0.01979585,-0.052420877,-0.070278876
trace_00081,arith_017,arithmetic,llama3.2:latest,medium,correct,1,2,Calculate the total time taken: 2 hours + 1 hour = 3 hours,Calculate the average speed using the formula: Average Speed = Total Distance / Total Time,0.3819934,0.924165,4,-0.8823287,0.06234616,-0.06681086,0.058352083,-0.014989023,-0.016308106,-0.064299114,-0.0130024245
trace_00081,arith_017,arithmetic,llama3.2:latest,medium,correct,2,3,Calculate the average speed using the formula: Average Speed = Total Distance / Total Time,Plug in the values: Average Speed = 42 miles / 3 hours,0.2158334,0.9764302,2,0.47824198,0.4911846,0.42082337,0.14183186,0.07639542,-0.05205342,0.16265886,-0.021604083
trace_00081,arith_017,arithmetic,llama3.2:latest,medium,correct,3,4,Plug in the values: Average Speed = 42 miles / 3 hours,Calculate the result: Average Speed = 14 miles per hour,0.20814975,0.978097,1,-0.281905,-0.21851398,-0.2098323,-0.21506065,0.10508872,0.088632,-0.008540942,0.054930184
trace_00082,logic_017,symbolic_logic,llama3.2:latest,medium,incorrect,0,1,We know that all ronts are neds.,Some pels are ronts (given).,0.13725023,0.9905364,0,-0.045114275,-0.16849163,0.02079044,0.08499449,-0.18376996,0.0025881382,0.18242571,-0.025143115
trace_00082,logic_017,symbolic_logic,llama3.2:latest,medium,incorrect,1,2,Some pels are ronts (given).,"From steps 1 and 2, we can conclude that some pels are also neds.",0.11561176,0.9932944,2,0.02019184,0.03268968,-0.016663024,-0.19060041,0.20889391,0.011795134,-0.09311673,-0.036409095
trace_00083,temporal_017,temporal_ordering,llama3.2:latest,medium,incorrect,0,1,Evaluation,Training,0.09770025,0.9952159,2,-0.0019908124,0.08599009,-0.014930356,-0.033217277,0.084481835,-0.11180606,-0.15985823,0.12952878
trace_00083,temporal_017,temporal_ordering,llama3.2:latest,medium,incorrect,1,2,Training,Orientation,0.19178915,0.9814362,1,-0.026444765,-0.060729932,-0.075949915,0.085317075,0.00092702423,0.09478488,0.1538951,0.043370627
trace_00083,temporal_017,temporal_ordering,llama3.2:latest,medium,incorrect,2,3,Orientation,Registration,0.17348157,0.9848371,3,-0.020095672,0.092852466,-0.0051150313,-0.08825322,-0.059605796,-0.17002463,-0.19542049,-0.122714385
trace_00084,causal_017,causal_micro_world,llama3.2:latest,medium,correct,0,1,Reduced fertilizer leads to slower plant growth.,Slower plant growth results in a smaller harvest size at a later time.,0.20942867,0.977824,3,0.09798318,-0.006236386,-0.073157474,0.0148701,0.08455679,0.068038374,-0.01986624,0.017559659
trace_00084,causal_017,causal_micro_world,llama3.2:latest,medium,correct,1,2,Slower plant growth results in a smaller harvest size at a later time.,"Therefore, if fertilizer is reduced, the harvest size will be smaller later on.",0.20489095,0.9787848,0,-0.011059674,0.010054114,0.14630711,-0.06144114,-0.051378757,0.062154565,-0.028501173,0.18097885
trace_00085,commonsense_017,commonsense_multihop,llama3.2:latest,medium,incorrect,0,1,Air pressure decreases at higher altitudes.,The air pressure in the airplane cabin is lower than outside due to altitude.,0.21648578,0.97628576,0,-0.019544864,-0.016527575,0.14817767,-0.10368259,-0.23724112,-0.024146017,-0.013642535,0.07444846
trace_00085,commonsense_017,commonsense_multihop,llama3.2:latest,medium,incorrect,1,2,The air pressure in the airplane cabin is lower than outside due to altitude.,"The bag of chips is sealed, preventing air from escaping.",0.32006565,0.94739544,0,-0.0501562,-0.047437776,-0.019822357,0.076836705,-0.03747461,0.0026702837,-0.1725064,0.18076038
trace_00085,commonsense_017,commonsense_multihop,llama3.2:latest,medium,incorrect,2,3,"The bag of chips is sealed, preventing air from escaping.","Since the inside pressure is lower than outside, the bag expands to equalize the pressure difference.",0.22693363,0.97391015,1,0.10273594,-0.17974259,-0.087118424,0.040206145,0.25332373,0.028441595,0.2590202,-0.1208271
trace_00086,arith_018,arithmetic,llama3.2:latest,medium,correct,0,1,Calculate the total distance traveled: 6 km + 10 km = 16 km,Calculate the total time taken: 1.5 hours + 2.5 hours = 4 hours,0.17059077,0.98534197,3,0.57869047,-0.3045231,-0.18420589,-0.010212305,-0.25855383,0.0943072,-0.05557596,-0.10020267
trace_00086,arith_018,arithmetic,llama3.2:latest,medium,correct,1,2,Calculate the total time taken: 1.5 hours + 2.5 hours = 4 hours,Calculate the average speed using the formula: Average Speed = Total Distance / Total Time,0.39090836,0.9204297,4,-0.8097038,0.12111736,-0.037898045,0.071894996,-0.011165273,-0.12309579,-0.0018176339,0.034019787
trace_00086,arith_018,arithmetic,llama3.2:latest,medium,correct,2,3,Calculate the average speed using the formula: Average Speed = Total Distance / Total Time,Plug in the values: Average Speed = 16 km / 4 hours = 4 km/h,0.23653162,0.97162384,2,0.43378153,0.4182037,0.40868437,0.05300272,0.15437645,0.029886182,0.08587883,-0.048466735
trace_00087,logic_018,symbolic_logic,llama3.2:latest,medium,correct,0,1,Given that the door opens only if the code is correct and the battery works.,"It's stated that ""The code is correct"", so one condition for the door to open is met.",0.21468951,0.97668236,2,0.081203654,-0.10231637,0.076587565,0.15443215,0.053673122,0.003333012,0.041991286,0.020538619
trace_00087,logic_018,symbolic_logic,llama3.2:latest,medium,correct,1,2,"It's stated that ""The code is correct"", so one condition for the door to open is met.","However, it's also stated that ""the battery is dead"", which means the second condition (battery working) is not met.",0.24000119,0.97077256,3,0.10291956,0.15689816,-0.09480601,-0.10449642,-0.17505938,0.110295065,-0.042377766,0.08151544
trace_00087,logic_018,symbolic_logic,llama3.2:latest,medium,correct,2,3,"However, it's also stated that ""the battery is dead"", which means the second condition (battery working) is not met.","Since at least one of the conditions necessary for the door to open is not met, the door does not open.",0.22853836,0.9735349,1,-0.06920193,-0.09101567,0.06919997,-0.06750493,0.14085141,-0.1501097,-0.044417165,-0.009842282
trace_00088,temporal_018,temporal_ordering,llama3.2:latest,medium,incorrect,0,1,Students arrived and took their seats.,The bell rang.,0.10993237,0.9939391,3,0.008189385,0.13706538,0.019399239,0.19821234,-0.05450619,0.141352,-0.11735338,0.041185353
trace_00088,temporal_018,temporal_ordering,llama3.2:latest,medium,incorrect,1,2,The bell rang.,The lecture began.,0.055457275,0.99846107,1,0.0070549357,-0.06296206,-0.018141355,-0.09864897,0.08404779,-0.081359096,0.13173461,-0.01796972
trace_00089,causal_018,causal_micro_world,llama3.2:latest,medium,correct,0,1,A brake leak occurs.,The leak causes the brake fluid level to decrease.,0.43310553,0.9013432,1,0.09805457,-0.023121364,-0.022686157,-0.077888325,0.080343105,-0.18710667,0.050783668,-0.25752106
trace_00089,causal_018,causal_micro_world,llama3.2:latest,medium,correct,1,2,The leak causes the brake fluid level to decrease.,"With decreased brake fluid level, the braking system's effectiveness is compromised.",0.23519313,0.9719486,0,-0.09989097,-0.04265096,0.1718923,-0.0912157,-0.061165467,0.0027596513,0.19335842,-0.07753149
trace_00089,causal_018,causal_micro_world,llama3.2:latest,medium,correct,2,3,"With decreased brake fluid level, the braking system's effectiveness is compromised.","As a result, the vehicle takes longer to stop (stopping distance increases).",0.3915163,0.9201712,2,-0.01088257,-0.02300475,0.0068294136,0.17816368,0.02203786,-0.043976426,-0.21300107,0.37059733
trace_00089,causal_018,causal_micro_world,llama3.2:latest,medium,correct,3,4,"As a result, the vehicle takes longer to stop (stopping distance increases).",An increased stopping distance leads to a higher risk of collision.,0.27634844,0.96105754,4,-0.12837085,-0.05722569,0.12673426,0.18287493,0.035609584,0.032881547,0.19653748,-0.12358004
trace_00090,commonsense_018,commonsense_multihop,llama3.2:latest,medium,incorrect,0,1,"When soup is poured into a wide bowl, it spreads out and covers more surface area.","As the soup cools, its temperature decreases due to heat loss through conduction with the surrounding air.",0.3003449,0.95383066,0,-0.002870377,0.17375633,0.07756659,-0.40365326,-0.29236892,0.041098222,-0.0005270563,-0.161598
trace_00090,commonsense_018,commonsense_multihop,llama3.2:latest,medium,incorrect,1,2,"As the soup cools, its temperature decreases due to heat loss through conduction with the surrounding air.","Since the soup has a larger surface area in contact with the air, it loses heat more quickly.",0.14495231,0.9894386,3,0.13070686,-0.09215326,-0.022563623,0.22565572,0.06741553,-0.11465557,-0.1026995,0.10946916
trace_00090,commonsense_018,commonsense_multihop,llama3.2:latest,medium,incorrect,2,3,"Since the soup has a larger surface area in contact with the air, it loses heat more quickly.","In contrast, when left in a deep mug, the soup's surface area is smaller and less exposed to the air.",0.25979024,0.96566504,3,-0.027313022,0.028558072,-0.05081579,0.1828261,0.10844996,0.08437264,-0.011051978,-0.06896407
trace_00090,commonsense_018,commonsense_multihop,llama3.2:latest,medium,incorrect,3,4,"In contrast, when left in a deep mug, the soup's surface area is smaller and less exposed to the air.","As a result, the soup cools at a slower rate due to reduced heat loss through conduction.",0.22856054,0.9735297,2,-0.054999426,-0.05303442,0.052565053,-0.1976242,-0.17971106,-0.002851701,0.10679958,-0.021818621
trace_00091,arith_019,arithmetic,llama3.2:latest,hard,correct,0,1,Calculate the speed for the first leg of the trip.,Speed = Distance / Time,0.23551232,0.9718713,3,0.10069331,-0.009222978,0.11397485,0.66096836,-0.1590647,-0.08722975,-0.38102174,-0.04895399
trace_00091,arith_019,arithmetic,llama3.2:latest,hard,correct,1,2,Speed = Distance / Time,Speed = 27 miles / 0.75 hours,0.18939121,0.9819017,2,0.19215304,0.38979182,0.06288812,-0.4447763,0.15689574,0.0015516168,0.3001062,0.19063427
trace_00091,arith_019,arithmetic,llama3.2:latest,hard,correct,2,3,Speed = 27 miles / 0.75 hours,Speed = 36 mph,0.19639815,0.9805242,4,-0.2743821,0.039047707,0.07783925,0.21507539,-0.017593823,0.19535948,-0.22700281,-0.14064226
trace_00091,arith_019,arithmetic,llama3.2:latest,hard,correct,3,4,Speed = 36 mph,Calculate the speed for the second leg of the trip.,0.3089988,0.95106244,1,-0.044536393,-0.40261742,-0.17326702,-0.37832698,0.027755177,-0.02018883,0.29443377,0.026382793
trace_00091,arith_019,arithmetic,llama3.2:latest,hard,correct,4,5,Calculate the speed for the second leg of the trip.,Speed = Distance / Time,0.21382615,0.97687167,3,0.080718435,0.050853748,0.07459664,0.6792271,-0.16724771,-0.1328418,-0.3733996,-0.068949066
trace_00091,arith_019,arithmetic,llama3.2:latest,hard,correct,5,6,Speed = Distance / Time,Speed = 45 miles / 1.25 hours,0.19708613,0.9803862,2,0.20551218,0.2640569,-0.0005861064,-0.36712697,0.12139561,0.028237443,0.23748113,0.2012528
trace_00091,arith_019,arithmetic,llama3.2:latest,hard,correct,6,7,Speed = 45 miles / 1.25 hours,Speed = 36 mph,0.21987747,0.9755275,4,-0.2684483,0.19830373,0.14611821,0.096013285,0.031863682,0.1666151,-0.13677028,-0.1340564
trace_00091,arith_019,arithmetic,llama3.2:latest,hard,correct,7,8,Speed = 36 mph,"Since both speeds are equal, the average speed is also equal to this value.",0.15342048,0.9881611,1,-0.06415772,-0.51407117,-0.22159593,-0.08122091,-0.048902635,-0.06857547,0.07601228,-0.10347864
trace_00092,logic_019,symbolic_logic,llama3.2:latest,hard,correct,0,1,All drims are plens.,No plens are skars.,0.10106104,0.9948802,3,-0.067274004,-0.017589198,0.09368571,0.027072275,-0.014327713,0.04798844,-0.08031469,0.013462389
trace_00092,logic_019,symbolic_logic,llama3.2:latest,hard,correct,1,2,No plens are skars.,Some drims are yals (by assumption).,0.116361454,0.9932069,0,0.117316134,-0.027625902,-0.040487193,-0.06699528,-0.029934585,-0.0020448896,0.14001696,-0.06394983
trace_00092,logic_019,symbolic_logic,llama3.2:latest,hard,correct,2,3,Some drims are yals (by assumption).,"If all drims were not yals, then no drims would be yals.",0.14598474,0.9892868,3,-0.04972009,0.017682908,-0.16943507,-0.16633026,0.086232364,-0.0122912675,-0.18263836,-0.03516303
trace_00092,logic_019,symbolic_logic,llama3.2:latest,hard,correct,3,4,"If all drims were not yals, then no drims would be yals.","Since some drims are yals, it is possible that at least one dim is also a yal.",0.18449347,0.98283374,2,0.10533494,-0.0060958425,0.13800408,0.06618072,-0.15111808,0.036654674,0.0964754,-0.0022881203
trace_00092,logic_019,symbolic_logic,llama3.2:latest,hard,correct,4,5,"Since some drims are yals, it is possible that at least one dim is also a yal.","If a dim is a yal, and no plens are skars, then the yal cannot be a skar.",0.19914895,0.97996926,3,-0.068931825,0.03351276,0.004665265,0.064386584,0.06812447,0.035639495,-0.18006353,0.003944337
trace_00092,logic_019,symbolic_logic,llama3.2:latest,hard,correct,5,6,"If a dim is a yal, and no plens are skars, then the yal cannot be a skar.","Therefore, some yals are not skars.",0.114701755,0.99340004,1,-0.025898838,0.0232147,0.057782166,-0.08937583,0.0069965087,-0.07854904,0.024575206,0.063194595
trace_00093,temporal_019,temporal_ordering,llama3.2:latest,hard,incorrect,0,1,Submission,Revision,0.1568518,0.9876222,3,0.07959548,0.0058004777,-0.029015973,0.035057966,0.014773186,0.2626038,0.19405681,0.007642671
trace_00093,temporal_019,temporal_ordering,llama3.2:latest,hard,incorrect,1,2,Revision,Review,0.099043556,0.99508303,1,-0.06359473,0.06415166,0.010047187,-0.0495644,-0.0989058,-0.27811232,-0.019773452,0.14791235
trace_00093,temporal_019,temporal_ordering,llama3.2:latest,hard,incorrect,2,3,Review,Drafting,0.06727325,0.99773455,0,0.037842408,-0.10606842,0.026039599,-0.028737856,0.119556226,0.047495198,-0.104672186,-0.047720376
trace_00094,causal_019,causal_micro_world,llama3.2:latest,hard,correct,0,1,Drought conditions lead to a decrease in water levels in the reservoir.,A decrease in reservoir water levels results in a drop in the reservoir level.,0.12543453,0.9921019,0,-0.007818605,0.012403028,0.065862514,-0.031159896,-0.020587524,0.17076233,0.054623935,0.0050929068
trace_00094,causal_019,causal_micro_world,llama3.2:latest,hard,correct,1,2,A decrease in reservoir water levels results in a drop in the reservoir level.,A drop in the reservoir level leads to a fall in turbine output.,0.17583455,0.9844197,2,-0.03914931,0.09492302,0.01697211,0.093406625,-0.10723487,0.10110496,-0.020163257,0.38579923
trace_00094,causal_019,causal_micro_world,llama3.2:latest,hard,correct,2,3,A drop in the reservoir level leads to a fall in turbine output.,A fall in turbine output leads to an increase in regional power shortages.,0.16391087,0.98647517,1,0.023261417,-0.0058466396,0.04142722,-0.05677856,0.041919112,-0.16588773,-0.02636628,0.18194304
trace_00095,commonsense_019,commonsense_multihop,llama3.2:latest,hard,correct,0,1,The color of the cars affects how they absorb solar radiation.,Dark-colored surfaces (like black) tend to absorb more solar radiation than light-colored surfaces (like white).,0.24188538,0.97030485,1,0.046281334,-0.102372274,-0.12799537,0.0010113543,0.011403189,-0.14821446,0.021128045,-0.09970687
trace_00095,commonsense_019,commonsense_multihop,llama3.2:latest,hard,correct,1,2,Dark-colored surfaces (like black) tend to absorb more solar radiation than light-colored surfaces (like white).,"As a result, the black car absorbs more heat from the sun's rays than the white car.",0.25191647,0.96774894,2,-0.06026748,-0.020323437,0.1002666,-0.0857686,0.052847154,0.2044974,-0.11363203,0.07933792
trace_00095,commonsense_019,commonsense_multihop,llama3.2:latest,hard,correct,2,3,"As a result, the black car absorbs more heat from the sun's rays than the white car.","Since the black car is absorbing more heat, it warms up faster and becomes hotter than the white car.",0.25402406,0.96719795,0,0.0050476626,-0.10986948,0.034269407,-0.10837306,0.079913236,-0.079672106,-0.14253826,0.02039614
trace_00096,arith_020,arithmetic,llama3.2:latest,hard,correct,0,1,Calculate the speed of the truck for the first part of the journey.,Speed = Distance / Time,0.19626343,0.9805512,3,0.123558916,0.0070656193,0.13024622,0.62900156,-0.13594712,-0.15943849,-0.36195752,-0.15150784
trace_00096,arith_020,arithmetic,llama3.2:latest,hard,correct,1,2,Speed = Distance / Time,Speed = 132 km / 2 hours,0.1282581,0.99174076,2,0.36847278,0.36947918,0.07756156,-0.42037222,0.18399031,0.048336707,0.2002389,0.12304456
trace_00096,arith_020,arithmetic,llama3.2:latest,hard,correct,2,3,Speed = 132 km / 2 hours,Speed = 66 km/h,0.25029403,0.96816987,4,-0.44229317,0.109996885,0.18286712,0.09536622,0.05784971,0.0864399,0.109415844,0.021256609
trace_00096,arith_020,arithmetic,llama3.2:latest,hard,correct,3,4,Speed = 66 km/h,Calculate the speed of the truck for the second part of the journey.,0.34291568,0.9393662,0,-0.09337598,-0.44155908,-0.28878486,-0.305044,-0.07000965,0.09376153,0.11449421,0.052551616
trace_00096,arith_020,arithmetic,llama3.2:latest,hard,correct,4,5,Calculate the speed of the truck for the second part of the journey.,Speed = Distance / Time,0.18442427,0.9828467,3,0.1088583,0.05889527,0.09495208,0.64984226,-0.14326033,-0.19624695,-0.35731333,-0.16344887
trace_00096,arith_020,arithmetic,llama3.2:latest,hard,correct,5,6,Speed = Distance / Time,Speed = 198 km / 3 hours,0.20077346,0.9796377,2,0.29763052,0.42679876,0.0856061,-0.39119682,0.13847832,0.022537468,0.23653568,0.077931166
trace_00096,arith_020,arithmetic,llama3.2:latest,hard,correct,6,7,Speed = 198 km / 3 hours,Speed = 66 km/h,0.19149815,0.98149294,4,-0.43377203,0.01948191,0.18899369,0.10172504,0.11024903,0.12705807,0.059542365,0.07305592
trace_00096,arith_020,arithmetic,llama3.2:latest,hard,correct,7,8,Speed = 66 km/h,"Since both parts have the same speed, the average speed is also 66 km/h.",0.17044644,0.98536694,0,-0.040300228,-0.41432962,-0.09163382,-0.17865947,0.01976102,0.04681813,-0.013399887,0.028239638
trace_00097,logic_020,symbolic_logic,llama3.2:latest,hard,incorrect,0,1,Being approved is not necessary for publishing.,The paper was published despite this.,0.11563907,0.99329126,0,0.026000243,-0.08727524,0.010213999,0.1350576,0.0780104,0.40971795,0.11403092,0.031233374
trace_00097,logic_020,symbolic_logic,llama3.2:latest,hard,incorrect,1,2,The paper was published despite this.,"Therefore, it must be that being approved is not a requirement for publication.",0.14217637,0.9898414,1,-0.04469356,0.06787994,0.013148699,-0.09178082,-0.007449428,-0.45389944,-0.08036857,-0.01610448
trace_00098,temporal_020,temporal_ordering,llama3.2:latest,hard,incorrect,0,1,Check-in,Security,0.06289657,0.99802,4,-0.09801669,-0.013361215,0.08516378,0.15087616,-0.08035135,0.022287166,0.06730807,-0.01629607
trace_00098,temporal_020,temporal_ordering,llama3.2:latest,hard,incorrect,1,2,Security,Takeoff,0.2032518,0.9791265,2,-0.022765841,0.14056008,-0.12325109,-0.14552598,0.17512442,0.1468032,-0.14863555,0.14512625
trace_00098,temporal_020,temporal_ordering,llama3.2:latest,hard,incorrect,2,3,Takeoff,Boarding,0.16578864,0.98616135,1,0.06908819,-0.18926102,0.077410825,-0.06230489,-0.09146372,-0.18236472,0.11367938,-0.09326546
trace_00099,causal_020,causal_micro_world,llama3.2:latest,hard,correct,0,1,Heavy lock contention leads to increased database locks.,Increased database locks cause a decrease in transaction throughput.,0.18561813,0.98262197,3,-0.10898008,0.09161445,-0.062876806,-0.19076735,-0.0649792,0.12826468,-0.1519549,-0.19081083
trace_00099,causal_020,causal_micro_world,llama3.2:latest,hard,correct,1,2,Increased database locks cause a decrease in transaction throughput.,Decreased transaction throughput results in longer user wait times.,0.21103923,0.97747755,0,0.06286846,0.044639718,0.005766627,-0.14645606,-0.124527484,0.096552,0.0018871627,-0.096679315
trace_00100,commonsense_020,commonsense_multihop,llama3.2:latest,hard,correct,0,1,The egg was dropped from a certain height onto two different surfaces: concrete and a thick cushion.,"When the egg hit the concrete, it experienced a significant impact due to its hardness and lack of give.",0.2502808,0.9681734,1,-0.044059165,-0.1126929,0.006389723,0.11214219,-0.010224674,-0.1477504,0.09004405,0.059197195
trace_00100,commonsense_020,commonsense_multihop,llama3.2:latest,hard,correct,1,2,"When the egg hit the concrete, it experienced a significant impact due to its hardness and lack of give.","The force of the impact caused the eggshell to crack or break, resulting in the egg breaking.",0.15290268,0.98824126,2,0.029703574,0.1060735,-0.17388822,0.016066762,0.06821825,0.08786759,-0.26263675,0.26161167
trace_00100,commonsense_020,commonsense_multihop,llama3.2:latest,hard,correct,2,3,"The force of the impact caused the eggshell to crack or break, resulting in the egg breaking.","In contrast, when the egg was dropped onto the thick cushion, it absorbed some of the impact energy due to the cushion's elasticity and ability to deform.",0.17853634,0.9839333,0,0.0002819033,-0.1354398,0.15982132,-0.04377568,-0.09374772,-0.06049848,0.25879,-0.2753345
trace_00100,commonsense_020,commonsense_multihop,llama3.2:latest,hard,correct,3,4,"In contrast, when the egg was dropped onto the thick cushion, it absorbed some of the impact energy due to the cushion's elasticity and ability to deform.","This reduced impact energy helped to distribute the force more evenly across the eggshell, reducing the likelihood of cracking or breaking.",0.21316306,0.9770167,2,-0.019311558,-0.096611105,-0.027703525,0.11189649,0.06073173,-0.046810374,-0.0648307,0.3088532
trace_00100,commonsense_020,commonsense_multihop,llama3.2:latest,hard,correct,4,5,"This reduced impact energy helped to distribute the force more evenly across the eggshell, reducing the likelihood of cracking or breaking.","As a result, the egg did not break when dropped onto the thick cushion, but rather bounced or rolled with minimal damage.",0.23402461,0.9722307,3,0.01752276,0.29388562,-0.0574811,-0.1541094,-0.031786118,0.119491264,-0.041814312,-0.18873353
